file,node_id,M,scene,greenery,ground,frontage
1st_avenue/north_to_south/001_n00045_S.jpg,n00045,0.5753559174014096,"The street is wide and has multiple lanes of traffic, with tall buildings on either side. There are traffic lights and crosswalks, making it a busy urban environment.","There are trees visible in the background, lining the street and providing a touch of greenery amidst the urban setting.","The footway is a pedestrian path along the street, with crosswalks and traffic lights for safety.","The base of the buildings along this street includes a mix of commercial and residential spaces, with some having ground-level stores and others featuring large entrances and lobbies."
1st_avenue/north_to_south/002_n00044_S.jpg,n00044,0.6904966878062975,"The street is wide and has multiple lanes for vehicles, with traffic lights and crosswalks for pedestrians. There are buildings on both sides, and the weather appears to be clear and sunny.","There are trees visible on the right side of the image, near the buildings and the road.","The footway is a wide, paved area with white crosswalk markings, lined with trees and a few benches.","The base of the buildings along this street includes a mix of commercial and residential spaces, with some buildings having ground-level stores and others having ground-level offices or apartments."
1st_avenue/north_to_south/003_n00043_S.jpg,n00043,0.5606035884968253,"The street is wide and has multiple lanes, with sidewalks on both sides. There are traffic lights and street signs visible, indicating it is a busy urban area.","There are trees visible in the background, lining the street and providing a natural element to the urban environment.","The footway is a paved area for pedestrians, with a sidewalk for walking and a crosswalk for crossing the street.","The base of the buildings along this street includes a mix of commercial and residential elements, with some buildings having ground-level shops or offices, and others featuring residential apartments or condominiums."
1st_avenue/north_to_south/004_n00042_S.jpg,n00042,0.6460732165842487,"Walking down this street would involve crossing a crosswalk, navigating the bike lane, and passing by buildings and street signs.","There are trees visible in the background, along the sidewalk on the left side of the image.",The footway is wide and has a crosswalk.,"The base of the buildings along this street is made of brick and has a flat, solid foundation."
1st_avenue/north_to_south/005_n00041_S.jpg,n00041,0.5770218797630389,"The street is wide and has a smooth surface, making it suitable for walking. There are no visible obstacles or hazards on the street itself.","There are leafless trees visible along the sidewalk on the left side of the image, and a few trees are also present in the distance near the skyscrapers.",The footway is a paved area with a sidewalk for pedestrians. It is lined with trees and has a fence along one side.,"The base of the buildings along this street includes a mix of commercial and residential elements, with some buildings having ground-level retail spaces and others featuring residential entrances. There are also a few trees and public benches along the sidewalk, providing a touch of greenery and seating for pedestrians."
1st_avenue/north_to_south/006_n00040_S.jpg,n00040,0.6547936060286337,"The street appears to be a busy urban area with multiple lanes of traffic, including cars and buses. There are also bike lanes and a bike rack with several bicycles, indicating a mix of transportation options.","There are trees visible on the right side of the image, near the buildings and the bicycle parking area.","The footway is a wide, green-painted area with a sidewalk on the right side and a bike lane on the left side.",The base of the buildings along this street is made of concrete and has a few trees and bushes.
1st_avenue/north_to_south/007_n00039_S.jpg,n00039,0.5826098173893917,"The street is wide and has a bus lane, making it suitable for pedestrians and public transportation.","There are trees visible on the left side of the image, near the sidewalk and park area.",The footway is a paved area with a sidewalk for pedestrians. It is lined with trees and has a fence along one side.,"The base of the buildings along this street is made of concrete and has a smooth, flat surface."
1st_avenue/north_to_south/008_n00038_S.jpg,n00038,0.5884499018360183,"Walking down this street would involve navigating a wide road with a bike lane, passing by tall buildings, and possibly encountering pedestrians and vehicles.","There are trees visible on the right side of the image, near the buildings and the sidewalk.","The footway is a paved area with a green line painted on it, likely for pedestrian safety.","The base of the buildings along this street includes a mix of ground-level commercial spaces and possibly residential units, as indicated by the presence of windows and doors at street level."
1st_avenue/north_to_south/009_n00037_S.jpg,n00037,0.5699799902743241,"The street is wide and has a smooth surface, making it suitable for walking. There are no visible obstacles or hazards on the street.","There are trees visible on the left side of the image, near the sidewalk.","The footway is wide and has a pink section with the word ""bus"" written on it.","The base of the buildings along this street is made of brick and stone, with large windows and decorative arches."
1st_avenue/north_to_south/010_n00036_S.jpg,n00036,0.498988359727577,"The street is wide and has a bike lane, making it suitable for pedestrians and cyclists.","There are trees visible on the right side of the image, near the buildings and the fence.",The footway is a paved area with a railing along the side of the road.,The base of the buildings along this street is made of concrete and has a few trees and bushes in front of it.
1st_avenue/north_to_south/011_n00035_S.jpg,n00035,0.5492816387677465,"The street is wide and has a smooth surface, making it suitable for walking. There are no visible obstacles or hazards on the street.",There is no vegetation visible in this view.,The footway is paved and has a sidewalk with a few flags and a traffic cone.,The base of the buildings along this street is made of brick and features arched windows and decorative elements.
1st_avenue/north_to_south/012_n00034_S.jpg,n00034,0.5173386139646101,"The street is wide and has a green lane, making it suitable for pedestrians and cyclists. The buildings are tall and have a mix of architectural styles, creating a diverse urban environment.","There are trees visible in the background, along the left side of the image, near the buildings.","The footway is a paved area with a sidewalk that runs along the side of the road. There are a few people walking on the sidewalk, and there are some street signs and a lamp post visible.",The base of the buildings along this street is made of brick and has a series of arched windows and doorways.
1st_avenue/north_to_south/013_n00033_S.jpg,n00033,0.5163735376394565,"The street appears to be wide and well-paved, with clear markings and a smooth surface. There are no visible obstacles or hazards, making it suitable for pedestrians.",There is no vegetation visible in this view.,The footway is paved and has a sidewalk with a few people walking on it. There is also a flagpole with a flag on it.,"The base of the buildings along this street features a series of arches and decorative elements, giving the facade a classic and elegant appearance."
1st_avenue/north_to_south/014_n00032_S.jpg,n00032,0.664266593554381,"The street is wide and has a bike lane on the right side. There are buildings on both sides, and a taxi is visible on the left side.",There is no vegetation visible in this view.,"The footway is a wide, paved area with a red and white striped crosswalk.",The base of the buildings along this street is made of brick and has arched windows.
1st_avenue/north_to_south/015_n00031_S.jpg,n00031,0.6249360675631056,"The street is wide and has a green barrier on the right side, making it safe for pedestrians.",There is no vegetation visible in this view.,"The footway is a paved area for pedestrians, with a green barrier separating it from the road.",The base of the buildings along this street is made of brick and has arched windows.
1st_avenue/north_to_south/016_n00030_S.jpg,n00030,0.6046868334465232,"The street is wide and has a smooth surface, making it suitable for pedestrians. There are barriers and traffic lights to ensure safety and organization.",There is no vegetation visible in this view.,The footway is not visible in the image.,The base of the buildings along this street is made of brick.
1st_avenue/north_to_south/017_n00029_S.jpg,n00029,0.6016937717057236,"The street is wide and has multiple lanes for vehicles, with clear pedestrian crossings and bike lanes. There are traffic lights and street signs to guide the flow of traffic and pedestrians.",There is no vegetation visible in this view.,The footway is a pedestrian area with crosswalks and a designated bicycle lane.,"The base of the buildings along this street includes various ground-level commercial establishments, such as shops and restaurants, with large glass windows and storefronts."
1st_avenue/north_to_south/018_n00028_S.jpg,n00028,0.597773003119981,"The street is wide and has multiple lanes for vehicles, with clear pedestrian crossings and bike lanes. There are traffic lights and street signs to guide the flow of traffic and pedestrians.",There is no vegetation visible in this view.,The footway is a pedestrian area with crosswalks and a designated bicycle lane.,"The base of the buildings along this street includes various ground-level commercial establishments, such as shops and restaurants, with large glass windows and storefronts."
1st_avenue/north_to_south/019_n00027_S.jpg,n00027,0.5014996824258522,"The street is wide and has multiple lanes, making it suitable for pedestrians and vehicles. There are crosswalks and traffic signals to ensure safety.",There is no vegetation visible in this view.,"The footway is a wide, pedestrian-friendly area with white stripes for crosswalks and a green area for sitting or waiting.",The base of the buildings along this street is made of glass and steel.
1st_avenue/north_to_south/020_n00026_S.jpg,n00026,0.5014996824258522,"The street is wide and has multiple lanes, making it suitable for pedestrians and vehicles. There are crosswalks and traffic signals to ensure safety.",There is no vegetation visible in this view.,"The footway is a wide, pedestrian-friendly area with white stripes for crosswalks and a green area for sitting or waiting.",The base of the buildings along this street is made of glass and steel.
1st_avenue/north_to_south/021_n00025_S.jpg,n00025,0.520996143907446,"The street is wide and has clear markings for pedestrians and vehicles. There are tall buildings on both sides, and a few people are walking along the sidewalks.",There is no vegetation visible in this view.,"The footway is a paved area for pedestrians, with a red-painted section on the left side and a green-painted section on the right side.","The base of the buildings along this street includes a mix of commercial and residential spaces, with some buildings having ground-level stores and others having large glass windows."
1st_avenue/north_to_south/022_n00023_S.jpg,n00023,0.5201332781357764,"The street is wide and has multiple lanes for vehicles, with a bike lane on the right side. There are tall buildings and a few pedestrians visible, suggesting it's a busy urban area.","There are trees visible on the right side of the image, near the buildings and the sidewalk.","The footway is a paved area for pedestrians, with a green lane for bicycles and a white line marking the edge of the footway.","The base of the buildings along this street includes a mix of commercial and residential spaces, with some buildings having ground-level retail or office spaces and others featuring residential apartments or condominiums."
1st_avenue/north_to_south/023_n00022_S.jpg,n00022,0.5201332781357764,"The street is wide and has multiple lanes for vehicles, with a bike lane on the right side. There are tall buildings and a few pedestrians visible, suggesting it's a busy urban area.","There are trees visible on the right side of the image, near the buildings and the sidewalk.","The footway is a paved area for pedestrians, with a green lane for bicycles and a white line marking the edge of the footway.","The base of the buildings along this street includes a mix of commercial and residential spaces, with some buildings having ground-level retail or office spaces and others featuring residential apartments or condominiums."
1st_avenue/north_to_south/024_n00021_S.jpg,n00021,0.4930159163480516,"The street is wide and has multiple lanes of traffic, with crosswalks and traffic lights. There are buildings on both sides, and some construction barriers are visible, indicating ongoing development.",There are no visible plants or vegetation in this view.,The footway is a paved area with white lines marking pedestrian crossings.,"The base of the buildings along this street includes ground-level commercial spaces, pedestrian walkways, and street-level entrances. There are also traffic signals and street signs visible at the intersection."
1st_avenue/north_to_south/025_n00020_S.jpg,n00020,0.3211784580258056,"The street appears to be a busy urban area with tall buildings and a mix of modern and older architecture. There are traffic signs and barriers indicating a construction zone, so it might be a bit congested and noisy.",There is no vegetation visible in this view.,"The footway is a wide, paved area with a red and white striped crosswalk.","The base of the buildings along this street includes a mix of ground-level commercial spaces, pedestrian walkways, and construction barriers."
1st_avenue/north_to_south/026_n00019_S.jpg,n00019,0.2474399242687256,"The street appears to be a busy urban area with tall buildings, traffic, and pedestrians. The presence of construction barriers and a construction site suggests ongoing development or maintenance work.",There are no visible plants or vegetation in this view.,"The footway is a paved area for pedestrians, with a green barrier separating it from the road.","The base of the buildings along this street includes a mix of commercial and residential elements, with some buildings having ground-level shops or offices, and others featuring residential apartments or offices. The street is lined with various types of buildings, including modern high-rises and older, more traditional structures."
1st_avenue/north_to_south/027_n00018_S.jpg,n00018,0.2926656618747231,"The street appears to be busy with vehicles and pedestrians, with construction barriers and scaffolding indicating ongoing work.","There are trees visible in the distance, lining the street and providing a green contrast to the urban environment.",The footway is not visible in the image.,"The base of the buildings along this street includes a mix of commercial and residential elements, with some buildings having ground-level shops or offices, and others featuring residential apartments or offices. The street is lined with various types of buildings, including older, historic structures and modern high-rises."
1st_avenue/north_to_south/028_n00017_S.jpg,n00017,0.4647807655084286,"The street is wide and has multiple lanes of traffic, with crosswalks and traffic lights. There are buildings on both sides, and it appears to be a busy urban area.","There are trees visible on the right side of the image, near the buildings and along the sidewalk.",The footway is wide and has multiple crosswalks.,"The base of the buildings along this street includes ground-level commercial spaces, with some buildings having storefronts and others having large windows. There are also a few trees and some greenery along the sidewalk."
1st_avenue/north_to_south/029_n00016_S.jpg,n00016,0.5310594705945171,"The street appears to be a busy urban area with tall buildings, traffic, and pedestrians. The presence of scaffolding on one of the buildings suggests construction or renovation activity.","There are trees with blooming white flowers on the right side of the image, near the sidewalk and the road.",The footway is wide and has a green overhang.,"The base of the buildings along this street includes a mix of ground-level commercial spaces and possibly some construction scaffolding, indicating ongoing work or renovations."
1st_avenue/north_to_south/030_n00015_S.jpg,n00015,0.5729118290346737,"The street is bustling with activity, featuring a mix of pedestrians, vehicles, and construction work. The presence of scaffolding and construction barriers indicates ongoing development or repair work, which might affect pedestrian flow and accessibility.","There are trees visible on the right side of the image, lining the street.",The footway is lined with trees and has a red-painted section near the curb.,"The base of the buildings along this street includes ground-level commercial spaces, with some buildings having scaffolding for construction or maintenance work."
1st_avenue/north_to_south/031_n00014_S.jpg,n00014,0.6749115921779238,"The street is bustling with activity, featuring a mix of pedestrians, vehicles, and taxis. The presence of trees and buildings suggests a blend of commercial and residential areas, making it a lively urban environment.","There are trees visible in the background, lining the street and providing greenery to the urban environment.","The footway is a wide, paved area with a red stripe running along its length. It appears to be designed for pedestrian use, with clear demarcation lines and is adjacent to the road.","The base of the buildings along this street includes ground-level commercial spaces, with large windows and doors, and a mix of materials like stone and glass."
1st_avenue/north_to_south/032_n00013_S.jpg,n00013,0.7410268764436231,"The street is bustling with activity, featuring tall buildings, trees, and various vehicles including cars and a yellow taxi.","There are leafless trees visible along the street, particularly on the right side of the image, indicating a winter or early spring season.","The footway is a paved area for pedestrians, with a crosswalk marked by white lines.","The base of the buildings along this street includes ground-level commercial spaces, such as shops and restaurants, with large windows and glass doors."
1st_avenue/north_to_south/033_n00012_S.jpg,n00012,0.7706181301220829,"The street is bustling with activity, featuring tall buildings, trees, and a mix of pedestrians and vehicles.","There are leafless trees lining the street, visible on both sides of the road, and a small patch of grass near the sidewalk.",The footway is a paved area with a red crosswalk and a few people walking on it.,"The base of the buildings along this street includes a mix of commercial and residential elements, with some buildings having ground-level retail spaces and others featuring residential entrances. There are also trees and greenery along the sidewalk, adding a touch of nature to the urban environment."
1st_avenue/north_to_south/034_n00011_S.jpg,n00011,0.7712445260186243,"The street is wide and has multiple lanes of traffic, with some trees and buildings lining the sides. It appears to be a busy urban area with vehicles and pedestrians.","There are leafless trees lining the street, visible on both sides of the road, and a few trees with green leaves in the distance, located on the right side of the image.","The footway is a paved area for pedestrians, with a red stripe running along its length.","The base of the buildings along this street includes a mix of commercial and residential elements, with some buildings having ground-level stores and others featuring residential apartments."
1st_avenue/north_to_south/035_n00010_S.jpg,n00010,0.6992960403555821,"The street is wide and has multiple lanes of traffic, with sidewalks on both sides. There are also traffic lights and street signs to guide pedestrians and drivers.","There are leafless trees lining the street, visible on the left and right sides of the image.","The footway is a wide, red-painted area that runs along the side of the road, providing a clear path for pedestrians to cross the street.","The base of the buildings along this street includes a mix of commercial and residential elements. There are storefronts, possibly retail or office spaces, and residential apartments or condos. The ground level features various signs and advertisements, indicating the commercial nature of the area."
1st_avenue/north_to_south/036_n00009_S.jpg,n00009,0.5327318323906531,"The street is bustling with activity, featuring a mix of pedestrians, vehicles, and construction elements.","There are trees visible in the background, lining the street and providing shade.","The footway is a paved area for pedestrians to walk on, with crosswalks for safe crossing at intersections.","The base of the buildings along this street includes various storefronts and commercial establishments, with some having large glass windows and others featuring more traditional brick facades."
1st_avenue/north_to_south/037_n00008_S.jpg,n00008,0.5435692818382929,"The street appears to be busy with pedestrians and vehicles, including a yellow taxi and a white truck. There are also construction cones and barriers indicating ongoing work or restricted areas.","There are leafless trees visible on the right side of the image, indicating a winter or early spring season.","The footway is a paved area for pedestrians, with a red line marking the edge of the sidewalk.","The base of the buildings along this street includes a mix of commercial and residential elements. There are storefronts on the ground level of some buildings, and some buildings have ground-level entrances that appear to be residential or office spaces."
1st_avenue/north_to_south/038_n00007_S.jpg,n00007,0.4663068484211498,"The street appears to be under construction, with orange traffic cones and barriers in place, indicating that it is not currently open for pedestrian or vehicular traffic.","There are leafless trees on the right side of the image, near the sidewalk and road.","The footway is a paved area with a red brick pattern, bordered by a sidewalk and a curb.","The base of the buildings along this street includes a mix of ground-level commercial spaces and possibly residential units, with some buildings having storefronts on the ground level and residential apartments above."
1st_avenue/north_to_south/039_n00006_S.jpg,n00006,0.4512433703989169,"The street is bustling with activity, featuring tall buildings, traffic lights, and pedestrians.","There are leafless trees visible on the right side of the image, near the buildings and the sidewalk.","The footway is a paved area for pedestrians, with a few people walking on it. There are also traffic lights and street signs visible along the sidewalk.","The base of the buildings along this street includes various ground-level commercial establishments, such as shops and restaurants, as well as pedestrian pathways and street-level entrances to the buildings."
1st_avenue/north_to_south/040_n00005_S.jpg,n00005,0.4888747693967503,"The street is bustling with activity, featuring tall buildings, pedestrians, and vehicles.","There are leafless trees visible along the sidewalk, particularly on the left side of the image.","The footway is a paved area for pedestrians, with a crosswalk marked by white lines.","The base of the buildings along this street includes storefronts and ground-level businesses, with a mix of modern and traditional architectural styles."
1st_avenue/north_to_south/041_n00004_S.jpg,n00004,0.5774923174109075,"The street is bustling with activity, featuring a mix of pedestrians, cyclists, and vehicles. The presence of construction barrels and cones indicates ongoing work, which might make walking less pleasant.","There are leafless trees visible on the left side of the image, along the sidewalk.",The footway is lined with trees and has a few people walking on it.,"The base of the buildings along this street includes ground-level commercial spaces, such as shops and offices, and there are also construction barriers and orange traffic cones indicating ongoing work or restricted access."
1st_avenue/north_to_south/042_n00003_S.jpg,n00003,0.6286178203665616,"The street is bustling with activity, featuring tall buildings, trees, and various vehicles including cars and a bicycle.","There are leafless trees lining the street, visible on both sides of the road.",The footway is lined with trees and has a bench.,"The base of the buildings along this street includes various ground-level commercial spaces, such as shops and restaurants, as well as the entrances to the buildings."
1st_avenue/north_to_south/043_n00002_S.jpg,n00002,0.6201203557474065,"The street is wide and has many crosswalks, making it safe for pedestrians.","There is a tree with white blossoms on the right side of the image, near the sidewalk.",The footway is wide and has a crosswalk.,"The base of the buildings along this street includes various storefronts, signs, and street-level entrances."
1st_avenue/north_to_south/044_n00001_S.jpg,n00001,0.6956709185080698,"The street is bustling with activity, featuring tall buildings, traffic lights, and pedestrians.","There are trees visible on the right side of the image, near the buildings and the sidewalk.",The footway is a pedestrian area with crosswalks and people walking.,"The base of the buildings along this street includes storefronts, pedestrians, and vehicles."
1st_avenue/north_to_south/045_n00000_S.jpg,n00000,0.4439869099957058,"The street appears to be busy with vehicles and pedestrians, making it a bustling urban environment.","There are trees visible on the left side of the image, near the sidewalk.","The footway is clear and appears to be well-maintained, with no visible obstructions or hazards.","The base of the buildings along this street includes storefronts and commercial spaces, with signs and awnings visible."
1st_avenue/south_to_north/001_n00000_N.jpg,n00000,0.4439869099957058,"The street is bustling with activity, featuring tall buildings, traffic lights, and pedestrians.","There are trees visible in the background, lining the street and providing shade.",The footway is a pedestrian crossing with white lines and markings.,"The base of the buildings along this street includes ground-level commercial spaces, pedestrian walkways, and street-level entrances."
1st_avenue/south_to_north/002_n00001_N.jpg,n00001,0.6956709185080698,"The street is bustling with activity, featuring tall buildings, traffic lights, and pedestrians.","There are leafless trees visible along the sidewalk, particularly on the right side of the image, near the crosswalks and the buildings.",The footway is a pedestrian area with crosswalks and people walking on it.,"The base of the buildings along this street includes ground-level commercial spaces, pedestrian walkways, and street-level entrances."
1st_avenue/south_to_north/003_n00002_N.jpg,n00002,0.6201203557474065,"The street is busy with vehicles and pedestrians, making it a bustling urban environment.","There are trees visible on the right side of the image, lining the street.",The footway is lined with trees and has a sidewalk for pedestrians.,"The base of the buildings along this street includes ground-level commercial spaces, such as shops and restaurants, and the lower floors of the buildings are made of concrete and brick."
1st_avenue/south_to_north/004_n00003_N.jpg,n00003,0.6286178203665616,"The street is busy with pedestrians and vehicles, including a cyclist and a truck.","There are leafless trees visible on the right side of the image, near the buildings and the sidewalk.",The footway is lined with trees and has benches.,"The base of the buildings along this street includes ground-level commercial spaces, such as shops and restaurants, and the street itself."
1st_avenue/south_to_north/005_n00004_N.jpg,n00004,0.5774923174109075,"The street is bustling with activity, with tall buildings and trees lining the sidewalks. There are pedestrians and vehicles, including cars and construction equipment, making it a lively urban environment.","There are trees visible in the background, lining the street and providing a touch of greenery amidst the urban setting.","The footway is a paved area for pedestrians, with a crosswalk marked by white lines. There are orange traffic cones and barriers indicating construction or maintenance work.","The base of the buildings along this street includes various ground-level businesses, pedestrian walkways, and street-level entrances. There are also traffic lights and street signs visible at the intersection."
1st_avenue/south_to_north/006_n00005_N.jpg,n00005,0.4888747693967503,"The street appears to be under construction, with orange cones and barriers blocking the lanes. Pedestrians are present, and there are traffic lights and street signs visible.","There are leafless trees visible on the left side of the image, near the sidewalk.","The footway is a paved area for pedestrians, with a sidewalk on the left side of the image and a crosswalk in the center.",The base of the buildings along this street is made of concrete and has a flat surface.
1st_avenue/south_to_north/007_n00006_N.jpg,n00006,0.4512433703989169,"The street appears to be under construction, with orange traffic cones and barriers in place, making it difficult to walk down.","There are leafless trees visible on the left side of the image, indicating a winter or early spring season.",The footway is lined with orange and white traffic cones and has a sidewalk with a few people walking on it.,The base of the buildings along this street is made of brick and concrete.
1st_avenue/south_to_north/008_n00007_N.jpg,n00007,0.4663068484211498,"The street is bustling with activity, featuring tall buildings, vehicles, and pedestrians.","There are leafless trees visible on the left side of the image, along the sidewalk.",The footway is made of bricks and has a few people walking on it.,"The base of the buildings along this street includes a mix of commercial and residential spaces, with some having ground-level retail or office areas and others featuring residential apartments or condominiums."
1st_avenue/south_to_north/009_n00008_N.jpg,n00008,0.5435692818382929,"The street is bustling with activity, featuring tall buildings, traffic, and pedestrians.","There are leafless trees visible on the left side of the image, near the sidewalk.",The footway is wide and has a red section near the sidewalk.,"The base of the buildings along this street is made of stone and concrete, with various commercial signs and advertisements displayed on the facades."
1st_avenue/south_to_north/010_n00009_N.jpg,n00009,0.5327318323906531,"The street is busy with cars and pedestrians, making it a bustling urban environment.","There are leafless trees visible on the left side of the image, near the buildings and along the sidewalk.","The footway is a paved area for pedestrians to walk on, with a crosswalk for safe crossing of the street.",The base of the buildings along this street is made of stone and brick.
1st_avenue/south_to_north/011_n00010_N.jpg,n00010,0.6992960403555821,"The street is bustling with activity, featuring a mix of pedestrians, cyclists, and vehicles. The presence of a bike lane and the variety of buildings and shops suggest a lively urban environment.","There are leafless trees lining the street on both sides, and they are visible from the left to the right of the image.","The footway is a wide, red-painted area on the right side of the street, with a few trees and plants along its edge.","The base of the buildings along this street is made of brick and stone, with a variety of colors and textures."
1st_avenue/south_to_north/012_n00011_N.jpg,n00011,0.7712445260186243,"The street is bustling with activity, featuring tall buildings, trees, and vehicles.","There are trees visible on the sidewalks, particularly on the right side of the image, and some bushes are also present near the buildings.",The footway is wide and has a red surface.,"The base of the buildings along this street includes storefronts and commercial spaces, with signs and advertisements visible."
1st_avenue/south_to_north/013_n00012_N.jpg,n00012,0.7706181301220829,"The street is bustling with activity, featuring a mix of pedestrians, vehicles, and buildings.","There are trees with blossoms on the left side of the image, near the intersection.","The footway is a paved area for pedestrians, with a red section near the bottom of the image.",The base of the buildings along this street is made of stone and has large windows.
1st_avenue/south_to_north/014_n00013_N.jpg,n00013,0.7410268764436231,"The street is bustling with activity, featuring a mix of pedestrians, vehicles, and various urban elements like traffic lights and street signs.","There are trees with blossoms visible on the left side of the image, near the crosswalk.",The footway is wide and has multiple crosswalks.,"The base of the buildings along this street includes storefronts and ground-level businesses, with some having large windows and signs indicating their purpose."
1st_avenue/south_to_north/015_n00014_N.jpg,n00014,0.6749115921779238,"The street is wide and has a bike lane on the right side. There are buildings on both sides, and the sidewalk is clear.","There are trees with blossoms on the left side of the image, and leafless trees on the right side.",The footway is lined with trees and has a red painted section.,The base of the buildings along this street includes storefronts and a sidewalk.
1st_avenue/south_to_north/016_n00015_N.jpg,n00015,0.5729118290346737,"The street is wide and has multiple lanes of traffic, with buildings on both sides and a few trees. It appears to be a busy urban area with a mix of commercial and residential buildings.","There are trees with white blossoms on the left side of the image, near the sidewalk.",The footway is wide and has a red surface.,"The base of the buildings along this street includes ground-level commercial spaces, such as shops and restaurants, with large windows and awnings. There are also construction scaffolding and barriers indicating ongoing work."
1st_avenue/south_to_north/017_n00016_N.jpg,n00016,0.5310594705945171,"The street is wide and has multiple lanes of traffic, with crosswalks and traffic lights. It appears to be a busy urban area with buildings and vehicles.","There is a tree visible on the left side of the image, near the sidewalk.","The footway is a wide, pedestrian-friendly area with crosswalks and sidewalks.",The base of the buildings along this street is made of concrete and has a series of large windows.
1st_avenue/south_to_north/018_n00017_N.jpg,n00017,0.4647807655084286,"The street appears to be well-maintained with clear pedestrian pathways and a variety of buildings, including a construction site.",There is no vegetation visible in this view.,The footway is wide and has a red section near the road.,"The base of the buildings along this street is made of concrete and has a variety of colors, including beige, brown, and green. There are also some construction barriers and orange and white traffic cones along the sidewalk."
1st_avenue/south_to_north/019_n00018_N.jpg,n00018,0.2926656618747231,"The street appears to be a busy urban area with vehicles, pedestrians, and various buildings. The presence of construction barriers and a construction site suggests ongoing development or maintenance work.",There is no vegetation visible in this view.,"The footway is a wide, paved area with a red surface and a few pedestrians walking on it.",The base of the buildings along this street is covered with scaffolding and construction barriers.
1st_avenue/south_to_north/020_n00019_N.jpg,n00019,0.2474399242687256,"The street appears to be a busy urban area with tall buildings, traffic, and pedestrians. The presence of construction barriers and traffic cones suggests ongoing development or maintenance work.",There is no vegetation visible in this view.,The footway is not visible in the image.,The base of the buildings along this street is covered with green construction barriers.
1st_avenue/south_to_north/021_n00020_N.jpg,n00020,0.3211784580258056,The street is busy with traffic and has a pedestrian crossing.,There is no vegetation visible in this view.,"The footway is a paved area for pedestrians, with a crosswalk marked by white lines.","The base of the buildings along this street is made of concrete and has a variety of colors, including gray, brown, and black."
1st_avenue/south_to_north/022_n00021_N.jpg,n00021,0.4930159163480516,The street is wide and has a mix of pedestrian and vehicle lanes. There are traffic cones and barriers to manage the flow of traffic and ensure safety.,"There are trees visible on the left side of the image, near the sidewalk.","The footway is a paved area with a green strip and white lines, and it appears to be clean and well-maintained.","The base of the buildings along this street includes a mix of commercial and office spaces, with some having large glass facades and others featuring more traditional brick exteriors."
1st_avenue/south_to_north/023_n00022_N.jpg,n00022,0.5201332781357764,"The street is wide and has multiple lanes, making it suitable for pedestrians and vehicles. There are clear markings and a sidewalk on the right side, providing a safe path for pedestrians.",There are no visible plants or vegetation in this view.,The footway is wide and has a red section near the sidewalk.,"The base of the buildings along this street includes a mix of commercial and office spaces, with large glass windows and modern architectural designs."
1st_avenue/south_to_north/024_n00023_N.jpg,n00023,0.5201332781357764,"The street is wide and has multiple lanes, making it suitable for pedestrians and vehicles. There are clear markings and a sidewalk on the right side, providing a safe path for pedestrians.",There are no visible plants or vegetation in this view.,The footway is wide and has a red section near the sidewalk.,"The base of the buildings along this street includes a mix of commercial and office spaces, with large glass windows and modern architectural designs."
1st_avenue/south_to_north/025_n00025_N.jpg,n00025,0.520996143907446,The street is wide and has clear markings for pedestrians and vehicles. There are barriers and signs to guide the flow of traffic and ensure safety.,There is no vegetation visible in this view.,The footway is wide and has a glass building on the left side.,The base of the buildings along this street is made of brick.
1st_avenue/south_to_north/026_n00026_N.jpg,n00026,0.5014996824258522,"The street is wide and has multiple lanes of traffic, including a yellow taxi and several cars. There are also crosswalks and traffic lights to navigate.","There are trees visible in the background, lining the street and providing shade.",The footway is wide and has multiple crosswalks.,The base of the buildings along this street is made of brick.
1st_avenue/south_to_north/027_n00027_N.jpg,n00027,0.5014996824258522,"The street is wide and has multiple lanes of traffic, including a yellow taxi and several cars. There are also crosswalks and traffic lights to navigate.","There are trees visible in the background, lining the street and providing shade.",The footway is wide and has multiple crosswalks.,The base of the buildings along this street is made of brick.
1st_avenue/south_to_north/028_n00028_N.jpg,n00028,0.597773003119981,"The street is wide and has a green barrier on the left side, making it safe for pedestrians.",There is no vegetation visible in this view.,"The footway is a paved area adjacent to the road, with a green barrier separating it from the road.",The base of the buildings along this street is made of brick and features arched windows and decorative elements.
1st_avenue/south_to_north/029_n00029_N.jpg,n00029,0.6016937717057236,"The street is wide and has a green barrier on the left side, making it safe for pedestrians.",There is no vegetation visible in this view.,"The footway is a paved area adjacent to the road, with a green barrier separating it from the road.",The base of the buildings along this street is made of brick and features arched windows and decorative elements.
1st_avenue/south_to_north/030_n00030_N.jpg,n00030,0.6046868334465232,"The street is wide and has a bike lane on the left side, making it suitable for pedestrians and cyclists.",There is no vegetation visible in this view.,"The footway is a wide, paved area with a green barrier separating it from the road. There are a few people walking on it, and it appears to be well-maintained.",The base of the buildings along this street is made of brick and features arched windows and decorative elements.
1st_avenue/south_to_north/031_n00031_N.jpg,n00031,0.6249360675631056,"The street is wide and has a bike lane on the left side, making it safe for pedestrians and cyclists.","There are trees visible in the distance, lining the street and providing a natural element to the urban environment.",The footway is lined with white posts and has a green bicycle lane.,The base of the buildings along this street is made of brick.
1st_avenue/south_to_north/032_n00032_N.jpg,n00032,0.664266593554381,"The street is wide and has a bike lane on the left side, making it safe for cyclists. There are also traffic lights and signs to guide pedestrians and drivers.","There are trees visible in the distance, along the right side of the street, near the buildings.","The footway is a wide, paved area with a green strip running along its length. It appears to be designed for pedestrians and cyclists, with clear demarcation lines and barriers to separate different user groups.","The base of the buildings along this street includes a mix of architectural elements, such as arched windows, decorative brickwork, and modern glass facades. There are also various street signs and traffic lights visible, indicating a well-maintained urban environment."
1st_avenue/south_to_north/033_n00033_N.jpg,n00033,0.5163735376394565,"The street is wide and has multiple lanes of traffic, with clear markings and signs indicating directions. There are buildings on both sides, including a mix of residential and commercial structures.","There are trees visible on the right side of the image, near the buildings and the construction site.","The footway is a paved area for pedestrians, with a curb separating it from the road.","The base of the buildings along this street includes a mix of commercial and residential elements. There are storefronts, possibly shops or restaurants, on the ground level of some buildings, and residential apartments or offices on the upper levels."
1st_avenue/south_to_north/034_n00034_N.jpg,n00034,0.5173386139646101,"The street is wide and has a bike lane, making it suitable for pedestrians and cyclists.","There are trees visible on the left side of the image, near the sidewalk and the building.",The footway is a paved area with a metal railing along the side of the road.,The base of the buildings along this street is made of concrete and has a few trees and bushes planted in front of them.
1st_avenue/south_to_north/035_n00035_N.jpg,n00035,0.5492816387677465,"The street is wide and has multiple lanes for vehicles, with sidewalks on both sides. There are traffic lights and street signs to guide pedestrians and drivers.","There are trees visible on the right side of the image, near the buildings and along the sidewalk.","The footway is a paved area along the street, with sidewalks and crosswalks visible.","The base of the buildings along this street includes a mix of ground-level commercial spaces, pedestrian walkways, and street-level entrances to the buildings."
1st_avenue/south_to_north/036_n00036_N.jpg,n00036,0.498988359727577,"The street is wide and has a bike lane on the left side. There are buildings on both sides, and the sky is cloudy.","There are trees visible on the left side of the image, near the sidewalk and the building.","The footway is a paved area with a green line marking a bike lane, and it is bordered by a metal fence and a brick wall.","The base of the buildings along this street includes a mix of materials, such as concrete and stone, and features various architectural elements like columns and decorative moldings."
1st_avenue/south_to_north/037_n00037_N.jpg,n00037,0.5699799902743241,"The street is wide and has a bus lane, making it suitable for pedestrians and public transportation.","There are trees visible in the distance, lining the street and providing shade.",The footway is wide and has a red and white striped pattern.,"The base of the buildings along this street includes a mix of materials, such as concrete and stone, and features various architectural elements like columns and decorative moldings."
1st_avenue/south_to_north/038_n00038_N.jpg,n00038,0.5884499018360183,"The street is wide and has a dedicated bike lane on the left side, making it safe for pedestrians and cyclists.","There is a tree visible on the left side of the image, near the sidewalk.",The footway is a paved area with a green line marking the edge of the bicycle lane.,"The base of the buildings along this street includes a mix of materials, such as concrete and brick, and features various architectural elements like windows and doors."
1st_avenue/south_to_north/039_n00039_N.jpg,n00039,0.5826098173893917,"The street is wide and has a smooth surface, making it suitable for walking. There are no visible obstacles or hazards on the street itself.","There are trees visible in the distance, lining the sidewalk on the right side of the image.",The footway is lined with trees and has a metal fence along its length.,"The base of the buildings along this street includes a mix of materials, such as concrete and stone, and features various architectural elements like columns and decorative moldings."
1st_avenue/south_to_north/040_n00040_N.jpg,n00040,0.6547936060286337,The street is wide and has a bike lane on the left side. There are tall buildings and a few cars on the road.,"There are trees visible in the background, along the right side of the image, near the buildings.",The footway is a paved area with a green bike lane and a white arrow indicating a direction.,"The base of the buildings along this street includes a mix of commercial and residential elements, with some buildings having ground-level retail spaces and others featuring residential apartments. There are also several street-level amenities such as bike racks and public transportation stops."
1st_avenue/south_to_north/041_n00041_N.jpg,n00041,0.5770218797630389,"The street is wide and has a smooth surface, making it suitable for walking. There are no visible obstacles or hazards on the street.","There are leafless trees visible on the right side of the image, near the sidewalk and the fence.","The footway is a paved area for pedestrians, with a red and white striped surface and a metal railing along the edge.","The base of the buildings along this street includes a mix of commercial and residential elements, with some buildings having ground-level shops or offices, and others featuring residential apartments or condominiums. There are also various street signs and traffic lights visible, indicating a well-organized urban environment."
1st_avenue/south_to_north/042_n00042_N.jpg,n00042,0.6460732165842487,"The street is wide and has multiple lanes for vehicles, with clear pedestrian crosswalks and traffic lights. There are buildings on both sides, including a tall skyscraper and a modern glass building.","There are leafless trees visible in the background, located between the buildings and the horizon.","The footway is a wide, paved area with green markings for pedestrian crossings.","The base of the buildings along this street includes a mix of commercial and residential spaces, with some buildings having ground-level stores and others having ground-level offices or apartments."
1st_avenue/south_to_north/043_n00043_N.jpg,n00043,0.5606035884968253,"The street is wide and has multiple lanes of traffic, with traffic lights and crosswalks. Pedestrians can walk along the sidewalks, which are separated from the road by a barrier.","There are trees visible in the background, along the sidewalk on the left side of the image.","The footway is a paved area for pedestrians, with a crosswalk marked by white lines.","The base of the buildings along this street includes various commercial establishments, such as shops and restaurants, with large glass windows and storefronts."
1st_avenue/south_to_north/044_n00044_N.jpg,n00044,0.6904966878062975,"The street is wide and has many crosswalks, making it safe for pedestrians. There are also trees and greenery along the sidewalk, providing a pleasant environment.","There are trees visible in the view, located on the sidewalk and near the buildings.","The footway is a wide, pedestrian-friendly area with white stripes for crosswalks and a few trees and plants along the edge.","The base of the buildings along this street is made of concrete and has a flat, solid appearance."
1st_avenue/south_to_north/045_n00045_N.jpg,n00045,0.5753559174014096,"The street is busy with cars and pedestrians, featuring multiple lanes, traffic lights, and a sidewalk.",There are leafless trees visible along the sidewalk on the left side of the image.,The footway is a paved area with white stripes for pedestrian crossing.,"The base of the buildings along this street includes a mix of materials, such as concrete and stone, and features various architectural elements like columns and decorative moldings."
2nd_avenue/north_to_south/001_n00079_S.jpg,n00079,0.6335834040652176,"The street is bustling with activity, featuring tall buildings, pedestrians, and vehicles.","There are trees visible on the left side of the image, near the buildings.",The footway is a pedestrian crossing with white stripes and people walking on it.,"The base of the buildings along this street includes ground-level commercial spaces, pedestrian walkways, and street-level entrances."
2nd_avenue/north_to_south/002_n00078_S.jpg,n00078,0.6925271568705995,"The street is bustling with activity, featuring tall buildings, traffic lights, and pedestrians.","There are trees visible on the left side of the image, near the buildings and along the sidewalk.",The footway is a pedestrian area with crosswalks and a few people walking.,The base of the buildings along this street is made of concrete and has a variety of storefronts and signs.
2nd_avenue/north_to_south/003_n00077_S.jpg,n00077,0.7042213046468802,"The street is bustling with activity, featuring tall buildings, vehicles, and pedestrians.","There are trees visible on the right side of the image, near the sidewalk and building.","The footway is a wide, red-painted area that runs along the side of the street, providing a clear path for pedestrians.",The base of the buildings along this street is made of brick and has large windows.
2nd_avenue/north_to_south/004_n00076_S.jpg,n00076,0.6700891794977522,"The street is bustling with activity, featuring a mix of pedestrians, vehicles, and public transportation. The presence of a bus lane and the construction on the right side suggests ongoing development or maintenance.","There are trees visible on the left side of the image, near the buildings.",The footway is lined with a row of trees and has a few people sitting on benches.,The base of the buildings along this street includes storefronts and ground-level commercial spaces.
2nd_avenue/north_to_south/005_n00075_S.jpg,n00075,0.5045082922907528,"The street is bustling with activity, with cars and trucks moving along the road and pedestrians walking on the sidewalks. The tall buildings and construction sites suggest a busy urban environment.","There is a small tree visible on the left side of the image, near the sidewalk.",The footway is lined with tall buildings and has a green awning over the entrance of a building.,"The base of the buildings along this street includes ground-level commercial spaces, such as shops and restaurants, with large windows and storefronts. There are also some construction scaffolding visible on the right side, indicating ongoing development or renovation."
2nd_avenue/north_to_south/006_n00074_S.jpg,n00074,0.6857822421742317,"The street is bustling with activity, featuring tall buildings, vehicles, and pedestrians.","There are trees visible on the left side of the image, near the buildings.",The footway is a pedestrian area with crosswalks and sidewalks.,"The base of the buildings along this street includes ground-level commercial establishments, such as shops and restaurants, with large windows and awnings."
2nd_avenue/north_to_south/007_n00073_S.jpg,n00073,0.6411951347375409,"The street is wide and has multiple lanes of traffic, with buildings on both sides. It appears to be a busy urban area with pedestrians and vehicles.","There are trees visible on the sidewalks, particularly on the left side of the image, and they are also present on the right side near the buildings.","The footway is a paved area for pedestrians, with a red curb marking its boundary.","The base of the buildings along this street includes storefronts and commercial spaces, with some buildings having ground-level retail or office spaces."
2nd_avenue/north_to_south/008_n00072_S.jpg,n00072,0.7846735156880621,"The street is bustling with activity, featuring tall buildings, trees, and various vehicles.","There are trees visible on the right side of the image, lining the street.","The footway is a paved area for pedestrians, with a red section near the building on the right side of the image.","The base of the buildings along this street includes ground-level commercial spaces, such as shops and restaurants, with large windows and awnings."
2nd_avenue/north_to_south/009_n00071_S.jpg,n00071,0.7506268906350487,"The street is wide and has multiple lanes for vehicles, with clear markings for pedestrians. There are tall buildings on both sides, and a few trees provide some greenery.","There are trees visible on the left side of the image, near the buildings, and on the right side, closer to the buildings.","The footway is a paved area for pedestrians, with white lines marking the crosswalks and a green area for pedestrians to wait.","The base of the buildings along this street includes ground-level commercial establishments, such as a convenience store, and pedestrian-friendly areas with trees and benches."
2nd_avenue/north_to_south/010_n00070_S.jpg,n00070,0.7237585547070493,"The street is busy with tall buildings, traffic lights, and pedestrians.","There are trees visible on the left side of the image, near the buildings and along the sidewalk.","The footway is a paved area for pedestrians to walk on, with crosswalks for safe crossing at intersections.","The base of the buildings along this street includes ground-level commercial spaces, pedestrian walkways, and street-level entrances to the buildings."
2nd_avenue/north_to_south/011_n00069_S.jpg,n00069,0.5501848526887025,"The street is bustling with activity, with cars, pedestrians, and cyclists all sharing the space. The presence of construction barriers and scaffolding suggests ongoing development or maintenance work, which might affect the flow of traffic and pedestrians.","There is a tree visible on the right side of the image, near the sidewalk.",The footway is lined with orange construction barriers and has a few pedestrians walking.,"The base of the buildings along this street includes storefronts and commercial spaces, with signs for a cleaners and a restaurant. There are also orange construction barriers and a few pedestrians walking on the sidewalk."
2nd_avenue/north_to_south/012_n00068_S.jpg,n00068,0.3748168784361781,"The street is bustling with activity, featuring a bus, cars, and pedestrians. The presence of construction barriers suggests ongoing development or maintenance work, which might affect pedestrian flow and safety.",There is no vegetation visible in this view.,The footway is not visible in the image.,The base of the buildings along this street is made of concrete and has large windows.
2nd_avenue/north_to_south/013_n00067_S.jpg,n00067,0.3733121298697222,"The street is bustling with activity, featuring tall buildings, traffic, and pedestrians. There are orange barriers on the sidewalk, indicating some construction or maintenance work.","There are trees visible in the background, lining the street and providing greenery to the urban environment.",The footway is lined with orange construction barriers and has a few pedestrians walking.,"The base of the buildings along this street includes storefronts and commercial spaces, with some orange construction barriers in the foreground."
2nd_avenue/north_to_south/014_n00066_S.jpg,n00066,0.5562434531718652,"The street is bustling with activity, featuring pedestrians, vehicles, and various storefronts. The presence of crosswalks and traffic signals indicates a well-organized urban environment.","There are trees visible on the left side of the image, near the sidewalk.",The footway is a pedestrian crossing with white stripes.,The base of the buildings along this street includes storefronts and commercial spaces.
2nd_avenue/north_to_south/015_n00065_S.jpg,n00065,0.5931985311797562,"The street is bustling with activity, featuring a mix of pedestrians, vehicles, and storefronts. The sidewalks are lined with shops and restaurants, and the road is filled with cars and trucks, indicating a busy urban environment.","There are trees visible in the background, lining the street and providing shade.",The footway is lined with various storefronts and has a red-painted section near the crosswalk.,The base of the buildings along this street includes storefronts and a sidewalk.
2nd_avenue/north_to_south/016_n00064_S.jpg,n00064,0.6549022157125246,"The street is bustling with activity, featuring a mix of pedestrians, vehicles, and storefronts. The sidewalks are lined with trees and street signs, providing a pleasant environment for walking.","There are trees visible on the left side of the image, lining the street.",The footway is lined with trees and has various signs and street furniture.,"The base of the buildings along this street includes storefronts and ground-level businesses, with some buildings having outdoor seating areas and awnings."
2nd_avenue/north_to_south/017_n00063_S.jpg,n00063,0.6306564971130642,"The street is bustling with activity, featuring a mix of pedestrians, vehicles, and storefronts. The presence of traffic lights and crosswalks indicates a well-organized urban environment.","There are trees visible in the image, located on the left side near the buildings.",The footway is not visible in the image.,The base of the buildings along this street includes storefronts and commercial establishments.
2nd_avenue/north_to_south/018_n00062_S.jpg,n00062,0.7247317587884579,"The street is bustling with activity, featuring a mix of pedestrians, vehicles, and buildings.","There are trees visible in the background, lining the street and providing shade.",The footway is a pedestrian area with crosswalks and people walking.,"The base of the buildings along this street includes storefronts and commercial spaces, with signs and awnings visible."
2nd_avenue/north_to_south/019_n00061_S.jpg,n00061,0.7378639981984781,"The street is bustling with activity, featuring a mix of pedestrians, vehicles, and storefronts. The sidewalks are lined with trees and various businesses, creating a lively urban environment.","There are trees visible on the right side of the image, near the sidewalk and buildings.",The footway is lined with trees and has a red-painted section near the sidewalk.,"The base of the buildings along this street includes storefronts and commercial spaces, with signs and awnings visible above the ground level."
2nd_avenue/north_to_south/020_n00060_S.jpg,n00060,0.7105473154469104,"The street is bustling with activity, featuring a mix of pedestrians, vehicles, and buildings. The sidewalk is lined with trees and has a few benches, providing a pleasant environment for walking.","There are trees visible on the right side of the image, near the buildings and along the sidewalk.",The footway is lined with trees and has a red-painted section.,"The base of the buildings along this street includes fire escapes, air conditioning units, and fire hydrants."
2nd_avenue/north_to_south/021_n00059_S.jpg,n00059,0.8091347572452394,"The street is bustling with activity, featuring a mix of pedestrians, vehicles, and buildings. The presence of traffic lights and street signs indicates a well-organized urban environment.","There are trees with blooming white flowers on the sidewalk, and there are also trees lining the street.",The footway is lined with trees and has a bench.,"The base of the buildings along this street includes ground-level commercial spaces, such as shops and restaurants, and residential units on the upper floors."
2nd_avenue/north_to_south/022_n00058_S.jpg,n00058,0.7077728402118058,"The street appears to be wide and well-paved, with clear pedestrian crossings and traffic signals. There are buildings on both sides, and the sky is clear, suggesting a pleasant day for walking.","There are trees visible in the background, lining the street and providing greenery to the urban landscape.","The footway is a paved area for pedestrians, with crosswalks and traffic lights for safety.","The base of the buildings along this street appears to be made of stone or concrete, with a variety of architectural styles and materials."
2nd_avenue/north_to_south/023_n00056_S.jpg,n00056,0.6394095795330379,"The street is wide and has clear markings for pedestrians and vehicles. There are trees and buildings lining the street, providing a mix of urban and natural elements.","There are trees visible on the right side of the image, near the buildings and the construction site.",The footway is not visible in the image.,"The base of the buildings along this street appears to be made of brick or concrete, with some having ground-level commercial or retail spaces."
2nd_avenue/north_to_south/024_n00055_S.jpg,n00055,0.6797460198603655,"The street is wide and has many crosswalks, making it safe for pedestrians. There are also various buildings and shops along the sides, providing a lively urban environment.","There are trees visible on the left side of the image, along the sidewalk and near the buildings.",The footway is a pedestrian crossing with white stripes on the road.,The base of the buildings along this street is made of brick and concrete.
2nd_avenue/north_to_south/025_n00054_S.jpg,n00054,0.6296911674160881,"The street is wide and has a pedestrian crosswalk, making it safe for pedestrians to cross.","There are trees visible on the left side of the image, near the sidewalk and across the street.",The footway is a paved area with white crosswalk lines and a manhole cover.,The base of the buildings along this street includes storefronts and ground-level businesses.
2nd_avenue/north_to_south/026_n00053_S.jpg,n00053,0.6613260307196764,"The street is wide and has multiple lanes, with buildings on both sides and a few trees. There are also construction cones and barriers indicating ongoing work.","There are trees visible on the left side of the image, near the sidewalk and street.",The footway is lined with trees and has a sidewalk with benches and street lamps.,"The base of the buildings along this street includes storefronts and ground-level businesses, with some having awnings and signage above the entrances."
2nd_avenue/north_to_south/027_n00052_S.jpg,n00052,0.6065507126512231,"The street appears to be wide and well-paved, with clear markings and a variety of vehicles including buses and trucks. There are also some trees and buildings lining the street, providing a mix of urban and natural elements.","There are trees visible on the left side of the image, near the sidewalk and park area.",The footway is not visible in the image.,"The base of the buildings along this street includes ground-level commercial spaces, such as shops and restaurants, and the street itself is lined with various types of vehicles, including buses and trucks."
2nd_avenue/north_to_south/028_n00051_S.jpg,n00051,0.5377945962130362,"The street is wide and has multiple lanes of traffic, with traffic lights and street signs visible. There are also construction cones and barriers indicating ongoing work.","There are trees visible on the left side of the image, near the church and along the sidewalk.","The footway is a wide, paved area with white stripes for pedestrian crossing.","The base of the buildings along this street includes ground-level commercial establishments, such as shops and restaurants, with large windows and awnings."
2nd_avenue/north_to_south/029_n00050_S.jpg,n00050,0.5908440027500399,"The street appears to be a busy urban area with various buildings, shops, and construction work. The presence of traffic cones and construction equipment suggests ongoing development or maintenance.","There are trees visible on the left side of the image, near the construction site.","The footway is a paved area for pedestrians, with a red-painted section indicating a designated area for crossing the street.",The base of the buildings along this street includes storefronts and a construction site with orange traffic cones and a yellow construction vehicle.
2nd_avenue/north_to_south/030_n00049_S.jpg,n00049,0.5311246438004591,"The street is wide and has multiple lanes of traffic, with buildings on both sides and a few shops and stores visible. There are also some construction barriers and a fire escape on one of the buildings.","There are trees visible on the left side of the image, near the buildings and along the sidewalk.","The footway is lined with various shops and businesses, including a newsstand and a store with a sign that says ""Retail for Lease."" There are also fire escapes on the buildings and a few pedestrians walking along the sidewalk.","The base of the buildings along this street includes storefronts, fire escapes, and street signs."
2nd_avenue/north_to_south/031_n00048_S.jpg,n00048,0.7132302731835942,"The street is bustling with activity, featuring tall buildings, shops, and a variety of vehicles including cars and a bicycle.","There are trees visible on the left side of the image, near the sidewalk.","The footway is a paved area for pedestrians, with a red-painted section near the sidewalk, and a sign indicating a pedestrian crossing.",The base of the buildings along this street includes storefronts and a sidewalk.
2nd_avenue/north_to_south/032_n00047_S.jpg,n00047,0.6862671563045044,"The street is busy with cars and pedestrians, making it a bustling urban environment.","There are trees visible on the right side of the image, near the buildings and the sidewalk.","The footway is a paved area for pedestrians to walk on, with white lines marking the crosswalks.",The base of the buildings along this street is made of brick and stone.
2nd_avenue/north_to_south/033_n00046_S.jpg,n00046,0.6721447998848971,"The street is bustling with activity, featuring a mix of pedestrians, vehicles, and commercial establishments. The presence of traffic lights and street signs indicates a well-organized urban environment.","There are trees visible in the background, lining the street and providing a green contrast to the urban environment.",The footway is wide and has a crosswalk for pedestrians.,"The base of the buildings along this street includes storefronts and commercial establishments, with one notable pizza place visible."
2nd_avenue/south_to_north/001_n00046_N.jpg,n00046,0.6721447998848971,"The street is bustling with activity, featuring a mix of pedestrians, vehicles, and buildings.","There are trees visible on the right side of the image, near the buildings and the crosswalk.","The footway is a paved area for pedestrians, with white stripes marking the crosswalks.","The base of the buildings along this street includes ground-level commercial spaces, such as shops and restaurants, and the street itself with vehicles and pedestrians."
2nd_avenue/south_to_north/002_n00047_N.jpg,n00047,0.6862671563045044,"The street is wide and has a smooth surface with clear markings for pedestrians and vehicles. There are trees and buildings along the sides, providing a pleasant environment for walking.","There are trees visible on the right side of the image, near the church and the buildings.","The footway is a paved area with a red section, white lines marking the crosswalk, and a few trees and plants along the sidewalk.","The base of the buildings along this street includes storefronts, a cafe, and a green dumpster."
2nd_avenue/south_to_north/003_n00048_N.jpg,n00048,0.7132302731835942,"The street is wide and has a smooth surface, making it suitable for walking. There are trees and buildings along the sidewalk, providing a pleasant environment for pedestrians.","There are trees visible on the sidewalk, particularly on the right side of the image, and there are also some trees in the background near the church.","The footway is lined with various shops and buildings, including a newsstand and a church. There are also trees and street lamps along the sidewalk.","The base of the buildings along this street includes storefronts and ground-level businesses, with some buildings having fire escapes and awnings."
2nd_avenue/south_to_north/004_n00049_N.jpg,n00049,0.5311246438004591,"The street appears to be a busy urban area with buildings, trees, and construction equipment visible. The presence of traffic cones and construction vehicles suggests ongoing work or maintenance.","There are trees visible on the left side of the image, near the sidewalk, and another tree further down the street.",The footway is lined with trees and has a green fence on the left side.,"The base of the buildings along this street includes storefronts and ground-level businesses, with some buildings having fire escapes and awnings."
2nd_avenue/south_to_north/005_n00050_N.jpg,n00050,0.5908440027500399,"The street is bustling with activity, featuring a mix of pedestrians, vehicles, and construction barriers. The presence of traffic lights and street signs indicates a well-organized urban environment.","There are trees visible in the background, along the sidewalk and near the buildings.","The footway is a paved area for pedestrians, with a sidewalk for walking and a crosswalk for crossing the street.","The base of the buildings along this street includes storefronts and ground-level businesses, with some buildings having a mix of commercial and residential uses."
2nd_avenue/south_to_north/006_n00051_N.jpg,n00051,0.5377945962130362,"The street appears to be busy with vehicles and construction cones, indicating ongoing work or a temporary traffic pattern. Pedestrians should be cautious and follow any posted signs or directions.","There are trees with green leaves visible on the right side of the image, near the buildings and the road.",The footway is lined with trees and has a sidewalk with a few benches and trash cans.,The base of the buildings along this street includes storefronts and ground-level commercial spaces.
2nd_avenue/south_to_north/007_n00052_N.jpg,n00052,0.6065507126512231,"The street appears to be busy with vehicles and pedestrians, with various buildings and trees lining the sides.","There are trees visible on the right side of the image, near the buildings and the construction site.","The footway is clear and appears to be well-maintained, with no visible obstructions or hazards.","The base of the buildings along this street includes ground-level commercial spaces, such as shops and restaurants, and the lower floors of the residential buildings."
2nd_avenue/south_to_north/008_n00053_N.jpg,n00053,0.6613260307196764,"The street appears to be wide and well-paved, with clear markings and a few vehicles visible. There are trees and buildings lining the street, providing a mix of urban and natural elements.","There are trees visible on the left side of the image, near the buildings and along the sidewalk.","The footway is clear and appears to be well-maintained, with a few trees and benches along its length.","The base of the buildings along this street includes storefronts and commercial spaces, with a variety of signs and awnings."
2nd_avenue/south_to_north/009_n00054_N.jpg,n00054,0.6296911674160881,"The street is wide and has multiple lanes of traffic, with tall buildings on either side. It appears to be a busy urban area with pedestrians and vehicles.","There are trees visible on the left side of the image, near the buildings.",The footway is not visible in the image.,"The base of the buildings along this street includes various commercial establishments, such as shops and restaurants, as well as the ground floors of residential buildings."
2nd_avenue/south_to_north/010_n00055_N.jpg,n00055,0.6797460198603655,"The street is wide and has clear markings for vehicles, making it safe for pedestrians to walk.","There are trees visible on the left side of the image, near the sidewalk.","The footway is a paved area for pedestrians, with a clear path and some trees and benches along the side.","The base of the buildings along this street includes a mix of commercial and residential spaces, with some buildings having ground-level retail or office spaces and others having residential units."
2nd_avenue/south_to_north/011_n00056_N.jpg,n00056,0.6394095795330379,"The street is wide and has a red bike lane on the left side. There are tall buildings and trees lining the street, and a few cars are parked along the curb.","There are trees visible on the sidewalks, particularly on the left side of the image near the buildings.","The footway is a paved area for pedestrians, with a red line marking the edge of the sidewalk.","The base of the buildings along this street includes a mix of commercial and residential elements, with some buildings having ground-level shops or offices, and others featuring residential apartments or condominiums."
2nd_avenue/south_to_north/012_n00058_N.jpg,n00058,0.7077728402118058,"The street is bustling with activity, featuring a mix of pedestrians, vehicles, and cyclists. The presence of crosswalks and traffic signals indicates a well-organized urban environment.","There are trees visible on the sidewalks, particularly on the left and right sides of the image, providing greenery to the urban environment.",The footway is a pedestrian crossing with white stripes painted on the road.,The base of the buildings along this street is made of brick.
2nd_avenue/south_to_north/013_n00059_N.jpg,n00059,0.8091347572452394,"Walking down this street would involve navigating past a mix of brick buildings, trees, and vehicles on the road.","There is a tree visible on the left side of the image, and some bushes are located near the building on the left.",The footway is a paved area with a tree and some greenery along the side.,"The base of the buildings along this street includes ground-level commercial spaces, such as shops and restaurants, and the street itself, which is lined with trees and street furniture."
2nd_avenue/south_to_north/014_n00060_N.jpg,n00060,0.7105473154469104,"The street is busy with vehicles, including a large truck and several cars, making it challenging to walk.","There are leafless trees visible along the street, located between the buildings and the road.",The footway is lined with buildings and has a red curb.,"The base of the buildings along this street includes storefronts and commercial spaces, with some buildings having ground-level retail or office units."
2nd_avenue/south_to_north/015_n00061_N.jpg,n00061,0.7378639981984781,"The street is bustling with activity, featuring a mix of pedestrians, vehicles, and storefronts. The presence of crosswalks and traffic signals indicates a well-organized urban environment.","There is a tree visible on the left side of the image, near the sidewalk.","The footway is a paved area for pedestrians, with a red-painted section indicating a bike lane.","The base of the buildings along this street includes storefronts and shops, with signs and awnings visible above the ground level."
2nd_avenue/south_to_north/016_n00062_N.jpg,n00062,0.7247317587884579,"The street is bustling with activity, featuring a mix of pedestrians, vehicles, and storefronts. The presence of crosswalks and traffic signals indicates a well-organized urban environment.","There is a small tree visible on the left side of the image, near the intersection.",The footway is a pedestrian area with crosswalks and sidewalks.,"The base of the buildings along this street includes storefronts and commercial establishments, with signs and awnings visible above the ground level."
2nd_avenue/south_to_north/017_n00063_N.jpg,n00063,0.6306564971130642,"The street is bustling with activity, featuring a mix of pedestrians, vehicles, and storefronts. The presence of tall buildings and various shops suggests a busy urban environment.","There are trees visible on the left side of the image, near the buildings.",The footway is not visible in the image.,The base of the buildings along this street includes storefronts and commercial establishments.
2nd_avenue/south_to_north/018_n00064_N.jpg,n00064,0.6549022157125246,"The street is bustling with activity, featuring tall buildings, shops, and vehicles. It appears to be a busy urban area with a mix of commercial and residential buildings.","There are trees visible in the distance, lining the street and providing a touch of greenery amidst the urban environment.",The footway is lined with various storefronts and has a few pedestrians walking.,The base of the buildings along this street includes storefronts and a sidewalk.
2nd_avenue/south_to_north/019_n00065_N.jpg,n00065,0.5931985311797562,"The street is bustling with activity, featuring tall buildings, pedestrians, and vehicles.",There is no vegetation visible in this view.,The footway is a pedestrian area with people walking and crossing the street.,The base of the buildings along this street includes storefronts and a convenience store.
2nd_avenue/south_to_north/020_n00066_N.jpg,n00066,0.5562434531718652,"The street is bustling with activity, featuring tall buildings, vehicles, and pedestrians.","There are trees visible on the right side of the image, near the buildings.","The footway is a pedestrian path along the street, with a crosswalk for safe crossing.","The base of the buildings along this street includes ground-level commercial spaces, pedestrian walkways, and street-level entrances."
2nd_avenue/south_to_north/021_n00067_N.jpg,n00067,0.3733121298697222,"The street appears to be busy with vehicles and pedestrians, with barriers and construction materials indicating ongoing work.","There are trees visible in the distance, lining the street and providing a natural element to the urban environment.","The footway is lined with orange and white barriers, and there are a few people walking on it.",The base of the buildings along this street is made of concrete and has large windows.
2nd_avenue/south_to_north/022_n00068_N.jpg,n00068,0.3748168784361781,"The street is bustling with activity, featuring a mix of pedestrians, vehicles, and public transportation. The presence of construction barriers suggests ongoing development or maintenance work, which may affect the flow of pedestrians and vehicles.","There are trees visible in the distance, lining the street and providing shade.","The footway is lined with orange construction barriers and has a green sign that says ""Fresh"" on it.",The base of the buildings along this street includes ground-level commercial spaces and orange construction barriers.
2nd_avenue/south_to_north/023_n00069_N.jpg,n00069,0.5501848526887025,"The street is busy with vehicles and pedestrians, making it a bustling urban environment.","There are trees visible on the left side of the image, near the sidewalk.","The footway is a paved area for pedestrians, with a crosswalk marked by white stripes.",The base of the buildings along this street includes ground-level commercial establishments and a pedestrian crosswalk.
2nd_avenue/south_to_north/024_n00070_N.jpg,n00070,0.7237585547070493,"The street is bustling with activity, featuring tall buildings, pedestrians, and vehicles.","There are trees visible on the sidewalks, particularly on the right side of the image near the buildings.","The footway is a paved area for pedestrians, with a crosswalk for crossing the street.","The base of the buildings along this street includes ground-level commercial spaces, such as shops and restaurants, with large windows and signs indicating their names. There are also pedestrian walkways and street furniture like benches and trash cans."
2nd_avenue/south_to_north/025_n00071_N.jpg,n00071,0.7506268906350487,"The street is bustling with activity, featuring tall buildings, vehicles, and pedestrians.","There are trees visible on the sidewalks, specifically on the left side of the image near the buildings and on the right side closer to the middle of the street.",The footway is lined with trees and has a sidewalk for pedestrians.,"The base of the buildings along this street includes storefronts and commercial spaces, with some trees and greenery interspersed between them."
2nd_avenue/south_to_north/026_n00072_N.jpg,n00072,0.7846735156880621,"The street is bustling with activity, featuring tall buildings, parked cars, and pedestrians.","There is a tree visible on the right side of the image, near the sidewalk.","The footway is a paved area for pedestrians, with a red-painted section indicating a bike lane.",The base of the buildings along this street includes storefronts and a sidewalk with a red curb.
2nd_avenue/south_to_north/027_n00073_N.jpg,n00073,0.6411951347375409,"The street is busy with vehicles and pedestrians, making it a bustling urban environment.","There are trees visible on the right side of the image, near the buildings.",The footway is a pedestrian area with crosswalks and sidewalks.,"The base of the buildings along this street includes a mix of commercial and residential spaces, with some buildings having ground-level storefronts and others having a more uniform facade."
2nd_avenue/south_to_north/028_n00074_N.jpg,n00074,0.6857822421742317,"The street is bustling with activity, featuring tall buildings, vehicles, and pedestrians.","There are trees visible on the right side of the image, along the sidewalk.",The footway is a pedestrian area with crosswalks and a green awning over part of it.,The base of the buildings along this street includes storefronts and a sidewalk with a crosswalk.
2nd_avenue/south_to_north/029_n00075_N.jpg,n00075,0.5045082922907528,"The street is bustling with activity, featuring tall buildings, vehicles, and pedestrians.","There are trees visible along the street, particularly on the right side, providing greenery to the urban environment.",The footway is lined with trees and has a red bike lane.,The base of the buildings along this street includes storefronts and a construction site with scaffolding.
2nd_avenue/south_to_north/030_n00076_N.jpg,n00076,0.6700891794977522,"The street is bustling with activity, featuring tall buildings, vehicles, and pedestrians.","There are trees visible on the sidewalks, specifically on the left and right sides of the image, near the buildings.","The footway is a paved area for pedestrians, with a red section indicating a bike lane.",The base of the buildings along this street includes storefronts and a sidewalk with pedestrians.
2nd_avenue/south_to_north/031_n00077_N.jpg,n00077,0.7042213046468802,"The street is bustling with activity, featuring tall buildings, vehicles, and pedestrians.","There are trees visible on the sidewalks, specifically on the left side of the image near the buildings and on the right side near the buildings.","The footway is a wide, paved area with a red bus lane and a pedestrian crossing.","The base of the buildings along this street includes a mix of commercial and retail spaces, with some buildings having ground-level storefronts and others having large windows or glass facades. There are also a few street-level signs and advertisements visible, indicating the commercial nature of the area."
2nd_avenue/south_to_north/032_n00078_N.jpg,n00078,0.6925271568705995,"The street is bustling with activity, featuring tall buildings, vehicles, and pedestrians.","There are trees visible on the left side of the image, near the buildings.",The footway is a pedestrian area with crosswalks and is lined with trees and street lamps.,"The base of the buildings along this street includes ground-level commercial spaces, such as shops and restaurants, and the street level is bustling with pedestrians and vehicles."
2nd_avenue/south_to_north/033_n00079_N.jpg,n00079,0.6335834040652176,"The street appears to be busy with vehicles and buildings, making it a typical urban environment.","There is a tree visible on the left side of the image, near the sidewalk.","The footway is a paved area with a red section, likely a bike lane, and it is lined with trees and street lamps.","The base of the buildings along this street includes ground-level commercial spaces, such as shops and offices, with large windows and entrances."
3rd_avenue/north_to_south/001_n00113_S.jpg,n00113,0.6561568209525168,"The street is bustling with activity, featuring tall buildings, pedestrians, and vehicles.","There are trees visible in the background, lining the street and providing greenery to the urban environment.",The footway is a pedestrian area with crosswalks and is lined with tall buildings.,The base of the buildings along this street includes storefronts and a pedestrian crosswalk.
3rd_avenue/north_to_south/002_n00112_S.jpg,n00112,0.6276528742051029,"The street is bustling with activity, featuring tall buildings, shops, and vehicles.","There are trees visible along the sidewalk, particularly on the left side of the image, near the storefronts.",The footway is lined with trees and has a red curb.,The base of the buildings along this street includes storefronts and a sidewalk.
3rd_avenue/north_to_south/003_n00111_S.jpg,n00111,0.7350863166111234,"The street is bustling with activity, with cars and pedestrians moving along the sidewalk.","There are leafless trees visible on the right side of the image, along the sidewalk.",The footway is wide and has a red bike lane.,The base of the buildings along this street includes storefronts and a sidewalk.
3rd_avenue/north_to_south/004_n00110_S.jpg,n00110,0.6648908636438084,"The street is bustling with activity, featuring tall buildings, shops, and pedestrians.","There are leafless trees visible on the sidewalks, located on both sides of the street.",The footway is wide and has a red bus lane.,The base of the buildings along this street includes storefronts and a bus lane.
3rd_avenue/north_to_south/005_n00109_S.jpg,n00109,0.6581520783021175,"The street is bustling with activity, featuring tall buildings, traffic lights, and pedestrians.","There are trees visible in the background, lining the street and providing greenery to the urban environment.","The footway is a wide, pedestrian-friendly area with crosswalks and traffic signals.",The base of the buildings along this street includes storefronts and a pedestrian crosswalk.
3rd_avenue/north_to_south/006_n00108_S.jpg,n00108,0.51307877143229,"The street is bustling with activity, featuring tall buildings, vehicles, and pedestrians.","There are trees visible in the view, located on the left side of the image, near the buildings.",The footway is wide and has a red section near the building with scaffolding.,The base of the buildings along this street includes storefronts and a sidewalk.
3rd_avenue/north_to_south/007_n00107_S.jpg,n00107,0.5000824657013724,"The street is bustling with activity, featuring tall buildings, vehicles, and pedestrians.","There is a tree visible on the left side of the image, near the sidewalk.","The footway is a wide, red-painted area that runs along the side of the street, providing a clear path for pedestrians.","The base of the buildings along this street includes storefronts and commercial spaces, with some buildings having scaffolding and construction materials visible."
3rd_avenue/north_to_south/008_n00106_S.jpg,n00106,0.5314151606055879,"The street is bustling with activity, featuring tall buildings, vehicles, and pedestrians.","There are trees visible on the left side of the image, near the buildings.",The footway is lined with tall buildings and has a clock tower visible in the distance.,"The base of the buildings along this street includes various commercial establishments, such as shops and restaurants, with large windows and storefronts."
3rd_avenue/north_to_south/009_n00105_S.jpg,n00105,0.6602755384710283,"The street is bustling with activity, featuring tall buildings, traffic, and pedestrians.","There are trees visible in the background, lining the street and providing a touch of greenery amidst the urban setting.","The footway is a wide, pedestrian-friendly area with crosswalks and a few people walking.","The base of the buildings along this street includes storefronts and commercial spaces, with some having large glass windows and others having more solid facades."
3rd_avenue/north_to_south/010_n00104_S.jpg,n00104,0.699498471955929,"The street is bustling with activity, featuring tall buildings, trees, and various storefronts.","There are leafless trees visible along the sidewalk, particularly on the left side of the image.",The footway is lined with trees and has a red-painted section near the sidewalk.,The base of the buildings along this street includes storefronts and a sidewalk with a red-painted bike lane.
3rd_avenue/north_to_south/011_n00103_S.jpg,n00103,0.6739039543660024,"The street is bustling with activity, featuring tall buildings, pedestrians, and vehicles.","There are leafless trees visible along the sidewalk, particularly on the left side of the image.",The footway is lined with trees and has benches for sitting.,"The base of the buildings along this street includes storefronts and commercial spaces, with some having large glass windows and others with more traditional facades."
3rd_avenue/north_to_south/012_n00102_S.jpg,n00102,0.7411803753020135,"The street is bustling with activity, featuring tall buildings, pedestrians, and vehicles.","There are trees visible on the left side of the image, near the sidewalk.",The footway is wide and has a red bus lane.,"The base of the buildings along this street includes storefronts and commercial spaces, with some having large windows and glass doors."
3rd_avenue/north_to_south/013_n00101_S.jpg,n00101,0.678321077525482,"The street is bustling with activity, featuring tall buildings, shops, and pedestrians.","There are trees visible in the background, lining the street and providing a touch of greenery amidst the urban setting.",The footway is a pedestrian area with crosswalks and people walking.,"The base of the buildings along this street includes storefronts and commercial spaces, with some buildings having green signs indicating businesses."
3rd_avenue/north_to_south/014_n00100_S.jpg,n00100,0.6941101744663769,"The street is bustling with activity, featuring a mix of pedestrians and vehicles. The presence of storefronts and tall buildings suggests a commercial area, making it a lively place to walk.","There are trees visible along the sidewalk on the left side of the image, providing greenery to the urban environment.",The footway is lined with trees and has a sidewalk with a red crosswalk.,"The base of the buildings along this street includes storefronts and commercial spaces, with some buildings having fire escapes and awnings."
3rd_avenue/north_to_south/015_n00099_S.jpg,n00099,0.6825207776895763,"The street is bustling with activity, featuring a mix of pedestrians, vehicles, and storefronts. The presence of tall buildings and trees along the sidewalk suggests a lively urban environment.","There are trees visible on the sidewalks, specifically on the right side of the image near the buildings and on the left side near the buildings.",The footway is lined with trees and has a fire escape on the left side.,The base of the buildings along this street includes storefronts and a sidewalk.
3rd_avenue/north_to_south/016_n00098_S.jpg,n00098,0.73098478881391,"The street is bustling with activity, featuring tall buildings, vehicles, and pedestrians.","There is a tree visible on the left side of the image, near the sidewalk.",The footway is lined with trees and has a green fence with graffiti on it.,"The base of the buildings along this street includes ground-level commercial spaces, such as shops and restaurants, and the street itself, which is lined with various vehicles and pedestrians."
3rd_avenue/north_to_south/017_n00097_S.jpg,n00097,0.6258985602690119,"The street is bustling with activity, featuring tall buildings, a bus, and various vehicles.","There are trees visible in the background, lining the street and providing a touch of greenery amidst the urban setting.",The footway is a pedestrian area with crosswalks and is located on the side of the road.,"The base of the buildings along this street includes storefronts and commercial spaces, with some buildings having scaffolding or construction materials indicating ongoing work."
3rd_avenue/north_to_south/018_n00096_S.jpg,n00096,0.7155308208646786,"The street is bustling with activity, featuring a bus lane, cars, and pedestrians.","There is a tree visible on the left side of the image, near the sidewalk.","The footway is a wide, red-painted area on the left side of the street, designed to accommodate pedestrians.",The base of the buildings along this street includes storefronts and commercial establishments.
3rd_avenue/north_to_south/019_n00095_S.jpg,n00095,0.6425468330432866,"The street is bustling with activity, with cars, buses, and pedestrians all sharing the space. The presence of a bike lane and the variety of buildings and shops suggest a lively urban environment.","There is a tree visible on the left side of the image, near the sidewalk.",The footway is lined with trees and has a fire escape on the left side.,The base of the buildings along this street includes storefronts and commercial establishments.
3rd_avenue/north_to_south/020_n00094_S.jpg,n00094,0.5774225283063837,"The street is wide and has a bus lane, making it convenient for pedestrians and public transportation.","There is a tree visible on the left side of the image, near the sidewalk.",The footway is wide and has a red bus lane.,"The base of the buildings along this street includes ground-level commercial spaces, such as shops and galleries, with large windows and storefronts."
3rd_avenue/north_to_south/021_n00093_S.jpg,n00093,0.7180931369660376,The street is wide and has many buildings on both sides. There are crosswalks and traffic lights to navigate.,"There are trees visible in the background, lining the street and providing shade.","The footway is a paved area for pedestrians, with crosswalks and sidewalks visible.",The base of the buildings along this street includes storefronts and ground-level businesses.
3rd_avenue/north_to_south/022_n00092_S.jpg,n00092,0.71987437416903,"The street is bustling with activity, with cars, pedestrians, and cyclists all sharing the space. The presence of a bike lane and the variety of buildings and shops suggest a lively urban environment.","There are trees visible on the left side of the image, near the buildings.",The footway is lined with trees and has a red bike lane.,The base of the buildings along this street includes storefronts and ground-level businesses.
3rd_avenue/north_to_south/023_n00091_S.jpg,n00091,0.6394900087827333,"The street is bustling with activity, with pedestrians walking along the sidewalks and vehicles moving on the road.","There is a tree visible on the left side of the image, near the sidewalk.",The footway is wide and has a red section on the left side.,"The base of the buildings along this street includes storefronts and ground-level businesses, with some buildings having a mix of commercial and residential uses."
3rd_avenue/north_to_south/024_n00090_S.jpg,n00090,0.6360520764456923,"The street is bustling with activity, featuring a mix of pedestrians, vehicles, and commercial establishments. The presence of a crosswalk and various storefronts suggests it is a busy urban area.",There are no visible plants or vegetation in this view.,"The footway is a wide, pedestrian-friendly area with clear markings and a designated bike lane.",The base of the buildings along this street includes storefronts and a parking area.
3rd_avenue/north_to_south/025_n00089_S.jpg,n00089,0.6001776409931818,"The street is wide and has multiple lanes of traffic, with crosswalks and traffic lights for pedestrians. There are buildings on both sides, including some under construction, and a few people walking or standing.","There are trees visible on the left side of the image, near the buildings.",The footway is a pedestrian area with crosswalks and is located on the left side of the image.,"The base of the buildings along this street includes ground-level commercial spaces, pedestrian walkways, and street-level traffic."
3rd_avenue/north_to_south/026_n00088_S.jpg,n00088,0.6063843162858902,"The street is bustling with activity, featuring a mix of pedestrians and vehicles. The presence of construction barriers and scaffolding suggests ongoing development or maintenance work, which might affect the flow of traffic and pedestrian movement.","There are trees visible on the left side of the image, near the sidewalk and buildings.",The footway is lined with trees and has a few pedestrians walking.,The base of the buildings along this street includes storefronts and a hair salon.
3rd_avenue/north_to_south/027_n00087_S.jpg,n00087,0.7718564023161847,"The street is bustling with activity, with pedestrians walking along the sidewalks and vehicles moving on the road.","There are trees visible on the left side of the image, near the sidewalk and buildings.",The footway is lined with trees and has a few pedestrians walking.,"The base of the buildings along this street includes storefronts and shops, with signs and awnings visible above the ground level."
3rd_avenue/north_to_south/028_n00086_S.jpg,n00086,0.7863021633082825,"The street is bustling with activity, featuring a mix of pedestrians, vehicles, and storefronts.","There is a tree visible on the left side of the image, near the sidewalk.",The footway is lined with trees and has a fire hydrant and a trash can.,"The base of the buildings along this street includes storefronts and ground-level businesses, such as a convenience store and a nail spa."
3rd_avenue/north_to_south/029_n00085_S.jpg,n00085,0.7461237840338197,"The street is bustling with activity, featuring a mix of pedestrians, vehicles, and storefronts. The sidewalks are lined with buildings, and the presence of street signs and traffic lights indicates a well-organized urban environment.","There are trees visible in the background, lining the street and providing shade.","The footway is a paved area for pedestrians, with crosswalks and sidewalks visible.","The base of the buildings along this street includes storefronts and ground-level businesses, with some buildings having fire escapes and balconies."
3rd_avenue/north_to_south/030_n00084_S.jpg,n00084,0.7350478826494048,"The street is bustling with activity, featuring a mix of pedestrians, vehicles, and storefronts.","There are trees visible on the right side of the image, lining the street.",The footway is lined with various storefronts and has a few pedestrians walking.,"The base of the buildings along this street includes storefronts and ground-level businesses, with some buildings having outdoor seating areas and others having large windows."
3rd_avenue/north_to_south/031_n00083_S.jpg,n00083,0.7118927483683104,"The street is bustling with activity, featuring tall buildings, pedestrians, and vehicles.","There is a tree visible on the right side of the image, near the intersection.",The footway is a paved area with pedestrians walking on it.,The base of the buildings along this street includes storefronts and a green car parked on the side of the street.
3rd_avenue/north_to_south/032_n00082_S.jpg,n00082,0.6681553255891908,"The street is bustling with activity, featuring tall buildings, pedestrians, and vehicles.","There are leafless trees visible on the sidewalks, particularly on the right side of the image near the buildings.",The footway is lined with trees and has a few people walking on it.,"The base of the buildings along this street includes storefronts, glass windows, and a sidewalk with pedestrians and parked bicycles."
3rd_avenue/north_to_south/033_n00081_S.jpg,n00081,0.6192059487024408,"The street is bustling with activity, featuring tall buildings, traffic lights, and pedestrians.","There are trees visible on the right side of the image, lining the street.",The footway is a pedestrian area with crosswalks and a person walking.,"The base of the buildings along this street includes ground-level commercial spaces, pedestrian walkways, and street-level entrances."
3rd_avenue/north_to_south/034_n00080_S.jpg,n00080,0.6211214394009384,"The street is bustling with activity, featuring tall buildings, pedestrians, and vehicles.","There are trees visible on the right side of the image, lining the street.",The footway is lined with trees and has a sidewalk with people walking on it.,"The base of the buildings along this street includes ground-level commercial spaces, such as shops and restaurants, with large windows and storefronts. There are also a few pedestrians walking along the sidewalks, and some bicycles are parked or in motion on the street."
3rd_avenue/south_to_north/001_n00080_N.jpg,n00080,0.6211214394009384,"The street is bustling with activity, featuring tall buildings, traffic lights, and pedestrians.","There are trees visible on the left side of the image, near the buildings.","The footway is a wide, pedestrian-friendly area with crosswalks and sidewalks.","The base of the buildings along this street includes storefronts and commercial spaces, with some buildings having large glass windows and others having more solid, brick facades."
3rd_avenue/south_to_north/002_n00081_N.jpg,n00081,0.6192059487024408,"The street is bustling with activity, featuring pedestrians, vehicles, and various storefronts.","There are trees visible on the left side of the image, near the buildings.","The footway is a pedestrian area with crosswalks, where people are walking and standing.","The base of the buildings along this street includes storefronts and commercial spaces, with some having large glass windows and others with more traditional brick facades."
3rd_avenue/south_to_north/003_n00082_N.jpg,n00082,0.6681553255891908,"The street is bustling with activity, featuring a mix of pedestrians, vehicles, and storefronts.","There are trees visible on the left side of the image, lining the street.",The footway is lined with buildings and has a few pedestrians walking.,The base of the buildings along this street includes storefronts and a few parked vehicles.
3rd_avenue/south_to_north/004_n00083_N.jpg,n00083,0.7118927483683104,"The street is bustling with activity, featuring a mix of pedestrians, vehicles, and storefronts.","There is a tree visible on the left side of the image, near the sidewalk.",The footway is lined with various storefronts and has a few pedestrians walking.,"The base of the buildings along this street includes storefronts and ground-level businesses, with some having awnings and signs above the entrances."
3rd_avenue/south_to_north/005_n00084_N.jpg,n00084,0.7350478826494048,"The street is bustling with activity, featuring a variety of shops, restaurants, and pedestrians.","There is a small tree visible on the left side of the image, near the sidewalk.","The footway is lined with various shops and restaurants, including a deli and a restaurant with a red awning. There are also several bicycles parked along the sidewalk.",The base of the buildings along this street includes storefronts and a deli.
3rd_avenue/south_to_north/006_n00085_N.jpg,n00085,0.7461237840338197,"The street is bustling with activity, featuring tall buildings, shops, and pedestrians.","There are trees visible on the left side of the image, near the buildings.","The footway is a paved area for pedestrians to walk on, with crosswalks for safe crossing at intersections.","The base of the buildings along this street includes storefronts and ground-level businesses, such as a spa and a store."
3rd_avenue/south_to_north/007_n00086_N.jpg,n00086,0.7863021633082825,"The street appears to be wide and well-paved, with clear markings and a few pedestrians visible. There are also some trees and storefronts along the sidewalk.","There are trees visible on the sidewalks, particularly on the right side of the image, and some greenery is also present on the left side near the buildings.",The footway is lined with trees and has benches.,"The base of the buildings along this street includes storefronts and commercial spaces, with signs and awnings visible above the ground level."
3rd_avenue/south_to_north/008_n00087_N.jpg,n00087,0.7718564023161847,"The street is busy with vehicles and pedestrians, making it a bustling urban environment.","There are trees with blooming white flowers on the right side of the image, near the sidewalk.",The footway is lined with trees and has a few people walking on it.,The base of the buildings along this street is made of concrete and has a variety of storefronts and signs.
3rd_avenue/south_to_north/009_n00088_N.jpg,n00088,0.6063843162858902,"The street is bustling with activity, featuring tall buildings, shops, and vehicles.",There are no visible plants or vegetation in this view.,"The footway is lined with various shops and stores, including a newsstand and a UPS store.","The base of the buildings along this street includes ground-level commercial establishments, such as shops and a newsstand, as well as street-level amenities like a newsstand and a construction site."
3rd_avenue/south_to_north/010_n00089_N.jpg,n00089,0.6001776409931818,"The street is bustling with activity, featuring a mix of pedestrians, vehicles, and storefronts. The presence of crosswalks and traffic signals indicates a well-organized urban environment.",There are no visible plants or vegetation in this view.,"The footway is a wide, pedestrian-friendly area with white crosswalk lines painted on the street, indicating a safe crossing area for pedestrians.","The base of the buildings along this street includes storefronts and commercial spaces, with signs and awnings visible above the ground level."
3rd_avenue/south_to_north/011_n00090_N.jpg,n00090,0.6360520764456923,"The street is bustling with activity, featuring a mix of pedestrians, vehicles, and storefronts. The presence of a bike lane and the variety of buildings and shops suggest a lively urban environment.","There are trees visible on the right side of the image, near the buildings.","The footway is lined with various buildings, including a pizzeria and a store named ""Sarge's."" There are a few people walking and a cyclist on the sidewalk.","The base of the buildings along this street includes storefronts and ground-level businesses, such as a pizzeria and a store named ""Sarge's."""
3rd_avenue/south_to_north/012_n00091_N.jpg,n00091,0.6394900087827333,"The street is bustling with activity, featuring a mix of pedestrians, cyclists, and vehicles. The presence of a bike lane and a bus lane indicates a well-organized urban environment.","There are trees with white blossoms on the right side of the image, and a tree with green leaves on the far right.",The footway is not visible in the image.,"The base of the buildings along this street includes ground-level commercial spaces, with some buildings having storefronts and others having construction barriers."
3rd_avenue/south_to_north/013_n00092_N.jpg,n00092,0.71987437416903,"The street is wide and has a bike lane, making it suitable for pedestrians and cyclists.","There are trees visible on the sidewalks, particularly on the right side of the image near the buildings.","The footway is lined with orange construction barriers and has a sign that says ""Only"" on it.",The base of the buildings along this street is made of brick.
3rd_avenue/south_to_north/014_n00093_N.jpg,n00093,0.7180931369660376,"The street is bustling with activity, featuring tall buildings, vehicles, and pedestrians.","There are trees visible on the right side of the image, along the sidewalk.","The footway is a wide, pedestrian-friendly area with crosswalks and a designated bus lane.",The base of the buildings along this street includes storefronts and commercial spaces.
3rd_avenue/south_to_north/015_n00094_N.jpg,n00094,0.5774225283063837,"The street is bustling with activity, with cars, buses, and pedestrians all sharing the space. The presence of a bike lane and construction barriers indicates ongoing development and maintenance.","There are trees visible on the right side of the image, near the buildings.",The footway is lined with buildings and has a red-painted section.,"The base of the buildings along this street includes storefronts and commercial spaces, with some buildings having ground-level retail or office spaces."
3rd_avenue/south_to_north/016_n00095_N.jpg,n00095,0.6425468330432866,"The street is bustling with activity, featuring a mix of pedestrians, vehicles, and public transportation. The presence of tall buildings and commercial establishments suggests a vibrant urban environment.","There are trees visible on the right side of the image, lining the street.",The footway is not visible in the image.,"The base of the buildings along this street includes storefronts and commercial spaces, with some buildings having large windows and others having more solid facades."
3rd_avenue/south_to_north/017_n00096_N.jpg,n00096,0.7155308208646786,"The street is bustling with activity, with cars and pedestrians moving along the sidewalks and streets. The presence of tall buildings and commercial establishments suggests a lively urban environment.","There are trees visible on the right side of the image, near the sidewalk and buildings.","The footway is a paved area for pedestrians, with a red section near the bottom of the image.",The base of the buildings along this street includes storefronts and commercial spaces.
3rd_avenue/south_to_north/018_n00097_N.jpg,n00097,0.6258985602690119,"The street is bustling with activity, featuring tall buildings, traffic lights, and pedestrians.","There are trees visible on the right side of the image, near the buildings and construction site.",The footway is a pedestrian area with crosswalks and is lined with buildings and trees.,"The base of the buildings along this street includes ground-level commercial spaces, such as shops and restaurants, and the street level is lined with pedestrian-friendly sidewalks."
3rd_avenue/south_to_north/019_n00098_N.jpg,n00098,0.73098478881391,"The street is bustling with activity, with cars and pedestrians moving along the sidewalks and streets. The presence of tall buildings and commercial establishments suggests a lively urban environment.","There are trees visible on the right side of the image, near the sidewalk and buildings.",The footway is lined with trees and has a red painted section.,"The base of the buildings along this street includes storefronts and commercial spaces, with some buildings having large windows and others having more solid facades."
3rd_avenue/south_to_north/020_n00099_N.jpg,n00099,0.6825207776895763,"The street is bustling with activity, featuring a mix of commercial establishments, tall buildings, and pedestrians.",There are no visible plants or vegetation in this view.,The footway is wide and has a red bus lane.,"The base of the buildings along this street includes storefronts and commercial spaces, with signs and awnings visible above the entrances."
3rd_avenue/south_to_north/021_n00100_N.jpg,n00100,0.6941101744663769,"The street is bustling with activity, featuring tall buildings, shops, and pedestrians.","There are leafless trees visible on the right side of the image, near the sidewalk.","The footway is a paved area for pedestrians, with a sidewalk on the right side of the image and a crosswalk in the center of the intersection.","The base of the buildings along this street includes storefronts and commercial spaces, with signs and awnings visible above the ground level."
3rd_avenue/south_to_north/022_n00101_N.jpg,n00101,0.678321077525482,"The street is bustling with activity, featuring tall buildings, pedestrians, and vehicles.","There are leafless trees visible on the sidewalks, particularly on the right side of the image near the buildings.","The footway is a wide, pedestrian-friendly area with crosswalks and street signs.","The base of the buildings along this street includes storefronts and commercial spaces, with some having large glass windows and others with more traditional facades."
3rd_avenue/south_to_north/023_n00102_N.jpg,n00102,0.7411803753020135,"The street is bustling with activity, with cars and pedestrians moving along the sidewalk. The tall buildings and modern architecture create a vibrant urban atmosphere.","There are trees visible on the sidewalks, particularly on the right side of the image, near the buildings.",The footway is lined with trees and has benches.,"The base of the buildings along this street is made of glass and steel, with large windows and sleek designs."
3rd_avenue/south_to_north/024_n00103_N.jpg,n00103,0.6739039543660024,"The street is bustling with activity, with cars and pedestrians moving along the sidewalks and streets.","There are leafless trees visible along the sidewalk, particularly on the left side of the image.",The footway is not visible in the image.,"The base of the buildings along this street includes storefronts and commercial spaces, with some having large glass windows and others with more traditional facades."
3rd_avenue/south_to_north/025_n00104_N.jpg,n00104,0.699498471955929,"The street is bustling with activity, featuring tall buildings, traffic, and pedestrians.","There are trees visible on the left side of the image, near the buildings.","The footway is a wide, pedestrian-friendly area with crosswalks and street signs.","The base of the buildings along this street is made of glass and steel, with some having a mix of materials."
3rd_avenue/south_to_north/026_n00105_N.jpg,n00105,0.6602755384710283,"The street is bustling with activity, featuring a mix of pedestrians, vehicles, and commercial buildings. The presence of a dedicated bus lane and the urban design elements suggest it is a well-organized and efficient space for both transportation and commerce.","There are trees visible on the right side of the image, near the buildings.",The footway is wide and has a crosswalk.,"The base of the buildings along this street includes storefronts and commercial spaces, with some buildings having scaffolding for construction or renovation."
3rd_avenue/south_to_north/027_n00106_N.jpg,n00106,0.5314151606055879,"The street is bustling with activity, featuring a mix of pedestrians, vehicles, and commercial buildings. The presence of a ""Buses Only"" sign indicates a designated bus lane, which helps manage traffic flow and ensures smooth transportation.","There are trees visible on the right side of the image, near the buildings.",The footway is lined with tall buildings and has a sign indicating it is for buses only.,"The base of the buildings along this street includes storefronts and ground-level commercial spaces, with some buildings having scaffolding or construction materials indicating ongoing work."
3rd_avenue/south_to_north/028_n00107_N.jpg,n00107,0.5000824657013724,"The street is bustling with activity, featuring tall buildings, vehicles, and pedestrians.",There are no visible plants or vegetation in this view.,The footway is lined with scaffolding and has a few pedestrians walking.,The base of the buildings along this street includes storefronts and a few potted plants.
3rd_avenue/south_to_north/029_n00108_N.jpg,n00108,0.51307877143229,"The street is wide and has multiple lanes of traffic, with crosswalks and traffic lights for pedestrians and vehicles.",There are no visible plants or vegetation in this view.,"The footway is a paved area for pedestrians, with crosswalks and sidewalks visible.",The base of the buildings along this street is made of concrete and has large windows.
3rd_avenue/south_to_north/030_n00109_N.jpg,n00109,0.6581520783021175,"The street is bustling with activity, featuring a mix of pedestrians, cyclists, and vehicles. The presence of crosswalks and traffic signals indicates a well-organized urban environment designed for safety and efficiency.","There are trees visible in the background, lining the street and providing shade.",The footway is wide and has a crosswalk for pedestrians.,The base of the buildings along this street is made of stone and has large windows.
3rd_avenue/south_to_north/031_n00110_N.jpg,n00110,0.6648908636438084,"The street is bustling with activity, with cars and pedestrians moving along the sidewalk.","There are trees visible on the sidewalks, specifically on the left and right sides of the image, near the buildings.",The footway is lined with trees and has a bike lane painted in red.,"The base of the buildings along this street includes storefronts and signs, with one being for OceanFirst."
3rd_avenue/south_to_north/032_n00111_N.jpg,n00111,0.7350863166111234,"The street is bustling with activity, with cars and pedestrians moving along the sidewalk. The tall buildings and storefronts create a lively urban atmosphere.","There are trees visible on the left side of the image, lining the street.",The footway is lined with trees and has a red-painted section.,The base of the buildings along this street is made of glass and steel.
3rd_avenue/south_to_north/033_n00112_N.jpg,n00112,0.6276528742051029,"The street is bustling with activity, featuring tall buildings, pedestrians, and vehicles.",There is no vegetation visible in this view.,"The footway is a wide, pedestrian-friendly area with crosswalks and is lined with street lamps and signs.","The base of the buildings along this street is made of stone and concrete, with large windows and various signs and advertisements."
3rd_avenue/south_to_north/034_n00113_N.jpg,n00113,0.6561568209525168,"The street is bustling with activity, featuring tall buildings, traffic lights, and pedestrians.",There are no visible plants or vegetation in this view.,The footway is wide and has multiple crosswalks.,The base of the buildings along this street includes storefronts and a sidewalk.
east_34th_street/east_to_west/001_n00313_W.jpg,n00313,0.6973382660372938,"The street is bustling with activity, featuring tall buildings, traffic lights, and various vehicles. It appears to be a busy urban area with a mix of commercial and residential buildings.","There are trees visible on the sidewalks, particularly on the left side of the image near the buildings and on the right side closer to the intersection.","The footway is a paved area for pedestrians, with crosswalks and traffic lights for safety.","The base of the buildings along this street includes ground-level commercial establishments, pedestrian walkways, and street-level entrances to the buildings."
east_34th_street/east_to_west/002_n00312_W.jpg,n00312,0.6930494406057178,"The street is bustling with activity, featuring a mix of pedestrians, vehicles, and public transportation. The presence of buses, cars, and a taxi indicates a busy urban environment.","There are trees visible on the left side of the image, near the sidewalk and buildings.",The footway is lined with tall buildings and has a bus stop with a bench and a sign.,"The base of the buildings along this street includes ground-level commercial establishments, such as a pizza place and a convenience store, as well as a bus stop with a bench and a trash bin."
east_34th_street/east_to_west/003_n00311_W.jpg,n00311,0.6855003576354142,"The street is wide and has clear markings for vehicles, including a left-turn lane and a pedestrian crossing. There are buildings on both sides, and a few trees and street lamps are visible.","There is a tree with white blossoms on the left side of the image, near the sidewalk.",The footway is lined with trees and has a bench.,"The base of the buildings along this street includes ground-level commercial establishments, such as a pizza restaurant, and pedestrian-friendly areas with benches and trees."
east_34th_street/east_to_west/004_n00310_W.jpg,n00310,0.7054109351377236,"The street is wide and has a smooth surface, making it suitable for walking. There are no visible obstacles or hazards on the street.","There are trees visible on the sidewalks, particularly on the left side of the image, and they appear to be in a row along the street.",The footway is lined with trees and has a red curb.,"The base of the buildings along this street includes ground-level commercial spaces, such as shops and restaurants, with large windows and entrances."
east_34th_street/east_to_west/005_n00309_W.jpg,n00309,0.7258066360458563,"The street is wide and has a bike lane, making it suitable for pedestrians and cyclists.","There are trees visible on the sidewalks, particularly on the left side of the image near the buildings and on the right side closer to the buildings.",The footway is lined with trees and has a sidewalk with a bench and a trash can.,"The base of the buildings along this street includes storefronts and commercial spaces, with some buildings having outdoor seating areas and tree planters."
east_34th_street/east_to_west/006_n00308_W.jpg,n00308,0.7133142847299903,"The street appears to be busy with vehicles and pedestrians, with a mix of commercial and residential buildings.","There are trees with blossoms visible on the right side of the image, near the buildings.","The footway is a narrow strip of pavement between the road and the buildings, with a red curb and a few trees.",The base of the buildings along this street includes storefronts and commercial establishments.
east_34th_street/east_to_west/007_n00307_W.jpg,n00307,0.7267341125187076,"The street is bustling with activity, featuring a mix of pedestrians, cyclists, and vehicles. The presence of a bike lane and the variety of buildings and shops suggest a lively urban environment.","There is a tree with white blossoms visible on the left side of the image, near the sidewalk.",The footway is not visible in the image.,"The base of the buildings along this street includes ground-level commercial establishments, such as shops and restaurants, with large windows and awnings."
east_34th_street/east_to_west/008_n00306_W.jpg,n00306,0.6769047330508856,"The street is bustling with activity, featuring tall buildings, vehicles, and pedestrians.","There are trees visible in the background, lining the street and providing shade.",The footway is a pedestrian area with crosswalks and is located on the left side of the image.,"The base of the buildings along this street includes storefronts and commercial spaces, with some buildings having ground-level retail or office spaces."
east_34th_street/east_to_west/009_n00305_W.jpg,n00305,0.7037806629722934,"The street is wide and has multiple lanes of traffic, with crosswalks and signs indicating directions. Pedestrians can navigate the area safely with the presence of sidewalks and traffic signals.","There are trees visible on the left side of the image, near the buildings.","The footway is a wide, paved area with white crosswalk lines and a few pedestrians walking.","The base of the buildings along this street includes ground-level commercial spaces and possibly residential units, as indicated by the presence of windows and doors at street level."
east_34th_street/east_to_west/010_n00304_W.jpg,n00304,0.6311316278582269,"The street is bustling with activity, featuring a mix of pedestrians, vehicles, and buildings. The presence of a bus lane and the arrangement of vehicles suggest a well-organized urban environment.","There are leafless trees visible on the right side of the image, indicating a winter or early spring season.","The footway is a wide, red-painted area that runs parallel to the street, providing a dedicated space for pedestrians.",The base of the buildings along this street includes ground-level commercial spaces and a sidewalk.
east_34th_street/east_to_west/011_n00303_W.jpg,n00303,0.703678471450243,"The street is bustling with activity, with cars and pedestrians moving along the sidewalks and streets. The presence of a bus lane and various vehicles indicates a busy urban environment.","There are trees visible on the right side of the image, near the sidewalk and the buildings.",The footway is lined with trees and has a railing along the side.,The base of the buildings along this street is made of brick.
east_34th_street/east_to_west/012_n00302_W.jpg,n00302,0.6764717156967359,"The street is bustling with activity, featuring a mix of pedestrians, cyclists, and vehicles. The presence of traffic lights and crosswalks indicates a well-organized urban environment.","There are trees visible on the sidewalks, particularly on the right side of the image, near the buildings.","The footway is a pedestrian area that runs along the side of the road, providing a safe space for pedestrians to walk.","The base of the buildings along this street includes storefronts, pedestrians, and vehicles."
east_34th_street/east_to_west/013_n00301_W.jpg,n00301,0.7429855075326204,"The street is bustling with activity, featuring a mix of pedestrians, vehicles, and storefronts. The presence of crosswalks and traffic signals indicates a well-organized urban environment.","There are trees visible on the right side of the image, near the buildings and the sidewalk.","The footway is a paved area for pedestrians, with a crosswalk marked by white lines.","The base of the buildings along this street includes ground-level commercial establishments, such as a pizza restaurant and a store, with large windows and awnings."
east_34th_street/east_to_west/014_n00300_W.jpg,n00300,0.6318855643340173,"The street is bustling with activity, featuring a mix of pedestrians, vehicles, and public transportation. The presence of a bus lane and various storefronts suggests a lively urban environment.","There are trees visible on the left side of the image, near the sidewalk.","The footway is a paved area for pedestrians, with a red curb and a white line marking the edge.","The base of the buildings along this street includes storefronts and retail spaces, with some buildings having signs indicating ""Retail for Lease."""
east_34th_street/east_to_west/015_n00299_W.jpg,n00299,0.6737745266748825,"The street is bustling with activity, featuring a mix of pedestrians, vehicles, and storefronts. The presence of a bike lane and various commercial establishments suggests it is a lively urban environment.","There is a tree visible in the foreground on the left side of the image, and some leafless trees are scattered along the street.",The footway is a paved area with a tree and a red-painted bike lane adjacent to it.,The base of the buildings along this street includes storefronts and a sidewalk.
east_34th_street/east_to_west/016_n00298_W.jpg,n00298,0.6835665417182859,"The street is bustling with activity, featuring a mix of pedestrians, vehicles, and commercial buildings. The presence of a bus lane and various storefronts suggests it is a busy urban area.","There is a tree visible on the sidewalk, located towards the left side of the image.",The footway is lined with trees and has several trash bins and a fire hydrant.,"The base of the buildings along this street includes ground-level commercial spaces, such as shops and restaurants, with large glass windows and doors. There are also trash bins and trees lining the sidewalk."
east_34th_street/east_to_west/017_n00297_W.jpg,n00297,0.7097747949308377,"The street is bustling with activity, featuring tall buildings, shops, and a mix of vehicles and pedestrians.","There are trees visible on the sidewalks, specifically on the left and right sides of the street.",The footway is lined with trees and has a few pedestrians walking.,"The base of the buildings along this street includes storefronts and commercial spaces, with some trees and sidewalk areas visible in front of them."
east_34th_street/east_to_west/018_n00296_W.jpg,n00296,0.7261522055011976,"The street appears to be busy with vehicles and pedestrians, with a mix of commercial buildings and residential or office buildings. The presence of a bike lane and pedestrian crossings suggests it is designed for both vehicular and pedestrian traffic.","There are trees visible on the left side of the image, near the sidewalk and buildings.",The footway is lined with trees and has a sidewalk for pedestrians.,The base of the buildings along this street includes storefronts and commercial spaces.
east_34th_street/east_to_west/019_n00295_W.jpg,n00295,0.6787693071097523,"The street appears to be busy with pedestrians and vehicles, including a truck and a police officer. The presence of traffic lights and various buildings suggests it is a well-developed urban area.","There are leafless trees visible on the sidewalk, located on the left side of the image.",The footway is lined with trees and has a few people walking on it.,"The base of the buildings along this street includes storefronts and commercial spaces, with some having large windows and signs indicating parking availability."
east_34th_street/east_to_west/020_n00294_W.jpg,n00294,0.7800969657763064,"The street is bustling with activity, featuring a mix of pedestrians, cyclists, and vehicles. The sidewalk is lined with parked bicycles and a few benches, providing a comfortable space for people to sit and enjoy the surroundings.","There are leafless trees visible along the sidewalk, particularly near the buildings and the street.",The footway is lined with parked bicycles and has a red-painted section indicating a bike lane.,The base of the buildings along this street includes storefronts and a sidewalk with parked bicycles.
east_34th_street/east_to_west/021_n00293_W.jpg,n00293,0.7820146299832113,"The street is bustling with activity, featuring a mix of pedestrians and vehicles. The sidewalks are lined with shops and restaurants, and the buildings are tall and modern, creating a vibrant urban atmosphere.","There are trees visible on the right side of the image, along the sidewalk.",The footway is wide and has a red section near the road. There are a few people walking on it.,The base of the buildings along this street includes storefronts and a sidewalk with pedestrians.
east_34th_street/east_to_west/022_n00292_W.jpg,n00292,0.726540636209031,"The street is bustling with activity, featuring tall buildings, pedestrians, and vehicles.","There are trees visible in the background, lining the street and providing shade.",The footway is wide and has a sidewalk with a few people walking on it. There are also a few trees and a fire hydrant visible.,"The base of the buildings along this street includes storefronts and advertisements, with a mix of modern and older architectural styles."
east_34th_street/east_to_west/023_n00291_W.jpg,n00291,0.6313107638126774,"The street is bustling with activity, featuring tall buildings, vehicles, and pedestrians.","There are leafless trees visible along the sidewalk, particularly on the left side of the image near the crosswalk.",The footway is a pedestrian area with crosswalks and people walking.,"The base of the buildings along this street includes storefronts, pedestrian walkways, and a crosswalk."
east_34th_street/east_to_west/024_n00290_W.jpg,n00290,0.66061872534466,"The street is bustling with activity, featuring tall buildings, pedestrians, and vehicles.","There are trees visible on the sidewalks, particularly on the left side of the image near the buildings.","The footway is a paved area for pedestrians, with crosswalks and sidewalks visible.","The base of the buildings along this street includes ground-level commercial spaces, pedestrian walkways, and street-level entrances."
east_34th_street/east_to_west/025_n00289_W.jpg,n00289,0.640769850020616,"The street appears to be busy with vehicles and pedestrians, making it a bustling urban environment.","There are trees visible on the left side of the image, near the sidewalk.","The footway is a narrow strip of pavement between the road and the buildings, with a red curb marking its boundary.","The base of the buildings along this street includes ground-level commercial spaces, such as shops and restaurants, with large windows and storefronts."
east_34th_street/east_to_west/026_n00288_W.jpg,n00288,0.5881132153335198,"The street is bustling with activity, featuring a mix of pedestrians, vehicles, and commercial trucks. The presence of a bike lane and the tall buildings suggest it's a busy urban area.","There are leafless trees visible on the left side of the image, near the buildings.",The footway is narrow and has a few pedestrians walking on it.,"The base of the buildings along this street includes ground-level commercial spaces, such as shops and offices, with large windows and doors."
east_34th_street/east_to_west/027_n00287_W.jpg,n00287,0.6391484782430444,"The street is bustling with activity, featuring tall buildings, vehicles, and pedestrians.","There are trees visible on the left side of the image, near the sidewalk.",The footway is lined with trees and has a few pedestrians walking.,"The base of the buildings along this street includes ground-level commercial spaces, such as stores and restaurants, with large windows and storefronts."
east_34th_street/east_to_west/028_n00286_W.jpg,n00286,0.676971727487641,"The street is bustling with activity, with cars and pedestrians moving along the sidewalk. The tall buildings and the Empire State Building in the distance create a sense of urban vibrancy.","There are trees visible on the sidewalks, specifically on the right side of the street.",The footway is lined with trees and has a few people walking on it.,"The base of the buildings along this street includes storefronts and ground-level businesses, with some trees and planters in front of them."
east_34th_street/east_to_west/029_n00285_W.jpg,n00285,0.6802574621859692,"The street is bustling with activity, featuring a mix of pedestrians, vehicles, and public transportation. The presence of a blue bus and various buildings suggests a busy urban environment.","There are trees visible on the right side of the image, along the sidewalk.","The footway is a paved area for pedestrians, with a blue awning over a store and a person walking on it.",The base of the buildings along this street includes storefronts and a bus stop.
east_34th_street/east_to_west/030_n00284_W.jpg,n00284,0.7029238105218665,"The street is bustling with activity, featuring tall buildings, pedestrians, and vehicles.","There are trees visible in the background, lining the street and providing shade.","The footway is a pedestrian area with crosswalks, where people can walk and cross the street.",The base of the buildings along this street includes storefronts and a blue awning.
east_34th_street/east_to_west/031_n00283_W.jpg,n00283,0.6767102436829475,"The street is bustling with activity, featuring tall buildings, pedestrians, and vehicles.","There are trees visible in the background, lining the street and providing shade.",The footway is a pedestrian area with crosswalks and people walking.,"The base of the buildings along this street includes storefronts and commercial spaces, with some buildings having ground-level retail or office spaces."
east_34th_street/east_to_west/032_n00282_W.jpg,n00282,0.7378273210752899,"The street is lined with tall buildings, has a sidewalk, and includes a few pedestrians and vehicles.","There are trees visible on the left side of the image, along the sidewalk.",The footway is lined with trees and has a red-painted section near the sidewalk.,"The base of the buildings along this street includes storefronts and commercial spaces, with signs and awnings visible above the ground level."
east_34th_street/east_to_west/033_n00281_W.jpg,n00281,0.7947197175921163,"The street is wide and has a red-painted bike lane, making it suitable for pedestrians and cyclists.","There are trees visible along the street, particularly on the right side, and they are located between the buildings and the sidewalk.",The footway is lined with trees and has a blue awning over a storefront.,"The base of the buildings along this street includes storefronts and awnings, with some pedestrians walking by."
east_34th_street/east_to_west/034_n00280_W.jpg,n00280,0.7884264606242284,"The street is bustling with activity, featuring a mix of pedestrians, cyclists, and vehicles. The presence of storefronts and tall buildings suggests a commercial area with a lively atmosphere.","There are trees visible along the sidewalk, particularly on the left side of the image, and some plants are seen near the buildings.",The footway is wide and has a red-painted section near the buildings.,The base of the buildings along this street includes storefronts and a sidewalk with a red-painted area designated for pedestrian use.
east_34th_street/east_to_west/035_n00279_W.jpg,n00279,0.6400299714690257,"The street appears to be quite busy with vehicles and pedestrians. There are buildings on both sides, and the presence of scaffolding suggests some construction or renovation work.","There are trees visible on the right side of the image, lining the street.",The footway is lined with trees and has a few benches and trash cans.,"The base of the buildings along this street includes storefronts and ground-level businesses, with some having awnings and signs above the entrances."
east_34th_street/east_to_west/036_n00278_W.jpg,n00278,0.6921339611543393,"The street is wide and has a sidewalk on both sides, making it suitable for pedestrians.","There are trees visible on the right side of the image, along the sidewalk.",The footway is lined with trees and has a red-painted section.,The base of the buildings along this street includes storefronts and a sidewalk.
east_34th_street/east_to_west/037_n00277_W.jpg,n00277,0.6281842941719493,"The street is bustling with activity, featuring tall buildings, pedestrians, and vehicles.","There are trees visible in the background, lining the street and providing shade.",The footway is lined with tall buildings and has a few people walking on it.,The base of the buildings along this street includes storefronts and a construction site with scaffolding.
east_34th_street/east_to_west/038_n00276_W.jpg,n00276,0.7044278202438499,"The street is bustling with activity, featuring pedestrians, vehicles, and construction barriers. The presence of traffic lights and crosswalks indicates a well-organized urban environment.","There are trees visible on the right side of the image, near the buildings.",The footway is a pedestrian area with crosswalks and people walking on it.,"The base of the buildings along this street includes ground-level commercial spaces, pedestrian walkways, and street-level entrances."
east_34th_street/east_to_west/039_n00275_W.jpg,n00275,0.5050914012765046,"The street is bustling with activity, featuring tall buildings, traffic, and pedestrians. There are construction barriers and traffic cones indicating ongoing work, which might make walking a bit more challenging.","There are trees visible on the right side of the image, near the buildings.",The footway is lined with orange construction barriers and has a few pedestrians walking.,"The base of the buildings along this street includes ground-level commercial spaces, such as shops and restaurants, with large windows and storefronts. There are also construction barriers and orange cones indicating ongoing construction or maintenance work in the area."
east_34th_street/east_to_west/040_n00274_W.jpg,n00274,0.6804987206085651,"The street is bustling with activity, featuring pedestrians, vehicles, and various storefronts.","There are trees visible on the right side of the image, lining the street.","The footway is a paved area for pedestrians, with a crosswalk and a sidewalk for walking.",The base of the buildings along this street is made of concrete and has a variety of storefronts and signs.
east_34th_street/east_to_west/041_n00273_W.jpg,n00273,0.5918480741633914,"The street appears to be busy with vehicles and pedestrians, with construction cones indicating ongoing work on the sidewalk.","There are potted plants visible on the sidewalk, specifically on the left side of the image near the buildings.",The footway is lined with orange construction cones and has a potted plant near the curb.,The base of the buildings along this street includes storefronts and a sidewalk with a few orange traffic cones.
east_34th_street/east_to_west/042_n00272_W.jpg,n00272,0.708199152741896,"The street is bustling with activity, featuring a mix of pedestrians, vehicles, and storefronts. The presence of traffic lights and crosswalks indicates a well-organized urban environment.",There are no visible plants or vegetation in this view.,The footway is lined with various storefronts and has a few pedestrians walking.,"The base of the buildings along this street includes storefronts and signs, with a variety of businesses and services visible."
east_34th_street/east_to_west/043_n00271_W.jpg,n00271,0.7697792431608572,"The street is bustling with activity, featuring tall buildings, vehicles, and pedestrians.","There are potted plants visible on the sidewalk, specifically near the buildings on the left side of the image.",The footway is lined with potted plants and has a blue canopy over a storefront.,The base of the buildings along this street includes storefronts and a sidewalk with a few potted plants and benches.
east_34th_street/east_to_west/044_n00270_W.jpg,n00270,0.6889101866353673,"The street is bustling with activity, featuring tall buildings, shops, and vehicles. It appears to be a busy urban area with pedestrians and cars moving along the street.",There are no visible plants or vegetation in this view.,The footway is wide and has a red-painted section near the sidewalk.,The base of the buildings along this street includes storefronts and a sidewalk with a few pedestrians.
east_34th_street/east_to_west/045_n00269_W.jpg,n00269,0.6529283428612953,"The street is bustling with activity, featuring tall buildings, pedestrians, and vehicles.","There is a potted plant visible on the sidewalk, near the intersection.",The footway is wide and has a red-painted section near the curb.,"The base of the buildings along this street includes storefronts and large windows, with some buildings having scaffolding and construction materials visible."
east_34th_street/east_to_west/046_n00268_W.jpg,n00268,0.7233022596294553,"The street is bustling with activity, featuring tall buildings, pedestrians, and vehicles.","There are trees visible in the background, lining the street and providing shade.","The footway is a pedestrian area with crosswalks, where people are walking and standing.",The base of the buildings along this street is made of stone and features large windows and ornate details.
east_34th_street/east_to_west/047_n00267_W.jpg,n00267,0.7073307003132066,"The street is bustling with activity, with pedestrians walking along the sidewalks and vehicles moving on the road.","There are trees visible on the sidewalk, located between the buildings and the street.","The footway is a paved area for pedestrians, with a crosswalk marked by white lines.",The base of the buildings along this street is made of stone and has large windows.
east_34th_street/west_to_east/001_n00267_E.jpg,n00267,0.7073307003132066,"The street is bustling with activity, featuring tall buildings, pedestrians, and vehicles.",There are no visible plants or vegetation in this view.,The footway is a pedestrian area with crosswalks and people walking.,"The base of the buildings along this street includes storefronts and commercial spaces, with large windows and glass doors."
east_34th_street/west_to_east/002_n00268_E.jpg,n00268,0.7233022596294553,"The street is bustling with activity, featuring a mix of pedestrians, vehicles, and storefronts. The presence of a bus lane and the overall urban design suggest it is a busy, commercial area.","There are two potted plants visible in the image. One is located on the sidewalk near the building on the left, and the other is on the sidewalk near the building on the right.",The footway is lined with potted plants and has a sign indicating it is for buses only.,The base of the buildings along this street is made of brick and has large windows.
east_34th_street/west_to_east/003_n00269_E.jpg,n00269,0.6529283428612953,"The street is bustling with activity, featuring a mix of pedestrians and vehicles. The sidewalk is lined with various storefronts and buildings, creating a lively urban environment.","There are two potted plants visible in the image. One is located on the sidewalk near the building on the left, and the other is on the sidewalk near the building on the right.","The footway is lined with potted plants and has a sign indicating ""Road Work Ahead.""","The base of the buildings along this street includes storefronts and commercial spaces, with some buildings having large windows and others having more solid facades."
east_34th_street/west_to_east/004_n00270_E.jpg,n00270,0.6889101866353673,"The street is bustling with activity, featuring tall buildings, vehicles, and pedestrians.","There are potted plants visible on the sidewalk, located near the buildings and along the street.",The footway is wide and has a red painted section near the sidewalk.,"The base of the buildings along this street includes storefronts and commercial spaces, with some having awnings and signs above the entrances."
east_34th_street/west_to_east/005_n00271_E.jpg,n00271,0.7697792431608572,"The street is bustling with activity, featuring a mix of commercial establishments, vehicles, and pedestrians. The presence of street furniture like benches and planters adds to the urban environment, making it a lively and functional space for both residents and visitors.","There are potted plants on the sidewalk, specifically on the right side of the image, near the buildings.",The footway is lined with various storefronts and has a few potted plants and a manhole cover visible.,"The base of the buildings along this street includes storefronts and signs, with some potted plants and street furniture like benches and trash cans."
east_34th_street/west_to_east/006_n00272_E.jpg,n00272,0.708199152741896,"The street appears to be busy with vehicles and pedestrians, as indicated by the presence of cars, construction cones, and people walking.","There are trees visible in the background, lining the street and providing shade.",The footway is lined with orange construction cones and has a few people walking on it.,"The base of the buildings along this street includes storefronts and commercial spaces, with some buildings having large windows and others having more solid facades."
east_34th_street/west_to_east/007_n00273_E.jpg,n00273,0.5918480741633914,"The street is bustling with activity, with pedestrians walking along the sidewalks and vehicles moving on the road.","There are trees visible on the left side of the image, near the buildings.",The footway is wide and has a red brick section.,"The base of the buildings along this street includes storefronts and commercial spaces, with some buildings having large windows and others having more solid facades."
east_34th_street/west_to_east/008_n00274_E.jpg,n00274,0.6804987206085651,"The street is bustling with activity, featuring pedestrians, vehicles, and construction barriers. The presence of traffic lights and crosswalks indicates a well-organized urban environment.","There are trees visible on the left side of the image, near the buildings.",The footway is a pedestrian crossing with white stripes and is located in the middle of the street.,"The base of the buildings along this street is made of brick and concrete, with some having large windows and others having more solid, less transparent facades."
east_34th_street/west_to_east/009_n00275_E.jpg,n00275,0.5050914012765046,"The street appears to be busy with pedestrians and vehicles, with construction barriers and traffic signals visible.","There are trees visible on the left side of the image, near the buildings.",The footway is lined with orange construction barriers and has a few pedestrians walking.,"The base of the buildings along this street includes ground-level commercial spaces, such as shops and restaurants, with large windows and awnings. There are also construction barriers and orange traffic cones indicating ongoing work or restricted access."
east_34th_street/west_to_east/010_n00276_E.jpg,n00276,0.7044278202438499,"The street is bustling with activity, featuring a mix of pedestrians, vehicles, and storefronts. The presence of crosswalks and traffic lights indicates a well-organized urban environment.","There are trees visible along the sidewalk, particularly on the left side of the image, near the buildings.","The footway is a pedestrian area with crosswalks, where people are walking and crossing the street.",The base of the buildings along this street includes storefronts and a pedestrian overpass.
east_34th_street/west_to_east/011_n00277_E.jpg,n00277,0.6281842941719493,"The street is bustling with activity, with cars and pedestrians moving along the sidewalk.","There are trees with blossoms on the right side of the image, near the sidewalk.",The footway is lined with trees and has a red-painted section.,The base of the buildings along this street includes storefronts and a sidewalk with a red-painted area designated for bike lanes.
east_34th_street/west_to_east/012_n00278_E.jpg,n00278,0.6921339611543393,"The street is wide and has a smooth surface, making it suitable for walking. There are no visible obstacles or hazards on the street.","There are trees visible on the left side of the image, near the buildings.",The footway is lined with trees and has a red-painted section.,The base of the buildings along this street includes storefronts and awnings.
east_34th_street/west_to_east/013_n00279_E.jpg,n00279,0.6400299714690257,"The street is bustling with activity, with pedestrians walking along the sidewalks and vehicles moving along the road.","There are leafless trees visible along the sidewalk, particularly on the right side of the image.",The footway is lined with trees and has a red-painted section.,"The base of the buildings along this street includes ground-level commercial spaces, such as shops and restaurants, with large windows and awnings."
east_34th_street/west_to_east/014_n00280_E.jpg,n00280,0.7884264606242284,The street is lined with tall buildings and has a sidewalk with trees and benches.,"There are trees visible along the sidewalk on both sides of the street, providing greenery and shade.",The footway is lined with trees and has a few people walking on it.,"The base of the buildings along this street includes storefronts and ground-level commercial spaces, as well as a few trees lining the sidewalk."
east_34th_street/west_to_east/015_n00281_E.jpg,n00281,0.7947197175921163,"The street is bustling with activity, featuring a mix of pedestrians and vehicles. The sidewalks are lined with shops and buildings, creating a lively urban environment.","There is a tree visible in the middle of the image, near the intersection.",The footway is wide and has a red section near the intersection.,"The base of the buildings along this street includes storefronts and commercial spaces, with some having awnings and signs above the entrances."
east_34th_street/west_to_east/016_n00282_E.jpg,n00282,0.7378273210752899,"The street is bustling with activity, featuring a mix of pedestrians, cyclists, and vehicles. The presence of traffic lights and crosswalks indicates a well-organized urban environment.","There are trees visible on the right side of the image, near the sidewalk and the buildings.","The footway is a paved area for pedestrians, with a sidewalk for walking and a crosswalk for crossing the street.","The base of the buildings along this street includes storefronts and commercial spaces, such as a bagel shop and a bank."
east_34th_street/west_to_east/017_n00283_E.jpg,n00283,0.6767102436829475,"The street is bustling with activity, featuring a mix of pedestrians and vehicles. The presence of crosswalks and traffic lights indicates a well-organized urban environment.","There are trees visible along the sidewalk, particularly on the left side of the image, near the crosswalk.",The footway is a pedestrian crossing with white stripes.,"The base of the buildings along this street includes storefronts and commercial spaces, with some pedestrians walking by."
east_34th_street/west_to_east/018_n00284_E.jpg,n00284,0.7029238105218665,"The street is wide and has a smooth surface, making it suitable for pedestrians.","There are trees visible on the left side of the image, near the sidewalk.","The footway is lined with trees and has a blue awning with the text ""Murray Hill Market"" and ""Salad Buffet"" on it.","The base of the buildings along this street includes ground-level commercial establishments, such as a market and a salad buffet, as well as a row of trees and a sidewalk."
east_34th_street/west_to_east/019_n00285_E.jpg,n00285,0.6802574621859692,"The street is bustling with activity, featuring a mix of pedestrians, vehicles, and commercial establishments. The presence of a bike lane and the variety of buildings suggests a vibrant urban environment.","There are trees visible on the right side of the image, near the buildings and the sidewalk.",The footway is not visible in the image.,"The base of the buildings along this street includes storefronts and commercial spaces, with some trees and plants in front of them."
east_34th_street/west_to_east/020_n00286_E.jpg,n00286,0.676971727487641,"The street is bustling with activity, featuring a mix of pedestrians, vehicles, and buildings. The presence of scaffolding on one side suggests ongoing construction or renovation, adding to the dynamic urban environment.","There are trees visible on the left side of the image, near the buildings.",The footway is wide and has a red surface.,The base of the buildings along this street includes storefronts and a parking garage.
east_34th_street/west_to_east/021_n00287_E.jpg,n00287,0.6391484782430444,"The street is bustling with activity, featuring a mix of pedestrians, vehicles, and public transportation. The presence of a bus lane and delivery trucks indicates a busy urban environment.","There are leafless trees visible on the sidewalks, particularly on the right side of the image.",The footway is lined with trees and has a red curb.,The base of the buildings along this street is made of stone and has large windows.
east_34th_street/west_to_east/022_n00288_E.jpg,n00288,0.5881132153335198,"The street is busy with vehicles and buildings, making it a bustling urban environment.","There are trees visible on the right side of the image, along the sidewalk.",The footway is lined with red bricks and has a metal railing on the left side.,The base of the buildings along this street is made of concrete and has large windows.
east_34th_street/west_to_east/023_n00289_E.jpg,n00289,0.640769850020616,"The street is bustling with activity, featuring a mix of pedestrians, vehicles, and public transportation. The presence of a bus lane and various road signs indicates a well-organized urban environment.","There is a tree visible on the right side of the image, near the sidewalk.",The footway is lined with trees and has a sidewalk for pedestrians.,"The base of the buildings along this street includes ground-level commercial spaces and possibly retail stores, as indicated by the presence of storefronts and signs at street level."
east_34th_street/west_to_east/024_n00290_E.jpg,n00290,0.66061872534466,"The street is bustling with activity, featuring tall buildings, pedestrians, and vehicles.","There are trees visible in the background, lining the streets and providing greenery to the urban environment.","The footway is a pedestrian area that runs along the side of the road, providing a safe space for pedestrians to walk.","The base of the buildings along this street includes ground-level commercial spaces, pedestrian walkways, and street-level entrances."
east_34th_street/west_to_east/025_n00291_E.jpg,n00291,0.6313107638126774,"The street is bustling with activity, featuring tall buildings, pedestrians, and vehicles.","There are trees visible along the sidewalk, particularly on the left side of the image, near the buildings.",The footway is a pedestrian area with crosswalks and sidewalks.,"The base of the buildings along this street includes ground-level commercial spaces, pedestrian walkways, and street-level entrances."
east_34th_street/west_to_east/026_n00292_E.jpg,n00292,0.726540636209031,"The street is bustling with activity, featuring a mix of pedestrians, vehicles, and commercial buildings. The sidewalk is lined with trees and planters, providing a pleasant environment for walking.","There are trees visible on the sidewalk, specifically on the right side of the image, and there are also some plants in planters along the sidewalk.","The footway is a paved area with a red section near the street, lined with trees and a few potted plants.","The base of the buildings along this street includes ground-level commercial spaces, such as shops and restaurants, with large windows and glass doors. There are also sidewalk planters with young trees and some greenery."
east_34th_street/west_to_east/027_n00293_E.jpg,n00293,0.7820146299832113,"The street is bustling with activity, featuring a mix of pedestrians, cyclists, and vehicles. The sidewalk is lined with various shops and restaurants, and there are several trees providing shade.","There are leafless trees lining the street, visible on both sides of the image.",The footway is lined with trees and has a few bicycles parked along the side.,"The base of the buildings along this street includes ground-level commercial establishments, such as shops and restaurants, with large windows and awnings."
east_34th_street/west_to_east/028_n00294_E.jpg,n00294,0.7800969657763064,"The street is wide and has a smooth surface, making it suitable for pedestrians. There are trees and buildings lining the sides, providing a pleasant environment for walking.","There is a tree visible on the sidewalk, located towards the right side of the image, near the building with the ""PARKING"" sign.",The footway is lined with trees and has a few people walking on it.,The base of the buildings along this street includes storefronts and a parking garage.
east_34th_street/west_to_east/029_n00295_E.jpg,n00295,0.6787693071097523,"The street is bustling with activity, with cars and pedestrians moving along the sidewalks and streets. The presence of graffiti and street art adds a vibrant, urban feel to the area.","There are trees visible on the sidewalks, particularly on the right side of the image, near the buildings.",The footway is lined with trees and has a few people walking on it.,"The base of the buildings along this street includes storefronts and commercial spaces, with signs for ""juicepress"" and ""Sola Salons"" visible."
east_34th_street/west_to_east/030_n00296_E.jpg,n00296,0.7261522055011976,"The street is bustling with activity, featuring a mix of pedestrians, vehicles, and storefronts. The presence of a bike lane and the urban design elements suggest it is a well-maintained and accessible area for various modes of transportation.","There are trees visible along the sidewalk, particularly on the left side of the image, near the buildings.",The footway is lined with trees and has a red-painted section.,"The base of the buildings along this street includes ground-level commercial spaces, such as retail stores and fitness centers, with large glass windows and storefronts."
east_34th_street/west_to_east/031_n00297_E.jpg,n00297,0.7097747949308377,"The street is bustling with activity, featuring a mix of pedestrians, vehicles, and commercial buildings. The presence of a bus lane and the variety of storefronts suggest it is a busy urban area.","There are leafless trees visible along the sidewalk, particularly on the left side of the image.",The footway is lined with trees and has a red curb.,"The base of the buildings along this street includes storefronts and commercial spaces, with some buildings having large glass windows and others having more traditional brick facades."
east_34th_street/west_to_east/032_n00298_E.jpg,n00298,0.6835665417182859,"The street is bustling with activity, with cars and pedestrians moving along the sidewalk. The presence of trees and buildings creates a lively urban environment.","There are leafless trees visible on the sidewalks, particularly on the right side of the image near the buildings.",The footway is lined with trees and has a red-painted section.,"The base of the buildings along this street includes ground-level commercial spaces, such as stores and restaurants, with large glass windows and doors."
east_34th_street/west_to_east/033_n00299_E.jpg,n00299,0.6737745266748825,"The street is bustling with activity, featuring a mix of pedestrians, vehicles, and storefronts. The presence of a bus lane and various signs indicates a well-organized urban environment.","There are trees visible on the left side of the image, near the sidewalk.","The footway is a paved area with a red section, where pedestrians can walk.","The base of the buildings along this street includes storefronts and commercial spaces, with some having large glass windows and others featuring more traditional facades."
east_34th_street/west_to_east/034_n00300_E.jpg,n00300,0.6318855643340173,"The street appears to be busy with vehicles and pedestrians, making it a bustling urban environment.","There are trees visible on the left side of the image, near the buildings and the road.","The footway is a wide, pedestrian-friendly area with a red surface and a curb separating it from the road.","The base of the buildings along this street includes various ground-level commercial establishments, such as shops and restaurants, with large windows and storefronts."
east_34th_street/west_to_east/035_n00301_E.jpg,n00301,0.7429855075326204,"The street is bustling with activity, featuring a mix of pedestrians, cyclists, and vehicles. The presence of traffic lights and street signs indicates a well-organized urban environment.","There are trees with blooming white flowers on the left side of the image, near the church.","The footway is a paved area for pedestrians, with a crosswalk marked by white lines.","The base of the buildings along this street includes ground-level commercial spaces, pedestrian walkways, and street-level entrances."
east_34th_street/west_to_east/036_n00302_E.jpg,n00302,0.6764717156967359,"The street is bustling with activity, featuring a mix of pedestrians, vehicles, and buildings. The presence of traffic lights and street signs indicates a well-organized urban environment.","There are trees visible in the image, located on the left side near the church and along the sidewalk.","The footway is a paved area for pedestrians, with a sidewalk on the left side of the image and a crosswalk in the center.","The base of the buildings along this street includes ground-level commercial spaces, pedestrian walkways, and street-level entrances. There are also construction barriers and orange cones indicating ongoing construction work."
east_34th_street/west_to_east/037_n00303_E.jpg,n00303,0.703678471450243,"The street is bustling with activity, featuring a mix of pedestrians and vehicles. The presence of cars, trucks, and bicycles indicates a busy urban environment.","There is a tree visible on the left side of the image, near the sidewalk.","The footway is a wide, red-painted area that runs along the side of the street, providing a clear path for pedestrians.","The base of the buildings along this street includes ground-level commercial spaces, such as shops and restaurants, with large windows and doors."
east_34th_street/west_to_east/038_n00304_E.jpg,n00304,0.6311316278582269,"The street is bustling with activity, featuring a mix of pedestrians, vehicles, and various urban elements like traffic lights and street signs.","There are trees visible on the right side of the image, near the buildings.","The footway is a paved area for pedestrians, with a clear crosswalk marked by white lines and a red bus lane.","The base of the buildings along this street includes ground-level commercial spaces, such as shops and restaurants, and a bus lane."
east_34th_street/west_to_east/039_n00305_E.jpg,n00305,0.7037806629722934,"The street is bustling with activity, featuring a mix of pedestrians and vehicles. The presence of traffic lights and crosswalks indicates a well-organized urban environment.","There are trees visible on the right side of the image, lining the street.","The footway is a paved area for pedestrians, with a crosswalk marked by white lines.","The base of the buildings along this street includes ground-level commercial spaces, such as shops and stores, with large windows and doors."
east_34th_street/west_to_east/040_n00306_E.jpg,n00306,0.6769047330508856,"The street is bustling with activity, featuring a mix of pedestrians and vehicles. The sidewalks are lined with buildings, and the road is filled with cars, making it a lively urban environment.","There are trees with white blossoms on the right side of the image, near the buildings.",The footway is lined with trees and has a sidewalk for pedestrians.,"The base of the buildings along this street includes ground-level commercial spaces, such as shops and restaurants, with large windows and awnings."
east_34th_street/west_to_east/041_n00307_E.jpg,n00307,0.7267341125187076,"The street is bustling with activity, featuring a UPS truck, various vehicles, and storefronts. The sidewalk is lined with trees and buildings, providing a mix of commercial and residential spaces.","There are trees visible on the left side of the image, near the UPS truck.",The footway is lined with trees and has a red-painted section.,The base of the buildings along this street includes storefronts and a UPS truck.
east_34th_street/west_to_east/042_n00308_E.jpg,n00308,0.7133142847299903,"The street is bustling with activity, featuring tall buildings, shops, and a mix of pedestrians and vehicles.","There are trees visible along the sidewalk, particularly on the right side of the image, near the buildings.",The footway is lined with trees and has a sidewalk for pedestrians.,The base of the buildings along this street includes storefronts and a sidewalk.
east_34th_street/west_to_east/043_n00309_E.jpg,n00309,0.7258066360458563,"The street is wide and has a bike lane, making it suitable for pedestrians and cyclists.","There are trees visible on the sidewalks, specifically on the left and right sides of the street.","The footway is wide and has a red section with a white ""B"" on it.",The base of the buildings along this street includes storefronts and a sidewalk with a red crosswalk.
east_34th_street/west_to_east/044_n00310_E.jpg,n00310,0.7054109351377236,"The street is bustling with activity, featuring tall buildings, a variety of shops, and a mix of pedestrians and vehicles.","There are trees visible on the right side of the image, near the buildings and the sidewalk.","The footway is a paved area for pedestrians, with a sidewalk for walking and a curb for separation from the road.","The base of the buildings along this street includes ground-level commercial establishments, such as a pizza shop, and a parking garage entrance."
east_34th_street/west_to_east/045_n00311_E.jpg,n00311,0.6855003576354142,"The street is bustling with activity, featuring a blue bus, cars, and pedestrians. The presence of tall buildings and commercial establishments suggests a busy urban environment.","There is a tree with white blossoms on the right side of the image, near the sidewalk.",The footway is lined with trees and has a sidewalk with a few people walking on it.,"The base of the buildings along this street includes storefronts and commercial spaces, with some trees and street furniture like benches and trash cans visible in front of them."
east_34th_street/west_to_east/046_n00312_E.jpg,n00312,0.6930494406057178,"The street is bustling with activity, featuring tall buildings, traffic lights, and various vehicles.","There is a tree with blooming white flowers on the right side of the image, near the edge of the frame.","The footway is a paved area for pedestrians, with a crosswalk for safe crossing of the street.","The base of the buildings along this street includes various commercial establishments, such as shops and restaurants, with large glass windows and storefronts."
east_34th_street/west_to_east/047_n00313_E.jpg,n00313,0.6973382660372938,"The street is bustling with activity, featuring tall buildings, traffic lights, and pedestrians.","There are trees visible along the sidewalk, particularly on the left side of the image, near the crosswalks and the buildings.",The footway is a pedestrian area with crosswalks and a few people walking.,"The base of the buildings along this street includes various commercial establishments, such as shops and restaurants, with large glass windows and storefronts."
east_35th_street/east_to_west/001_n00360_W.jpg,n00360,0.6282839559954229,"The street appears to be a busy urban area with multiple lanes of traffic, pedestrians, and various buildings. The presence of traffic lights and crosswalks indicates a well-organized traffic system.","There are trees visible in the background, lining the street and providing shade.","The footway is a paved area for pedestrians, with a crosswalk marked by white lines.","The base of the buildings along this street includes various ground-level commercial establishments, such as shops and restaurants, with large windows and storefronts."
east_35th_street/east_to_west/002_n00359_W.jpg,n00359,0.5370067915616394,"The street is lined with orange traffic cones, indicating construction or a special event. Pedestrians are visible, and there are traffic lights and street signs to navigate.","There are trees with bare branches visible on the right side of the image, indicating a winter or early spring season.",The footway is lined with orange traffic cones and has a pedestrian crossing.,The base of the buildings along this street is made of concrete and has a few orange traffic cones placed in front of it.
east_35th_street/east_to_west/003_n00358_W.jpg,n00358,0.4386464913180592,"The street is lined with orange and green traffic cones, indicating a construction or restricted area. The sidewalk is clear, and there are no pedestrians visible.","There are leafless trees lining the street, visible on both sides of the road, and some greenery in the distance near the buildings.","The footway is lined with orange and green traffic cones, and there are a few people walking on it.",The base of the buildings along this street is made of brick.
east_35th_street/east_to_west/004_n00357_W.jpg,n00357,0.59229186667341,"The street is lined with orange traffic cones, indicating a construction or restricted area. The sidewalk is clear, and there are trees and buildings on either side.","There are leafless trees lining the street, visible on both sides of the road, and a park with trees and benches further down the street.",The footway is lined with orange traffic cones and has a bench on the right side.,The base of the buildings along this street is made of concrete and has a sidewalk in front of it.
east_35th_street/east_to_west/005_n00356_W.jpg,n00356,0.4958982346171461,The street is lined with buildings and has a sidewalk on one side. There are parked cars and some construction cones indicating a possible construction zone.,There are leafless trees lining the street and a fenced area with greenery on the right side of the image.,The footway is paved and has a wooden bench on it.,The base of the buildings along this street is made of brick.
east_35th_street/east_to_west/006_n00355_W.jpg,n00355,0.6967650229047548,The street is lined with trees and has a sidewalk on one side.,"There are leafless trees lining the street, visible on both sides of the road, and a fenced area with trees in the background.",The footway is paved with concrete and has a wooden bench on it.,"The base of the buildings along this street includes a sidewalk, a street, and some parked cars."
east_35th_street/east_to_west/007_n00354_W.jpg,n00354,0.7554753716880515,"The street is lined with parked cars and buildings, with a park on the right side. It appears to be a typical urban street with a mix of residential and commercial buildings.",There are leafless trees lining the street and a park with green grass and trees in the background.,The footway is paved with concrete and has a sidewalk bench.,"The base of the buildings along this street includes ground-level commercial spaces and residential entrances, with fire escapes and balconies visible on the upper floors."
east_35th_street/east_to_west/008_n00353_W.jpg,n00353,0.74925749019742,"Walking down this street would involve navigating past parked vehicles, pedestrians, and buildings, with a view of a park in the distance.","There are trees visible in the background, lining the street and within a fenced area on the right side of the image.",The footway is paved with concrete and has a metal railing along the edge.,"The base of the buildings along this street includes ground-level windows, doors, and a sidewalk."
east_35th_street/east_to_west/009_n00352_W.jpg,n00352,0.604977232342024,"The street appears to be a typical urban setting with buildings, traffic, and pedestrians. The presence of construction cones suggests some ongoing work or maintenance.","There are leafless trees visible on the right side of the image, near the sidewalk and the park.","The footway is wide and made of concrete, with a metal fence on the right side.","The base of the buildings along this street includes a mix of ground-level commercial spaces and residential units, with some buildings featuring brick facades and others with modern glass exteriors."
east_35th_street/east_to_west/010_n00351_W.jpg,n00351,0.4997536186612317,"The street is wide and has multiple lanes of traffic, with crosswalks and traffic lights. There are buildings and trees lining the street, and it appears to be a busy urban area.","There are leafless trees visible on the right side of the image, near the sidewalk and the road.",The footway is a paved area with white stripes for pedestrian crossing.,The base of the buildings along this street is made of brick.
east_35th_street/east_to_west/011_n00350_W.jpg,n00350,0.3038021314076971,"The street appears to be a typical urban setting with buildings, vehicles, and pedestrians. The presence of construction barriers and a person walking suggests it might be a busy area with ongoing development or maintenance work.","There are trees visible on the left side of the image, near the construction site, and another tree further down the street on the right side.","The footway is paved with concrete and has a curb separating it from the street. There is a person walking on the footway, and a few cars are parked along the side of the street.","The base of the buildings along this street includes a mix of commercial and residential elements, with some buildings having ground-level shops or offices, and others having residential apartments or offices. There are also some construction barriers and materials indicating ongoing development or renovation."
east_35th_street/east_to_west/012_n00349_W.jpg,n00349,0.285995834157885,"The street appears to be a busy urban area with multiple buildings, traffic signs, and a few pedestrians. The presence of construction barriers and graffiti suggests some ongoing development or maintenance work.","There are trees visible on the right side of the image, near the buildings and the sidewalk.",The footway is paved and has a sidewalk with a curb. There are street signs and a traffic light visible.,"The base of the buildings along this street includes a mix of commercial and residential elements. There are storefronts, street signs, and a few vehicles parked or moving along the street."
east_35th_street/east_to_west/013_n00348_W.jpg,n00348,0.5417133338549467,"The street is bustling with activity, featuring a mix of pedestrians, vehicles, and storefronts. The sidewalks are lined with various businesses, and the street is well-lit by the sun, creating a lively atmosphere.","There are trees visible in the background, lining the street and providing shade.","The footway is a paved area for pedestrians to walk on, with a crosswalk marked by white lines.",The base of the buildings along this street includes storefronts and ground-level businesses.
east_35th_street/east_to_west/014_n00347_W.jpg,n00347,0.5948094484862034,"The street is lined with buildings, trees, and parked vehicles, creating a typical urban environment for walking.","There are trees visible on the sidewalk, specifically on the left side of the image, near the buildings.",The footway is lined with buildings and has a few trees and a bicycle parked near a building.,"The base of the buildings along this street includes ground-level commercial spaces, such as a restaurant with a sign that reads ""NI"" and a produce delivery truck parked on the street."
east_35th_street/east_to_west/015_n00346_W.jpg,n00346,0.6730030150532571,"The street is lined with buildings, including a brick building on the left and a taller building on the right. There are trees and some parked cars along the street.","There are trees with white blossoms visible on the left side of the image, near the brick building.",The footway is paved and has a sidewalk with a few trees and plants along it.,"The base of the buildings along this street includes ground-level commercial spaces, such as shops and restaurants, with awnings and storefronts. There are also trees and sidewalk planters along the street."
east_35th_street/east_to_west/016_n00345_W.jpg,n00345,0.6991691627655162,"The street is lined with buildings, trees, and parked cars, creating a typical urban environment.","There are trees with blooming white flowers on the right side of the street, and a potted plant on the sidewalk in front of the brick building on the left.",The footway is paved and has a curb separating it from the street. There are a few trees and a building with a green awning on the right side.,"The base of the buildings along this street includes a sidewalk, a street, and some parked cars."
east_35th_street/east_to_west/017_n00344_W.jpg,n00344,0.724451714131469,"The street is lined with brick buildings, trees, and parked cars, creating a typical urban environment.","There are trees with blooming white flowers on the right side of the image, and a tree with bare branches on the left side.",The footway is paved and has a wooden bench on the left side.,"The base of the buildings along this street includes ground-level commercial spaces, such as shops and offices, with large windows and awnings."
east_35th_street/east_to_west/018_n00343_W.jpg,n00343,0.7405051156654325,"The street is lined with brick buildings, has a few parked cars, and includes a sidewalk with trees and a bench.","There are trees visible on the left side of the image, near the buildings, and a small tree on the right side of the image, near the sidewalk.",The footway is paved with concrete and has a curb separating it from the street. There are trees and buildings along the sidewalk.,"The base of the buildings along this street includes a sidewalk, a street, and some parked cars."
east_35th_street/east_to_west/019_n00342_W.jpg,n00342,0.6640829793873892,"The street is lined with tall buildings, and there are a few parked cars along the sidewalk. The road appears to be in good condition, with clear markings and no visible obstructions.","There are trees visible in the image, located on the sidewalks and in the middle of the street.",The footway is lined with trees and has a few parked cars along the side.,"The base of the buildings along this street includes storefronts and ground-level entrances, with some buildings having scaffolding or construction materials visible."
east_35th_street/east_to_west/020_n00341_W.jpg,n00341,0.6402514681995122,"The street is wide and has multiple lanes, with traffic lights and signs indicating directions and speed limits. Pedestrians can use the sidewalks and crosswalks to navigate safely.","There is a tree visible on the left side of the image, near the sidewalk.","The footway is a paved area for pedestrians, with crosswalks and sidewalks visible.","The base of the buildings along this street consists of brick facades, with some buildings having ground-level commercial spaces and others having residential entrances."
east_35th_street/east_to_west/021_n00340_W.jpg,n00340,0.7911503140285663,"The street is lined with buildings, trees, and parked cars, creating a typical urban environment.","There are trees visible on the sidewalks, particularly on the left side of the image near the buildings.",The footway is lined with trees and has a few pedestrians walking.,"The base of the buildings along this street includes ground-level commercial spaces, such as shops and restaurants, with large windows and awnings."
east_35th_street/east_to_west/022_n00339_W.jpg,n00339,0.7841838786845948,"The street is lined with tall buildings, trees, and a few vehicles, creating a typical urban environment.","There is a tree with branches and leaves on the left side of the image, and a small bush near the sidewalk.",The footway is lined with trees and has a wooden barrier.,"The base of the buildings along this street includes ground-level commercial spaces, such as shops and restaurants, with large windows and signs."
east_35th_street/east_to_west/023_n00338_W.jpg,n00338,0.7401268280430267,"The street is bustling with activity, featuring tall buildings, pedestrians, and vehicles.","There are potted plants visible on the sidewalk, specifically on the left side of the image near the brick building.","The footway is a paved area for pedestrians, with a fire hydrant and some potted plants along the sidewalk.","The base of the buildings along this street includes storefronts and ground-level businesses, with a mix of brick and concrete facades."
east_35th_street/east_to_west/024_n00337_W.jpg,n00337,0.7738175119645256,"The street is bustling with activity, with cars and pedestrians navigating the intersection. The presence of traffic lights and crosswalks indicates a well-organized urban environment.","There are trees visible on the left side of the image, near the buildings.","The footway is a pedestrian path that runs alongside the road, providing a safe space for pedestrians to walk.",The base of the buildings along this street includes ground-level commercial establishments and a sidewalk with pedestrians.
east_35th_street/east_to_west/025_n00336_W.jpg,n00336,0.7891395761448523,"The street is lined with brick buildings, trees, and parked cars. It appears to be a typical urban environment with a mix of residential and commercial buildings.","There are trees with white blossoms on the right side of the image, and smaller trees without leaves on the left side.",The footway is lined with trees and has a few pedestrians walking.,The base of the buildings along this street is made of concrete and has a few trees and plants in front of it.
east_35th_street/east_to_west/026_n00335_W.jpg,n00335,0.7876904208055325,"The street is lined with buildings, trees, and parked cars, creating a typical urban environment.","There are trees visible in the view, with one tree on the left side of the image and another on the right side, both casting shadows on the street.",The footway is lined with trees and has a sidewalk with a railing.,"The base of the buildings along this street includes ground-level commercial spaces, such as shops and stores, with large windows and doors."
east_35th_street/east_to_west/027_n00334_W.jpg,n00334,0.8309099107119708,"The street is lined with tall buildings, trees, and parked cars. It appears to be a typical urban environment with a mix of residential and commercial buildings.","There are trees visible on the left and right sides of the image, lining the street.",The footway is lined with trees and has a few potted plants.,The base of the buildings along this street includes ground-level storefronts and a sidewalk with a few trees and potted plants.
east_35th_street/east_to_west/028_n00333_W.jpg,n00333,0.780164367348845,"The street is lined with tall buildings, and there are cars parked along the sides. It appears to be a busy urban area.","There are trees visible on the right side of the image, near the buildings and the sidewalk.",The footway is lined with trees and has a green awning over the entrance of a building.,"The base of the buildings along this street includes storefronts and ground-level businesses, with some buildings having scaffolding for construction or maintenance."
east_35th_street/east_to_west/029_n00332_W.jpg,n00332,0.7301788589564877,"The street is lined with tall buildings, trees, and parked cars, creating a typical urban environment.","There are trees with white blossoms on the right side of the street, and potted plants on the sidewalks on both sides of the street.",The footway is lined with trees and has potted plants.,"The base of the buildings along this street includes ground-level entrances, windows, and decorative elements such as columns and arches."
east_35th_street/east_to_west/030_n00331_W.jpg,n00331,0.8342917785917259,"The street is lined with tall buildings, trees, and parked cars, creating a typical urban environment.","There are trees visible on the sidewalks, with one tree on the left side of the image and another on the right side, closer to the building.",The footway is lined with trees and has a few benches.,"The base of the buildings along this street includes ground-level entrances, windows, and a sidewalk."
east_35th_street/east_to_west/031_n00330_W.jpg,n00330,0.7787294938921623,"The street is bustling with activity, featuring tall buildings, vehicles, and pedestrians.","There are trees visible in the background, lining the street and providing shade.",The footway is a paved area with crosswalks and a few pedestrians.,"The base of the buildings along this street includes ground-level commercial spaces, pedestrian walkways, and street-level entrances to residential buildings."
east_35th_street/east_to_west/032_n00329_W.jpg,n00329,0.768423931243134,"The street is lined with tall buildings, trees, and a few parked cars. It appears to be a typical urban environment with sidewalks and crosswalks.","There are trees visible along the street, particularly on the right side, and some bushes near the buildings.",The footway is a paved area with white lines marking pedestrian crossings.,"The base of the buildings along this street includes ground-level commercial spaces, such as shops and restaurants, with large windows and awnings. There are also street-level entrances to residential buildings, featuring stairs and railings."
east_35th_street/east_to_west/033_n00328_W.jpg,n00328,0.8543395740213888,"The street is lined with tall buildings and trees, with cars parked along the side.","There are trees with bare branches visible along the street, and some trees with blooming white flowers are on the right side of the image.",The footway is lined with trees and has a sidewalk on both sides.,The base of the buildings along this street is made of brick.
east_35th_street/east_to_west/034_n00327_W.jpg,n00327,0.855477402821601,The street is lined with tall buildings and has a few parked cars. It appears to be a quiet urban area with a mix of residential and commercial buildings.,"There are trees visible along the street, particularly on the left side, and some greenery near the buildings.",The footway is lined with trees and has a sidewalk with a few benches and a trash can.,"The base of the buildings along this street includes a variety of architectural elements, such as stone facades, decorative moldings, and wrought-iron railings."
east_35th_street/east_to_west/035_n00326_W.jpg,n00326,0.8615543365106788,The street is lined with tall buildings and has a few parked cars. It appears to be a typical urban environment with a mix of residential and commercial buildings.,"There are trees visible on the right side of the image, lining the street.",The footway is lined with trees and has a black fence on the left side.,"The base of the buildings along this street is made of brick and stone, with some having decorative elements and steps leading up to the entrances."
east_35th_street/east_to_west/036_n00325_W.jpg,n00325,0.8226076799743185,"The street is lined with tall buildings, and there are a few parked cars along the sidewalk. The sidewalk appears to be wide and well-maintained, making it suitable for pedestrians.","There are trees visible in the background, lining the street, and some potted plants on the sidewalks.",The footway is lined with trees and has a few potted plants.,"The base of the buildings along this street includes ground-level commercial spaces, such as shops and restaurants, with large windows and awnings."
east_35th_street/east_to_west/037_n00324_W.jpg,n00324,0.7881546811624136,"The street is lined with tall buildings, and there are a few cars parked along the side. It appears to be a typical urban environment with a mix of commercial and residential buildings.","There are young trees with bare branches on the sidewalks, located on both sides of the street.","The footway is a paved area adjacent to the street, with a sidewalk for pedestrians.","The base of the buildings along this street includes ground-level windows, doors, and a sidewalk."
east_35th_street/east_to_west/038_n00323_W.jpg,n00323,0.7940252188654084,"The street is bustling with activity, featuring pedestrians, vehicles, and various urban elements like buildings, trees, and street signs.","There are trees visible on the left side of the image, near the sidewalk and street.","The footway is a paved area for pedestrians, with a crosswalk marked by white lines.","The base of the buildings along this street includes ground-level commercial spaces, such as shops and restaurants, and the street-level entrances to residential buildings."
east_35th_street/east_to_west/039_n00322_W.jpg,n00322,0.7973672360789548,"The street is bustling with activity, featuring a mix of pedestrians, vehicles, and commercial trucks. The presence of traffic lights and well-maintained sidewalks indicates a busy urban environment.","There are trees with pink blossoms on the right side of the image, near the sidewalk and the traffic lights.","The footway is a paved area with white lines marking the crosswalks. There are several people walking on it, and there are trees and plants along the edges of the footway.",The base of the buildings along this street is made of stone and has a series of windows.
east_35th_street/east_to_west/040_n00321_W.jpg,n00321,0.7960583589497311,"The street is bustling with activity, featuring tall buildings, vehicles, and pedestrians.","There are trees visible on the right side of the image, near the buildings and along the sidewalk.",The footway is lined with trees and has a few pedestrians walking.,"The base of the buildings along this street includes ground-level commercial establishments, such as shops and restaurants, with large windows and awnings."
east_35th_street/east_to_west/041_n00320_W.jpg,n00320,0.4560024557461229,"The street appears to be a typical urban setting with buildings on both sides, some under construction, and a few pedestrians and vehicles visible.","There are trees visible on the right side of the image, near the buildings.",The footway is lined with trees and has a sidewalk with a railing.,"The base of the buildings along this street includes ground-level commercial spaces, with some having green awnings and others having metal railings. There are also construction barriers and materials visible in front of some buildings."
east_35th_street/east_to_west/042_n00319_W.jpg,n00319,0.5135542915016287,"The street is lined with tall buildings and has a sidewalk on one side. There is a green fence on the other side, and a car is parked in the distance.","There are trees visible on the right side of the image, along the sidewalk.",The footway is lined with trees and has a green fence on the left side.,The base of the buildings along this street is covered with scaffolding and green construction fencing.
east_35th_street/east_to_west/043_n00318_W.jpg,n00318,0.4503836617944158,The street is lined with tall buildings and has a sidewalk on one side. There is a green fence and some trees along the sidewalk.,"There are trees with white blossoms visible on the right side of the street, and some greenery is present near the sidewalk on the right.",The footway is lined with trees and has a green awning over the entrance of a building.,The base of the buildings along this street is covered with a green construction barrier.
east_35th_street/east_to_west/044_n00317_W.jpg,n00317,0.4414042619306513,"The street appears to be a typical urban setting with buildings on both sides, a sidewalk, and a few cars on the road. The presence of scaffolding and construction barriers suggests some ongoing work or renovation.","There are trees with blooming flowers on the right side of the image, near the sidewalk.",The footway is lined with trees and has a green fence on the left side.,"The base of the buildings along this street is made of brick and concrete, with some buildings having green tarps covering parts of their facades."
east_35th_street/east_to_west/045_n00316_W.jpg,n00316,0.8192693033544063,"The street is lined with tall buildings, trees, and parked vehicles, creating a typical urban environment.",There are trees and bushes lining the sidewalk on the right side of the image.,The footway is lined with trees and has a metal railing along the edge.,The base of the buildings along this street is made of stone and has a series of steps leading up to the entrance.
east_35th_street/east_to_west/046_n00315_W.jpg,n00315,0.8127241253944273,"The street is busy with vehicles and pedestrians, making it a bustling urban environment.","There are trees visible on the right side of the image, near the sidewalk and the church.",The footway is a paved area with a metal railing along the side of the street.,"The base of the buildings along this street is made of stone and has a variety of architectural details, including arched windows and decorative moldings."
east_35th_street/east_to_west/047_n00314_W.jpg,n00314,0.6840077728669883,"The street is bustling with activity, featuring tall buildings, traffic lights, and pedestrians.",There are no visible plants or vegetation in this view.,The footway is a pedestrian area with crosswalks and sidewalks.,"The base of the buildings along this street includes a row of large, arched windows and a series of columns."
east_35th_street/west_to_east/001_n00314_E.jpg,n00314,0.6840077728669883,"The street is bustling with activity, featuring pedestrians, vehicles, and various buildings. The presence of trees and greenery adds a touch of nature to the urban environment.","There is a tree visible on the left side of the image, near the sidewalk.",The footway is lined with trees and has a few people walking on it.,"The base of the buildings along this street includes ground-level commercial establishments, such as shops and cafes, with large windows and signs."
east_35th_street/west_to_east/002_n00315_E.jpg,n00315,0.8127241253944273,The street is lined with tall buildings and has a few parked cars along the side.,"There are trees and bushes visible on the left side of the street, near the sidewalk and the church.",The footway is lined with trees and has a metal railing along the side.,The base of the buildings along this street is made of brick.
east_35th_street/west_to_east/003_n00316_E.jpg,n00316,0.8192693033544063,"The street appears to be a typical urban setting with buildings, vehicles, and some greenery. It seems to be a busy area with various activities happening.","There are trees visible on the sidewalk, specifically on the left side of the image, and there are also some plants or flowers on the balconies of the buildings.",The footway is lined with trees and has a metal railing along the side of the buildings.,"The base of the buildings along this street includes ground-level commercial spaces, such as shops and restaurants, with large windows and awnings. There are also a few trees and street furniture like benches and trash cans."
east_35th_street/west_to_east/004_n00317_E.jpg,n00317,0.4414042619306513,The street is lined with buildings and has a sidewalk on one side. There are trees with white blossoms and some construction barriers on the other side.,"There are trees with white blossoms visible on the left side of the image, near the buildings.",The footway is lined with trees and has a metal railing along the side.,"The base of the buildings along this street includes a sidewalk, a street, and some greenery, such as trees and bushes."
east_35th_street/west_to_east/005_n00318_E.jpg,n00318,0.4503836617944158,"The street appears to be a typical urban setting with buildings on both sides, a sidewalk, and a road. There are no visible pedestrians or vehicles, suggesting it might be a quiet time of day or a less busy area.","There are trees visible along the sidewalk, particularly near the scaffolding and the construction site.",The footway is lined with trees and has a metal canopy over part of it.,"The base of the buildings along this street includes a sidewalk, a street, and some construction barriers."
east_35th_street/west_to_east/006_n00319_E.jpg,n00319,0.5135542915016287,"The street is lined with tall buildings, and there is a construction site with a green fence and signs.","There is a small tree on the sidewalk near the building on the left, and a green fence with some graffiti on it on the right side of the image.",The footway is lined with trees and has a flower bed with white flowers.,"The base of the buildings along this street includes a sidewalk, a small garden area with flowers, and a green construction fence."
east_35th_street/west_to_east/007_n00320_E.jpg,n00320,0.4560024557461229,"The street is busy with vehicles and pedestrians, making it a bustling urban environment.","There are trees visible on the sidewalks, specifically on the left and right sides of the image.",The footway is lined with trees and has a few people walking on it.,The base of the buildings along this street is made of brick.
east_35th_street/west_to_east/008_n00321_E.jpg,n00321,0.7960583589497311,"The street is wide and has multiple lanes for vehicles, with sidewalks on both sides. There are traffic lights and street signs to guide pedestrians and drivers.","There are trees with pink blossoms on the right side of the image, near the intersection.","The footway is a paved area for pedestrians, with a sidewalk for walking and a crosswalk for crossing the street.","The base of the buildings along this street includes a mix of commercial and residential elements, with some buildings having ground-level shops or offices and others featuring residential apartments."
east_35th_street/west_to_east/009_n00322_E.jpg,n00322,0.7973672360789548,"The street is bustling with activity, featuring a mix of pedestrians and vehicles. The presence of crosswalks and traffic lights indicates a well-organized urban environment.","There are trees visible on the sidewalks, particularly on the left side of the image near the buildings and on the right side closer to the intersection.","The footway is a paved area with white lines marking pedestrian crossings. There are a few people walking and a few vehicles, including a yellow taxi, on the street.","The base of the buildings along this street includes a mix of commercial and residential spaces, with some buildings having ground-level shops or offices and others having residential apartments."
east_35th_street/west_to_east/010_n00323_E.jpg,n00323,0.7940252188654084,The street is lined with tall buildings and has a few pedestrians walking.,"There are trees visible on the left side of the image, near the sidewalk and street.",The footway is lined with trees and has a few pedestrians walking.,The base of the buildings along this street is made of stone.
east_35th_street/west_to_east/011_n00324_E.jpg,n00324,0.7881546811624136,"Walking down this street would be pleasant with the presence of trees, buildings, and parked cars. The street appears to be well-maintained and has a good mix of residential and commercial elements.","There are trees lining the street, located on the left side, and a few potted plants on the sidewalks, situated on both sides of the street.",The footway is lined with trees and has potted plants.,"The base of the buildings along this street includes ground-level commercial spaces, such as shops and restaurants, with large windows and awnings."
east_35th_street/west_to_east/012_n00325_E.jpg,n00325,0.8226076799743185,Walking down this street would be pleasant with the presence of trees and parked cars along the sidewalk.,"There are trees visible in the background, lining the street and providing shade.",The footway is lined with trees and has a few people walking on it.,"The base of the buildings along this street includes a variety of architectural elements such as stairs, railings, and planters."
east_35th_street/west_to_east/013_n00326_E.jpg,n00326,0.8615543365106788,"Walking down this street would be pleasant with the presence of trees, buildings, and parked cars. The sidewalk appears to be well-maintained, and the street is lined with trees, providing shade and a sense of greenery.","There are trees visible along the street, with their branches and leaves extending into the view.",The footway is lined with trees and has a black fence along the right side.,"The base of the buildings along this street includes a mix of ground-level commercial spaces and residential entrances, with some buildings featuring small balconies or patios."
east_35th_street/west_to_east/014_n00327_E.jpg,n00327,0.855477402821601,Walking down this street would be pleasant with the presence of trees and well-maintained buildings.,"There are trees visible in the view, located along the sidewalk and in the background, providing shade and greenery to the urban environment.",The footway is lined with trees and has a sidewalk with a metal railing.,"The base of the buildings along this street includes steps leading up to the entrances, as well as railings and planters."
east_35th_street/west_to_east/015_n00328_E.jpg,n00328,0.8543395740213888,"The street is lined with tall buildings, trees, and a few cars parked along the side. It appears to be a typical urban environment with a mix of residential and commercial buildings.","There are trees visible on the left side of the image, near the sidewalk, and some bushes are present on the right side, near the buildings.",The footway is lined with trees and has a set of stairs leading up to a building.,"The base of the buildings along this street includes ground-level commercial spaces, such as shops and restaurants, with large windows and awnings."
east_35th_street/west_to_east/016_n00329_E.jpg,n00329,0.768423931243134,"The street is bustling with activity, featuring tall buildings, vehicles, and pedestrians.","There are trees visible on the right side of the image, near the buildings.","The footway is a paved area for pedestrians to walk on, with crosswalks for safe crossing of the street.","The base of the buildings along this street includes a mix of commercial and residential spaces, with some buildings having ground-floor retail or office spaces and others having residential apartments."
east_35th_street/west_to_east/017_n00330_E.jpg,n00330,0.7787294938921623,"The street is lined with tall buildings, trees, and parked cars. It appears to be a typical urban environment with a mix of residential and commercial buildings.","There are trees with white blossoms on the sidewalk, located between the buildings and the street.",The footway is lined with trees and has a fire hydrant and a manhole cover visible.,The base of the buildings along this street is made of stone and has large windows.
east_35th_street/west_to_east/018_n00331_E.jpg,n00331,0.8342917785917259,"The street is lined with trees and buildings, with a few cars parked along the side.","There are trees visible on both sides of the street, with one tree on the left side near the sidewalk and another tree on the right side closer to the building.",The footway is lined with trees and has a bench.,The base of the buildings along this street is made of stone and has a rounded arch design.
east_35th_street/west_to_east/019_n00332_E.jpg,n00332,0.7301788589564877,"The street is lined with tall buildings, and there are cars parked along the sides. It appears to be a typical urban environment with a mix of residential and commercial buildings.","There are trees visible in the background, lining the street, and a small bush on the right side of the image.",The footway is lined with trees and has a sidewalk for pedestrians.,"The base of the buildings along this street includes ground-level commercial spaces and residential entrances, with some buildings having storefronts and others having direct access to apartment entrances."
east_35th_street/west_to_east/020_n00333_E.jpg,n00333,0.780164367348845,The street is lined with tall buildings and has parked cars along the sidewalk. It appears to be a typical urban environment with a mix of residential and commercial buildings.,"There are trees visible in the view, located on the sidewalks and near the buildings.","The footway is a paved area for pedestrians, lined with trees and lampposts, and appears to be well-maintained.","The base of the buildings along this street includes ground-level commercial spaces, such as shops and restaurants, with large windows and doors."
east_35th_street/west_to_east/021_n00334_E.jpg,n00334,0.8309099107119708,"The street is lined with buildings, trees, and parked cars, creating a typical urban environment.","There are trees with white blossoms visible in the middle of the image, and a tree with green leaves on the right side.",The footway is paved with concrete and has a sidewalk lamp post.,"The base of the buildings along this street includes ground-level entrances, windows, and a sidewalk."
east_35th_street/west_to_east/022_n00335_E.jpg,n00335,0.7876904208055325,"The street is lined with tall buildings, parked cars, and a moving truck. It appears to be a busy urban area with a mix of residential and commercial buildings.","There are trees visible on the right side of the image, lining the street.",The footway is not visible in the image.,"The base of the buildings along this street includes ground-level commercial spaces and possibly residential entrances, as indicated by the presence of awnings and signage."
east_35th_street/west_to_east/023_n00336_E.jpg,n00336,0.7891395761448523,"The street is bustling with activity, featuring pedestrians, vehicles, and various buildings. It appears to be a busy urban area with a mix of commercial and residential structures.","There are trees visible on the left side of the image, near the buildings.","The footway is a paved area for pedestrians, with a crosswalk marked by white stripes.","The base of the buildings along this street includes storefronts, sidewalk areas, and street-level entrances."
east_35th_street/west_to_east/024_n00337_E.jpg,n00337,0.7738175119645256,"The street is bustling with activity, featuring a mix of pedestrians and vehicles. The presence of crosswalks and street signs indicates a well-organized urban environment.","There are trees visible on the left side of the image, near the buildings.","The footway is a paved area for pedestrians, with crosswalks and sidewalks visible.","The base of the buildings along this street includes storefronts and ground-level businesses, with some pedestrians walking by."
east_35th_street/west_to_east/025_n00338_E.jpg,n00338,0.7401268280430267,"The street is lined with tall buildings, has a sidewalk, and includes some trees and parked cars.","There are trees visible in the view, located on the sidewalk near the buildings.",The footway is lined with trash bins and has a tree in the middle.,The base of the buildings along this street includes a sidewalk with a few trash cans and some potted plants.
east_35th_street/west_to_east/026_n00339_E.jpg,n00339,0.7841838786845948,"The street is lined with tall buildings, and there are a few cars parked along the side. The sidewalk is wide and appears to be well-maintained.","There are trees visible on the left side of the street, near the buildings.",The footway is paved and has a sidewalk with a few people walking on it.,"The base of the buildings along this street includes a sidewalk, a street, and some parked cars."
east_35th_street/west_to_east/027_n00340_E.jpg,n00340,0.7911503140285663,"The street is lined with tall buildings, has a few cars parked along the side, and there are some trees and street signs visible.","There are leafless trees visible on the sidewalks, particularly on the right side of the image near the buildings.",The footway is lined with trees and has a green awning over the entrance of a building.,"The base of the buildings along this street includes ground-level entrances, windows, and some outdoor furniture or planters."
east_35th_street/west_to_east/028_n00341_E.jpg,n00341,0.6402514681995122,"The street is lined with buildings, trees, and a few pedestrians. It appears to be a typical urban environment with vehicles parked along the side.","There are leafless trees visible on the left and right sides of the image, along the sidewalk and near the buildings.","The footway is a paved area for pedestrians, with a sidewalk on the left side of the street and a crosswalk in the middle of the intersection.","The base of the buildings along this street includes a mix of ground-level commercial spaces and residential entrances, with some buildings having scaffolding for construction or maintenance work."
east_35th_street/west_to_east/029_n00342_E.jpg,n00342,0.6640829793873892,The street is lined with buildings and has a few parked cars. It appears to be a typical urban street with a mix of residential and commercial buildings.,"There are trees visible on the left side of the street, and there is a tree on the right side of the street.",The footway is lined with trees and has a sidewalk with a few benches and a small tree.,"The base of the buildings along this street includes storefronts and ground-level businesses, with some buildings having scaffolding or construction materials."
east_35th_street/west_to_east/030_n00343_E.jpg,n00343,0.7405051156654325,"The street is lined with buildings and has a few parked cars, making it a typical urban environment for walking.","There are trees with white blossoms visible on the left side of the image, near the buildings.",The footway is paved and has a sidewalk with a few trees and a manhole cover.,"The base of the buildings along this street includes a sidewalk, a street, and a few parked vehicles."
east_35th_street/west_to_east/031_n00344_E.jpg,n00344,0.724451714131469,"The street is lined with tall buildings, trees, and a few parked cars. It appears to be a typical urban environment with a mix of residential and commercial buildings.","There are trees with white blossoms on the left side of the image, and a few bushes are visible along the sidewalk on the right side.",The footway is lined with trees and has a sidewalk with a few potted plants.,"The base of the buildings along this street includes ground-level commercial spaces, such as shops and offices, with large windows and awnings. There are also potted plants and outdoor seating areas in front of some of the buildings."
east_35th_street/west_to_east/032_n00345_E.jpg,n00345,0.6991691627655162,"The street is lined with buildings, trees, and a few parked cars. It appears to be a typical urban environment with a mix of residential and commercial buildings.","There is a tree with white blossoms on the right side of the image, and a potted plant on the sidewalk near the bottom right corner.",The footway is paved and has a wooden bench on it.,"The base of the buildings along this street includes ground-level commercial spaces, such as shops and stores, with large windows and doors. There are also a few trees and a small wooden fence near the sidewalk."
east_35th_street/west_to_east/033_n00346_E.jpg,n00346,0.6730030150532571,"The street is lined with buildings, vehicles, and some pedestrians. It appears to be a typical urban environment with various elements such as shops, vehicles, and infrastructure.","There is a tree visible on the right side of the image, near the sidewalk.",The footway is narrow and has a few pedestrians walking on it.,"The base of the buildings along this street includes ground-level commercial establishments, such as a sushi restaurant, and residential units with visible ground-floor windows and doors. There are also parked vehicles, including a red pickup truck and a white van, along the street."
east_35th_street/west_to_east/034_n00347_E.jpg,n00347,0.5948094484862034,"The street is bustling with activity, featuring a mix of commercial buildings, pedestrians, and vehicles.","There are trees visible in the background, along the street and near the church.","The footway is a paved area for pedestrians, with a crosswalk at the intersection.","The base of the buildings along this street includes storefronts and signs, with one prominently displaying ""PROFIT"" and another showing ""GEMI."" There are also various street elements like traffic lights, street signs, and a bicycle."
east_35th_street/west_to_east/035_n00348_E.jpg,n00348,0.5417133338549467,"The street appears to be under construction, with orange cones and barriers in place, making it unsafe to walk down.","There are trees with green leaves on the left side of the image, near the buildings, and a tree with yellow leaves on the right side, closer to the construction area.","The footway is a paved area for pedestrians, with a crosswalk marked by white lines.","The base of the buildings along this street includes a mix of commercial and residential elements, with some buildings having ground-level shops or offices, and others featuring residential apartments or condominiums. The street is lined with various types of vehicles, including cars and trucks, and there are construction barriers and cones indicating ongoing work or maintenance."
east_35th_street/west_to_east/036_n00349_E.jpg,n00349,0.285995834157885,"The street appears to be a typical urban setting with buildings, trees, and some construction barriers. The sidewalk is visible, and there are a few cars parked along the street.","There are trees visible on the right side of the image, near the construction area, and some bushes on the left side, near the sidewalk.",The footway is paved and has a sidewalk with a curb. There are some trees and a fence along the side of the road.,"The base of the buildings along this street includes a mix of materials, such as concrete and stone, and features various architectural elements like columns and decorative moldings."
east_35th_street/west_to_east/037_n00350_E.jpg,n00350,0.3038021314076971,"The street appears to be a typical urban setting with buildings, vehicles, and some construction barriers. It seems to be a busy area with various elements that one might encounter in a city environment.","There are trees visible in the background, lining the street and providing shade.",The footway is paved and has a sidewalk with a fire hydrant and a street light.,The base of the buildings along this street is made of brick.
east_35th_street/west_to_east/038_n00351_E.jpg,n00351,0.4997536186612317,"The street is wide and has multiple lanes of traffic, with crosswalks and traffic lights. There are buildings on both sides, and a park is visible in the background.","There are leafless trees visible along the sidewalk, particularly on the left side of the image.","The footway is a paved area with white crosswalk lines, located on the side of the street.","The base of the buildings along this street includes ground-level windows, air conditioning units, and fire escapes."
east_35th_street/west_to_east/039_n00352_E.jpg,n00352,0.604977232342024,"Walking down this street would be pleasant with the presence of trees, benches, and a playground. The street is lined with parked cars and buildings, providing a typical urban environment.","There are leafless trees lining the street, and a park with green grass and trees is visible on the left side of the image.",The footway is lined with trees and has a wooden bench and bike racks.,"The base of the buildings along this street includes brick facades, windows, and doorways."
east_35th_street/west_to_east/040_n00353_E.jpg,n00353,0.74925749019742,"The street is lined with parked cars, trees, and buildings, creating a typical urban environment.","There are leafless trees lining the street and a fenced area with greenery, likely a park, on the left side of the image.",The footway is lined with trees and has a fire hydrant and a streetlight.,The base of the buildings along this street is made of brick.
east_35th_street/west_to_east/041_n00354_E.jpg,n00354,0.7554753716880515,The street is lined with tall buildings and has a few parked cars. It appears to be a typical urban environment with a mix of residential and commercial buildings.,"There are trees visible on the left side of the image, near the sidewalk and park area.",The footway is paved and has a wooden fence on the left side.,"The base of the buildings along this street consists of a series of steps leading up to the entrances, with some having small awnings or canopies over the doorways."
east_35th_street/west_to_east/042_n00355_E.jpg,n00355,0.6967650229047548,The street is lined with tall buildings and has a few parked cars. There are also some trees and a wooden fence along the sidewalk.,"There are trees visible on the left side of the image, near the sidewalk.",The footway is lined with trees and has a wooden fence along the side.,The base of the buildings along this street is made of brick.
east_35th_street/west_to_east/043_n00356_E.jpg,n00356,0.4958982346171461,The street is lined with orange traffic cones and has a sidewalk on the left side.,"There are leafless trees lining the street, and a few green bushes are visible near the sidewalk on the left side of the image.",The footway is lined with trees and has a wooden bench.,The base of the buildings along this street is made of concrete and has a few trees and a wooden fence.
east_35th_street/west_to_east/044_n00357_E.jpg,n00357,0.59229186667341,"The street appears to be a busy urban area with tall buildings and a mix of commercial and residential structures. There are traffic cones and a parked car, indicating some form of construction or temporary setup.","There are trees with blossoms on the left side of the image, near the sidewalk.",The footway is lined with trees and has a bench.,"The base of the buildings along this street includes a mix of materials, such as concrete and brick, and features various architectural elements like awnings and entrances."
east_35th_street/west_to_east/045_n00358_E.jpg,n00358,0.4386464913180592,"The street appears to be under construction or repair, as indicated by the presence of traffic cones and construction barriers. Pedestrians should be cautious and follow any detour signs or directions provided by construction workers.","There are leafless trees visible on the left side of the image, near the sidewalk.","The footway is a paved area for pedestrians, with a wooden bench and a red and yellow structure nearby.","The base of the buildings along this street includes various ground-level commercial establishments, such as shops and restaurants, as well as a mix of residential and office spaces."
east_35th_street/west_to_east/046_n00359_E.jpg,n00359,0.5370067915616394,"The street is bustling with activity, featuring tall buildings, traffic lights, and various vehicles. There are also construction cones indicating ongoing work, which might make walking a bit more challenging.","There are leafless trees visible on the right side of the image, near the buildings and the street.","The footway is a paved area for pedestrians, with a crosswalk at the intersection.","The base of the buildings along this street includes a mix of commercial and residential spaces, with some buildings having ground-level retail or office spaces and others having residential apartments or offices. There are also construction cones and barriers indicating ongoing work or maintenance in the area."
east_35th_street/west_to_east/047_n00360_E.jpg,n00360,0.6282839559954229,"The street is wide and has a smooth surface, making it suitable for walking. There are trees and buildings on both sides, providing a pleasant environment.",There are leafless trees along the sidewalk on the right side of the image.,The footway is lined with trees and has a fire hydrant and a few bollards.,"The base of the buildings along this street includes a sidewalk, a fire hydrant, and a few parked cars."
east_36th_street/east_to_west/001_n00407_W.jpg,n00407,0.5247203434631906,"The street is wide and has multiple lanes for vehicles, with crosswalks and traffic lights for pedestrians. There are also construction barriers and orange cones indicating ongoing work.","There are leafless trees visible in the background, lining the street and providing a natural element to the urban environment.",The footway is visible and appears to be a pedestrian crossing area with markings.,The base of the buildings along this street appears to be made of concrete and has a modern architectural style.
east_36th_street/east_to_west/002_n00406_W.jpg,n00406,0.4711627096145262,The street is lined with parked cars and has a sidewalk on one side.,"There are trees visible in the image, located on both sides of the street and in the background, providing a natural boundary to the urban environment.",The footway is not visible in the image.,"The base of the buildings along this street is made of concrete and has a variety of colors, including gray, brown, and black."
east_36th_street/east_to_west/003_n00405_W.jpg,n00405,0.493608363858072,"The street is lined with tall buildings and trees, with a few cars parked along the side. The sidewalk appears to be well-maintained and is suitable for walking.","There are trees visible in the view, located on the left side of the image, near the sidewalk and the street.",The footway is not visible in the image.,The base of the buildings along this street is made of concrete and has a modern architectural design.
east_36th_street/east_to_west/004_n00404_W.jpg,n00404,0.2166279367662172,"The street appears to be a typical urban setting with buildings, trees, and a few vehicles. The sidewalk is visible, and there are no visible obstacles or hazards.","There are leafless trees lining the street, and they are visible on both sides of the road.",The footway is lined with trees and has a sidewalk.,The base of the buildings along this street is not visible in the image.
east_36th_street/east_to_west/005_n00403_W.jpg,n00403,0.3442123006897014,The street is lined with trees and has a sidewalk on one side. It appears to be a pleasant walk with a view of the city skyline.,"The image shows leafless trees lining the street, with some trees located on the left side of the street and others on the right side, closer to the construction site.",The footway is lined with trees and has a bench.,The base of the buildings along this street is not visible in the image.
east_36th_street/east_to_west/006_n00402_W.jpg,n00402,0.2886389353035971,The street is lined with trees and has a sidewalk on one side.,"There are trees visible along the street, particularly on the left side, and a park area with grass and trees further down the street.",The footway is paved and has a sidewalk along the street.,The base of the buildings along this street is made of concrete and appears to be well-maintained.
east_36th_street/east_to_west/007_n00401_W.jpg,n00401,0.3526678927641024,"The street is wide and has a smooth surface, making it suitable for walking. There are trees and a park on one side, providing a pleasant environment.","There are leafless trees lining the street, and a green grassy area is visible on the left side of the image.",The footway is lined with trees and has a green fence along its edge.,"The base of the buildings along this street is made of concrete and has a variety of colors, including gray, brown, and red."
east_36th_street/east_to_west/008_n00400_W.jpg,n00400,0.4024362704278214,"The street is wide and has multiple lanes, making it suitable for both pedestrians and vehicles. There are trees and a park on one side, providing a pleasant environment.","There are leafless trees visible on the left side of the image, near the park.",The footway is paved and has a bench on it.,"The base of the buildings along this street is made of concrete and has a variety of colors, including beige, gray, and brown."
east_36th_street/east_to_west/009_n00399_W.jpg,n00399,0.4906246456026392,"The street is wide and has multiple lanes for vehicles, with traffic lights and crosswalks. It appears to be a busy urban area with tall buildings and trees lining the sides.","There are leafless trees visible along the sidewalk, particularly on the left side of the image.","The footway is a paved area for pedestrians, with white lines marking the crosswalks.","The base of the buildings along this street appears to be made of concrete and brick, with some buildings having a more modern, glassy appearance."
east_36th_street/east_to_west/010_n00398_W.jpg,n00398,0.573758109085401,"The street is wide and has multiple lanes of traffic, with sidewalks on either side. There are trees and benches along the sidewalk, providing a pleasant environment for pedestrians.","There are trees visible on the left side of the image, near the sidewalk and street.","The footway is a paved area for pedestrians, with a bench and a tree visible along its length.","The base of the buildings along this street appears to be made of concrete and has a variety of architectural styles. Some buildings have large windows, while others have more solid facades."
east_36th_street/east_to_west/011_n00397_W.jpg,n00397,0.6761933744758502,"The street is bustling with activity, featuring tall buildings, traffic lights, and pedestrians.","There are trees visible on the left side of the image, near the sidewalk and street.","The footway is a paved area for pedestrians, with a sidewalk for walking and a curb for separation from the road.","The base of the buildings along this street includes a mix of commercial and residential elements, with some buildings having ground-level shops or offices and others having residential apartments."
east_36th_street/east_to_west/012_n00396_W.jpg,n00396,0.6619032776475755,"The street is bustling with activity, featuring a mix of pedestrians, vehicles, and buildings. The presence of traffic lights and street signs indicates a well-organized urban environment.","There are trees visible in the background, located between the buildings and the street.","The footway is a paved area for pedestrians, with a crosswalk marked by white lines.","The base of the buildings along this street includes storefronts and commercial spaces, with some buildings having ground-level retail or office spaces."
east_36th_street/east_to_west/013_n00395_W.jpg,n00395,0.637814767144542,"The street is bustling with activity, featuring a mix of pedestrians and vehicles. The sidewalks are lined with shops and buildings, and the presence of traffic and pedestrians suggests a lively urban environment.","There are leafless trees visible along the sidewalk, particularly near the intersection and on the right side of the image.","The footway is a paved area for pedestrians, with a person walking on it.","The base of the buildings along this street includes storefronts and commercial spaces, with one notable store named ""D"" visible on the left side."
east_36th_street/east_to_west/014_n00394_W.jpg,n00394,0.5970976637732778,"The street is lined with buildings and has a few parked cars, making it a typical urban environment for walking.","There are trees visible on the right side of the image, along the sidewalk.",The footway is lined with trees and has a sidewalk with a few benches and a trash can.,The base of the buildings along this street includes storefronts and ground-level commercial spaces.
east_36th_street/east_to_west/015_n00393_W.jpg,n00393,0.6654493049199128,"The street appears to be busy with vehicles and buildings, making it a typical urban environment.","There are trees visible on the sidewalk, located between the buildings and the street.","The footway is a paved area along the side of the road, with a sidewalk for pedestrians.","The base of the buildings along this street includes a mix of ground-level commercial spaces and residential entrances, with some buildings having storefronts and others having direct access to apartment entrances."
east_36th_street/east_to_west/016_n00392_W.jpg,n00392,0.6152679414022282,"The street is lined with tall buildings, and there are a few cars parked along the side. The sidewalk appears to be wide and well-maintained.","There are trees visible on the left side of the image, near the sidewalk.",The footway is lined with trees and has a sidewalk with a railing.,"The base of the buildings along this street includes ground-level commercial spaces, such as shops and restaurants, with large windows and awnings."
east_36th_street/east_to_west/017_n00391_W.jpg,n00391,0.5846269676085681,"The street is lined with tall buildings, and there are a few cars parked along the side. The sidewalk appears to be in good condition, and there are some trees and greenery visible.","There are trees visible on the sidewalks, particularly on the right side of the street.",The footway is lined with trees and has a sidewalk on both sides of the street.,"The base of the buildings along this street includes a sidewalk, a street, and some trees."
east_36th_street/east_to_west/018_n00390_W.jpg,n00390,0.6951500034171272,"The street is lined with tall buildings, and there are a few cars parked along the side. The sidewalk appears to be well-maintained, and there are some trees and greenery visible.","There are trees visible on the left side of the image, near the buildings.",The footway is lined with a metal fence and has a few pedestrians walking.,"The base of the buildings along this street includes ground-level commercial spaces, such as shops and restaurants, with large windows and awnings. There are also fire escapes and utility boxes visible on the facades of the buildings."
east_36th_street/east_to_west/019_n00389_W.jpg,n00389,0.6095176823281376,"The street is wide and has multiple lanes, with buildings on both sides and a few vehicles visible. It appears to be a typical urban street with no pedestrians.","There are trees visible on the left side of the street, near the buildings.",The footway is lined with trees and has a bicycle parked on it.,"The base of the buildings along this street includes a sidewalk, a street, and some scaffolding."
east_36th_street/east_to_west/020_n00388_W.jpg,n00388,0.5602381348452399,"The street is lined with tall buildings, and there are a few vehicles parked along the side. The sidewalk appears to be in good condition, and there are some pedestrians walking.","There are bushes visible on the left side of the image, near the sidewalk.",The footway is lined with buildings and has a few pedestrians walking.,"The base of the buildings along this street includes ground-level commercial spaces, such as shops and restaurants, and the street itself is lined with various vehicles, including cars and trucks."
east_36th_street/east_to_west/021_n00387_W.jpg,n00387,0.5398242195783619,"The street is wide and has multiple lanes of traffic, with buildings on both sides. There are sidewalks and some pedestrians visible.","There is a small tree visible on the left side of the image, near the sidewalk.",The footway is lined with trees and has a red awning over the entrance of a building.,The base of the buildings along this street includes storefronts and awnings.
east_36th_street/east_to_west/022_n00386_W.jpg,n00386,0.5714957347739724,"The street is bustling with activity, featuring pedestrians, construction workers, and vehicles. The presence of traffic cones and construction barriers indicates ongoing work, making it a dynamic urban environment.","There is a small tree visible on the left side of the image, near the sidewalk.",The footway is a pedestrian area with a crosswalk for crossing the street. There are traffic cones and construction barriers indicating ongoing work or maintenance.,"The base of the buildings along this street includes ground-level commercial establishments, pedestrian walkways, and street-level entrances to the buildings."
east_36th_street/east_to_west/023_n00385_W.jpg,n00385,0.6106982647478496,"The street is wide and has multiple lanes of traffic, with crosswalks and buildings on both sides.","There are trees visible in the background, lining the street and providing shade.",The footway is a pedestrian area with crosswalks and sidewalks.,The base of the buildings along this street includes storefronts and a construction site with orange barriers and construction equipment.
east_36th_street/east_to_west/024_n00384_W.jpg,n00384,0.4781246507425826,"The street is lined with buildings and has a sidewalk on one side. There are cars parked along the street, and construction barriers are visible on the left side.","There are trees visible on the left side of the image, near the construction site.",The footway is lined with trees and has a railing along the side.,The base of the buildings along this street is made of brick.
east_36th_street/east_to_west/025_n00383_W.jpg,n00383,0.60226660456395,"The street is bustling with activity, featuring a mix of pedestrians and vehicles. The sidewalks are lined with buildings, and there are various storefronts and services available, including a medical clinic. The presence of construction barriers suggests ongoing development or maintenance work in the area.","There is a tree visible on the left side of the image, near the sidewalk.",The footway is paved and has a fire hydrant and a trash can on it.,"The base of the buildings along this street includes storefronts and ground-level businesses, with signs and advertisements visible."
east_36th_street/east_to_west/026_n00382_W.jpg,n00382,0.7825319716685983,"The street is lined with tall buildings, and there are a few cars parked along the side. The sidewalk is wide and appears to be well-maintained.","There are potted plants on the right side of the image, near the buildings.",The footway is paved with concrete and has a few potted plants along the edge.,The base of the buildings along this street is made of brick.
east_36th_street/east_to_west/027_n00381_W.jpg,n00381,0.7710991682105206,"The street is lined with tall buildings, trees, and parked cars. It appears to be a typical urban environment with a mix of residential and commercial buildings.","There are trees visible along the sidewalk, particularly on the right side of the image, and a small bush in a planter on the right side as well.",The footway is lined with trees and has a few orange traffic cones placed along the edge.,"The base of the buildings along this street includes ground-level commercial spaces, such as shops and restaurants, with large windows and awnings. There are also a few trees and planters along the sidewalk, adding a touch of greenery to the urban environment."
east_36th_street/east_to_west/028_n00380_W.jpg,n00380,0.7228644250762191,"The street is lined with tall buildings, trees, and a few parked cars. It appears to be a typical urban environment with a mix of residential and commercial buildings.","There are trees visible on the sidewalks, particularly on the left side of the street and near the center.",The footway is paved with concrete and has a sidewalk lamp post.,"The base of the buildings along this street includes ground-level commercial spaces, such as shops and restaurants, with large windows and awnings. There are also trash bins and a small tree in a planter on the sidewalk."
east_36th_street/east_to_west/029_n00379_W.jpg,n00379,0.69614154888027,"The street is lined with tall buildings, trees, and a few pedestrians. It appears to be a typical urban environment with a mix of residential and commercial buildings.","There are trees visible on the sidewalks, particularly on the right side of the image, and there are also some small bushes near the buildings.","The footway is paved with concrete and has a sidewalk on either side of the street. There are trees and street lamps along the sidewalk, and a few people are walking or standing.","The base of the buildings along this street includes a sidewalk, a street, and some trees."
east_36th_street/east_to_west/030_n00378_W.jpg,n00378,0.7799629395523001,"The street is bustling with activity, featuring a mix of pedestrians and vehicles. The presence of traffic lights and crosswalks indicates a well-organized urban environment.","There are trees visible in the background, lining the street and providing shade.","The footway is a paved area for pedestrians, with a sidewalk on the right side of the image.","The base of the buildings along this street includes a mix of ground-level commercial spaces and residential entrances, with some buildings featuring small storefronts and others having direct access to apartment buildings."
east_36th_street/east_to_west/031_n00377_W.jpg,n00377,0.8052774159316214,"The street is bustling with activity, with cars and pedestrians moving along the sidewalks and streets. The buildings are tall and closely packed, creating a dense urban environment.","There are trees visible in the background, lining the street and providing shade.","The footway is a paved area for pedestrians, with crosswalks and sidewalks visible.",The base of the buildings along this street includes a mix of ground-level commercial spaces and residential entrances.
east_36th_street/east_to_west/032_n00376_W.jpg,n00376,0.6951980903414763,"The street is lined with tall buildings, trees, and parked cars. It appears to be a quiet urban area with a mix of residential and commercial buildings.",There are trees with blooming white flowers on the left side of the street and a small tree with no leaves on the right side of the street.,The footway is lined with trees and has a metal railing along the side.,"The base of the buildings along this street includes a sidewalk, a street, and some trees."
east_36th_street/east_to_west/033_n00375_W.jpg,n00375,0.8831241151517952,"The street is lined with tall buildings, trees, and parked cars, creating a typical urban environment.","There are trees visible along the sidewalk, particularly on the right side of the image, and there are also some bushes near the buildings.",The footway is lined with trees and has a few steps leading up to a building entrance.,"The base of the buildings along this street includes a sidewalk, steps leading to the entrances, and some plants or flower boxes."
east_36th_street/east_to_west/034_n00374_W.jpg,n00374,0.8136243040806277,"The street is lined with tall buildings, trees, and a few pedestrians. It appears to be a quiet urban area with a mix of residential and commercial buildings.","There are trees visible on the right side of the image, lining the sidewalk.",The footway is lined with trees and has a few people walking on it.,"The base of the buildings along this street includes stone or brick facades, with some having steps leading up to the entrances."
east_36th_street/east_to_west/035_n00373_W.jpg,n00373,0.8480796233354364,The street is lined with tall buildings and has a few trees along the sidewalk. It appears to be a quiet urban area with minimal traffic.,"There are trees lining the street, and bushes are visible in front of some buildings.",The footway is lined with trees and has a metal railing on the right side.,"The base of the buildings along this street includes ground-level commercial spaces, such as shops and cafes, and residential entrances."
east_36th_street/east_to_west/036_n00372_W.jpg,n00372,0.8190503537586862,"The street is lined with tall buildings, trees, and a few parked cars. It appears to be a typical urban environment with a mix of residential and commercial buildings.","There are trees visible on the sidewalks, particularly on the right side of the street, and some greenery near the buildings.",The footway is lined with trees and has a sidewalk on both sides of the street.,"The base of the buildings along this street includes ground-level commercial spaces, such as a parking garage, and residential entrances with awnings and windows."
east_36th_street/east_to_west/037_n00371_W.jpg,n00371,0.7350446273000206,"The street is lined with tall buildings and has a few trees, providing a mix of urban and natural elements.","There are trees visible on the sidewalks, specifically on the left and right sides of the street.",The footway is lined with trees and has a metal railing along the side.,"The base of the buildings along this street includes a sidewalk, a street, and some trees."
east_36th_street/east_to_west/038_n00370_W.jpg,n00370,0.7535912239893092,"The street is wide and has multiple lanes of traffic, with tall buildings on either side. There are also pedestrian crosswalks and traffic lights to navigate.","There are trees with pink blossoms visible on the left side of the image, near the crosswalk.",The footway is wide and has a crosswalk for pedestrians to safely cross the street.,"The base of the buildings along this street includes ground-level commercial spaces and possibly retail stores, as indicated by the presence of storefronts and signs at street level."
east_36th_street/east_to_west/039_n00369_W.jpg,n00369,0.808319980097788,"The street is bustling with activity, featuring tall buildings, pedestrians, and vehicles.","There are trees visible on the right side of the image, near the buildings.","The footway is a pedestrian crossing with white stripes, located in the middle of the street.","The base of the buildings along this street includes ground-level commercial spaces, pedestrian walkways, and street-level entrances."
east_36th_street/east_to_west/040_n00368_W.jpg,n00368,0.799609476140803,"The street is lined with tall buildings, has parked cars along the sidewalk, and features a clear path for pedestrians to walk down.","There are bushes visible on the right side of the image, near the sidewalk.",The footway is paved with concrete and has a sidewalk lamp post.,The base of the buildings along this street is made of concrete and has a few plants and shrubs in front of it.
east_36th_street/east_to_west/041_n00367_W.jpg,n00367,0.616385415898027,"The street is lined with tall buildings, trees, and a parking garage on the left side. It appears to be a typical urban environment with a mix of residential and commercial buildings.","There are trees with bare branches on the right side of the image, and a small patch of greenery with flowers near the sidewalk on the right.",The footway is lined with trees and has a metal railing along the sidewalk.,"The base of the buildings along this street includes ground-level commercial spaces, such as a parking garage and a storefront, as well as residential entrances with decorative railings and flower beds."
east_36th_street/east_to_west/042_n00366_W.jpg,n00366,0.760524069536494,"The street is lined with tall buildings, trees, and parked cars. It appears to be a busy urban area with a mix of residential and commercial buildings.","There are trees visible on the right side of the image, near the sidewalk and street.",The footway is lined with trees and has a black metal fence along the side.,"The base of the buildings along this street includes ground-level commercial spaces, such as shops and restaurants, with large windows and awnings."
east_36th_street/east_to_west/043_n00365_W.jpg,n00365,0.7692526329953042,"The street is lined with tall buildings, trees, and a few cars parked along the side. It appears to be a typical urban environment with a mix of residential and commercial buildings.","There are trees visible on both sides of the street, with one tree on the left side and another on the right side, closer to the sidewalk.",The footway is lined with trees and has a metal fence along the side of the road.,"The base of the buildings along this street includes a mix of ground-level commercial spaces and residential entrances, with some buildings featuring large windows and others with more solid facades."
east_36th_street/east_to_west/044_n00364_W.jpg,n00364,0.752564398713956,"The street is lined with buildings, including a brick building with a sign that says ""Adesso"" and a white building with a green roof. There are cars parked along the street, and the sidewalk is visible.","There are leafless trees lining the street, visible on both sides of the road.","The footway is a paved area along the street, with a metal fence running parallel to it.","The base of the buildings along this street includes a mix of ground-level commercial spaces and possibly residential units, with some buildings having storefronts and others having entrances at street level."
east_36th_street/east_to_west/045_n00363_W.jpg,n00363,0.6247467756912128,"The street is bustling with activity, featuring a mix of pedestrians and vehicles. The presence of construction and scaffolding indicates ongoing development, adding to the dynamic urban environment.",There is no vegetation visible in this view.,"The footway is a paved area for pedestrians, with a sidewalk on both sides of the street.","The base of the buildings along this street includes a mix of ground-level commercial spaces and residential entrances, with some buildings featuring decorative elements like arched windows and ornate doorways."
east_36th_street/east_to_west/046_n00362_W.jpg,n00362,0.6611460010069764,"The street is bustling with activity, featuring a mix of pedestrians and vehicles. The presence of construction scaffolding on one side indicates ongoing development, adding to the dynamic urban environment.","There is a tree visible on the right side of the image, near the construction site.","The footway is a pedestrian crossing with white stripes, allowing people to cross the street safely.",The base of the buildings along this street includes ground-level commercial spaces with large windows and a few pedestrians walking by.
east_36th_street/east_to_west/047_n00361_W.jpg,n00361,0.5734557619552645,"The street appears to be busy with pedestrians and vehicles, including cars and construction equipment. There are also construction barriers and scaffolding visible, indicating ongoing work.",There is no vegetation visible in this view.,"The footway is a pedestrian area with people walking and standing. There are barriers and construction materials on the side, indicating ongoing construction or maintenance work.",The base of the buildings along this street includes ground-level commercial spaces with large windows and a mix of brick and concrete facades. There are also construction barriers and scaffolding indicating ongoing development.
east_36th_street/west_to_east/001_n00361_E.jpg,n00361,0.5734557619552645,"The street is bustling with activity, featuring a mix of pedestrians, vehicles, and buildings. The presence of crosswalks and traffic signals indicates a well-organized urban environment.","There are trees visible on the left side of the image, near the sidewalk.",The footway is a pedestrian area with crosswalks and people walking.,The base of the buildings along this street includes ground-level storefronts and a sidewalk with pedestrians.
east_36th_street/west_to_east/002_n00362_E.jpg,n00362,0.6611460010069764,"The street is wide and has a pedestrian crossing. There are buildings on both sides, and a few people are walking or standing.","There are trees visible in the distance, lining the street and providing shade.","The footway is a paved area for pedestrians, with a crosswalk marked by white stripes.",The base of the buildings along this street is made of brick and has a few windows.
east_36th_street/west_to_east/003_n00363_E.jpg,n00363,0.6247467756912128,"The street is lined with tall buildings and has a few trees, providing a pleasant walk with some shade.","There are leafless trees lining the street, visible on both sides of the road.",The footway is lined with trees and has a black metal fence along the side of the street.,"The base of the buildings along this street is made of stone and brick, with some having decorative elements like columns and arches."
east_36th_street/west_to_east/004_n00364_E.jpg,n00364,0.752564398713956,"The street is lined with tall buildings, trees, and a few pedestrians. It appears to be a typical urban environment with a mix of residential and commercial buildings.","There are trees visible along the street, particularly on the left side, and some bushes near the buildings on the right side.",The footway is lined with trees and has a metal fence along the side of the street.,"The base of the buildings along this street includes ground-level commercial spaces, such as shops and restaurants, with large windows and storefronts."
east_36th_street/west_to_east/005_n00365_E.jpg,n00365,0.7692526329953042,"The street is lined with tall buildings, trees, and a few parked cars. It appears to be a typical urban environment with a mix of residential and commercial buildings.","There are trees visible on the left side of the image, along the sidewalk.",The footway is lined with trees and has a railing along the edge.,"The base of the buildings along this street includes ground-level entrances, windows, and a few trees."
east_36th_street/west_to_east/006_n00366_E.jpg,n00366,0.760524069536494,"The street is lined with tall buildings, trees, and parked cars, creating a typical urban environment.",There are trees lining the street on the left side and some greenery near the buildings on the right side.,The footway is lined with trees and has a sidewalk along the street.,The base of the buildings along this street is made of brick and has a few windows.
east_36th_street/west_to_east/007_n00367_E.jpg,n00367,0.616385415898027,"The street is lined with tall buildings, and there are a few trees and plants along the sidewalk.","There are leafless trees visible along the sidewalk, particularly near the buildings and the street.",The footway is paved and has a railing on the left side.,The base of the buildings along this street is made of concrete and has a few steps leading up to the entrance.
east_36th_street/west_to_east/008_n00368_E.jpg,n00368,0.799609476140803,"The street is bustling with activity, featuring tall buildings, a crosswalk, and various vehicles.","There are trees with pink blossoms on the sidewalk, located on the right side of the image, near the crosswalk.","The footway is a paved area with a crosswalk, lined with greenery and a row of buildings.","The base of the buildings along this street is made of brick and concrete, with some greenery and plants lining the sidewalk."
east_36th_street/west_to_east/009_n00369_E.jpg,n00369,0.808319980097788,"The street is wide and has multiple lanes for vehicles, with sidewalks on both sides. There are also traffic lights and street signs to guide pedestrians and drivers.","There are trees with pink blossoms on the right side of the image, near the buildings.","The footway is a paved area for pedestrians, with a curb separating it from the road.",The base of the buildings along this street is made of concrete and has a few trees and plants in front of it.
east_36th_street/west_to_east/010_n00370_E.jpg,n00370,0.7535912239893092,"The street is lined with tall buildings, trees, and a few pedestrians. It appears to be a typical urban environment with a mix of residential and commercial buildings.","There are trees visible along the street, particularly on the right side, and some bushes near the sidewalk on the left.",The footway is a paved area with a sidewalk that runs along the side of the road. It appears to be wide enough to accommodate pedestrians comfortably.,"The base of the buildings along this street includes a sidewalk, a crosswalk, and a few parked cars."
east_36th_street/west_to_east/011_n00371_E.jpg,n00371,0.7350446273000206,"The street is lined with brick buildings, trees, and a few parked cars. It appears to be a quiet urban area with a mix of residential and commercial buildings.","There are trees visible along the street, particularly on the left side, and a flower bed with yellow flowers near the sidewalk.","The footway is a paved area with a metal railing along the edge, and there are some flowers and plants in a small garden area.","The base of the buildings along this street includes ground-level commercial spaces, such as shops and restaurants, and residential entrances."
east_36th_street/west_to_east/012_n00372_E.jpg,n00372,0.8190503537586862,"The street is lined with tall buildings, trees, and a few pedestrians.","There are trees visible along the sidewalk, particularly on the left side of the street, and some bushes near the buildings.",The footway is lined with trees and has a sidewalk with a green awning over a building entrance.,"The base of the buildings along this street includes ground-level entrances, windows, and a sidewalk."
east_36th_street/west_to_east/013_n00373_E.jpg,n00373,0.8480796233354364,"The street is lined with tall buildings, trees, and parked cars. It appears to be a typical urban environment with a mix of residential and commercial buildings.","There are trees visible along the street, particularly on the left side, and some bushes near the buildings.",The footway is lined with trees and has a metal fence along the side of the buildings.,"The base of the buildings along this street includes a sidewalk, a street, and some parked vehicles."
east_36th_street/west_to_east/014_n00374_E.jpg,n00374,0.8136243040806277,"The street is lined with tall buildings, trees, and parked cars. It appears to be a typical urban environment with a mix of residential and commercial buildings.","There are trees lining the street, visible from the sidewalk to the road, and a small bush near the sidewalk on the left side of the image.",The footway is lined with trees and has a bicycle lying on the ground.,"The base of the buildings along this street includes ground-level commercial spaces, such as shops and cafes, with large windows and doors."
east_36th_street/west_to_east/015_n00375_E.jpg,n00375,0.8831241151517952,"Walking down this street would be pleasant, with trees lining the sidewalk and a variety of buildings providing a sense of urban charm.","There are trees with white blossoms on the right side of the street, and a tree with green leaves on the left side of the street.","The footway is paved with concrete and has a curb separating it from the street. There are a few trees and plants along the sidewalk, and a trash can is visible near the corner.","The base of the buildings along this street includes steps, railings, and a sidewalk."
east_36th_street/west_to_east/016_n00376_E.jpg,n00376,0.6951980903414763,"The street is lined with tall buildings, trees, and a few pedestrians. There are no visible obstacles or hazards.","There are trees visible on the sidewalks, particularly on the left side of the image near the buildings and on the right side closer to the street.","The footway is lined with trees and has a sign indicating ""No Standing Anytime."" There are also some boxes and debris on the sidewalk.","The base of the buildings along this street includes a sidewalk, a street, and some street furniture such as a fire hydrant and a sign."
east_36th_street/west_to_east/017_n00377_E.jpg,n00377,0.8052774159316214,"The street is bustling with pedestrians and vehicles, making it lively and dynamic.","There are trees visible on the left side of the image, near the buildings.",The footway is a pedestrian crossing with white stripes on the road.,"The base of the buildings along this street includes ground-level commercial spaces, such as shops and restaurants, with large windows and awnings."
east_36th_street/west_to_east/018_n00378_E.jpg,n00378,0.7799629395523001,"The street is lined with tall buildings, trees, and a few pedestrians. It appears to be a typical urban environment with a mix of commercial and residential buildings.","There are trees visible along the sidewalk, particularly on the left side of the image, and some bushes near the buildings.",The footway is paved with concrete and has a sidewalk with a railing on the left side. There are a few people walking on the sidewalk.,"The base of the buildings along this street includes a sidewalk, a fire hydrant, and a few trees."
east_36th_street/west_to_east/019_n00379_E.jpg,n00379,0.69614154888027,"The street is lined with tall buildings, and there are cars parked along the curb. It appears to be a busy urban area.","There is a tree on the left side of the image, and some bushes are visible near the sidewalk.",The footway is paved and has a tree and a railing along its edge.,"The base of the buildings along this street includes ground-level commercial spaces, such as offices and retail stores, with large windows and glass doors."
east_36th_street/west_to_east/020_n00380_E.jpg,n00380,0.7228644250762191,"The street is lined with tall buildings and has a few cars parked along the side. There are also traffic cones and a gated entrance, indicating some construction or maintenance work.","There are trees visible along the sidewalk, particularly on the right side of the image, near the buildings.",The footway is lined with black trash bins and has orange traffic cones on the edge.,"The base of the buildings along this street includes a sidewalk, a street, and some parked cars."
east_36th_street/west_to_east/021_n00381_E.jpg,n00381,0.7710991682105206,"The street is lined with buildings, trees, and parked cars, creating a typical urban environment.","There is a small tree with bare branches on the sidewalk, and a potted plant near the curb.","The footway is a paved area with a sidewalk, a tree, and a planter.","The base of the buildings along this street includes a sidewalk, a street, and some parked cars."
east_36th_street/west_to_east/022_n00382_E.jpg,n00382,0.7825319716685983,"The street is busy with cars and buildings on both sides, making it a typical urban environment.","There are trees visible on the right side of the image, near the buildings.",The footway is paved and has a sidewalk with a railing on the left side.,"The base of the buildings along this street includes a sidewalk, a street, and some parked cars."
east_36th_street/west_to_east/023_n00383_E.jpg,n00383,0.60226660456395,"The street is bustling with activity, featuring a mix of pedestrians and vehicles. The sidewalks are lined with buildings, and the road is filled with cars, indicating a busy urban environment.","There are leafless trees visible on the right side of the image, along the sidewalk.",The footway is paved with concrete and has a metal railing on the left side.,"The base of the buildings along this street includes storefronts and ground-level businesses, with some buildings having fire escapes and awnings."
east_36th_street/west_to_east/024_n00384_E.jpg,n00384,0.4781246507425826,"The street is busy with cars and pedestrians, making it a bustling urban environment.","There are trees visible on the right side of the image, near the buildings.",The footway is wide and has a sidewalk with a curb.,The base of the buildings along this street includes storefronts and a construction site.
east_36th_street/west_to_east/025_n00385_E.jpg,n00385,0.6106982647478496,"The street is bustling with activity, featuring tall buildings, traffic lights, and various storefronts.","There are trees visible on the right side of the image, near the buildings.",The footway is a pedestrian area with crosswalks and sidewalks.,"The base of the buildings along this street includes ground-level commercial spaces, pedestrian crosswalks, and street-level traffic signals."
east_36th_street/west_to_east/026_n00386_E.jpg,n00386,0.5714957347739724,"The street is lined with tall buildings, and there are a few cars parked along the side. The sidewalk appears to be well-maintained, and there are trees and street signs visible.","There is a tree visible on the right side of the image, near the sidewalk.",The footway is lined with trees and has a sidewalk with a curb.,The base of the buildings along this street includes storefronts and awnings.
east_36th_street/west_to_east/027_n00387_E.jpg,n00387,0.5398242195783619,The street is lined with tall buildings and has a few vehicles parked along the side. It appears to be a typical urban environment with a mix of commercial and residential buildings.,"There are trees visible on the right side of the image, near the buildings.",The footway is lined with buildings and has a few parked vehicles along its length.,"The base of the buildings along this street includes a mix of commercial and residential spaces, with some buildings having ground-level storefronts and others having ground-level apartments or offices."
east_36th_street/west_to_east/028_n00388_E.jpg,n00388,0.5602381348452399,"The street is wide and has a smooth surface, making it suitable for walking. There are no visible obstacles or hazards on the street.","There are bushes visible on the right side of the image, near the buildings.",The footway is lined with trees and has a few potted plants.,The base of the buildings along this street includes storefronts and a mural of a woman.
east_36th_street/west_to_east/029_n00389_E.jpg,n00389,0.6095176823281376,"The street is wide and has a smooth surface, making it suitable for walking. There are no visible obstacles or hazards on the street itself.",There are no visible plants or vegetation in this view.,The footway is paved and has a sidewalk with a railing on the left side.,"The base of the buildings along this street includes a mix of ground-level commercial spaces, pedestrian walkways, and some construction scaffolding. There are also a few orange traffic cones placed on the sidewalk, indicating some ongoing work or restrictions."
east_36th_street/west_to_east/030_n00390_E.jpg,n00390,0.6951500034171272,"The street is wide and has multiple lanes of traffic, with buildings on both sides. There are also some pedestrians and vehicles visible.","There are trees visible on the sidewalks, particularly on the right side of the street.",The footway is lined with trees and has a bench on the left side.,"The base of the buildings along this street includes storefronts and ground-level commercial spaces, with some buildings having exterior staircases and fire escapes."
east_36th_street/west_to_east/031_n00391_E.jpg,n00391,0.5846269676085681,"The street is wide and has multiple lanes, with buildings on both sides and a few vehicles on the road.","There are trees visible in the distance, lining the street and providing a touch of greenery amidst the urban environment.",The footway is paved and has a sidewalk with a few benches and a trash can.,"The base of the buildings along this street includes ground-level commercial spaces, such as shops and restaurants, and residential entrances with decorative elements like arches and balconies."
east_36th_street/west_to_east/032_n00392_E.jpg,n00392,0.6152679414022282,"The street is wide and has a smooth surface, making it suitable for walking. There are sidewalks on both sides, providing a safe path for pedestrians.","There are trees visible along the street, particularly on the left side, and some bushes near the buildings on the right side.",The footway is paved and has a sidewalk with a few trees and a bench.,"The base of the buildings along this street includes ground-level commercial spaces, pedestrian walkways, and street-level entrances to the buildings."
east_36th_street/west_to_east/033_n00393_E.jpg,n00393,0.6654493049199128,"The street is busy with cars and buildings, making it a bustling urban environment.","There are trees visible on the left side of the image, along the sidewalk.",The footway is lined with trees and has a sidewalk for pedestrians.,The base of the buildings along this street includes storefronts and ground-level commercial spaces.
east_36th_street/west_to_east/034_n00394_E.jpg,n00394,0.5970976637732778,"The street appears to be busy with vehicles and pedestrians, with tall buildings lining the sides.","There are leafless trees visible on the right side of the image, near the sidewalk.",The footway is paved and has a person walking on it.,"The base of the buildings along this street includes ground-level commercial spaces, such as stores and offices, with large windows and signs indicating their purpose. There are also street-level entrances with stairs leading up to the buildings."
east_36th_street/west_to_east/035_n00395_E.jpg,n00395,0.637814767144542,"The street is wide and has many crosswalks, making it safe for pedestrians.","There are trees visible on the right side of the image, near the buildings and the crosswalk.","The footway is visible and appears to be well-maintained, with clear pedestrian crossings and sidewalks.",The base of the buildings along this street is made of concrete and has a variety of colors and textures.
east_36th_street/west_to_east/036_n00396_E.jpg,n00396,0.6619032776475755,"The street is wide with multiple lanes of traffic, crosswalks, and tall buildings in the background. It appears to be a busy urban area with pedestrians and vehicles.","There are leafless trees visible on the right side of the image, near the sidewalk and the fence.","The footway is a paved area for pedestrians, with white lines marking the crosswalks.",The base of the buildings along this street is made of concrete and has a modern design.
east_36th_street/west_to_east/037_n00397_E.jpg,n00397,0.6761933744758502,"The street is wide and has clear markings for pedestrians and vehicles. There are trees and buildings lining the street, providing a mix of natural and urban elements.","There are leafless trees visible on the right side of the image, near the sidewalk and the road.",The footway is lined with trees and has a bicycle parked on it.,The base of the buildings along this street appears to be made of concrete and has a modern architectural style.
east_36th_street/west_to_east/038_n00398_E.jpg,n00398,0.573758109085401,"The street is wide and has multiple lanes, making it suitable for both pedestrians and vehicles. There are traffic lights and street signs to guide the flow of traffic.","There is a tree visible on the right side of the image, near the sidewalk.","The footway is a paved area along the side of the road, with a sidewalk for pedestrians to walk on.",The base of the buildings along this street appears to be made of concrete and has a modern architectural style.
east_36th_street/west_to_east/039_n00399_E.jpg,n00399,0.4906246456026392,"The street appears to be wide and well-paved, with clear markings and a few construction signs indicating possible roadwork. There are no pedestrians visible, and the surrounding area includes tall buildings and a park.",There are leafless trees lining the sidewalk on the right side of the image.,The footway is lined with trees and has a metal fence along its side.,The base of the buildings along this street appears to be made of concrete and features large windows and balconies.
east_36th_street/west_to_east/040_n00400_E.jpg,n00400,0.4024362704278214,"The street is wide and has a smooth surface, making it suitable for walking. There are trees and buildings lining the street, providing a pleasant environment.","There are leafless trees lining the street, visible on both sides of the road, and a park with green grass and trees further down the street.",The footway is lined with trees and has a metal fence along its length.,The base of the buildings along this street is made of concrete and has a variety of architectural styles.
east_36th_street/west_to_east/041_n00401_E.jpg,n00401,0.3526678927641024,"The street is wide and has a smooth surface, making it suitable for walking. There are trees and buildings along the sides, providing a pleasant environment.","There are leafless trees lining the street, visible on both sides of the road.",The footway is lined with trees and has a metal fence along its length.,The base of the buildings along this street is covered with green construction fencing.
east_36th_street/west_to_east/042_n00402_E.jpg,n00402,0.2886389353035971,The street appears to be relatively quiet with a few cars and some construction barriers along the sidewalk. The presence of trees and buildings suggests it's an urban environment.,"There are leafless trees lining the street, visible on both sides of the road.",The footway is lined with trees and has a sidewalk with a metal fence.,The base of the buildings along this street is not visible in the image.
east_36th_street/west_to_east/043_n00403_E.jpg,n00403,0.3442123006897014,"The street is wide and has a smooth surface, making it suitable for walking. There are trees and buildings on either side, providing a pleasant urban environment.","There are leafless trees lining the street, visible on both sides of the road.",The footway is paved and has a sidewalk on the right side.,The base of the buildings along this street is made of concrete and appears to be well-maintained.
east_36th_street/west_to_east/044_n00404_E.jpg,n00404,0.2166279367662172,"The street appears to be a busy urban area with tall buildings, trees, and a variety of vehicles, including a garbage truck. The presence of graffiti on the fence and the general cityscape suggest it is a typical city street.","There are trees visible on the left side of the image, along the sidewalk and near the construction barrier.",The footway is not visible in the image.,The base of the buildings along this street is made of concrete and has a few trees in front of it.
east_36th_street/west_to_east/045_n00405_E.jpg,n00405,0.493608363858072,"The street appears to be busy with vehicles, including a yellow taxi and several cars. There are also tall buildings and trees lining the street, providing a mix of urban and natural elements.","There are leafless trees lining the street, visible on both sides of the road, and some trees with green leaves further in the background.",The footway is paved and has a metal fence along its side.,"The base of the buildings along this street includes a mix of commercial and residential elements, with some buildings having ground-level shops or offices, and others featuring residential apartments or condos."
east_36th_street/west_to_east/046_n00406_E.jpg,n00406,0.4711627096145262,"The street appears to be a busy urban area with multiple lanes of traffic, tall buildings, and various signs and street furniture. The presence of construction barriers and orange cones suggests ongoing work or maintenance.","There are leafless trees visible on the right side of the image, near the buildings and the construction area.",The footway is a paved area with white crosswalk lines and a manhole cover.,"The base of the buildings along this street includes a mix of commercial and residential elements. There are storefronts, street signs, and pedestrian crossings visible at the intersection."
east_36th_street/west_to_east/047_n00407_E.jpg,n00407,0.5247203434631906,"The street is bustling with activity, featuring tall buildings, traffic lights, and pedestrians.","There are leafless trees visible on the left side of the image, near the buildings.","The footway is a paved area for pedestrians to walk on, with crosswalks for safe crossing of the street.","The base of the buildings along this street includes ground-level commercial spaces, pedestrian walkways, and street-level traffic signals."
east_37th_street/east_to_west/001_n00454_W.jpg,n00454,0.6451169310015741,"The street is wide and has multiple lanes of traffic, with crosswalks and traffic lights for pedestrians and vehicles. There are tall buildings and trees lining the street, providing a mix of urban and natural elements.","There are trees visible in the view, located on the left side of the image, near the intersection.",The footway is a paved area with white lines marking pedestrian crossings.,"The base of the buildings along this street is made of concrete and has a variety of colors, including beige, brown, and gray."
east_37th_street/east_to_west/002_n00452_W.jpg,n00452,0.6652599200882936,The street is lined with trees and has a sidewalk on one side.,"There are trees visible on the left side of the image, lining the sidewalk and providing shade.",The footway is paved and has a sidewalk with trees and a fence along one side.,The base of the buildings along this street is made of concrete and has a few trees and bushes in front of it.
east_37th_street/east_to_west/003_n00451_W.jpg,n00451,0.7477673219646868,"The street is busy with vehicles, including cars and buses, and there are trees and buildings lining the sides.","There are trees visible on the left side of the image, near the sidewalk and park area, and there are bushes on the right side of the image, near the buildings.","The footway is a paved area adjacent to the street, with a sidewalk for pedestrians.",The base of the buildings along this street is made of concrete and has a modern architectural design.
east_37th_street/east_to_west/004_n00449_W.jpg,n00449,0.7835373308653294,"The street is wide and has multiple lanes of traffic, with sidewalks on both sides. There are trees and buildings lining the street, providing a mix of natural and urban elements.","There are trees visible on the left side of the image, along the sidewalk and near the buildings.",The footway is lined with trees and has a stone barrier.,The base of the buildings along this street is made of brick.
east_37th_street/east_to_west/005_n00448_W.jpg,n00448,0.754170130679622,"The street appears to be a typical urban setting with buildings, vehicles, and trees lining the sidewalk. The presence of vehicles and the urban environment suggests it is a busy area.","There are trees visible on the left side of the image, near the sidewalk and the street.","The footway is a paved area adjacent to the street, with a curb separating it from the road. It appears to be a pedestrian walkway, suitable for people to walk along the street.",The base of the buildings along this street is made of brick and has large windows.
east_37th_street/east_to_west/006_n00447_W.jpg,n00447,0.6670578360334036,The street is wide and has many traffic lights and signs. There are also some construction barriers and a few cars on the road.,"There are trees visible on the right side of the image, near the buildings and the parking garage.",The footway is clear and empty.,"The base of the buildings along this street includes ground-level commercial spaces, such as shops and restaurants, and parking garages."
east_37th_street/east_to_west/007_n00446_W.jpg,n00446,0.6549241328670306,"The street is wide and has multiple lanes, with clear pedestrian crossings and traffic signals. There are buildings on both sides, and the sidewalk is well-maintained.","There are trees visible on the right side of the image, near the buildings, and also on the left side, closer to the road.","The footway is a pedestrian path along the side of the road, with crosswalks for safe crossing.","The base of the buildings along this street includes a mix of ground-level commercial spaces, pedestrian walkways, and street-level entrances. There are also various street signs and traffic signals visible."
east_37th_street/east_to_west/008_n00445_W.jpg,n00445,0.7165949929610747,"The street is wide and has clear markings for vehicles, with a sidewalk on the left side and buildings on the right.","There are trees visible on the right side of the image, lining the street.",The footway is paved and has a sidewalk with a few trees and a building on the right side.,"The base of the buildings along this street includes ground-level commercial spaces, such as a store with a sign that reads ""Murphy Beds."" There are also a few construction or storage materials visible near the sidewalk."
east_37th_street/east_to_west/009_n00444_W.jpg,n00444,0.6430768773598303,"The street is wide and has clear markings for vehicles, with trees and buildings lining the sides.","There are trees visible on the right side of the image, near the buildings.",The footway is lined with trees and has a brick building on the right side.,The base of the buildings along this street is made of brick.
east_37th_street/east_to_west/010_n00443_W.jpg,n00443,0.7111926649777994,"The street is wide and has clear pedestrian crossings, making it safe and convenient for walking.","There is a tree visible on the right side of the image, near the sidewalk.","The footway is a paved area for pedestrians, with a sidewalk on the right side of the image and a crosswalk in the center of the intersection.","The base of the buildings along this street includes brick facades, windows, and fire escapes."
east_37th_street/east_to_west/011_n00442_W.jpg,n00442,0.7424241697238714,"The street is wide and has multiple lanes of traffic, with crosswalks and traffic lights for pedestrians and vehicles. There are buildings on both sides, and some trees provide shade.","There are trees visible on the right side of the image, near the buildings.","The footway is a paved area with white crosswalk lines, where pedestrians can walk.","The base of the buildings along this street includes a mix of ground-level commercial spaces, pedestrian walkways, and street-level entrances to residential or office buildings. There are also traffic lights, street signs, and a few pedestrians visible."
east_37th_street/east_to_west/012_n00441_W.jpg,n00441,0.7618858845591263,"The street is lined with buildings, trees, and a UPS truck parked on the side.","There is a tree with green leaves on the sidewalk, located near the middle of the image.",The footway is paved and has a sidewalk with a tree and a building on the right side.,"The base of the buildings along this street includes ground-level commercial spaces, such as a UPS delivery truck and a green awning, as well as residential units with fire escapes and windows."
east_37th_street/east_to_west/013_n00440_W.jpg,n00440,0.5822393696282715,The street is relatively empty with a few pedestrians and vehicles. The presence of scaffolding and construction materials suggests ongoing development or repair work.,"There are trees visible on the right side of the image, near the sidewalk and the buildings.",The footway is lined with trees and has a metal railing along the side.,"The base of the buildings along this street includes a mix of ground-level commercial spaces, pedestrian walkways, and some construction scaffolding. There are also a few trees and benches along the sidewalk."
east_37th_street/east_to_west/014_n00439_W.jpg,n00439,0.7332834543771569,"The street is wide and has a median, making it suitable for pedestrians and vehicles. There are benches and trees along the sidewalk, providing a pleasant environment for walking.","There are trees visible on the left side of the image, near the sidewalk and the road.",The footway is lined with trees and has a bench.,"The base of the buildings along this street includes a mix of ground-level commercial spaces, pedestrian walkways, and some greenery, such as trees and plants, which are integrated into the urban design."
east_37th_street/east_to_west/015_n00438_W.jpg,n00438,0.4523556442537015,"The street is wide and has a sidewalk on both sides, making it suitable for pedestrians.","There are bushes visible on the right side of the image, near the sidewalk.",The footway is lined with a metal railing and has a fire hydrant and a manhole cover visible.,"The base of the buildings along this street includes a mix of ground-level commercial spaces, such as storefronts and offices, as well as some construction scaffolding and a fire hydrant."
east_37th_street/east_to_west/016_n00437_W.jpg,n00437,0.4712312950153378,"The street is wide and has a smooth surface, making it suitable for walking.","There are trees visible in the background, along the sidewalk on the left side of the image.",The footway is made of concrete and has a sidewalk with a curb.,The base of the buildings along this street is made of concrete and has a few manholes.
east_37th_street/east_to_west/017_n00436_W.jpg,n00436,0.5015917879988392,"The street appears to be busy with vehicles and pedestrians, with clear traffic signals and street signs.","There are trees visible in the background, lining the street and providing shade.",The footway is made of concrete and has a sidewalk sign indicating directions.,"The base of the buildings along this street includes a mix of commercial and residential elements, with some buildings having ground-level shops or offices and others featuring residential apartments."
east_37th_street/east_to_west/018_n00435_W.jpg,n00435,0.5332362538076474,"The street appears to be busy with vehicles and pedestrians, making it a bustling urban environment.","There is a tree visible on the right side of the image, near the sidewalk.",The footway is lined with buildings and has a few pedestrians walking.,"The base of the buildings along this street includes ground-level commercial spaces, such as shops and stores, with large windows and doors."
east_37th_street/east_to_west/019_n00434_W.jpg,n00434,0.2687533704485371,"Walking down this street would involve navigating past a construction site with scaffolding and graffiti, as well as vehicles parked along the street.",There is no vegetation visible in this view.,"The footway is narrow and has scaffolding on the left side, with graffiti on the wall.","The base of the buildings along this street includes a mix of materials, with some having brick facades and others featuring concrete or stone bases. There are also visible signs of construction or renovation, such as scaffolding and graffiti."
east_37th_street/east_to_west/020_n00433_W.jpg,n00433,0.5081288654214475,"The street is busy with cars and buildings on both sides, making it a typical urban environment.","There are trees visible in the distance, lining the street and providing shade.",The footway is lined with orange and white construction barriers.,"The base of the buildings along this street includes ground-level commercial spaces, such as shops and offices, with large windows and signs indicating their purpose. There are also barriers and construction elements, suggesting ongoing work or maintenance."
east_37th_street/east_to_west/021_n00432_W.jpg,n00432,0.5273477655875893,"The street is bustling with activity, featuring tall buildings, traffic lights, and pedestrians.","There are trees visible in the background, along the sidewalk on the left side of the image.","The footway is a paved area for pedestrians, with crosswalks and street signs visible.","The base of the buildings along this street includes ground-level commercial spaces, pedestrian walkways, and street-level entrances."
east_37th_street/east_to_west/022_n00431_W.jpg,n00431,0.640750963993099,"The street is wide and has multiple lanes of traffic, with crosswalks and traffic lights for pedestrians and vehicles.","There are trees visible in the background, lining the street and providing shade.","The footway is a wide, pedestrian-friendly area with crosswalks and a sidewalk for pedestrians.","The base of the buildings along this street includes storefronts and ground-level businesses, with some buildings having a mix of commercial and residential uses."
east_37th_street/east_to_west/023_n00430_W.jpg,n00430,0.4984702067339783,"The street appears to be a typical urban environment with buildings, vehicles, and some construction scaffolding visible. The sidewalk is clear, and there are no immediate obstructions for pedestrians.","There is a tree visible on the right side of the image, near the sidewalk.",The footway is lined with trees and has a sidewalk with a bench and a trash can.,"The base of the buildings along this street includes a mix of commercial and residential elements. On the left, there is a construction site with scaffolding and a red storefront, while on the right, there are tall buildings with ground-level commercial spaces and residential apartments above."
east_37th_street/east_to_west/024_n00429_W.jpg,n00429,0.5424125205161879,"The street is busy with cars and buildings, making it a typical urban environment.","There is a tree visible on the sidewalk, and some bushes are located near the buildings on the right side of the image.",The footway is lined with trees and has a metal railing on the left side.,The base of the buildings along this street includes storefronts and a construction site with scaffolding.
east_37th_street/east_to_west/025_n00428_W.jpg,n00428,0.7818343645830715,The street is lined with tall buildings and has a few parked cars. It appears to be a typical urban environment with sidewalks and street signs.,"There is a tree visible on the left side of the image, near the sidewalk.",The footway is paved and has a person walking on it.,"The base of the buildings along this street includes ground-level commercial spaces, such as shops and restaurants, and residential units with entrances and windows."
east_37th_street/east_to_west/026_n00427_W.jpg,n00427,0.8468051990564434,"The street is lined with tall buildings, trees, and parked cars. It appears to be a typical urban environment with a mix of residential and commercial buildings.","There are trees with white blossoms on the right side of the image, and some bushes are visible near the buildings.",The footway is paved with concrete and has a green mailbox and a trash bin.,"The base of the buildings along this street includes a sidewalk, a green mailbox, and a street lamp."
east_37th_street/east_to_west/027_n00426_W.jpg,n00426,0.858447187586042,"Walking down this street would involve navigating sidewalks lined with trees and buildings, with vehicles parked along the street and a clear path for pedestrians.","There is a tree visible in the middle of the street, and some bushes are located near the building on the left side of the image.","The footway is a paved area with a tree in the middle, and it appears to be a pedestrian-friendly space.","The base of the buildings along this street includes a sidewalk, a tree, and a parked car."
east_37th_street/east_to_west/028_n00425_W.jpg,n00425,0.7100720966983023,"The street is lined with tall buildings, trees, and a few vehicles, creating a typical urban environment.","There are trees visible in the view, located on the sidewalks and near the buildings.",The footway is wide and has a concrete surface. There is a staircase leading up to a building entrance on the left side.,"The base of the buildings along this street consists of brick facades with large windows and doors, typical of urban architecture."
east_37th_street/east_to_west/029_n00424_W.jpg,n00424,0.6387477100068557,"The street is bustling with activity, featuring pedestrians, vehicles, and various buildings. The presence of traffic lights and street signs indicates a well-organized urban environment.","There are trees visible in the background, lining the street and providing shade.",The footway is a pedestrian area with crosswalks and a sign indicating directions.,"The base of the buildings along this street appears to be made of brick, with some having a more modern, glass facade."
east_37th_street/east_to_west/030_n00423_W.jpg,n00423,0.7627332098067416,"The street is lined with tall buildings, and there are trees and street signs visible.","There are trees visible along the sidewalk on the left side of the image, providing greenery to the urban environment.",The footway is paved and has a sidewalk with a metal fence along the left side.,The base of the buildings along this street is made of brick and includes a sidewalk and a street.
east_37th_street/east_to_west/031_n00422_W.jpg,n00422,0.8112759043483027,"The street is lined with tall buildings and has a few parked cars, making it a typical urban environment for walking.","There are trees visible along the street, particularly on the left side, and they are located in the middle of the street, providing shade and greenery.","The footway is a paved area along the sidewalk, with a few trees and a lamppost visible.",The base of the buildings along this street is made of brick.
east_37th_street/east_to_west/032_n00421_W.jpg,n00421,0.7772410063512897,"The street is lined with tall buildings, trees, and a few parked cars. It appears to be a quiet urban area with a mix of residential and commercial buildings.","There are trees lining the street, visible on both sides of the road, and some bushes are located near the buildings.",The footway is lined with trees and has a sidewalk with a few benches and potted plants.,"The base of the buildings along this street includes ground-level commercial spaces, such as shops and cafes, with large windows and awnings."
east_37th_street/east_to_west/033_n00420_W.jpg,n00420,0.8531297555422277,The street is lined with tall buildings and has a few trees. There are orange traffic cones and a truck parked on the side.,"There are trees visible on both sides of the street, with their branches casting shadows on the road.",The footway is lined with trees and has orange traffic cones.,"The base of the buildings along this street includes a sidewalk, a street, and some trees."
east_37th_street/east_to_west/034_n00419_W.jpg,n00419,0.7436913617924201,"The street is wide and has a smooth surface, with trees casting shadows and buildings lining both sides.","There are trees visible on both sides of the street, casting shadows on the road.",The footway is lined with trees and has a few people walking on it.,"The base of the buildings along this street includes ground-level commercial spaces, such as shops and restaurants, with large windows and awnings. There are also street-level entrances to residential buildings, featuring doors and windows, and some have outdoor seating areas or planters."
east_37th_street/east_to_west/035_n00418_W.jpg,n00418,0.70037837984196,"The street is wide and has a smooth surface, making it suitable for walking. There are trees and buildings on both sides, providing a pleasant environment.","There are trees visible on the right side of the image, near the sidewalk and buildings.",The footway is lined with trees and has a sidewalk with a metal railing.,"The base of the buildings along this street is made of brick and stone, with some having decorative elements like columns and arches."
east_37th_street/east_to_west/036_n00417_W.jpg,n00417,0.800827122656895,"The street is bustling with activity, featuring a mix of pedestrians and vehicles. The sidewalks are lined with trees and buildings, providing a pleasant environment for a walk.","There are trees with pink blossoms on the sidewalks, located on both sides of the street.","The footway is a paved area for pedestrians, with a sidewalk on the left side of the image and a crosswalk in the center.",The base of the buildings along this street is made of brick.
east_37th_street/east_to_west/037_n00416_W.jpg,n00416,0.812493555664119,"The street is bustling with activity, featuring a mix of pedestrians and vehicles. The presence of crosswalks and traffic lights indicates a well-organized urban environment.","There are trees with pink blossoms on the left and right sides of the image, and a statue of a bull in the center.","The footway is a paved area for pedestrians, with white crosswalk lines marking the path across the street.","The base of the buildings along this street includes a mix of commercial and residential elements, with some buildings having ground-level shops or offices, and others featuring residential apartments or offices."
east_37th_street/east_to_west/038_n00415_W.jpg,n00415,0.8373015206718984,"The street is wide and has multiple lanes of traffic, with crosswalks and street signs visible. Pedestrians can be seen crossing the street, and there are buildings on both sides of the road.","There are trees visible in the background, lining the street and providing shade.",The footway is a pedestrian crossing with white stripes on the road.,The base of the buildings along this street is made of white stone.
east_37th_street/east_to_west/039_n00414_W.jpg,n00414,0.7860457786359198,"The street is lined with buildings and has a few trees, providing a pleasant walk with some shade.","There are trees with white blossoms on the right side of the image, and a tree with no leaves on the left side.",The footway is lined with trees and has a sidewalk with a few people walking.,The base of the buildings along this street is made of concrete and has a few trees and plants in front of it.
east_37th_street/east_to_west/040_n00413_W.jpg,n00413,0.786974806655298,"The street is lined with tall buildings, parked cars, and some pedestrians.","There are trees visible on the right side of the image, lining the street.",The footway is lined with trees and has a few pedestrians walking.,The base of the buildings along this street is made of brick.
east_37th_street/east_to_west/041_n00412_W.jpg,n00412,0.6399077761506182,"The street appears to be a typical urban setting with buildings on both sides, vehicles parked along the curb, and a clear path for pedestrians.","There are trees visible in the background, lining the street.",The footway is narrow and has a green trash bin on it.,"The base of the buildings along this street includes ground-level commercial spaces, such as shops and restaurants, with large windows and signs."
east_37th_street/east_to_west/042_n00411_W.jpg,n00411,0.8665643063886421,"The street is lined with tall buildings, including a mix of modern and older architectural styles. There are a few pedestrians and vehicles, including a truck and a van, visible on the street.","There are trees visible on the right side of the image, near the buildings.",The footway is lined with trees and has a fire hydrant and a manhole cover visible.,"The base of the buildings along this street includes a mix of materials, such as brick and concrete, and features elements like fireplugs and trees."
east_37th_street/east_to_west/043_n00410_W.jpg,n00410,0.7554259750615634,"The street is lined with buildings, trees, and parked cars, creating a typical urban environment.","There are trees visible on the left side of the image, near the sidewalk.",The footway is lined with trees and has a sidewalk with a railing.,The base of the buildings along this street includes storefronts and a sidewalk.
east_37th_street/east_to_west/044_n00409_W.jpg,n00409,0.6174938612338061,"The street is bustling with activity, featuring tall buildings, vehicles, and pedestrians.","There is a tree visible on the left side of the image, near the sidewalk.",The footway is lined with trees and has a sidewalk with a few people walking on it.,"The base of the buildings along this street includes a mix of stone and concrete facades, with some buildings having large windows and others having more solid, closed-off bases."
east_37th_street/east_to_west/045_n00408_W.jpg,n00408,0.7102669328849677,"The street is bustling with activity, featuring tall buildings, vehicles, and pedestrians.","There are trees visible on the left side of the image, near the buildings.",The footway is a pedestrian area with crosswalks and is lined with trees and street lamps.,"The base of the buildings along this street includes ground-level commercial spaces, pedestrian walkways, and street-level entrances."
east_37th_street/west_to_east/001_n00408_E.jpg,n00408,0.7102669328849677,"The street is bustling with activity, featuring pedestrians, vehicles, and various buildings.","There is a tree visible on the right side of the image, near the sidewalk.","The footway is a paved area for pedestrians, with a crosswalk at the intersection.","The base of the buildings along this street includes a mix of materials, such as stone and concrete, and features elements like steps, railings, and decorative moldings."
east_37th_street/west_to_east/002_n00409_E.jpg,n00409,0.6174938612338061,"The street is lined with tall buildings, trees, and parked cars. It appears to be a busy urban area with a mix of commercial and residential buildings.","There are trees visible in the background, lining the street and providing shade.",The footway is lined with trees and has a sidewalk.,"The base of the buildings along this street is made of stone and brick, with some buildings having large windows and others having more solid facades."
east_37th_street/west_to_east/003_n00410_E.jpg,n00410,0.7554259750615634,"The street is lined with tall buildings, has a few trees, and includes a van and some cars parked along the side.","There are trees visible along the street, particularly on the left side, and they are located in the middle of the image, lining the sidewalk.","The footway is a paved area along the side of the road, with a person walking on it.","The base of the buildings along this street includes a mix of stone and brick facades, with some buildings having decorative railings and steps leading up to their entrances."
east_37th_street/west_to_east/004_n00411_E.jpg,n00411,0.8665643063886421,"Walking down this street would be pleasant with the presence of trees and buildings, providing a shaded and urban environment.","There are trees visible along the street, particularly on the left side, and they are also present on the right side, lining the sidewalk.",The footway is lined with trees and has a sidewalk for pedestrians.,"The base of the buildings along this street includes a mix of stone and brick facades, with some buildings having small balconies and others having large windows. There are also a few trees and some street lamps visible at the base of the buildings."
east_37th_street/west_to_east/005_n00412_E.jpg,n00412,0.6399077761506182,"Walking down this street would involve navigating past parked cars, trucks, and buildings, with trees lining the sidewalk and a clear path for pedestrians.","There are trees visible on the left side of the image, lining the street.",The footway is narrow and lined with trees and buildings.,The base of the buildings along this street is made of brick.
east_37th_street/west_to_east/006_n00413_E.jpg,n00413,0.786974806655298,"The street is lined with trees and buildings, providing a pleasant environment for a walk.","There are trees with green leaves and white blossoms lining the street, and bushes are visible near the buildings.",The footway is lined with trees and has a few people walking on it.,The base of the buildings along this street is made of brick.
east_37th_street/west_to_east/007_n00414_E.jpg,n00414,0.7860457786359198,"The street is bustling with activity, featuring tall buildings, trees, and pedestrians.","There are trees with pink blossoms visible on the right side of the image, near the crosswalk.","The footway is a paved area for pedestrians, with a fire hydrant, a manhole cover, and a tree visible.","The base of the buildings along this street includes ground-level commercial spaces, pedestrian walkways, and street-level entrances."
east_37th_street/west_to_east/008_n00415_E.jpg,n00415,0.8373015206718984,"The street is bustling with activity, featuring tall buildings, trees in bloom, and pedestrians crossing the street.","There are pink flowering trees visible on the sidewalks, located on both sides of the street.","The footway is a wide, pedestrian-friendly area with crosswalks and is lined with trees and street lamps.","The base of the buildings along this street includes ground-level commercial spaces, pedestrian walkways, and street-level entrances."
east_37th_street/west_to_east/009_n00416_E.jpg,n00416,0.812493555664119,"The street is bustling with pedestrians and vehicles, making it lively and dynamic.","There are trees visible on the left side of the image, near the buildings and along the sidewalk.","The footway is a pedestrian area with crosswalks, where people are walking and crossing the street.",The base of the buildings along this street is made of light-colored stone.
east_37th_street/west_to_east/010_n00417_E.jpg,n00417,0.800827122656895,The street is lined with trees and has a sidewalk on both sides. It appears to be a pleasant and well-maintained urban environment.,"There are trees visible along the sidewalk, particularly on the left side of the street.",The footway is lined with trees and has a sidewalk with a few people walking on it.,"The base of the buildings along this street includes ground-level commercial spaces, such as shops and restaurants, with large windows and doors."
east_37th_street/west_to_east/011_n00418_E.jpg,n00418,0.70037837984196,"The street is lined with tall buildings and trees, providing a pleasant walk with shade and a view of the buildings.","There are trees visible along the street, particularly on the left side, and some foliage on the right side near the buildings.",The footway is lined with trees and has a few people walking on it.,"The base of the buildings along this street includes a sidewalk, steps leading up to the buildings, and a few trees."
east_37th_street/west_to_east/012_n00419_E.jpg,n00419,0.7436913617924201,The street is lined with trees and has a few buildings on either side. It appears to be a pleasant walk with some greenery and a truck parked on the side.,"There are trees visible along the street, particularly on the left side, and they are located in front of the buildings.",The footway is lined with trees and has a few steps leading up to the entrance of a building.,"The base of the buildings along this street includes steps leading up to the entrances, and there are trees and plants in front of the buildings."
east_37th_street/west_to_east/013_n00420_E.jpg,n00420,0.8531297555422277,"The street is lined with trees and buildings, creating a pleasant urban environment.","There are trees visible on both sides of the street, with one on the left side near the sidewalk and another on the right side closer to the buildings.",The footway is lined with trees and has a green awning over a building entrance.,"The base of the buildings along this street includes ground-level commercial spaces, such as shops and restaurants, with large windows and awnings. There are also trees and planters along the sidewalk, adding greenery to the urban environment."
east_37th_street/west_to_east/014_n00421_E.jpg,n00421,0.7772410063512897,"The street is lined with tall buildings, and there are a few parked vehicles. The sidewalk appears to be in good condition, and there are trees along the street.","There are leafless trees visible on the sidewalks, located on both sides of the street.",The footway is paved with bricks and has a small patch of snow on the left side.,The base of the buildings along this street includes a sidewalk and a street.
east_37th_street/west_to_east/015_n00422_E.jpg,n00422,0.8112759043483027,"The street is wide and has a smooth surface, making it suitable for walking. There are trees and buildings on both sides, providing a pleasant environment for a stroll.","There are trees visible on the sidewalks, one on the left side near the building and another on the right side closer to the middle of the street.",The footway is lined with trees and has a sidewalk with a few potted plants.,"The base of the buildings along this street includes ground-level entrances, windows, and a sidewalk. There are also some trees and potted plants along the sidewalk."
east_37th_street/west_to_east/016_n00423_E.jpg,n00423,0.7627332098067416,"The street is bustling with activity, featuring a mix of pedestrians, vehicles, and commercial buildings.","There are trees visible in the view, located on the right side of the image, near the buildings.",The footway is a pedestrian area with crosswalks and a person walking on it.,"The base of the buildings along this street includes ground-level commercial establishments, such as shops and restaurants, with large windows and awnings."
east_37th_street/west_to_east/017_n00424_E.jpg,n00424,0.6387477100068557,The street is lined with tall buildings and has a few trees. It appears to be a busy urban area with vehicles and pedestrians.,"There are trees visible along the sidewalk, particularly on the left side of the image, and they appear to be in a row.","The footway is wide and has a fire hydrant, a manhole cover, and a tree.","The base of the buildings along this street includes ground-level commercial spaces with awnings and storefronts, as well as a fire hydrant and a manhole cover on the sidewalk."
east_37th_street/west_to_east/018_n00425_E.jpg,n00425,0.7100720966983023,"Walking down this street would involve navigating past tall buildings, trees, and parked cars, with a clear path for pedestrians and vehicles.","There are trees visible along the street, particularly on the right side, and they are located between the buildings and the sidewalk.",The footway is lined with trees and has a few trash cans and a bench.,"The base of the buildings along this street includes ground-level entrances, windows, and some outdoor furniture or decorations."
east_37th_street/west_to_east/019_n00426_E.jpg,n00426,0.858447187586042,"The street is lined with trees and buildings, creating a pleasant urban environment.","There are trees with green leaves on the sidewalks, and a tree with white blossoms on the left side of the street.",The footway is lined with trees and has a few steps leading up to some buildings.,"The base of the buildings along this street includes steps leading up to the entrances, as well as railings and planters."
east_37th_street/west_to_east/020_n00427_E.jpg,n00427,0.8468051990564434,"The street is lined with tall buildings, trees, and parked cars. It appears to be a typical urban environment with a mix of residential and commercial buildings.","There are trees visible on the right side of the image, near the sidewalk and buildings.",The footway is lined with trees and has a blue awning over the entrance of a building.,"The base of the buildings along this street includes ground-level commercial spaces, such as shops and restaurants, with awnings and storefronts."
east_37th_street/west_to_east/021_n00428_E.jpg,n00428,0.7818343645830715,The street is lined with tall buildings and has a sidewalk with a few potted plants.,"There are several potted plants visible, located on the sidewalk in front of the buildings, specifically near the entrance of the building with the awning.",The footway is paved and has a black awning over the entrance of a building.,"The base of the buildings along this street includes ground-level commercial spaces, such as shops and restaurants, with awnings and storefronts."
east_37th_street/west_to_east/022_n00429_E.jpg,n00429,0.5424125205161879,"The street is bustling with activity, featuring a mix of pedestrians, vehicles, and construction work. The presence of scaffolding and construction materials suggests ongoing development or repair work.","There are leafless trees visible on the left side of the image, near the sidewalk.",The footway is lined with trees and has a sidewalk with a metal railing.,"The base of the buildings along this street includes storefronts and scaffolding, indicating construction or renovation work."
east_37th_street/west_to_east/023_n00430_E.jpg,n00430,0.4984702067339783,"The street is bustling with activity, featuring a mix of pedestrians, cyclists, and vehicles. The presence of scaffolding and construction suggests ongoing development or maintenance.","There are trees visible in the background, lining the street and providing shade.","The footway is a paved area for pedestrians, with a crosswalk marked by white lines.",The base of the buildings along this street includes storefronts and a sidewalk.
east_37th_street/west_to_east/024_n00431_E.jpg,n00431,0.640750963993099,"The street is bustling with activity, featuring a mix of pedestrians, vehicles, and storefronts. The presence of crosswalks and street signs indicates a well-organized urban environment.","There are trees visible in the background, lining the street and providing shade.","The footway is a wide, pedestrian-friendly area with crosswalks and a designated bus lane.","The base of the buildings along this street includes ground-level commercial spaces, pedestrian walkways, and street-level entrances."
east_37th_street/west_to_east/025_n00432_E.jpg,n00432,0.5273477655875893,"The street appears to be a typical urban setting with buildings on both sides, vehicles parked along the curb, and a clear path for pedestrians.","There is a small tree visible on the left side of the image, near the sidewalk.",The footway is narrow and has a few signs attached to poles.,The base of the buildings along this street includes storefronts and a white van parked on the street.
east_37th_street/west_to_east/026_n00433_E.jpg,n00433,0.5081288654214475,"The street is busy with cars and buildings on both sides, making it a typical urban environment.","There is a tree visible in the middle of the image, near the center of the street.",The footway is paved and has a curb separating it from the street.,The base of the buildings along this street is made of brick.
east_37th_street/west_to_east/027_n00434_E.jpg,n00434,0.2687533704485371,"The street appears to be busy with vehicles and pedestrians, with buildings lining both sides and various storefronts visible.","There is a small tree visible on the left side of the image, near the sidewalk.",The footway is narrow and has a metal railing on the right side.,"The base of the buildings along this street includes ground-level commercial spaces, with one having scaffolding and another with a loading dock."
east_37th_street/west_to_east/028_n00435_E.jpg,n00435,0.5332362538076474,"The street is busy with pedestrians and vehicles, including a cyclist and several cars. The presence of traffic lights and street signs indicates a well-organized urban environment.",There is no vegetation visible in this view.,"The footway is a paved area for pedestrians, with a crosswalk marked by white lines.","The base of the buildings along this street includes a mix of commercial and residential elements, with some buildings having ground-level shops or offices and others featuring residential apartments."
east_37th_street/west_to_east/029_n00436_E.jpg,n00436,0.5015917879988392,"The street appears to be a typical urban setting with buildings, vehicles, and pedestrians. The presence of a Verizon store suggests commercial activity, and the buildings have a mix of residential and commercial uses.","There are trees visible in the distance, lining the street and providing a green backdrop to the urban environment.",The footway is paved and has a person walking on it.,"The base of the buildings along this street includes a sidewalk, a street, and a few parked cars."
east_37th_street/west_to_east/030_n00437_E.jpg,n00437,0.4712312950153378,"The street is wide and has a smooth surface, making it suitable for walking. There are no visible obstacles or hazards on the sidewalk.","There are trees visible in the distance, lining the street and providing a green contrast to the urban environment.",The footway is paved and has a sidewalk with a metal railing on the left side.,"The base of the buildings along this street includes a mix of materials, such as brick and concrete, and features elements like windows, doors, and signage."
east_37th_street/west_to_east/031_n00438_E.jpg,n00438,0.4523556442537015,"The street is wide and has a smooth surface, making it suitable for walking. There are no visible obstacles or hazards on the street.","There are trees visible on the right side of the image, along the sidewalk and near the road.",The footway is wide and has a metal railing on the left side.,"The base of the buildings along this street includes a sidewalk, a street, and some scaffolding."
east_37th_street/west_to_east/032_n00439_E.jpg,n00439,0.7332834543771569,"The street is wide and has a smooth surface, making it suitable for walking. There are trees and benches along the sidewalk, providing shade and seating options.","There are trees visible on the sidewalk and along the street, providing greenery to the urban environment.",The footway is lined with trees and has a metal railing on the left side.,"The base of the buildings along this street includes a sidewalk, a street with visible lane markings, and a few trees lining the sidewalk."
east_37th_street/west_to_east/033_n00440_E.jpg,n00440,0.5822393696282715,"The street appears to be a typical urban setting with buildings, vehicles, and a clear path for pedestrians.","There are trees visible on the right side of the image, near the sidewalk and the road.",The footway is paved and has a metal railing on the side.,"The base of the buildings along this street includes a mix of ground-level commercial spaces and residential units, with some buildings having storefronts on the ground floor and residential apartments above."
east_37th_street/west_to_east/034_n00441_E.jpg,n00441,0.7618858845591263,"The street is wide and has multiple lanes for vehicles, with crosswalks for pedestrians. There are traffic lights and street signs to guide both drivers and pedestrians.","There are trees visible on the left side of the image, near the sidewalk and street.",The footway is a paved area with a sidewalk for pedestrians. It is lined with trees and has a red brick building on the left side.,"The base of the buildings along this street includes a mix of ground-level commercial spaces and residential entrances, with some buildings having large windows and others having more solid, brick facades."
east_37th_street/west_to_east/035_n00442_E.jpg,n00442,0.7424241697238714,"The street is busy with pedestrians and vehicles, featuring crosswalks, traffic lights, and various buildings and trees lining the street.","There are trees visible on the left side of the image, near the buildings and along the sidewalk.",The footway is a pedestrian crossing with white stripes.,The base of the buildings along this street is made of brick.
east_37th_street/west_to_east/036_n00443_E.jpg,n00443,0.7111926649777994,"The street is lined with trees and buildings, with a sidewalk on the left side and a road on the right side.","There is a tree visible in the foreground on the left side of the image, and there are also trees lining the street in the distance.",The footway is paved and has a person pushing a stroller.,The base of the buildings along this street is made of brick.
east_37th_street/west_to_east/037_n00444_E.jpg,n00444,0.6430768773598303,"The street is wide and has multiple lanes, making it suitable for both pedestrians and vehicles. There are traffic signs and markings to guide the flow of traffic.","There are trees visible on the left side of the image, near the buildings.","The footway is a paved area adjacent to the street, with a sidewalk for pedestrians.",The base of the buildings along this street is made of brick.
east_37th_street/west_to_east/038_n00445_E.jpg,n00445,0.7165949929610747,"The street appears to be well-maintained with clear pedestrian crossings and a variety of buildings, including residential and commercial structures. The presence of traffic lights and street signs indicates a well-organized urban environment.","There are trees visible on the left side of the image, near the buildings.","The footway is a paved area with white crosswalk lines, and it appears to be wide enough to accommodate pedestrians comfortably.","The base of the buildings along this street includes ground-level commercial spaces, such as shops and restaurants, with large windows and storefronts."
east_37th_street/west_to_east/039_n00446_E.jpg,n00446,0.6549241328670306,"The street is bustling with activity, featuring pedestrians, vehicles, and various urban elements like traffic lights and street signs.","There are trees visible in the background, lining the street and providing shade.",The footway is a paved area with a crosswalk and a few pedestrians walking.,The base of the buildings along this street is made of brick and has a modern architectural design.
east_37th_street/west_to_east/040_n00447_E.jpg,n00447,0.6670578360334036,The street is lined with trees and has a sidewalk on one side.,"There are trees visible on both sides of the street, with one tree on the left side near the sidewalk and another tree on the right side closer to the center of the street.",The footway is lined with trees and has a trash can and a person walking on it.,The base of the buildings along this street is made of brick.
east_37th_street/west_to_east/041_n00448_E.jpg,n00448,0.754170130679622,The street is lined with trees and has a sidewalk on the right side.,"There are trees visible on the right side of the image, lining the street.",The footway is lined with trees and has a stone wall on one side.,The base of the buildings along this street is made of brick and has large windows.
east_37th_street/west_to_east/042_n00449_E.jpg,n00449,0.7835373308653294,"The street is lined with trees and has a sidewalk on one side, making it pleasant for a walk.","There are trees visible on both sides of the street, with their leaves casting shadows on the road.",The footway is lined with trees and has a fence along its length.,The base of the buildings along this street is made of brick.
east_37th_street/west_to_east/043_n00451_E.jpg,n00451,0.7477673219646868,"The street appears to be busy with vehicles and pedestrians, making it a bustling urban environment.","There are trees visible in the view, located on the left side of the street and on the right side near the sidewalk.",The footway is not visible in the image.,"The base of the buildings along this street includes a mix of commercial and residential elements, with some buildings having ground-level shops or offices, and others featuring residential apartments or condominiums."
east_37th_street/west_to_east/044_n00452_E.jpg,n00452,0.6652599200882936,"The street is wide and has multiple lanes for vehicles, with a pedestrian crossing and sidewalks on both sides. There are trees and buildings lining the street, providing a mix of natural and urban elements.","There are trees visible on the left and right sides of the image, providing greenery along the street.","The footway is a paved area for pedestrians, with a crosswalk marked by white lines.","The base of the buildings along this street includes a mix of commercial and residential spaces, with some buildings having ground-level stores and others having residential units. There are also various street signs and traffic lights visible, indicating a well-organized urban environment."
east_37th_street/west_to_east/045_n00454_E.jpg,n00454,0.6451169310015741,"The street is bustling with activity, featuring a mix of pedestrians and vehicles. There are construction barriers and scaffolding, indicating ongoing work, which might make the walk a bit more challenging.","There are trees visible in the background, lining the street and providing shade.",The footway is made of bricks and has a crosswalk.,The base of the buildings along this street is made of brick.
east_38th_street/east_to_west/001_n00501_W.jpg,n00501,0.5824673920454331,"The street is bustling with activity, featuring tall buildings, traffic lights, and various vehicles.","There are trees with white blossoms visible on the left side of the image, near the crosswalk.",The footway is a paved area with white stripes for pedestrian crossing.,"The base of the buildings along this street includes a mix of commercial and residential spaces, with some having ground-level stores and others featuring large windows and balconies."
east_38th_street/east_to_west/002_n00500_W.jpg,n00500,0.6936128312637945,"The street is bustling with activity, with cars parked along the sides and tall buildings lining the street. The sidewalk is wide and appears to be well-maintained, making it suitable for pedestrians.","There are trees with blooming flowers on the left side of the image, near the sidewalk.",The footway is lined with trees and has a bench.,The base of the buildings along this street is made of brick and has a green awning.
east_38th_street/east_to_west/003_n00499_W.jpg,n00499,0.7246061268504229,"The street is bustling with activity, featuring tall buildings, parked cars, and a mix of commercial and residential structures.","There is a tree with pink blossoms on the left side of the image, and a bush with green leaves further down the street.",The footway is lined with trees and has a sidewalk with a few benches and a small park area.,The base of the buildings along this street includes storefronts and a sidewalk.
east_38th_street/east_to_west/004_n00498_W.jpg,n00498,0.616337311425656,"The street is bustling with activity, featuring a mix of pedestrians and vehicles. The presence of parked cars and the urban architecture suggest a busy city environment.","There are trees visible on the left side of the image, near the sidewalk.",The footway is lined with trees and has a sidewalk for pedestrians.,"The base of the buildings along this street includes a variety of commercial establishments, such as shops and restaurants, with large glass windows and awnings."
east_38th_street/east_to_west/005_n00497_W.jpg,n00497,0.6319391196845813,"The street is busy with cars and pedestrians, and there are tall buildings on both sides.","There is a small tree visible on the left side of the image, near the sidewalk.",The footway is narrow and has a few pedestrians walking on it.,The base of the buildings along this street is made of brick.
east_38th_street/east_to_west/006_n00496_W.jpg,n00496,0.4735216414399055,"The street is bustling with activity, with cars parked along both sides and tall buildings lining the horizon.","There are leafless trees visible on the left side of the image, near the buildings.",The footway is lined with trees and has a few pedestrians walking.,"The base of the buildings along this street includes a mix of ground-level commercial spaces and residential entrances, with some buildings having large windows and others featuring more solid, brick facades."
east_38th_street/east_to_west/007_n00495_W.jpg,n00495,0.5780814308107033,"The street is busy with cars and tall buildings, making it a bustling urban environment.","There are trees visible on the right side of the image, near the buildings and along the sidewalk.",The footway is lined with trees and has a sidewalk for pedestrians.,"The base of the buildings along this street includes a mix of commercial and residential elements, with some buildings having ground-level shops or offices, and others featuring residential entrances or lobbies."
east_38th_street/east_to_west/008_n00494_W.jpg,n00494,0.8071961926053371,"The street is wide and has multiple lanes of traffic, with crosswalks and sidewalks for pedestrians.","There are trees visible on the sidewalks, particularly on the right side of the image, near the buildings.","The footway is a pedestrian path that runs along the side of the road, with a crosswalk for pedestrians to safely cross the street.",The base of the buildings along this street includes storefronts and ground-level commercial spaces.
east_38th_street/east_to_west/009_n00493_W.jpg,n00493,0.6856913361543636,"The street is lined with parked vehicles and buildings, creating a typical urban environment.","There are trees with green leaves visible on the right side of the image, near the buildings.",The footway is lined with trees and has a sidewalk that runs along the street.,The base of the buildings along this street includes storefronts and ground-level commercial spaces.
east_38th_street/east_to_west/010_n00492_W.jpg,n00492,0.712106739798265,"The street is lined with parked vehicles and buildings, creating a typical urban environment.","There are leafless trees visible on the right side of the image, along the sidewalk.",The footway is lined with trees and has a green awning over the entrance of a building.,"The base of the buildings along this street includes ground-level commercial spaces, with some having awnings and storefronts."
east_38th_street/east_to_west/011_n00491_W.jpg,n00491,0.5900137556633924,"The street appears to be busy with vehicles and buildings, making it a bustling urban environment.","There are two small trees visible in the image, one on the left side near the red building and another on the right side near the white building.",The footway is not visible in the image.,"The base of the buildings along this street includes ground-level commercial establishments, such as shops and restaurants, with large windows and signs indicating their names."
east_38th_street/east_to_west/012_n00490_W.jpg,n00490,0.7586845664670678,"The street is bustling with activity, featuring a mix of pedestrians, vehicles, and storefronts. The presence of crosswalks and traffic signals indicates a well-organized urban environment.","There are trees visible on the left side of the image, near the buildings.",The footway is a pedestrian area with crosswalks and is located on the side of the street.,"The base of the buildings along this street includes storefronts and commercial spaces, with some vehicles parked in front of them."
east_38th_street/east_to_west/013_n00489_W.jpg,n00489,0.6542167702607331,"The street is bustling with activity, featuring a mix of pedestrians, vehicles, and storefronts.","There are trees visible in the view, located on the sidewalks and near the buildings.","The footway is a paved area for pedestrians, with a crosswalk at the intersection.",The base of the buildings along this street includes storefronts and awnings.
east_38th_street/east_to_west/014_n00488_W.jpg,n00488,0.661695318006537,"The street is bustling with activity, featuring a mix of pedestrians and vehicles. The presence of parked cars and the sidewalk's proximity to the buildings suggest a busy urban environment.","There are trees visible on the right side of the image, lining the street.",The footway is lined with buildings and has a red awning over the entrance of a building.,"The base of the buildings along this street includes ground-level commercial spaces, such as shops and restaurants, with large windows and awnings."
east_38th_street/east_to_west/015_n00487_W.jpg,n00487,0.6713008174686976,"The street is bustling with activity, featuring a mix of pedestrians, vehicles, and public transportation. The presence of trees and greenery along the sidewalks adds a pleasant touch to the urban environment.","There are trees with blooming white flowers on the left side of the image, and leafless trees on the right side.",The footway is lined with trees and has a green painted section.,The base of the buildings along this street includes storefronts and a sidewalk.
east_38th_street/east_to_west/016_n00486_W.jpg,n00486,0.6951783849597187,"The street is bustling with activity, featuring a mix of pedestrians, vehicles, and commercial buildings. The presence of a construction site and various storefronts suggests a dynamic urban environment.","There are trees visible on the right side of the image, lining the street.",The footway is lined with trees and has a metal railing on the left side.,The base of the buildings along this street includes storefronts and a sidewalk with parked cars.
east_38th_street/east_to_west/017_n00485_W.jpg,n00485,0.5172763773374575,"The street is busy with vehicles and pedestrians, with buildings lining both sides and a mix of commercial and residential structures.","There are leafless trees visible along the street, located on both sides of the road.",The footway is lined with trees and has a canopy structure providing shade.,"The base of the buildings along this street includes a sidewalk, a street, and some parked vehicles."
east_38th_street/east_to_west/018_n00484_W.jpg,n00484,0.7453045965983092,"The street is bustling with activity, featuring a mix of pedestrians and vehicles. The presence of parked cars and the variety of buildings suggest a busy urban environment.","There are trees visible in the image, one on the left side near the brick building and another on the right side near the building with a red awning.",The footway is lined with trees and has a sidewalk with a few benches and a small green space.,"The base of the buildings along this street includes a mix of commercial and residential elements, with storefronts on the ground level and residential or office spaces above."
east_38th_street/east_to_west/019_n00483_W.jpg,n00483,0.7192563511955906,"The street is bustling with activity, featuring a mix of pedestrians, vehicles, and construction. The presence of construction and scaffolding suggests ongoing development, adding a dynamic element to the urban landscape.","There are trees visible in the view, located on the right side of the image, near the construction site.","The footway is a paved area with white crosswalk lines, and it appears to be wide enough to accommodate pedestrians comfortably.","The base of the buildings along this street includes a sidewalk, a crosswalk, and a few parked vehicles."
east_38th_street/east_to_west/020_n00482_W.jpg,n00482,0.5864669877651222,"The street is bustling with activity, featuring a mix of pedestrians and vehicles. The presence of parked cars and storefronts suggests a commercial area, making it a lively place to walk.","There are trees visible in the image, located on the right side, near the buildings and along the sidewalk.",The footway is lined with trees and has a sidewalk with a bench.,The base of the buildings along this street includes storefronts and a sidewalk.
east_38th_street/east_to_west/021_n00481_W.jpg,n00481,0.6755708979023474,"The street is lined with parked cars and has a sidewalk on both sides. There are also construction barriers and scaffolding visible, indicating ongoing work.","There are trees with blooming white flowers on the left side of the image, and another tree with bare branches on the right side.",The footway is lined with trees and has a sidewalk with a few orange traffic cones.,"The base of the buildings along this street includes storefronts and ground-level commercial spaces, with some buildings having scaffolding or construction materials indicating ongoing work."
east_38th_street/east_to_west/022_n00480_W.jpg,n00480,0.643090605817227,"The street appears to be busy with vehicles and pedestrians, with tall buildings lining both sides.","There are trees visible on the right side of the image, near the buildings and along the sidewalk.",The footway is a paved area with a green strip and a pedestrian crossing.,"The base of the buildings along this street includes ground-level commercial spaces, pedestrian walkways, and street-level entrances."
east_38th_street/east_to_west/023_n00479_W.jpg,n00479,0.6960970868174721,"The street is bustling with activity, featuring tall buildings, pedestrians, and vehicles.","There are leafless trees visible along the sidewalk, particularly on the left side of the image.",The footway is a pedestrian area with crosswalks and is lined with tall buildings.,"The base of the buildings along this street includes storefronts and commercial spaces, with some having large windows and awnings."
east_38th_street/east_to_west/024_n00478_W.jpg,n00478,0.7297986224502999,"The street is wide and has multiple lanes for vehicles, with sidewalks on both sides. There are trees and buildings lining the street, providing a mix of urban and natural elements.","There are trees visible along the sidewalk, particularly on the left side of the image, and they are also present on the right side near the buildings.","The footway is a paved area for pedestrians, with a sidewalk on the left side of the street and a crosswalk in the middle of the street.","The base of the buildings along this street includes storefronts and signs, with one sign reading ""AT THE OPEN."""
east_38th_street/east_to_west/025_n00477_W.jpg,n00477,0.769706881912722,"The street is lined with tall buildings and trees, providing a pleasant walk with greenery and urban architecture.",There are trees with bare branches on the left side of the street and trees with white blossoms on the right side of the street.,The footway is lined with trees and has a green painted bike lane.,"The base of the buildings along this street includes brick facades, awnings, and a sidewalk."
east_38th_street/east_to_west/026_n00476_W.jpg,n00476,0.7606938338726077,"The street is lined with brick buildings, trees, and a bike lane, making it a pleasant walk with a mix of urban and natural elements.","There are trees visible on both sides of the street, with one tree on the left side and another on the right side, closer to the foreground.",The footway is lined with trees and has a green painted bike lane.,The base of the buildings along this street is made of brick.
east_38th_street/east_to_west/027_n00475_W.jpg,n00475,0.8350241902868172,"The street is lined with trees and buildings, creating a pleasant urban environment.",There are trees with green leaves on the left side of the street and trees with white blossoms on the right side of the street.,The footway is lined with trees and has a green painted section.,The base of the buildings along this street is made of brick.
east_38th_street/east_to_west/028_n00474_W.jpg,n00474,0.8406392901029291,"The street is lined with tall buildings, trees, and a bike lane. It appears to be a typical urban environment with vehicles and pedestrians.","There are trees visible on the right side of the image, lining the street.",The footway is lined with trees and has a green painted bike lane.,The base of the buildings along this street is made of brick.
east_38th_street/east_to_west/029_n00473_W.jpg,n00473,0.7403485262591063,"The street is lined with buildings, has a sidewalk, and includes a pedestrian crossing.","There is a tree visible on the left side of the image, near the sidewalk.","The footway is a paved area for pedestrians, with a green strip and a white line marking the edge of the sidewalk.","The base of the buildings along this street includes ground-level commercial spaces, such as shops and stores, with large windows and doors. There are also some green areas and trees along the sidewalk."
east_38th_street/east_to_west/030_n00472_W.jpg,n00472,0.6131377283018196,"The street is wide and has a crosswalk, making it easy to navigate. There are buildings on both sides, providing a sense of enclosure and urban atmosphere.","There are trees visible on the right side of the image, near the buildings.",The footway is lined with buildings and has a crosswalk.,The base of the buildings along this street includes storefronts and a construction site with scaffolding.
east_38th_street/east_to_west/031_n00471_W.jpg,n00471,0.5979333524381477,"The street is bustling with activity, featuring pedestrians, vehicles, and various buildings.","There are trees visible on the left side of the image, near the buildings.",The footway is a paved area with white crosswalk lines and a few pedestrians walking on it.,"The base of the buildings along this street includes ground-level commercial spaces, such as shops and restaurants, with large windows and doors. There are also street-level amenities like benches, trash cans, and street signs."
east_38th_street/east_to_west/032_n00470_W.jpg,n00470,0.66032856509602,The street is lined with tall buildings and has a few vehicles on it.,"There are trees visible in the distance, lining the street and providing shade.",The footway is lined with buildings and has a few pedestrians walking.,"The base of the buildings along this street includes storefronts and ground-level entrances, with some buildings having awnings and railings."
east_38th_street/east_to_west/033_n00469_W.jpg,n00469,0.5250865436782932,The street is lined with buildings and has a sidewalk on one side. There are traffic cones and a red truck parked on the side of the road.,"There is a tree visible in the view, located on the left side of the street, near the sidewalk.",The footway is lined with trees and has a few street signs and a red truck parked on the side.,The base of the buildings along this street is made of brick.
east_38th_street/east_to_west/034_n00468_W.jpg,n00468,0.79223830440754,The street is lined with tall buildings and has a few cars parked along the side. It appears to be a typical urban environment with a mix of residential and commercial buildings.,"There are trees visible on the right side of the image, near the buildings.",The footway is lined with trees and has a few steps leading up to a building entrance.,"The base of the buildings along this street includes ground-level commercial establishments, such as a restaurant with a green awning, and residential units with steps leading up to the entrances."
east_38th_street/east_to_west/035_n00467_W.jpg,n00467,0.7718106180534885,"The street is lined with tall buildings, has a few pedestrians, and includes some vehicles on the road.","There are trees visible on the left side of the image, near the buildings.",The footway is paved with concrete and has a sidewalk lamp post.,"The base of the buildings along this street includes storefronts and ground-level entrances, with some buildings having green awnings and others having decorative cornices."
east_38th_street/east_to_west/036_n00466_W.jpg,n00466,0.6183045807521149,"The street appears to be busy with construction activity, vehicles, and pedestrians. The presence of construction vehicles and scaffolding suggests ongoing work, which might make the street feel noisy and crowded.","There is a tree visible on the left side of the image, near the sidewalk.",The footway is lined with trees and has a green awning over a storefront.,The base of the buildings along this street is made of brick.
east_38th_street/east_to_west/037_n00465_W.jpg,n00465,0.7665651548506512,"The street is lined with buildings, trees, and a few vehicles. It appears to be a typical urban environment with sidewalks and crosswalks.","There are trees visible on the left side of the image, near the sidewalk and street.","The footway is a paved area for pedestrians, with a green canopy over the entrance to a building on the right side.","The base of the buildings along this street includes a mix of materials, such as brick and stone, and features elements like arches, columns, and decorative moldings."
east_38th_street/east_to_west/038_n00464_W.jpg,n00464,0.7485490409179072,"The street is bustling with activity, featuring tall buildings, vehicles, and pedestrians.","There are trees visible on the left side of the image, near the sidewalk and across the street.",The footway is a pedestrian area with crosswalks and is lined with trees and street signs.,"The base of the buildings along this street includes ground-level commercial spaces, pedestrian walkways, and street-level entrances."
east_38th_street/east_to_west/039_n00463_W.jpg,n00463,0.7220243954159242,"The street is bustling with activity, featuring tall buildings, pedestrians, and vehicles.","There are trees visible on the left side of the image, near the sidewalk.",The footway is a paved area with a crosswalk and a few pedestrians walking.,"The base of the buildings along this street includes ground-level commercial spaces, such as shops and restaurants, and the street itself with vehicles and pedestrians."
east_38th_street/east_to_west/040_n00462_W.jpg,n00462,0.7675328588759969,"The street is bustling with activity, featuring pedestrians, vehicles, and various buildings.","There are trees visible along the sidewalk, particularly on the right side of the image, near the buildings.","The footway is paved with concrete and has a fire hydrant, a manhole cover, and a few people standing on it.",The base of the buildings along this street is made of stone and has large windows.
east_38th_street/east_to_west/041_n00461_W.jpg,n00461,0.738294775399965,"The street appears to be a typical urban setting with buildings on both sides, a few trees, and vehicles parked along the curb. The sidewalk is visible and seems to be in good condition.","There are trees visible on the sidewalks, particularly on the right side of the image, and some leafless branches are also present.",The footway is lined with trees and has a few benches and street lamps.,The base of the buildings along this street is made of stone and has arched windows.
east_38th_street/east_to_west/042_n00460_W.jpg,n00460,0.8215585421502515,"The street is lined with tall buildings and has a few trees, providing a pleasant walk with some shade.","There are trees visible on the right side of the image, and there are potted plants on the sidewalks.",The footway is lined with trees and has a few potted plants.,"The base of the buildings along this street includes a variety of architectural elements, such as stone facades, decorative moldings, and large windows. There are also several trees and potted plants lining the sidewalk, adding greenery to the urban environment."
east_38th_street/east_to_west/043_n00459_W.jpg,n00459,0.8693978998334014,"The street is lined with tall buildings, trees, and a few cars parked along the side. It appears to be a quiet urban area with a mix of residential and commercial buildings.","There are trees visible on the right side of the street, and they appear to be in a row along the sidewalk.",The footway is lined with trees and has a fire hydrant on the right side.,"The base of the buildings along this street includes ground-level commercial spaces, such as shops and stores, with large windows and entrances."
east_38th_street/east_to_west/044_n00458_W.jpg,n00458,0.7851641835233798,"The street is wide and has a sidewalk on both sides, with tall buildings lining the street.","There are bushes visible on the right side of the image, near the sidewalk.",The footway is lined with tall buildings and has a canopy structure providing shade.,The base of the buildings along this street includes storefronts and awnings.
east_38th_street/east_to_west/045_n00457_W.jpg,n00457,0.6988515806837701,"The street is bustling with activity, featuring a mix of pedestrians and vehicles. The presence of scaffolding on the right side suggests ongoing construction or renovation, adding a dynamic element to the urban landscape.",There is no vegetation visible in this view.,The footway is lined with tall buildings and has a canopy structure overhead.,"The base of the buildings along this street includes storefronts and a hotel, with a mix of architectural styles and materials."
east_38th_street/east_to_west/046_n00456_W.jpg,n00456,0.5103734891760824,"The street is bustling with activity, featuring tall buildings, traffic, and pedestrians.",There is no vegetation visible in this view.,The footway is a pedestrian area with a canopy structure providing shade and shelter.,"The base of the buildings along this street includes storefronts and ground-level businesses, with some buildings having scaffolding for construction or renovation."
east_38th_street/east_to_west/047_n00455_W.jpg,n00455,0.4466720751241583,"The street appears to be busy with vehicles and construction, making it potentially challenging to walk.",There is no vegetation visible in this view.,The footway is not visible in the image.,The base of the buildings along this street is made of brick and has large windows.
east_38th_street/west_to_east/001_n00455_E.jpg,n00455,0.4466720751241583,"The street is bustling with activity, featuring pedestrians, vehicles, and various storefronts. The presence of scaffolding suggests ongoing construction or renovation, adding a dynamic element to the urban landscape.",There is no vegetation visible in this view.,The footway is a pedestrian area with crosswalks and people walking on it.,"The base of the buildings along this street includes a mix of commercial and residential elements. There are storefronts, street signs, and pedestrian crossings visible at the intersection."
east_38th_street/west_to_east/002_n00456_E.jpg,n00456,0.5103734891760824,"The street is wide and has a bike lane on the left side. There are buildings on both sides, and a few cars are parked along the right side.","There are trees visible in the distance, lining the street and providing shade.","The footway is lined with buildings and has a red awning with the text ""Empire State View"" and ""Modern Luxury"" visible.",The base of the buildings along this street includes storefronts and a bicycle lane.
east_38th_street/west_to_east/003_n00457_E.jpg,n00457,0.6988515806837701,"The street is wide and has multiple lanes, with buildings on both sides and a few trees. It appears to be a busy urban area with some traffic.","There are leafless trees lining the street, visible on the right side of the image.",The footway is lined with trees and has a canopy structure providing shade.,The base of the buildings along this street includes storefronts and awnings.
east_38th_street/west_to_east/004_n00458_E.jpg,n00458,0.7851641835233798,"The street is lined with tall buildings, and there are trees casting shadows on the pavement.","There are trees visible on the right side of the image, casting shadows on the street.",The footway is lined with trees and has a sidewalk with a few benches and a trash can.,"The base of the buildings along this street includes ground-level entrances, windows, and some outdoor features like awnings and balconies."
east_38th_street/west_to_east/005_n00459_E.jpg,n00459,0.8693978998334014,"The street is lined with tall buildings, trees, and a few pedestrians. It appears to be a typical urban environment with a mix of residential and commercial buildings.","There are leafless trees lining the street, visible on both sides of the road.",The footway is lined with trees and has a few pedestrians walking.,"The base of the buildings along this street includes ground-level entrances, windows, and some greenery."
east_38th_street/west_to_east/006_n00460_E.jpg,n00460,0.8215585421502515,"The street is wide and has multiple lanes, making it suitable for both pedestrians and vehicles. There are trees and buildings on either side, providing a pleasant urban environment.","There is a tree visible on the left side of the image, near the sidewalk, and another tree further down the street on the right side.",The footway is lined with trees and has a green awning over the entrance of a building.,The base of the buildings along this street is made of brick.
east_38th_street/west_to_east/007_n00461_E.jpg,n00461,0.738294775399965,"The street is bustling with activity, featuring tall buildings, flags, and a mix of pedestrians and vehicles.","There is a tree visible on the left side of the image, near the sidewalk.",The footway is paved and has a tree and a bench.,"The base of the buildings along this street is made of stone and concrete, with large windows and doors."
east_38th_street/west_to_east/008_n00462_E.jpg,n00462,0.7675328588759969,"The street is bustling with pedestrians and vehicles, making it lively and dynamic.","There are trees with pink blossoms visible on the right side of the image, near the crosswalk.","The footway is a wide, pedestrian-friendly area with crosswalks and a mix of people walking and standing.","The base of the buildings along this street is made of brick and stone, with various architectural details and window frames visible."
east_38th_street/west_to_east/009_n00463_E.jpg,n00463,0.7220243954159242,"The street is bustling with activity, featuring a mix of pedestrians and vehicles. The presence of traffic lights and crosswalks indicates a well-organized urban environment.","There are trees visible on the right side of the image, near the buildings and along the sidewalk.","The footway is a paved area for pedestrians, with a sidewalk for walking and a crosswalk for crossing the street.","The base of the buildings along this street is made of brick and stone, with various architectural styles and designs."
east_38th_street/west_to_east/010_n00464_E.jpg,n00464,0.7485490409179072,"The street is wide and has a pedestrian crossing. There are buildings on both sides, and a few people are walking.","There are trees visible in the background, lining the street and providing shade.",The footway is a pedestrian area with crosswalks and a sidewalk.,The base of the buildings along this street is made of brick.
east_38th_street/west_to_east/011_n00465_E.jpg,n00465,0.7665651548506512,"The street is lined with buildings, trees, and a few pedestrians. It appears to be a typical urban environment with sidewalks and street furniture.","There is a tree with bare branches on the right side of the image, and a small tree with green leaves on the left side of the image.",The footway is lined with trees and has a bench.,The base of the buildings along this street is made of brick.
east_38th_street/west_to_east/012_n00466_E.jpg,n00466,0.6183045807521149,The street is lined with buildings and has a sidewalk on one side. It appears to be a typical urban street with vehicles parked along the curb.,"There are trees visible along the sidewalk, particularly on the left side of the image, and a small tree near the center of the street.",The footway is lined with trees and has a green awning over the entrance of a building.,"The base of the buildings along this street includes ground-level commercial spaces with awnings, and there are trees and street furniture like benches and trash cans lining the sidewalk."
east_38th_street/west_to_east/013_n00467_E.jpg,n00467,0.7718106180534885,"The street is bustling with activity, featuring a mix of pedestrians, vehicles, and storefronts. The presence of a UPS truck and other cars indicates a busy urban environment.","There is a tree with pink blossoms on the left side of the street, near the sidewalk.",The footway is lined with buildings and has a tree with pink blossoms.,"The base of the buildings along this street includes ground-level commercial spaces, such as shops and restaurants, with large windows and awnings. There are also fireplugs and street signs visible on the sidewalk."
east_38th_street/west_to_east/014_n00468_E.jpg,n00468,0.79223830440754,The street is lined with tall buildings and has a few traffic cones and flags indicating some sort of construction or event.,"There are leafless trees visible along the street, particularly on the right side, where they cast shadows on the road.",The footway is lined with trees and has a person walking on it.,The base of the buildings along this street is made of brick.
east_38th_street/west_to_east/015_n00469_E.jpg,n00469,0.5250865436782932,"The street appears to be busy with construction and emergency vehicles, so it might be noisy and crowded.",There is no vegetation visible in this view.,"The footway is clear and appears to be well-maintained, with no visible obstructions or hazards.","The base of the buildings along this street is made of stone and brick, with some buildings having large windows and others having more solid, closed-off facades."
east_38th_street/west_to_east/016_n00470_E.jpg,n00470,0.66032856509602,"The street is bustling with activity, featuring pedestrians, vehicles, and various buildings. The presence of scaffolding suggests ongoing construction or renovation.","There are trees visible in the background, lining the street and providing shade.","The footway is a paved area for pedestrians to walk on, with a crosswalk for crossing the street.","The base of the buildings along this street includes ground-level commercial spaces, such as shops and restaurants, with large windows and storefronts."
east_38th_street/west_to_east/017_n00471_E.jpg,n00471,0.5979333524381477,"The street is bustling with activity, featuring a mix of pedestrians, vehicles, and commercial establishments. The presence of traffic lights and crosswalks indicates a well-organized urban environment.","There are trees visible on the left side of the image, near the buildings.",The footway is a pedestrian crossing with white stripes.,The base of the buildings along this street includes storefronts and a FedEx truck parked in front of a building.
east_38th_street/west_to_east/018_n00472_E.jpg,n00472,0.6131377283018196,The street is lined with buildings and has a sidewalk for pedestrians.,"There are trees visible along the sidewalk on the left side of the image, and there are also some trees in the background, lining the street.","The footway is a paved area for pedestrians, with a green and white crosswalk marking the intersection.","The base of the buildings along this street includes ground-level commercial spaces, such as shops and offices, with large windows and awnings. There are also some trees and greenery along the sidewalk, providing a touch of nature to the urban environment."
east_38th_street/west_to_east/019_n00473_E.jpg,n00473,0.7403485262591063,"The street is lined with trees and buildings, creating a pleasant urban environment.","There are trees visible on the sidewalks, particularly on the left side of the street, and there are also some bushes near the buildings.",The footway is lined with trees and has a green painted section.,"The base of the buildings along this street includes a sidewalk, a street, and some greenery."
east_38th_street/west_to_east/020_n00474_E.jpg,n00474,0.8406392901029291,"The street is lined with trees and buildings, providing a pleasant walk with greenery and architectural interest.","There are trees visible on the sidewalks, particularly on the right side of the street, and there are bushes near the buildings.",The footway is lined with trees and has a sidewalk for pedestrians.,"The base of the buildings along this street includes ground-level commercial spaces, such as shops and cafes, and residential entrances."
east_38th_street/west_to_east/021_n00475_E.jpg,n00475,0.8350241902868172,"The street is lined with trees and buildings, with a few cars parked along the curb.","There are trees with green leaves and branches visible on the left side of the image, and another tree with bare branches on the right side.",The footway is lined with trees and has a sidewalk with a bench.,The base of the buildings along this street is made of brick.
east_38th_street/west_to_east/022_n00476_E.jpg,n00476,0.7606938338726077,"The street is wide and has clear markings for pedestrians and vehicles. There are trees lining the sidewalk, providing shade and a pleasant walkway.","There are leafless trees lining the street, visible on both sides of the road, and a few bushes near the buildings.",The footway is lined with trees and has a few pedestrians walking.,"The base of the buildings along this street includes ground-level entrances, windows, and some greenery."
east_38th_street/west_to_east/023_n00477_E.jpg,n00477,0.769706881912722,"The street is wide and has clear markings for pedestrians and vehicles. There are benches and trees along the sidewalk, providing shade and seating.","There are trees visible in the image, located on the sidewalks and near the buildings.","The footway is a paved area with a green line marking a bike lane, and it is lined with trees and benches.","The base of the buildings along this street includes ground-level commercial spaces, such as shops and offices, with large windows and signs indicating their purpose."
east_38th_street/west_to_east/024_n00478_E.jpg,n00478,0.7297986224502999,"The street is bustling with activity, featuring tall buildings, vehicles, and pedestrians.","There are trees visible in the background, lining the street and providing shade.",The footway is a pedestrian area with crosswalks and a designated bike lane.,"The base of the buildings along this street includes ground-level commercial establishments, pedestrian walkways, and street-level access points."
east_38th_street/west_to_east/025_n00479_E.jpg,n00479,0.6960970868174721,"The street is wide and has multiple lanes for vehicles, with crosswalks for pedestrians. There are buildings on both sides, and some construction is visible.","There are trees visible on the right side of the image, near the buildings.","The footway is a paved area with white crosswalk lines, where pedestrians can walk.","The base of the buildings along this street includes ground-level commercial spaces, pedestrian walkways, and street-level entrances. There are also construction barriers and scaffolding indicating ongoing development or renovation."
east_38th_street/west_to_east/026_n00480_E.jpg,n00480,0.643090605817227,The street is lined with parked cars and has a sidewalk on the left side.,"There are trees with white blossoms on the right side of the image, and a tree with budding leaves on the left side.","The footway is a paved area for pedestrians, with a green line marking the edge of the sidewalk.","The base of the buildings along this street is made of brick and concrete, with some buildings having green awnings over their entrances."
east_38th_street/west_to_east/027_n00481_E.jpg,n00481,0.6755708979023474,"The street is bustling with activity, featuring parked cars, pedestrians, and construction work. The presence of scaffolding and construction materials indicates ongoing development or repair work.","There are trees visible in the background, lining the street and providing shade.",The footway is lined with buildings and has a few people walking on it.,"The base of the buildings along this street includes storefronts and ground-level businesses, with some buildings having scaffolding or construction materials indicating ongoing work."
east_38th_street/west_to_east/028_n00482_E.jpg,n00482,0.5864669877651222,"The street appears to be busy with vehicles and construction, making it potentially challenging to walk.","There are trees visible on the right side of the image, near the buildings.","The footway is clear and appears to be well-maintained, with no obstructions or debris visible.","The base of the buildings along this street includes ground-level commercial spaces, with some having scaffolding and construction signs indicating ongoing work. There are also trees and street furniture like benches and trash cans."
east_38th_street/west_to_east/029_n00483_E.jpg,n00483,0.7192563511955906,"The street is bustling with activity, featuring tall buildings, trees, and various vehicles. Pedestrians can navigate the area safely with the presence of crosswalks and traffic signals.","There are trees visible on the left side of the image, near the buildings.",The footway is a pedestrian area with crosswalks and a few people walking.,"The base of the buildings along this street includes a mix of brick and concrete facades, with some buildings having ground-level commercial spaces and others with residential entrances."
east_38th_street/west_to_east/030_n00484_E.jpg,n00484,0.7453045965983092,The street is busy with cars parked along the sides and tall buildings lining the street.,"There are trees visible on the left and right sides of the image, lining the street.",The footway is lined with trees and has a sidewalk with a few benches.,"The base of the buildings along this street includes storefronts and commercial spaces, with some buildings having brick facades and others with modern glass exteriors."
east_38th_street/west_to_east/031_n00485_E.jpg,n00485,0.5172763773374575,"The street appears to be busy with vehicles and construction, making it challenging to walk.","There are trees visible in the background, lining the street, and some greenery is present on the scaffolding on the right side of the image.",The footway is lined with trees and has a canopy structure overhead.,"The base of the buildings along this street includes a mix of commercial and residential elements, with some buildings having ground-level storefronts and others featuring residential entrances. There are also various types of scaffolding and construction materials visible, indicating ongoing construction or renovation work."
east_38th_street/west_to_east/032_n00486_E.jpg,n00486,0.6951783849597187,"The street is busy with vehicles, including cars and a bus, and there are buildings on both sides. The weather appears to be clear and sunny.","There are trees with blossoms on the right side of the image, and leafless trees on the left side.",The footway is not visible in the image.,"The base of the buildings along this street includes storefronts and ground-level businesses, with some buildings having scaffolding or construction materials visible."
east_38th_street/west_to_east/033_n00487_E.jpg,n00487,0.6713008174686976,"The street is busy with parked cars and buildings on both sides, making it a typical urban environment.","There are trees visible on the left side of the image, near the buildings.",The footway is paved and has a sidewalk with a few trees and a bench.,"The base of the buildings along this street includes storefronts and ground-level businesses, with some buildings having awnings and signs above the entrances."
east_38th_street/west_to_east/034_n00488_E.jpg,n00488,0.661695318006537,"The street is busy with vehicles and pedestrians, making it a bustling urban environment.","There is a tree visible on the right side of the image, near the sidewalk.",The footway is lined with trees and has a sidewalk with a few people walking on it.,"The base of the buildings along this street includes ground-level commercial establishments, such as a pizza place and a store, with awnings and signage indicating their names."
east_38th_street/west_to_east/035_n00489_E.jpg,n00489,0.6542167702607331,"The street is wide and has multiple lanes of traffic, with clear pedestrian crosswalks and street signs indicating directions.","There are trees visible in the image, located on the right side near the top and on the left side near the top.","The footway is a paved area for pedestrians to walk on, with crosswalks for safe crossing at intersections.",The base of the buildings along this street includes storefronts and commercial spaces.
east_38th_street/west_to_east/036_n00490_E.jpg,n00490,0.7586845664670678,"The street is busy with pedestrians and vehicles, including a construction worker and a truck.","There are trees visible on the sidewalks, particularly near the buildings and along the street.",The footway is a pedestrian area with crosswalks and a few people walking.,The base of the buildings along this street is made of brick.
east_38th_street/west_to_east/037_n00491_E.jpg,n00491,0.5900137556633924,"The street is lined with buildings and parked vehicles, making it a typical urban environment for walking.","There are trees visible on the left side of the image, lining the street.",The footway is lined with trees and has a few pedestrians walking.,The base of the buildings along this street includes ground-level commercial spaces and a sidewalk with parked vehicles.
east_38th_street/west_to_east/038_n00492_E.jpg,n00492,0.712106739798265,"The street is lined with buildings, trees, and parked vans, creating a typical urban environment.","There are trees visible on the left side of the image, near the sidewalk and buildings.",The footway is lined with trees and has a blue door on the left side.,"The base of the buildings along this street includes ground-level commercial spaces, such as shops and offices, with large windows and doors."
east_38th_street/west_to_east/039_n00493_E.jpg,n00493,0.6856913361543636,"The street is wide and has multiple lanes of traffic, with crosswalks and traffic lights for pedestrians and vehicles. The sidewalks are lined with buildings and trees, providing a mix of urban and natural elements.","There are trees visible on the left side of the image, near the sidewalk.",The footway is a paved area with white stripes for pedestrian crossing.,"The base of the buildings along this street includes ground-level commercial spaces, such as shops and restaurants, with large windows and glass doors."
east_38th_street/west_to_east/040_n00494_E.jpg,n00494,0.8071961926053371,"The street is wide and has multiple lanes of traffic, with crosswalks and traffic lights for pedestrians and vehicles. There are buildings on both sides, and the sidewalk is lined with trees and street lamps.","There are trees visible on the sidewalks, particularly near the buildings and along the street.","The footway is a paved area for pedestrians, with crosswalks and sidewalks visible.",The base of the buildings along this street is made of brick and has a rounded design.
east_38th_street/west_to_east/041_n00495_E.jpg,n00495,0.5780814308107033,The street is lined with parked cars and has a sidewalk on one side.,"There are leafless trees lining the street, visible on both sides of the road.",The footway is narrow and has a few trees and a parking garage on the left side.,"The base of the buildings along this street includes a parking garage, a storefront, and a row of parked cars."
east_38th_street/west_to_east/042_n00496_E.jpg,n00496,0.4735216414399055,"The street is busy with vehicles and pedestrians, making it lively and dynamic.","There is a tree visible on the right side of the image, near the top.","The footway is a paved area for pedestrians, with a sidewalk for walking and a curb for separation from the road.","The base of the buildings along this street includes ground-level entrances, windows, and a sidewalk."
east_38th_street/west_to_east/043_n00497_E.jpg,n00497,0.6319391196845813,"The street is busy with parked cars and tall buildings, making it a bustling urban environment.","There are trees visible in the background, lining the street and providing shade.",The footway is not visible in the image.,"The base of the buildings along this street includes a mix of commercial and residential elements, with storefronts on the ground level and residential or office spaces above."
east_38th_street/west_to_east/044_n00498_E.jpg,n00498,0.616337311425656,"The street appears to be busy with vehicles and pedestrians, making it a bustling urban environment.","There are trees with pink blossoms on the right side of the image, near the sidewalk.",The footway is not visible in the image.,"The base of the buildings along this street includes storefronts and commercial spaces, with some vehicles parked in front of them."
east_38th_street/west_to_east/045_n00499_E.jpg,n00499,0.7246061268504229,"The street is busy with parked cars and tall buildings, making it a bustling urban environment.","There are trees with blooming white flowers on the right side of the image, near the sidewalk.",The footway is lined with trees and has a few people walking on it.,"The base of the buildings along this street includes a mix of commercial and residential elements, with some buildings having ground-level storefronts and others featuring residential apartments or offices."
east_38th_street/west_to_east/046_n00500_E.jpg,n00500,0.6936128312637945,"The street appears to be busy with vehicles and pedestrians, with clear crosswalks and traffic signals to navigate.","There are trees visible on the right side of the image, near the sidewalk and buildings.",The footway is a paved area with a sidewalk for pedestrians. It is lined with trees and has street signs and traffic lights.,"The base of the buildings along this street includes ground-level commercial spaces, pedestrian walkways, and street-level entrances."
east_38th_street/west_to_east/047_n00501_E.jpg,n00501,0.5824673920454331,"The street is wide and has multiple lanes, with traffic lights and crosswalks. There are buildings on both sides, and a few cars are parked along the street.",There are no visible plants or vegetation in this view.,"The footway is a paved area for pedestrians, with crosswalks and sidewalks visible.",The base of the buildings along this street appears to be made of concrete and has a few storefronts on the ground level.
east_39th_street/east_to_west/001_n00548_W.jpg,n00548,0.2661810369458494,"The street is wide and has multiple lanes, with crosswalks and traffic lights. There are buildings on both sides, and some construction is visible.","There are trees visible in the background, lining the street and providing a touch of greenery amidst the urban setting.","The footway is a paved area for pedestrians, with crosswalks and sidewalks visible.","The base of the buildings along this street includes a mix of ground-level commercial spaces, pedestrian walkways, and street-level traffic infrastructure. There are also construction barriers and signs indicating ongoing work."
east_39th_street/east_to_west/002_n00547_W.jpg,n00547,0.2958760495473235,"The street appears to be a busy urban area with buildings on both sides, vehicles parked along the curb, and a clear path for pedestrians.","There is a small tree visible on the sidewalk, located near the middle of the image.",The footway is lined with a metal fence and has a green strip in the middle.,"The base of the buildings along this street is made of glass and steel, reflecting the surrounding cityscape."
east_39th_street/east_to_west/003_n00546_W.jpg,n00546,0.1801362969344219,"The street appears to be busy with vehicles and construction barriers, making it challenging to walk.","There is a small tree visible on the right side of the image, near the sidewalk.",The footway is lined with orange barriers and has a green strip with a white bicycle symbol.,"The base of the buildings along this street includes a mix of commercial and residential spaces, with some buildings having ground-level storefronts and others having ground-level offices or apartments."
east_39th_street/east_to_west/004_n00545_W.jpg,n00545,0.4031393057188032,"The street is bustling with activity, featuring a mix of vehicles, pedestrians, and buildings. The presence of parking garages and commercial signs suggests a busy urban environment.","There are trees visible in the background, lining the street and providing a natural element to the urban environment.",The footway is not visible in the image.,The base of the buildings along this street includes ground-level parking garages and commercial spaces.
east_39th_street/east_to_west/005_n00544_W.jpg,n00544,0.289012611939361,"The street appears to be a typical urban setting with tall buildings on either side, a truck parked on the side, and a sidewalk that seems to be in good condition.","There is a tree visible on the left side of the image, near the sidewalk.","The footway is a narrow path along the sidewalk, with a tree and some buildings visible in the background.","The base of the buildings along this street includes ground-level entrances, windows, and balconies."
east_39th_street/east_to_west/006_n00543_W.jpg,n00543,0.2765999342119463,The street is lined with tall buildings and has a few parked cars. It appears to be a typical urban environment with a mix of residential and commercial buildings.,"There are trees visible along the sidewalk, particularly on the left side of the image, and some bushes near the buildings.",The footway is lined with trees and has a few people walking on it.,"The base of the buildings along this street includes ground-level commercial spaces, greenery, and a sidewalk."
east_39th_street/east_to_west/007_n00542_W.jpg,n00542,0.6381970651294013,"The street is bustling with activity, featuring a mix of pedestrians, cyclists, and vehicles. The presence of street furniture like benches and bike racks, as well as the variety of buildings and shops, suggests a lively urban environment.","There are leafless trees visible on the sidewalks, particularly on the left side of the image near the buildings.",The footway is lined with trees and has a bicycle parked near a building.,"The base of the buildings along this street includes storefronts, balconies, and a bicycle rack."
east_39th_street/east_to_west/008_n00541_W.jpg,n00541,0.6108123986755555,"The street is wide and has multiple lanes of traffic, with tall buildings on either side. There are traffic lights and street signs visible, indicating a well-organized urban environment.","There are trees visible in the background, lining the street and providing shade.",The footway is a pedestrian area with crosswalks and sidewalks.,"The base of the buildings along this street includes ground-level commercial spaces, pedestrian walkways, and street-level entrances."
east_39th_street/east_to_west/009_n00540_W.jpg,n00540,0.5689528078858508,"The street is wide and has a sidewalk on both sides, with tall buildings on either side.",There are leafless trees visible along the sidewalk on the left side of the image.,The footway is lined with trees and has a sidewalk with benches.,"The base of the buildings along this street includes ground-level commercial spaces, such as shops and restaurants, with large windows and awnings."
east_39th_street/east_to_west/010_n00539_W.jpg,n00539,0.4618533750186351,"The street is wide and has a bike lane, making it suitable for pedestrians and cyclists.","There are trees visible on the left side of the image, near the sidewalk, and on the right side, near the construction area.",The footway is lined with trees and has a green painted bike lane.,The base of the buildings along this street is made of brick.
east_39th_street/east_to_west/011_n00538_W.jpg,n00538,0.574870679163604,"The street is bustling with activity, featuring a mix of pedestrians, vehicles, and construction. The presence of scaffolding and construction materials suggests ongoing development or maintenance.","There are leafless trees visible on the sidewalk, located on both sides of the street.",The footway is lined with trees and has a green bike lane.,"The base of the buildings along this street includes storefronts and commercial spaces, with one notable store named ""Duane Reade."""
east_39th_street/east_to_west/012_n00537_W.jpg,n00537,0.5352697497403014,"The street is bustling with activity, featuring tall buildings, vehicles, and pedestrians.","There are trees visible in the background, lining the street and providing shade.",The footway is a pedestrian area with crosswalks and sidewalks.,The base of the buildings along this street includes storefronts and a variety of commercial establishments.
east_39th_street/east_to_west/013_n00536_W.jpg,n00536,0.5928717804191752,"The street is bustling with activity, featuring a mix of pedestrians, vehicles, and storefronts. The presence of construction barriers and street signs indicates ongoing development or maintenance work.","There is a tree visible on the left side of the image, near the intersection.","The footway is wide and has a crosswalk for pedestrians. There are orange barriers on the sidewalk, and a few people are walking or standing.","The base of the buildings along this street includes storefronts and commercial spaces, with some having large glass windows and others with brick facades."
east_39th_street/east_to_west/014_n00535_W.jpg,n00535,0.6477275802629989,"The street is lined with tall buildings, trees, and a few parked cars. It appears to be a busy urban area with a mix of commercial and residential buildings.","There are trees visible on the sidewalks, particularly on the left side of the image, and some greenery near the buildings.",The footway is lined with trees and has a sidewalk with a few people walking on it.,"The base of the buildings along this street includes storefronts and commercial spaces, with one visible barber shop and another establishment with a sign that reads ""BARBER SHOP."" There are also a few trees and a sidewalk with a few pedestrians and vehicles."
east_39th_street/east_to_west/015_n00534_W.jpg,n00534,0.7645263069522237,"The street is lined with tall buildings and trees, with a few pedestrians and vehicles visible.","There are leafless trees lining the street, visible on both sides of the road, and a small patch of greenery near the sidewalk on the left side of the image.",The footway is paved with concrete and has a sidewalk lamp post.,The base of the buildings along this street includes a sidewalk and a street with parked cars.
east_39th_street/east_to_west/016_n00533_W.jpg,n00533,0.797204286424103,The street is lined with tall buildings and has a bike lane on the left side.,"There are trees with blooming white flowers on the right side of the street, and a tree with bare branches on the left side of the street.",The footway is lined with trees and has a green painted bike lane.,"The base of the buildings along this street includes ground-level commercial spaces, such as shops and restaurants, with large windows and entrances."
east_39th_street/east_to_west/017_n00532_W.jpg,n00532,0.7931151344631995,"The street is bustling with activity, featuring tall buildings, trees, and a mix of pedestrians and vehicles.","There are trees visible on the sidewalks, particularly near the buildings and along the street.",The footway is lined with trees and has a blue signboard.,"The base of the buildings along this street includes storefronts, entrances, and a few trees lining the sidewalk."
east_39th_street/east_to_west/018_n00531_W.jpg,n00531,0.830681750025539,"The street is bustling with activity, with cars and pedestrians moving along the sidewalks and streets. The presence of tall buildings and commercial establishments suggests a busy urban environment.","There are trees visible on the sidewalks, specifically on the left and right sides of the street. Additionally, there are small bushes and plants near the buildings and at the corners of the street.",The footway is wide and has a green crosswalk.,"The base of the buildings along this street includes ground-level commercial spaces, such as shops and restaurants, and the street-level entrances to residential buildings."
east_39th_street/east_to_west/019_n00530_W.jpg,n00530,0.8033540359588904,"The street is wide and has multiple lanes, with crosswalks and traffic lights for pedestrians and vehicles. There are buildings on both sides, and a few people are walking or standing on the sidewalks.","There are trees visible on the sidewalks, specifically on the left side of the intersection and further down the street.",The footway is a paved area with white crosswalk lines and a few people walking on it.,"The base of the buildings along this street includes storefronts, signs, and a few pedestrians."
east_39th_street/east_to_west/020_n00529_W.jpg,n00529,0.6829806841930683,"The street is bustling with activity, featuring tall buildings, pedestrians, and vehicles.","There are trees visible on the sidewalks, particularly on the left side of the image near the buildings.",The footway is lined with trees and has a blue railing on the left side.,"The base of the buildings along this street includes ground-level commercial spaces, such as shops and restaurants, with large windows and storefronts. There are also some trees and benches along the sidewalk, providing a touch of greenery and seating for pedestrians."
east_39th_street/east_to_west/021_n00528_W.jpg,n00528,0.7865107596219947,"The street is bustling with activity, featuring a UPS delivery van, cars, pedestrians, and various storefronts. The sidewalk is lined with trees and benches, providing a pleasant walking experience.","There is a small tree with green leaves on the sidewalk, located on the right side of the image.",The footway is lined with trees and has a railing along the sidewalk.,"The base of the buildings along this street is made of glass and steel, with some having green planters and benches in front."
east_39th_street/east_to_west/022_n00527_W.jpg,n00527,0.7620498822531793,"The street is bustling with activity, featuring tall buildings, pedestrians, and vehicles.","There are trees visible on the right side of the image, near the sidewalk and the buildings.",The footway is a pedestrian area with people walking and a bench.,"The base of the buildings along this street includes storefronts and commercial spaces, with some having large glass windows and others with more traditional facades."
east_39th_street/east_to_west/023_n00526_W.jpg,n00526,0.6444203675192118,"The street is bustling with activity, featuring tall buildings, pedestrians, and vehicles.","There are trees visible on the left side of the image, near the buildings.",The footway is a pedestrian area with crosswalks and sidewalks.,"The base of the buildings along this street includes storefronts and commercial spaces, with some buildings having ground-level retail or office spaces."
east_39th_street/east_to_west/024_n00525_W.jpg,n00525,0.6674003391515233,"The street is bustling with pedestrians and vehicles, making it lively and dynamic.","There are trees visible along the sidewalk, particularly on the left side of the image, near the buildings.","The footway is a paved area for pedestrians to walk on, with white stripes marking the crosswalks.","The base of the buildings along this street includes storefronts and commercial spaces, with some buildings having fire escapes and awnings."
east_39th_street/east_to_west/025_n00524_W.jpg,n00524,0.646035304017633,"The street is lined with buildings, shops, and a few pedestrians. It appears to be a typical urban environment with vehicles on the road and various storefronts along the sidewalk.","There are trees visible along the sidewalk, particularly on the right side of the image.",The footway is paved with concrete and has a sidewalk with a few people walking on it.,"The base of the buildings along this street includes storefronts and ground-level businesses, with some buildings having fire escapes and awnings."
east_39th_street/east_to_west/026_n00523_W.jpg,n00523,0.7390887920483837,"The street is bustling with activity, featuring a mix of pedestrians, vehicles, and buildings.","There are trees visible along the sidewalk, particularly on the right side of the image, near the Murray Hill East building.",The footway is lined with trees and has a sidewalk with a few people walking.,"The base of the buildings along this street includes storefronts and entrances, with some having awnings and signs indicating their names or services."
east_39th_street/east_to_west/027_n00522_W.jpg,n00522,0.7104946681576365,"The street is busy with parked cars and buildings on both sides, making it a typical urban environment for walking.","There are trees visible in the view, located on the left side of the street, between the buildings and the road.",The footway is not visible in the image.,The base of the buildings along this street includes storefronts and awnings.
east_39th_street/east_to_west/028_n00521_W.jpg,n00521,0.7667235904163945,"The street is bustling with activity, featuring a mix of pedestrians, vehicles, and bicycles. The presence of flags and various buildings suggests a vibrant urban environment.","There are trees visible on the sidewalk, particularly on the right side of the image, near the buildings.",The footway is lined with parked bicycles and has a person standing near the edge.,"The base of the buildings along this street includes ground-level storefronts, a row of parked bicycles, and a sidewalk with a few pedestrians."
east_39th_street/east_to_west/029_n00520_W.jpg,n00520,0.8279462019305559,"The street is lined with buildings, trees, and parked bicycles, creating a pleasant urban environment for walking.","There are trees lining the street, visible on both sides of the road, and some potted plants near the buildings.",The footway is lined with trees and has a few people walking on it.,"The base of the buildings along this street includes ground-level commercial establishments, such as shops and restaurants, with awnings and storefronts. There are also bicycle racks and a few parked bicycles, indicating a bike-friendly area."
east_39th_street/east_to_west/030_n00519_W.jpg,n00519,0.7156692929549116,"The street is bustling with activity, featuring a mix of pedestrians, vehicles, and storefronts. The sidewalks are lined with various businesses, and the street is well-marked with crosswalks and traffic signals.","There are trees visible in the background, lining the street and providing shade.","The footway is lined with various shops and restaurants, including a deli and a store with a red awning. There are people walking and standing on the sidewalk, and a fire hydrant is visible near the corner.","The base of the buildings along this street includes storefronts and signs, with one store advertising fresh, organic, and gluten-free items."
east_39th_street/east_to_west/031_n00518_W.jpg,n00518,0.8591177120979945,"The street is bustling with activity, featuring a mix of pedestrians and vehicles. The sidewalks are lined with buildings, and there are traffic lights and street signs to guide the flow of traffic.","There are trees visible along the sidewalk, particularly on the left side of the image, near the buildings.","The footway is a paved area for pedestrians, with a crosswalk marked by white lines.","The base of the buildings along this street includes storefronts and ground-level businesses, with some having awnings and signs above the entrances."
east_39th_street/east_to_west/032_n00517_W.jpg,n00517,0.7432828635876085,"The street is lined with brick buildings, has a sidewalk, and includes parked vehicles.","There are trees visible along the sidewalk, particularly on the left side of the image, and they are spaced at intervals along the street.",The footway is paved with concrete and has a sidewalk lamp post.,"The base of the buildings along this street includes ground-level entrances, windows, and some greenery."
east_39th_street/east_to_west/033_n00516_W.jpg,n00516,0.8352237823140769,"The street is lined with tall buildings, has a few pedestrians, and is flanked by trees and street furniture.","There are trees visible on the sidewalks, particularly on the right side of the street, and some greenery in planters along the sidewalk.",The footway is lined with trees and has a sidewalk with a metal railing.,"The base of the buildings along this street includes ground-level commercial spaces, such as shops and restaurants, with large windows and awnings."
east_39th_street/east_to_west/034_n00515_W.jpg,n00515,0.7973446778254293,"The street is lined with tall buildings, trees, and a few pedestrians.","There are trees visible on the sidewalks, particularly on the right side of the image, and there are also some plants near the entrance of the building on the left.",The footway is paved with concrete and has a sidewalk lamp post.,"The base of the buildings along this street includes storefronts and ground-level businesses, with some having awnings and signs. There are also a few trees and street furniture like benches and trash cans."
east_39th_street/east_to_west/035_n00514_W.jpg,n00514,0.7614479917681323,"The street is lined with tall buildings, including a parking garage, and has a few trees and street lamps. It appears to be a typical urban environment with a mix of commercial and residential buildings.","There are trees visible on the sidewalks, specifically on the right side of the street.",The footway is lined with trees and has a sidewalk for pedestrians.,"The base of the buildings along this street includes ground-level entrances, windows, and a parking garage entrance."
east_39th_street/east_to_west/036_n00513_W.jpg,n00513,0.7710593928263584,"The street is lined with tall buildings, has a sidewalk, and includes a few parked cars.","There is a tree visible on the left side of the image, near the sidewalk.",The footway is lined with trees and has benches and potted plants.,"The base of the buildings along this street includes a sidewalk, a street, and some trees."
east_39th_street/east_to_west/037_n00512_W.jpg,n00512,0.7504514507783971,"The street is bustling with activity, featuring tall buildings, pedestrians, and vehicles.","There is a small tree on the sidewalk, located towards the left side of the image, and a few potted plants on the right side, near the building.",The footway is lined with trees and has a green strip for bicycles.,"The base of the buildings along this street includes ground-level commercial spaces, such as shops and restaurants, with large windows and glass doors. There are also green planters and trees along the sidewalk, adding a touch of nature to the urban environment."
east_39th_street/east_to_west/038_n00511_W.jpg,n00511,0.7170948291904846,"The street is wide and has multiple lanes of traffic, with crosswalks at intersections for pedestrians. There are tall buildings on both sides, and a few people are visible walking or standing.","There are trees visible on the left side of the image, near the buildings.",The footway is a pedestrian crossing with white stripes and is located in the middle of the street.,The base of the buildings along this street is made of concrete and has a few trees and plants in front of it.
east_39th_street/east_to_west/039_n00510_W.jpg,n00510,0.7813887432849536,"The street is busy with pedestrians and vehicles, making it a bustling urban environment.","There are trees visible on the sidewalks, specifically on the right side of the image near the buildings.",The footway is a pedestrian area with crosswalks and people walking.,The base of the buildings along this street includes storefronts and commercial spaces.
east_39th_street/east_to_west/040_n00509_W.jpg,n00509,0.7194972329861828,"The street is lined with tall buildings, and there are parked cars along the sidewalk. It appears to be a busy urban area with a mix of commercial and residential buildings.","There are trees visible along the sidewalk on the left side of the image, providing greenery to the urban environment.",The footway is lined with trees and has a green strip.,"The base of the buildings along this street includes ground-level commercial spaces, such as shops and restaurants, with large windows and awnings."
east_39th_street/east_to_west/041_n00508_W.jpg,n00508,0.6838259527674242,"The street appears to be a typical urban setting with buildings on both sides, a few pedestrians, and vehicles on the road. The sidewalk is clear, and there are no visible obstacles.","There is a tree visible on the left side of the image, near the sidewalk.",The footway is lined with trees and has a sidewalk with a trash bin and a parking meter.,"The base of the buildings along this street includes ground-level commercial spaces, such as shops and offices, with large windows and storefronts. There are also street-level amenities like a parking sign, a trash bin, and a pedestrian crossing."
east_39th_street/east_to_west/042_n00507_W.jpg,n00507,0.7408315515122182,"The street is busy with vehicles and pedestrians, making it a bustling urban environment.","There are trees visible along the sidewalk, particularly on the left side of the image, near the parking sign.","The footway is a paved area with a pedestrian crossing, lined with street signs and a parking meter.","The base of the buildings along this street includes ground-level commercial spaces, such as shops and offices, with large windows and signs indicating their purpose."
east_39th_street/east_to_west/043_n00506_W.jpg,n00506,0.7853021457475632,"The street is lined with tall buildings, has a few pedestrians, and includes a bike lane.","There is a tree visible on the left side of the street, near the sidewalk.",The footway is lined with trees and has a green painted section.,"The base of the buildings along this street includes storefronts and ground-level entrances, with some buildings having green-painted bike lanes and others having flags and signs."
east_39th_street/east_to_west/044_n00505_W.jpg,n00505,0.7876413672403453,"The street is relatively quiet with a few pedestrians and vehicles. The sidewalks are lined with buildings and street furniture, providing a pleasant environment for walking.","There are trees visible on the left side of the image, near the buildings.","The footway is lined with various signs and flags, and there are a few pedestrians walking.","The base of the buildings along this street includes storefronts, awnings, and street-level entrances."
east_39th_street/east_to_west/045_n00504_W.jpg,n00504,0.7532619681210334,"The street is bustling with activity, featuring a mix of pedestrians, vehicles, and storefronts. The presence of scaffolding suggests ongoing construction or renovation, adding a dynamic element to the urban landscape.","There are potted plants on the sidewalk, specifically on the right side of the street, near the buildings.",The footway is lined with potted plants and has a bicycle parked on it.,The base of the buildings along this street includes storefronts and a bike lane.
east_39th_street/east_to_west/046_n00503_W.jpg,n00503,0.6318100172840156,"The street is bustling with activity, featuring tall buildings, pedestrians, and vehicles.","There is a tree visible on the right side of the image, near the sidewalk.","The footway is a pedestrian area with a crosswalk, where people can cross the street safely.","The base of the buildings along this street includes storefronts and ground-level businesses, with some having awnings and signs above the entrances."
east_39th_street/east_to_west/047_n00502_W.jpg,n00502,0.5307242314896452,"The street is bustling with activity, featuring tall buildings, vehicles, and pedestrians.",There is no vegetation visible in this view.,The footway is a pedestrian crossing with white stripes.,The base of the buildings along this street includes storefronts and a pedestrian crosswalk.
east_39th_street/west_to_east/001_n00502_E.jpg,n00502,0.5307242314896452,"The street is bustling with activity, featuring a mix of pedestrians and vehicles. The presence of scaffolding on buildings suggests ongoing construction or renovation, which might affect the walking experience.",There are no visible plants or vegetation in this view.,The footway is a pedestrian area with crosswalks and is lined with buildings.,"The base of the buildings along this street includes ground-level commercial spaces, such as shops and restaurants, with large windows and awnings."
east_39th_street/west_to_east/002_n00503_E.jpg,n00503,0.6318100172840156,"The street is bustling with activity, featuring a yellow taxi, pedestrians, and various storefronts. The presence of scaffolding suggests ongoing construction or renovation, adding to the dynamic urban environment.","There are trees visible on the sidewalk, specifically on the right side of the image, near the construction scaffolding.",The footway is lined with a metal railing and has a few people walking on it.,The base of the buildings along this street includes storefronts and a yellow taxi.
east_39th_street/west_to_east/003_n00504_E.jpg,n00504,0.7532619681210334,"The street is bustling with activity, featuring a mix of pedestrians, cyclists, and vehicles. The sidewalks are lined with various storefronts and buildings, creating a lively urban environment.","There is a small tree on the sidewalk near the left side of the image, and another tree further down the street on the right side.",The footway is lined with various storefronts and has a few pedestrians walking.,"The base of the buildings along this street includes storefronts and signs, with one notable sign for ""Monkeys"" and another for ""Pestana Park Avenue."" There is also a parking garage entrance on the right side of the image."
east_39th_street/west_to_east/004_n00505_E.jpg,n00505,0.7876413672403453,"The street is bustling with activity, featuring a mix of pedestrians, vehicles, and cyclists. The presence of traffic lights and pedestrian crossings indicates a well-organized urban environment.",There is a tree with green leaves on the sidewalk on the right side of the image.,The footway is lined with trees and has a metal railing along the side.,"The base of the buildings along this street includes ground-level commercial spaces, such as shops and offices, with large windows and entrances. There are also a few trees and plants in front of some buildings, adding a touch of greenery to the urban environment."
east_39th_street/west_to_east/005_n00506_E.jpg,n00506,0.7853021457475632,"The street is bustling with activity, featuring tall buildings, pedestrians, and vehicles.","There is a tree visible on the right side of the image, near the sidewalk.",The footway is lined with trees and has a few pedestrians walking.,The base of the buildings along this street includes storefronts and a parking garage.
east_39th_street/west_to_east/006_n00507_E.jpg,n00507,0.7408315515122182,"The street is lined with tall buildings and has a few trees, providing a mix of urban and natural elements.","There are trees visible on the right side of the image, lining the sidewalk.",The footway is lined with trees and has a green sidewalk.,The base of the buildings along this street includes ground-level commercial spaces and a sidewalk.
east_39th_street/west_to_east/007_n00508_E.jpg,n00508,0.6838259527674242,"The street is bustling with activity, featuring tall buildings, trees, and a mix of pedestrians and vehicles.","There are trees visible on the right side of the image, near the sidewalk and buildings.",The footway is lined with trees and has a sidewalk for pedestrians.,The base of the buildings along this street includes storefronts and a sidewalk.
east_39th_street/west_to_east/008_n00509_E.jpg,n00509,0.7194972329861828,"The street is bustling with activity, featuring tall buildings, pedestrians, and vehicles.","There are trees visible on the left side of the image, near the buildings.","The footway is a paved area for pedestrians, with a crosswalk marked by white stripes.",The base of the buildings along this street includes storefronts and a Bank of America branch.
east_39th_street/west_to_east/009_n00510_E.jpg,n00510,0.7813887432849536,"The street is bustling with activity, featuring tall buildings, pedestrians, and vehicles.","There are trees visible on the right side of the image, near the buildings and along the sidewalk.",The footway is a pedestrian area with crosswalks and a person pushing a cart.,"The base of the buildings along this street includes a mix of materials, such as concrete and stone, and features elements like bases, columns, and steps."
east_39th_street/west_to_east/010_n00511_E.jpg,n00511,0.7170948291904846,"The street is bustling with pedestrians and vehicles, featuring a mix of modern and classic architecture, with clear pedestrian crossings and street signs indicating directions and regulations.","There are trees visible in the background, lining the street and providing greenery to the urban environment.",The footway is a pedestrian area with people walking and standing. There are crosswalks and signs indicating directions and rules for pedestrians.,The base of the buildings along this street is made of stone and has large windows.
east_39th_street/west_to_east/011_n00512_E.jpg,n00512,0.7504514507783971,"The street is bustling with activity, featuring tall buildings, pedestrians, and vehicles.","There is a tree visible on the sidewalk, located towards the right side of the image, near the building with the green awning.",The footway is paved with concrete and has a sidewalk with a green awning over a building entrance. There is a fire hydrant and a manhole cover on the sidewalk.,"The base of the buildings along this street includes ground-level entrances, storefronts, and a sidewalk with a fire hydrant and bollards."
east_39th_street/west_to_east/012_n00513_E.jpg,n00513,0.7710593928263584,"The street is lined with tall buildings and has a few trees, providing a mix of urban and natural elements.","There is a tree visible on the right side of the image, near the sidewalk.",The footway is paved with concrete and has a sidewalk for pedestrians.,The base of the buildings along this street includes a mix of ground-level commercial spaces and residential entrances. There are also a few trees and street furniture like benches and trash cans.
east_39th_street/west_to_east/013_n00514_E.jpg,n00514,0.7614479917681323,"The street is lined with tall buildings, trees, and parked cars. It appears to be a busy urban area with a mix of commercial and residential buildings.","There are trees visible in the view, located on the sidewalks and in front of the buildings.",The footway is lined with trees and has a black mailbox.,"The base of the buildings along this street includes ground-level commercial spaces, such as shops and restaurants, with large windows and awnings. There are also a few trees and a bicycle rack in front of the buildings."
east_39th_street/west_to_east/014_n00515_E.jpg,n00515,0.7973446778254293,"The street is lined with tall buildings, and there are cars parked along the side. It appears to be a busy urban area.","There is a tree visible in the middle of the image, and it appears to be a deciduous tree given its bare branches.",The footway is lined with trees and has a person walking on it.,"The base of the buildings along this street includes ground-level entrances, windows, and a sidewalk."
east_39th_street/west_to_east/015_n00516_E.jpg,n00516,0.8352237823140769,"The street is lined with tall buildings, trees, and parked cars, creating a typical urban environment.","There are trees visible in the view, with one large tree on the left side of the street and smaller trees on the right side, lining the street.",The footway is lined with trees and has a railing along the edge.,"The base of the buildings along this street includes ground-level commercial spaces, such as shops and restaurants, with large windows and awnings. There are also a few trees and street furniture like benches and trash cans."
east_39th_street/west_to_east/016_n00517_E.jpg,n00517,0.7432828635876085,"The street is bustling with activity, featuring tall buildings, shops, and pedestrians.","There are trees visible on the right side of the image, near the buildings.","The footway is a paved area for pedestrians, with a sidewalk for walking and a crosswalk for crossing the street.","The base of the buildings along this street includes storefronts and ground-level businesses, with some buildings having brick facades and others having glass windows."
east_39th_street/west_to_east/017_n00518_E.jpg,n00518,0.8591177120979945,"The street is bustling with activity, featuring a mix of pedestrians and vehicles. The sidewalks are lined with shops and restaurants, and the buildings are tall and varied in design.","There are trees visible in the background, lining the street and providing shade.","The footway is a paved area for pedestrians to walk on, with crosswalks for safe crossing of the street.","The base of the buildings along this street includes storefronts and ground-level businesses, with some having awnings and signs above the entrances."
east_39th_street/west_to_east/018_n00519_E.jpg,n00519,0.7156692929549116,"The street is lined with buildings, trees, and parked bicycles, creating a pleasant urban environment for walking.","There are trees lining the street, visible on both sides of the road, and potted plants are placed along the sidewalk.",The footway is lined with potted plants and has a row of bicycles parked along it.,"The base of the buildings along this street includes storefronts and a convenience store, with bicycles parked in front of them."
east_39th_street/west_to_east/019_n00520_E.jpg,n00520,0.8279462019305559,"The street is bustling with activity, featuring a mix of pedestrians, cyclists, and vehicles. The presence of bicycles and flags suggests a vibrant community atmosphere.","There are trees visible on the left side of the image, lining the street.",The footway is lined with bicycles and has a few pedestrians walking.,"The base of the buildings along this street includes ground-level businesses and storefronts, as well as a row of bicycles parked along the sidewalk."
east_39th_street/west_to_east/020_n00521_E.jpg,n00521,0.7667235904163945,"The street is bustling with activity, featuring a mix of pedestrians and vehicles. The presence of scaffolding on the buildings suggests ongoing construction or renovation, adding to the dynamic urban environment.","There is a tree with blooming white flowers on the right side of the image, near the sidewalk.",The footway is lined with trees and has a sidewalk for pedestrians.,"The base of the buildings along this street includes storefronts and ground-level businesses, with some buildings having green awnings and others having red signs."
east_39th_street/west_to_east/021_n00522_E.jpg,n00522,0.7104946681576365,"The street is busy with cars and pedestrians, making it a bustling urban environment.","There are leafless trees visible along the sidewalk, particularly near the buildings and the crosswalk.",The footway is lined with tall buildings and has a few pedestrians walking.,The base of the buildings along this street includes storefronts and a sidewalk with pedestrians.
east_39th_street/west_to_east/022_n00523_E.jpg,n00523,0.7390887920483837,"The street appears to be busy with vehicles and pedestrians, with tall buildings lining both sides.","There are trees visible on the left side of the image, near the buildings.",The footway is lined with trees and has a sidewalk with a few benches and a trash can.,"The base of the buildings along this street includes storefronts and commercial spaces, with signs indicating office furniture and design services."
east_39th_street/west_to_east/023_n00524_E.jpg,n00524,0.646035304017633,"The street is bustling with activity, featuring tall buildings, trees, and pedestrians.","There is a tree visible on the left side of the image, near the sidewalk.",The footway is paved and has a tree in the middle of it.,"The base of the buildings along this street includes ground-level commercial spaces, such as shops and restaurants, with large windows and doors."
east_39th_street/west_to_east/024_n00525_E.jpg,n00525,0.6674003391515233,"The street is bustling with activity, featuring tall buildings, traffic, and pedestrians.","There are trees visible in the background, along the sidewalk on the left side of the image.",The footway is wide and has a crosswalk for pedestrians to safely cross the street.,"The base of the buildings along this street includes ground-level commercial spaces, such as shops and restaurants, with large windows and entrances. There are also pedestrian crosswalks and street furniture like benches and trash cans."
east_39th_street/west_to_east/025_n00526_E.jpg,n00526,0.6444203675192118,"The street is bustling with activity, featuring tall buildings, pedestrians, and vehicles.","There is a tree visible on the left side of the image, near the sidewalk.",The footway is a pedestrian area with people walking and crossing the street.,"The base of the buildings along this street includes storefronts and commercial spaces, with a TD bank being prominently visible."
east_39th_street/west_to_east/026_n00527_E.jpg,n00527,0.7620498822531793,"The street is bustling with activity, featuring tall buildings, shops, and pedestrians.","There are trees visible on the sidewalks, one on the left side near the ""wayamama"" restaurant and another on the right side near the ""CITY BEER"" establishment.",The footway is lined with trees and has a few people walking on it.,The base of the buildings along this street includes storefronts and a sidewalk.
east_39th_street/west_to_east/027_n00528_E.jpg,n00528,0.7865107596219947,"The street is bustling with activity, featuring tall buildings, shops, and pedestrians.","There are leafless trees visible on the sidewalks, located on both sides of the street.",The footway is lined with trees and has a few pedestrians walking.,The base of the buildings along this street includes storefronts and a sidewalk.
east_39th_street/west_to_east/028_n00529_E.jpg,n00529,0.6829806841930683,"The street is busy with cars and buildings, making it a bustling urban environment.","There are trees visible in the background, located between the buildings and the street.",The footway is a pedestrian area with crosswalks and is located on the side of the road.,"The base of the buildings along this street includes ground-level commercial establishments, such as a dental center and other shops, as well as pedestrian-friendly elements like sidewalks and street furniture."
east_39th_street/west_to_east/029_n00530_E.jpg,n00530,0.8033540359588904,"The street is wide and has multiple lanes of traffic, with crosswalks and traffic lights for pedestrians and vehicles. There are tall buildings on both sides, and the sidewalk is lined with trees and street lamps.","There are trees visible on the sidewalks, particularly on the right side of the image, and some greenery on the left side near the buildings.",The footway is a paved area with white crosswalk lines and a green pedestrian crossing signal.,"The base of the buildings along this street is made of brick and concrete, with some greenery and plants visible at the base of the buildings."
east_39th_street/west_to_east/030_n00531_E.jpg,n00531,0.830681750025539,"The street is bustling with activity, featuring tall buildings, trees, and vehicles.","There are trees with blooming white flowers on the right side of the image, and a few smaller trees without leaves on the left side.",The footway is lined with trees and has a sidewalk for pedestrians.,"The base of the buildings along this street includes ground-level commercial spaces, such as shops and restaurants, with large windows and entrances. There are also trees and street lamps along the sidewalk, providing a mix of commercial and residential elements."
east_39th_street/west_to_east/031_n00532_E.jpg,n00532,0.7931151344631995,The street is lined with tall buildings and has a few trees and street lamps.,"There are trees visible on the sidewalks, particularly on the left side of the image near the green building and on the right side near the brown building.",The footway is lined with trees and has a sidewalk with a few people walking on it.,"The base of the buildings along this street includes a variety of architectural elements, such as columns, decorative moldings, and entrance features. There are also some trees and street lamps visible in front of the buildings."
east_39th_street/west_to_east/032_n00533_E.jpg,n00533,0.797204286424103,"The street is lined with tall buildings and has a few trees, providing a mix of urban and natural elements. It appears to be a typical city street with vehicles parked along the side.",There are trees with bare branches on the left side of the street and trees with green leaves on the right side of the street.,The footway is lined with trees and has a sidewalk with a few benches and potted plants.,"The base of the buildings along this street includes ground-level commercial spaces, such as shops and restaurants, and residential units, with some buildings having outdoor seating areas and awnings."
east_39th_street/west_to_east/033_n00534_E.jpg,n00534,0.7645263069522237,"The street is lined with tall buildings and has a few pedestrians walking. There are also some construction barriers and scaffolding visible, indicating ongoing work.","There are trees with blooming flowers on the right side of the image, near the sidewalk.",The footway is lined with trees and has a sidewalk with a few people walking on it.,"The base of the buildings along this street includes a sidewalk, a street, and some trees."
east_39th_street/west_to_east/034_n00535_E.jpg,n00535,0.6477275802629989,"The street is busy with tall buildings, traffic, and pedestrians.",There are no visible plants or vegetation in this view.,The footway is paved and has a sidewalk with a few orange construction barriers on it.,The base of the buildings along this street includes storefronts and awnings.
east_39th_street/west_to_east/035_n00536_E.jpg,n00536,0.5928717804191752,"The street is bustling with activity, featuring tall buildings, vehicles, and pedestrians.","There are trees visible in the background, lining the street and providing shade.",The footway is not visible in the image.,"The base of the buildings along this street includes ground-level commercial spaces, such as shops and restaurants, and the street level is lined with various vehicles, including cars and trucks."
east_39th_street/west_to_east/036_n00537_E.jpg,n00537,0.5352697497403014,"The street is bustling with activity, featuring tall buildings, vehicles, and pedestrians.","There are trees visible in the background, lining the street and providing shade.",The footway is wide and has a green pedestrian lane.,The base of the buildings along this street includes storefronts and a construction site with scaffolding.
east_39th_street/west_to_east/037_n00538_E.jpg,n00538,0.574870679163604,"The street is wide and has a bike lane on the right side. The buildings are tall and modern, with some construction barriers on the left side.","There are leafless trees lining the street, visible on both sides of the road.",The footway is lined with trees and has a sidewalk.,The base of the buildings along this street is made of brick.
east_39th_street/west_to_east/038_n00539_E.jpg,n00539,0.4618533750186351,"The street is wide and has multiple lanes, with buildings on both sides and a clear path for pedestrians.","There are leafless trees visible on the right side of the image, near the sidewalk.",The footway is lined with trees and has a bike lane.,The base of the buildings along this street includes ground-level commercial spaces and possibly entrances to residential or office buildings.
east_39th_street/west_to_east/039_n00540_E.jpg,n00540,0.5689528078858508,"The street is wide and has multiple lanes, with buildings on both sides and a clear path for pedestrians.",There are no visible plants or vegetation in this view.,"The footway is a paved area for pedestrians, with crosswalks and sidewalks visible.","The base of the buildings along this street includes a mix of materials, such as concrete and brick, and features various architectural elements like windows, doors, and signage."
east_39th_street/west_to_east/040_n00541_E.jpg,n00541,0.6108123986755555,"The street appears to be a typical urban environment with buildings, vehicles, and street furniture. The presence of trees and the sun suggests it is a pleasant day for walking.","There are leafless trees visible along the sidewalk, particularly towards the center and right of the image.",The footway is lined with trees and has a few potted plants.,"The base of the buildings along this street includes ground-level commercial spaces, such as shops and restaurants, with large windows and doors."
east_39th_street/west_to_east/041_n00542_E.jpg,n00542,0.6381970651294013,"The street is lined with tall buildings, trees, and parked cars. The sidewalk appears to be well-maintained and there are no visible obstacles.","There are trees visible on the right side of the image, near the sidewalk and buildings.",The footway is lined with trees and has a sidewalk with a few people walking on it.,"The base of the buildings along this street includes ground-level commercial spaces, with some trees and plants in front of them."
east_39th_street/west_to_east/042_n00543_E.jpg,n00543,0.2765999342119463,"The street appears to be narrow and lined with tall buildings, making it feel somewhat enclosed. The presence of construction materials and vehicles suggests it might be a busy area, possibly with ongoing work or development.","There are trees visible in the background, lining the street and providing a natural element to the urban environment.",The footway is not visible in the image.,The base of the buildings along this street is made of concrete and has large windows.
east_39th_street/west_to_east/043_n00544_E.jpg,n00544,0.289012611939361,"The street appears to be busy with vehicles and buildings, making it a bustling urban environment.","There are trees visible on the right side of the image, near the sidewalk and buildings.",The footway is lined with trees and has a sidewalk with a bench.,"The base of the buildings along this street includes ground-level commercial spaces and possibly retail stores, as indicated by the presence of storefronts and signage at street level."
east_39th_street/west_to_east/044_n00545_E.jpg,n00545,0.4031393057188032,"The street is busy with pedestrians and vehicles, including construction workers and a variety of vehicles. The presence of construction materials and workers suggests ongoing development or maintenance.",There are no visible plants or vegetation in this view.,The footway is a paved area with a sidewalk for pedestrians. It is lined with streetlights and has a few orange traffic cones and barriers.,"The base of the buildings along this street includes a mix of materials, such as concrete and brick, and features various architectural elements like columns and awnings."
east_39th_street/west_to_east/045_n00546_E.jpg,n00546,0.1801362969344219,"The street appears to be busy with vehicles and construction barriers, making it challenging to walk down.",There is no vegetation visible in this view.,The footway is not visible in the image.,"The base of the buildings along this street includes a mix of commercial and residential elements. On the left, there is a store named ""Heavenly Food Market,"" and on the right, there is a construction site with barriers and construction materials."
east_39th_street/west_to_east/046_n00547_E.jpg,n00547,0.2958760495473235,"The street appears to be busy with vehicles and pedestrians, with clear crosswalks and traffic signals. The presence of construction barriers and a construction site suggests ongoing development or maintenance work.","There is a tree visible on the left side of the image, near the sidewalk.",The footway is a paved area with white stripes for pedestrian crossing.,"The base of the buildings along this street includes various commercial and residential structures, with some having ground-level shops and others with large windows and balconies."
east_39th_street/west_to_east/047_n00548_E.jpg,n00548,0.2661810369458494,"The street is wide and has multiple lanes for vehicles, with clear pedestrian crossings and traffic lights. There are also various buildings and flags visible in the background.",There is no vegetation visible in this view.,"The footway is a wide, paved area with a crosswalk and a sidewalk.",The base of the buildings along this street is made of concrete and has a variety of colors and textures.
east_40th_street/east_to_west/001_n00594_W.jpg,n00594,0.4526682445347607,"The street appears to be a busy urban area with tall buildings, vehicles, and a blue dumpster on the right side.",There is a small tree visible on the sidewalk on the left side of the image.,The footway is paved and has a dog walking on it.,"The base of the buildings along this street includes a mix of materials, with some having brick facades and others featuring glass or concrete. There are also various types of street furniture and fixtures, such as street lamps and signs, visible along the sidewalk."
east_40th_street/east_to_west/002_n00593_W.jpg,n00593,0.5017823276183608,The street is lined with tall buildings and has a few parked cars along the sidewalk. It appears to be a typical urban environment with a mix of modern and older architecture.,"There are two small trees visible on the sidewalk, one on the left side and another on the right side of the street.",The footway is lined with trees and has a sidewalk with a red wall on one side and a building with large windows on the other.,"The base of the buildings along this street includes a mix of materials, such as brick and concrete, and features elements like windows, doors, and architectural details."
east_40th_street/east_to_west/003_n00592_W.jpg,n00592,0.5365134935631772,"The street is lined with tall buildings and parked cars, creating a bustling urban environment.","There are leafless trees visible on the left side of the image, near the sidewalk.",The footway is narrow and has a few people walking on it.,"The base of the buildings along this street includes a mix of materials, such as brick and concrete, and features various architectural elements like windows and doors."
east_40th_street/east_to_west/004_n00591_W.jpg,n00591,0.4868925292950457,"The street appears to be a typical urban environment with buildings on both sides, vehicles parked along the curb, and a clear path for pedestrians.","There are trees visible on the sidewalk, particularly on the right side of the image, near the brick building.",The footway is lined with trees and has a railing along the side.,"The base of the buildings along this street includes a mix of ground-level commercial spaces and possibly residential units, with some buildings having large windows and others with solid-colored facades."
east_40th_street/east_to_west/005_n00590_W.jpg,n00590,0.5118475568603206,The street appears to be relatively quiet with a few pedestrians and vehicles. The presence of a parking garage and high-rise buildings suggests it might be a commercial or office area.,"There are trees visible on the right side of the image, near the buildings.",The footway is lined with trees and has a few pedestrians and a dog walking.,The base of the buildings along this street is made of brick.
east_40th_street/east_to_west/006_n00589_W.jpg,n00589,0.6078534151619344,"The street is wide and has multiple lanes, with buildings on both sides and a few trees. It appears to be a typical urban street with no pedestrians visible.","There is a tree with blossoms on the left side of the image, and another tree on the right side near the parking garage entrance.",The footway is paved and has a sidewalk with a tree and a fire hydrant.,The base of the buildings along this street consists of brick facades and ground-level commercial spaces.
east_40th_street/east_to_west/007_n00588_W.jpg,n00588,0.6593849731557058,The street is lined with tall buildings and has a few trees and street lamps. It appears to be a busy urban area with some pedestrians and vehicles.,"There are trees visible on the sidewalk, specifically on the right side of the image, near the buildings.",The footway is paved with concrete and has a sidewalk lamp post.,"The base of the buildings along this street includes ground-level commercial spaces, such as shops and restaurants, and parking garages."
east_40th_street/east_to_west/008_n00587_W.jpg,n00587,0.6347735746494103,The street is lined with tall buildings and has a few trees and benches along the sidewalk.,"There are trees visible on the right side of the image, near the buildings.",The footway is lined with trees and has a sidewalk with benches.,"The base of the buildings includes ground-level commercial spaces, a parking garage, and a sidewalk with trees and street furniture."
east_40th_street/east_to_west/009_n00586_W.jpg,n00586,0.6938257123679004,The street is lined with tall buildings and has parked cars on both sides. It appears to be a busy urban area with a mix of residential and commercial buildings.,"There are trees visible on the right side of the image, lining the street.",The footway is lined with trees and has a canopy structure overhead.,The base of the buildings along this street is made of brick and has a series of windows.
east_40th_street/east_to_west/010_n00585_W.jpg,n00585,0.6774905265342333,"The street is lined with tall buildings and trees, with cars parked along the sides. It appears to be a busy urban area with pedestrians and vehicles.","There are trees visible on both sides of the street, with one tree on the left side and another on the right side, closer to the foreground.",The footway is not visible in the image.,"The base of the buildings along this street includes a mix of commercial and residential spaces, with some buildings having ground-level stores and others having ground-level apartments or offices."
east_40th_street/east_to_west/011_n00584_W.jpg,n00584,0.7222837733678988,"The street is bustling with activity, featuring tall buildings, traffic lights, and pedestrians.","There are trees visible on the right side of the image, near the buildings.","The footway is a paved area for pedestrians, with crosswalks and traffic lights for safety.","The base of the buildings along this street includes ground-level commercial spaces, pedestrian walkways, and street-level entrances."
east_40th_street/east_to_west/012_n00583_W.jpg,n00583,0.7350820333639155,"The street is bustling with activity, featuring tall buildings, pedestrians, and various storefronts.","There are trees with blossoms on the sidewalk, located on the left side of the image, and a tree with bare branches on the right side of the image.","The footway is a paved area with a red brick sidewalk, a pedestrian crossing, and a few people walking.",The base of the buildings along this street includes storefronts and a sidewalk.
east_40th_street/east_to_west/013_n00582_W.jpg,n00582,0.793428433274137,The street is lined with tall buildings and has a few trees and plants along the sidewalks. It appears to be a busy urban area with some pedestrians and vehicles.,There are trees with blooming white flowers on the left side of the street and a few trees without leaves on the right side of the street.,The footway is lined with trees and has a sidewalk with a curb.,"The base of the buildings along this street includes a mix of commercial and residential elements. There are storefronts, a hotel, and a parking garage, as well as residential apartments with balconies and windows."
east_40th_street/east_to_west/014_n00581_W.jpg,n00581,0.7086482442785752,"The street is busy with cars and pedestrians, and there are tall buildings on both sides.","There are trees with green leaves on the left side of the image, and bushes along the sidewalk on the right side.","The footway is a paved area for pedestrians, with a person walking on it.","The base of the buildings along this street includes a mix of commercial and residential elements. There are storefronts, a gas station, and a few trees lining the sidewalk."
east_40th_street/east_to_west/015_n00580_W.jpg,n00580,0.6788956992993387,"The street is bustling with activity, featuring tall buildings, cars, and pedestrians.","There are bushes visible on the right side of the image, near the buildings.",The footway is paved and has a sidewalk lamp post.,"The base of the buildings along this street includes a mix of materials, such as concrete and brick, and features elements like windows, doors, and street-level entrances."
east_40th_street/east_to_west/016_n00579_W.jpg,n00579,0.6584803134228103,"The street is wide and has a smooth surface, with a few pedestrians and vehicles visible.",There are green plants on the roof of the building on the left side of the image.,The footway is wide and has a sidewalk with a few people walking on it.,"The base of the buildings along this street includes ground-level commercial spaces, such as retail stores and offices, with large windows and entrances. There is also a parking garage entrance on the right side of the street."
east_40th_street/east_to_west/017_n00578_W.jpg,n00578,0.5258294783343538,"The street is wide and has multiple lanes, with tall buildings on both sides. There are crosswalks and sidewalks, and a few people are walking or standing.",There is no visible vegetation in this view.,"The footway is wide and has a sidewalk on both sides of the street. There are people walking on the sidewalk, and some are carrying bags.",The base of the buildings along this street is made of concrete and has large windows.
east_40th_street/east_to_west/018_n00577_W.jpg,n00577,0.6029711814948797,"The street is bustling with activity, featuring tall buildings, pedestrians, and vehicles.",There is no vegetation visible in this view.,"The footway is a paved area with white crosswalk lines, where pedestrians can walk.","The base of the buildings along this street is made of dark-colored materials, likely concrete or stone, and features large windows and doors."
east_40th_street/east_to_west/019_n00576_W.jpg,n00576,0.535836721341018,"The street is bustling with activity, with pedestrians walking along the sidewalks and vehicles moving on the road.","There are trees visible on the right side of the image, near the buildings.",The footway is lined with tall buildings and has a few pedestrians walking.,"The base of the buildings along this street is made of glass and steel, with some buildings having a black facade."
east_40th_street/east_to_west/020_n00575_W.jpg,n00575,0.5170318227719648,"The street is bustling with activity, featuring tall buildings, parked cars, and pedestrians.","There are trees visible in the distance, lining the street and providing a touch of greenery amidst the urban environment.",The footway is lined with tall buildings and has a sidewalk with a few people walking.,"The base of the buildings along this street is made of glass and steel, with some buildings having a mix of materials."
east_40th_street/east_to_west/021_n00574_W.jpg,n00574,0.6032789414644297,"The street is bustling with activity, featuring tall buildings, pedestrians, and vehicles.",There are no visible plants or vegetation in this view.,"The footway is a wide, paved area with several people walking on it. There are also a few traffic cones and a fire hydrant visible on the sidewalk.","The base of the buildings along this street includes storefronts and a restaurant called ""Docks."""
east_40th_street/east_to_west/022_n00573_W.jpg,n00573,0.6328861342082449,"The street is bustling with pedestrians and vehicles, featuring tall buildings, crosswalks, and traffic lights.","There are trees visible in the background, lining the street and providing greenery to the urban environment.","The footway is a wide, pedestrian-friendly area with multiple crosswalks and is lined with various street signs and traffic lights.","The base of the buildings along this street includes ground-level commercial spaces, pedestrian walkways, and street-level entrances."
east_40th_street/east_to_west/023_n00572_W.jpg,n00572,0.6694195362016848,"The street is bustling with pedestrians and cyclists, with tall buildings lining both sides.","There is a tree with white blossoms on the sidewalk, located towards the center of the image.",The footway is a paved area with people walking on it.,"The base of the buildings along this street includes storefronts and commercial spaces, with one notable establishment being a Shake Shack restaurant."
east_40th_street/east_to_west/024_n00571_W.jpg,n00571,0.7564293705997793,"The street is bustling with activity, featuring tall buildings, pedestrians, and vehicles.","There is a tree with white blossoms on the right side of the image, near the sidewalk.",The footway is paved and has a sidewalk with a few people walking on it. There is also a trash can and a tree with white blossoms.,"The base of the buildings along this street includes a mix of commercial and residential elements. On the left, there is a storefront with large glass windows, and on the right, there is a modern building with large glass windows and a curved facade."
east_40th_street/east_to_west/025_n00570_W.jpg,n00570,0.723371102229249,"The street appears to be a typical urban setting with buildings on both sides, vehicles parked along the curb, and a clear path for pedestrians to walk down.","There are trees visible on the right side of the image, near the buildings.","The footway is a paved area with a sidewalk, and there are streetlights and a signpost along the side of the road.","The base of the buildings along this street includes storefronts and ground-level commercial spaces, with some buildings having large glass windows and others having more traditional brick facades."
east_40th_street/east_to_west/026_n00569_W.jpg,n00569,0.7248697340525987,"The street is lined with tall buildings, has a few trees, and a few cars parked along the side.","There are trees visible on the sidewalks, one near the left building and another near the right building.",The footway is paved with concrete and has a sidewalk lamp post.,"The base of the buildings along this street includes storefronts and ground-level entrances, with some buildings having awnings and others having large windows."
east_40th_street/east_to_west/027_n00568_W.jpg,n00568,0.5950273988996098,"The street appears to be a typical urban setting with buildings on both sides, a sidewalk, and a road with a car. The environment seems to be a mix of commercial and residential areas, with some greenery visible from the trees.","There are trees with green leaves visible on the left side of the image, near the buildings.",The footway is lined with trees and has a green awning over the entrance of a building.,"The base of the buildings along this street includes ground-level entrances, awnings, and a green fence."
east_40th_street/east_to_west/028_n00567_W.jpg,n00567,0.6005347559848502,The street is lined with buildings and has a sidewalk with a few people walking. There is also a construction site with a green fence on the right side.,"There is a tree with white blossoms on the left side of the image, near the sidewalk.",The footway is lined with trees and has a trash can and a garbage bag on it.,"The base of the buildings along this street includes a sidewalk, a street, and some green construction barriers."
east_40th_street/east_to_west/029_n00566_W.jpg,n00566,0.6235543356973563,"The street is bustling with pedestrians and vehicles, featuring tall buildings and a mix of commercial and residential structures.","There is a small tree visible on the sidewalk, located towards the left side of the image, near the intersection.","The footway is a paved area for pedestrians, with a sidewalk on the left side of the image and a crosswalk in the middle of the street.","The base of the buildings along this street includes a mix of commercial and residential spaces, with some buildings having ground-level retail stores and others having street-level entrances to residential apartments or offices."
east_40th_street/east_to_west/030_n00565_W.jpg,n00565,0.6483791610676102,"The street is bustling with activity, featuring a mix of pedestrians and vehicles. The presence of scaffolding on the buildings suggests ongoing construction or renovation, adding to the dynamic urban environment.","There is a tree visible on the left side of the image, near the sidewalk.","The footway is a paved area with white crosswalk lines, where pedestrians can walk.","The base of the buildings along this street includes storefronts and ground-level commercial spaces, with some buildings having scaffolding and construction materials indicating ongoing work."
east_40th_street/east_to_west/031_n00564_W.jpg,n00564,0.4786697233353077,"The street appears to be relatively empty with no visible pedestrians or vehicles. The buildings on either side are tall and have a mix of architectural styles, suggesting a diverse urban environment.",There are no visible plants or vegetation in this view.,The footway is wide and has a sidewalk with a few people walking on it. There are also some construction barriers and a construction site visible on the right side.,The base of the buildings along this street includes storefronts and a construction site with scaffolding.
east_40th_street/east_to_west/032_n00563_W.jpg,n00563,0.5466718862232451,"The street is wide and has a smooth surface, making it suitable for pedestrians. There are no visible obstacles or hazards on the street.","There are trees visible along the sidewalk on the right side of the image, lining the street.",The footway is lined with buildings and has a few pedestrians walking.,"The base of the buildings along this street includes storefronts and entrances, with some buildings having scaffolding and construction materials visible."
east_40th_street/east_to_west/033_n00562_W.jpg,n00562,0.7150319484163499,"The street is wide and has multiple lanes for vehicles, with buildings on both sides and a few trees. There are also benches and bike racks along the sidewalk.","There are leafless trees lining the street, visible on both sides of the road.",The footway is lined with trees and has a bench and a person sitting on it.,"The base of the buildings along this street includes storefronts and ground-level businesses, with some having large windows and signs indicating their names or services."
east_40th_street/east_to_west/034_n00561_W.jpg,n00561,0.6484993526294303,"The street is wide and has a smooth surface, making it suitable for walking. There are trees and street lamps along the sidewalk, providing a pleasant environment for pedestrians.","There are trees visible on the right side of the image, along the sidewalk.",The footway is lined with trees and has a series of bollards along its length.,The base of the buildings along this street is made of concrete and has a series of metal bollards for vehicle control.
east_40th_street/east_to_west/035_n00560_W.jpg,n00560,0.7311699057838001,"The street is wide and has multiple lanes for vehicles, with a sidewalk on either side. There are also bike racks and a few people walking.","There are leafless trees visible on the right side of the image, along the sidewalk.",The footway is lined with trees and has a row of bicycles parked along the sidewalk.,"The base of the buildings along this street includes a mix of ground-level commercial spaces, such as shops and offices, and public amenities like bike racks and trash bins."
east_40th_street/east_to_west/036_n00559_W.jpg,n00559,0.6921079889444616,"The street is bustling with activity, featuring a mix of pedestrians, cyclists, and vehicles. The presence of bicycles and the urban design elements suggest it is a lively and accessible area for various modes of transportation.","There is a tree visible on the right side of the image, near the sidewalk.",The footway is lined with bicycles and has a few pedestrians walking.,The base of the buildings along this street includes storefronts and a bicycle rack.
east_40th_street/east_to_west/037_n00558_W.jpg,n00558,0.7957079768709477,"The street is wide and has multiple lanes of traffic, with tall buildings on either side. There are crosswalks and traffic lights to navigate.","There are trees visible on the sidewalks, located on the left and right sides of the image, near the crosswalks.","The footway is a wide, pedestrian-friendly area with crosswalks and streetlights.",The base of the buildings along this street is made of concrete and has a few trees and plants in front of them.
east_40th_street/east_to_west/038_n00557_W.jpg,n00557,0.6880079576723467,"The street is bustling with activity, featuring tall buildings, pedestrians, and vehicles.","There are trees visible on the left side of the image, near the sidewalk.","The footway is a pedestrian area with crosswalks, lined with potted plants and street lamps.",The base of the buildings along this street includes storefronts and a food cart.
east_40th_street/east_to_west/039_n00556_W.jpg,n00556,0.5651034033693068,"The street is busy with pedestrians and vehicles, including cars and a fire hydrant.",There is no vegetation visible in this view.,The footway is lined with tall buildings and has a fire hydrant and a few pedestrians.,The base of the buildings along this street includes storefronts and a fire hydrant.
east_40th_street/east_to_west/040_n00555_W.jpg,n00555,0.4947934223147847,"The street appears to be busy with vehicles, including cars and trucks, and there are buildings on both sides. The sidewalk is visible, but there are no pedestrians or other people walking down the street.","There are trees visible in the background, lining the street and providing a touch of greenery amidst the urban setting.",The footway is not visible in the image.,"The base of the buildings along this street includes storefronts and advertisements, with some vehicles parked in front of them."
east_40th_street/east_to_west/041_n00554_W.jpg,n00554,0.4978433021676134,"The street appears to be busy with vehicles and pedestrians, making it a bustling urban environment.","There is a small tree visible on the left side of the image, near the sidewalk.",The footway is lined with trees and has a few pedestrians walking.,"The base of the buildings along this street includes storefronts and ground-level entrances, with some having large windows and others having more solid, closed doors."
east_40th_street/east_to_west/042_n00553_W.jpg,n00553,0.289815519619102,"The street appears to be busy with pedestrians and vehicles, including trucks and boxes, indicating a mix of commercial and possibly residential activity.","There is a tree visible on the left side of the image, near the sidewalk.",The footway is narrow and has a few pedestrians walking. There are also some trash cans and a tree.,The base of the buildings along this street includes storefronts and a sidewalk.
east_40th_street/east_to_west/043_n00552_W.jpg,n00552,0.3983683100015153,"The street appears to be busy with vehicles and pedestrians, with a mix of commercial buildings and a construction vehicle visible.","There are potted plants visible on the sidewalk, specifically on the right side of the image near the ""BENJAMIN PRIME STEAK HOUSE"" establishment.",The footway is lined with tall buildings and has a few pedestrians walking.,The base of the buildings along this street includes storefronts and a sidewalk.
east_40th_street/east_to_west/044_n00551_W.jpg,n00551,0.5424894154338107,"The street is bustling with activity, featuring tall buildings, pedestrians, and vehicles.",There is no vegetation visible in this view.,The footway is lined with tall buildings and has a few pedestrians walking.,"The base of the buildings along this street includes storefronts and commercial spaces, with large glass windows and doors."
east_40th_street/east_to_west/045_n00550_W.jpg,n00550,0.6518681950227958,"The street is bustling with pedestrians and vehicles, making it lively and busy.",There is no vegetation visible in this view.,"The footway is bustling with pedestrians, including a person in a white coat and another in a blue jacket.",The base of the buildings along this street is made of stone and has large windows.
east_40th_street/east_to_west/046_n00549_W.jpg,n00549,0.611942872464008,"The street is bustling with activity, featuring tall buildings, pedestrians, and vehicles.",There are no visible plants or vegetation in this view.,The footway is a pedestrian area with crosswalks and people walking.,The base of the buildings along this street is made of stone and has large windows.
east_40th_street/west_to_east/001_n00549_E.jpg,n00549,0.611942872464008,"The street is bustling with pedestrians and vehicles, featuring a mix of commercial buildings, traffic, and a bicycle lane.",There is no vegetation visible in this view.,"The footway is a paved area with a crosswalk, where pedestrians are walking and standing.","The base of the buildings along this street includes storefronts and retail spaces, with signs indicating ""Retail Space for Lease"" and ""For Rent."" There are also various signs and advertisements visible on the buildings."
east_40th_street/west_to_east/002_n00550_E.jpg,n00550,0.6518681950227958,"The street is bustling with activity, featuring tall buildings, pedestrians, and vehicles.",There is no vegetation visible in this view.,The footway is lined with tall buildings and has a few pedestrians walking.,"The base of the buildings along this street includes storefronts and retail spaces, with large windows and signs indicating available retail space."
east_40th_street/west_to_east/003_n00551_E.jpg,n00551,0.5424894154338107,"The street appears to be busy with vehicles and buildings, making it a bustling urban environment.",There are no visible plants or vegetation in this view.,The footway is lined with tall buildings and has a few pedestrians walking.,"The base of the buildings along this street includes storefronts and commercial spaces, with large windows and glass doors."
east_40th_street/west_to_east/004_n00552_E.jpg,n00552,0.3983683100015153,"The street appears to be busy with trucks and pedestrians, making it challenging to walk.","There are trees visible in the distance, lining the street and providing a green backdrop to the urban environment.",The footway is narrow and has a person standing on it.,The base of the buildings along this street is made of concrete and features large windows and doors.
east_40th_street/west_to_east/005_n00553_E.jpg,n00553,0.289815519619102,"The street is busy with vehicles and pedestrians, making it a bustling urban environment.","There is a tree visible in the background, located between the buildings and slightly to the right of the center of the image.","The footway is a paved area adjacent to the street, with a few pedestrians and a man in a blue shirt walking.","The base of the buildings along this street includes ground-level commercial spaces, such as shops and offices, with large windows and awnings."
east_40th_street/west_to_east/006_n00554_E.jpg,n00554,0.4978433021676134,"The street appears to be busy with vehicles and buildings, making it a bustling urban environment.","There are trees visible on the right side of the image, lining the street.",The footway is not visible in the image.,"The base of the buildings along this street includes storefronts and commercial spaces, with large windows and glass doors."
east_40th_street/west_to_east/007_n00555_E.jpg,n00555,0.4947934223147847,"The street is bustling with activity, featuring tall buildings, vehicles, and pedestrians.",There is no vegetation visible in this view.,The footway is lined with tall buildings and has a few pedestrians walking.,"The base of the buildings along this street includes storefronts and commercial spaces, with large windows and glass doors."
east_40th_street/west_to_east/008_n00556_E.jpg,n00556,0.5651034033693068,"The street is bustling with activity, featuring tall buildings, pedestrians, and various street elements like traffic lights and street lamps.",There are no visible plants or vegetation in this view.,"The footway is a wide, paved area with a crosswalk, lined with street lamps and a variety of pedestrians.","The base of the buildings along this street includes ground-level commercial spaces, such as retail stores and restaurants, with large glass windows and storefronts."
east_40th_street/west_to_east/009_n00557_E.jpg,n00557,0.6880079576723467,"The street is bustling with activity, featuring tall buildings, traffic lights, and pedestrians.","There are trees visible in the background, lining the street and providing greenery to the urban environment.",The footway is a pedestrian crossing with white stripes and a few people walking on it.,"The base of the buildings along this street includes storefronts, pedestrian walkways, and street-level entrances."
east_40th_street/west_to_east/010_n00558_E.jpg,n00558,0.7957079768709477,"The street is bustling with activity, featuring pedestrians, vehicles, and various urban elements like buildings, street signs, and streetlights.","There are potted plants with flowers on the sidewalk, located on the right side of the image near the buildings.",The footway is lined with potted plants and has a crosswalk for pedestrians.,"The base of the buildings along this street is made of glass and steel, with some having large windows and others having more solid facades."
east_40th_street/west_to_east/011_n00559_E.jpg,n00559,0.6921079889444616,"The street is wide and has a bike lane on the left side, making it suitable for pedestrians and cyclists.","There are leafless trees lining the street, visible on both sides of the road.",The footway is lined with trees and has a row of bicycles parked along the side.,"The base of the buildings along this street includes a row of bicycles parked on the left side, a sidewalk with pedestrians, and storefronts on the right side."
east_40th_street/west_to_east/012_n00560_E.jpg,n00560,0.7311699057838001,"The street is wide and has a smooth surface, making it suitable for walking. There are trees and benches along the sidewalk, providing a pleasant environment for pedestrians.","There are trees visible along the sidewalk on the left side of the image, and there are also some plants in planters near the buildings.",The footway is lined with trees and has a row of bollards along the edge of the road.,"The base of the buildings along this street includes a mix of ground-level commercial spaces, street-level entrances, and some construction or renovation work. There are also a few trees and street furniture like benches and trash cans along the sidewalk."
east_40th_street/west_to_east/013_n00561_E.jpg,n00561,0.6484993526294303,"The street is wide and has a smooth surface, making it suitable for walking. There are also bike racks and trees along the sidewalk, providing a pleasant environment for pedestrians.","There are trees visible on the left side of the image, near the sidewalk.",The footway is lined with metal bollards and has a few trees and plants.,"The base of the buildings along this street includes a mix of commercial and residential elements, with some buildings having ground-level storefronts and others featuring residential entrances. There are also various street-level amenities such as bike racks, benches, and street lamps."
east_40th_street/west_to_east/014_n00562_E.jpg,n00562,0.7150319484163499,"The street is wide and has multiple lanes of traffic, with buildings on both sides and a parking garage on the left. It appears to be a busy urban area with pedestrians and vehicles.",There are no visible plants or vegetation in this view.,The footway is lined with tall buildings and has a few pedestrians walking.,"The base of the buildings along this street includes a mix of commercial and residential elements. On the left, there is a parking garage with a red sign, and on the right, there is a restaurant with a sign that reads ""Le Chien."" The sidewalk is lined with street lamps and a few orange traffic cones."
east_40th_street/west_to_east/015_n00563_E.jpg,n00563,0.5466718862232451,"The street appears to be a typical urban setting with buildings on both sides, a sidewalk, and some construction barriers. The weather seems overcast, and there are a few vehicles on the road.","There are potted plants visible on the sidewalk, specifically near the Luna Lucci hair salon on the right side of the image.",The footway is wide and has a sidewalk with a few potted plants and a bench.,The base of the buildings along this street includes storefronts and a construction site with orange barriers and scaffolding.
east_40th_street/west_to_east/016_n00564_E.jpg,n00564,0.4786697233353077,"The street is busy with pedestrians and vehicles, including a black SUV and a yellow taxi. There are also construction barriers and scaffolding on the left side, indicating ongoing work.",There is no vegetation visible in this view.,The footway is made of concrete and has a sidewalk with a metal railing on the left side.,"The base of the buildings along this street includes storefronts and commercial spaces, with some buildings having scaffolding and construction materials indicating ongoing work."
east_40th_street/west_to_east/017_n00565_E.jpg,n00565,0.6483791610676102,"The street is bustling with activity, featuring tall buildings, pedestrians, and vehicles.","There are trees visible on the right side of the image, lining the street.",The footway is a pedestrian crossing with white stripes and several people walking across it.,The base of the buildings along this street includes storefronts and a pedestrian crosswalk.
east_40th_street/west_to_east/018_n00566_E.jpg,n00566,0.6235543356973563,The street is lined with tall buildings and has a sidewalk with a tree and a bench.,"There is a tree with white blossoms on the right side of the image, near the sidewalk.",The footway is lined with trees and has a sidewalk with a green fence on the left side.,"The base of the buildings along this street includes a sidewalk, a street, and some greenery."
east_40th_street/west_to_east/019_n00567_E.jpg,n00567,0.6005347559848502,"The street is lined with tall buildings, and there are a few cars parked along the side. The sidewalk is wide and appears to be well-maintained.","There are trees visible on the right side of the image, near the sidewalk and buildings.",The footway is paved and has a person walking on it.,The base of the buildings along this street is made of brick.
east_40th_street/west_to_east/020_n00568_E.jpg,n00568,0.5950273988996098,"The street is lined with tall buildings, trees, and a few cars. It appears to be a typical urban environment with a mix of commercial and residential buildings.","There are trees visible on both sides of the street, with their branches extending into the view.",The footway is paved with concrete and has a sidewalk with trees and benches along it.,"The base of the buildings along this street includes ground-level commercial spaces, such as shops and offices, with large windows and entrances."
east_40th_street/west_to_east/021_n00569_E.jpg,n00569,0.7248697340525987,"The street is bustling with activity, featuring tall buildings, cars, and pedestrians.","There are trees visible on the left side of the image, near the sidewalk.",The footway is lined with trees and has a sidewalk with a bench and a trash can.,"The base of the buildings along this street includes various ground-level commercial spaces, such as shops and offices, with large windows and doors. There are also a few trees and street lamps along the sidewalk."
east_40th_street/west_to_east/022_n00570_E.jpg,n00570,0.723371102229249,"The street is bustling with activity, featuring tall buildings, trees, and a mix of pedestrians and vehicles.","There are trees visible on the left side of the image, near the sidewalk and street.",The footway is lined with trees and has a few pedestrians walking.,"The base of the buildings along this street includes storefronts and ground-level commercial spaces, with some buildings having large glass windows and others featuring more solid, dark-colored facades."
east_40th_street/west_to_east/023_n00571_E.jpg,n00571,0.7564293705997793,"The street is bustling with activity, featuring tall buildings, shops, and a few pedestrians.","There is a tree with white blossoms on the left side of the image, near the sidewalk.","The footway is wide and has a bench, a tree, and a manhole cover.","The base of the buildings along this street includes storefronts and commercial spaces, with large glass windows and signs indicating various businesses."
east_40th_street/west_to_east/024_n00572_E.jpg,n00572,0.6694195362016848,"The street is bustling with activity, featuring tall buildings, pedestrians, and vehicles.","There are trees visible on the right side of the image, near the sidewalk.",The footway is a pedestrian area with crosswalks and is lined with streetlights and traffic signs.,"The base of the buildings along this street includes storefronts and commercial spaces, with some buildings having large glass windows and others having more solid facades."
east_40th_street/west_to_east/025_n00573_E.jpg,n00573,0.6328861342082449,"The street is bustling with activity, featuring tall buildings, pedestrians, and vehicles.",There are no visible plants or vegetation in this view.,The footway is busy with pedestrians walking and crossing the street.,"The base of the buildings along this street includes storefronts and signs, with one notable establishment being ""DOCKS"" which appears to be a restaurant or eatery."
east_40th_street/west_to_east/026_n00574_E.jpg,n00574,0.6032789414644297,"The street is busy with cars parked along the sides and tall buildings lining the street, making it a typical urban environment.","There is a small tree visible on the right side of the image, near the sidewalk.",The footway is lined with tall buildings and has a few trees and street signs.,"The base of the buildings along this street is made of glass and steel, with some buildings having green awnings over the entrances."
east_40th_street/west_to_east/027_n00575_E.jpg,n00575,0.5170318227719648,"The street is busy with cars and buildings, making it a bustling urban environment.",There are no visible plants or vegetation in this view.,The footway is lined with tall buildings and has a sidewalk with a few people walking.,The base of the buildings along this street includes storefronts and a sidewalk with a few pedestrians.
east_40th_street/west_to_east/028_n00576_E.jpg,n00576,0.535836721341018,"The street is wide and has multiple lanes, with tall buildings on either side. There are traffic lights and a few pedestrians visible.",There is no vegetation visible in this view.,The footway is wide and has a crosswalk.,"The base of the buildings along this street includes ground-level commercial spaces, such as shops and restaurants, with large windows and awnings. There are also a few traffic cones and a fire hydrant on the sidewalk."
east_40th_street/west_to_east/029_n00577_E.jpg,n00577,0.6029711814948797,"The street is bustling with activity, featuring tall buildings, traffic lights, and pedestrians.",There are green plants on the side of the building on the right side of the image.,The footway is a paved area with white crosswalk lines and a manhole cover.,The base of the buildings along this street is made of concrete and has large windows.
east_40th_street/west_to_east/030_n00578_E.jpg,n00578,0.5258294783343538,"The street is wide and has a smooth surface, making it suitable for walking. There are no visible obstacles or hazards on the sidewalk.",There are no visible plants or vegetation in this view.,The footway is paved with concrete and has a sidewalk for pedestrians.,"The base of the buildings along this street includes a mix of ground-level commercial spaces, such as retail stores and offices, and residential units. There are also visible parking garages and entrances, indicating the presence of underground parking facilities."
east_40th_street/west_to_east/031_n00579_E.jpg,n00579,0.6584803134228103,"The street is lined with tall buildings, and there are cars parked along the curb. It appears to be a busy urban area with pedestrians and vehicles.","There are bushes visible on the sidewalk on the left side of the image, near the buildings.",The footway is a paved area with a red brick sidewalk and a few trees and plants along the edge.,"The base of the buildings along this street includes ground-level commercial spaces, pedestrian walkways, and a few parked cars."
east_40th_street/west_to_east/032_n00580_E.jpg,n00580,0.6788956992993387,"The street is wide and has clear markings for pedestrians and vehicles. There are buildings on both sides, and a fire station is visible on the right.","There are trees visible on the left side of the image, near the sidewalk and between the buildings.","The footway is a paved area with a sidewalk that runs along the side of the road. It appears to be a standard urban sidewalk, with some people walking on it.","The base of the buildings along this street includes a mix of ground-level commercial spaces, such as shops and restaurants, and residential units. There are also some public amenities like a fire station and a small park area."
east_40th_street/west_to_east/033_n00581_E.jpg,n00581,0.7086482442785752,"The street is lined with tall buildings, trees, and parked cars, creating a typical urban environment.","There are trees with blossoms on the right side of the image, and some leafless trees on the left side.","The footway is a paved area for pedestrians, with a sidewalk for walking and a curb for separation from the road.","The base of the buildings along this street includes ground-level commercial spaces, such as shops and restaurants, and a parking garage."
east_40th_street/west_to_east/034_n00582_E.jpg,n00582,0.793428433274137,"The street is wide and has multiple lanes, with buildings on both sides and a few trees and plants along the sidewalks.","There are trees with blooming white flowers on the right side of the image, near the buildings.",The footway is lined with trees and has a fire hydrant and a trash can.,"The base of the buildings along this street includes ground-level commercial spaces, such as shops and restaurants, with large windows and awnings. There are also fire hydrants and street signs visible on the sidewalks."
east_40th_street/west_to_east/035_n00583_E.jpg,n00583,0.7350820333639155,"The street is wide and has multiple lanes for vehicles, with clear pedestrian crossings and traffic lights. There are tall buildings on both sides, and a few people are walking along the sidewalks.","There is a tree visible in the middle of the intersection, providing a touch of greenery amidst the urban setting.","The footway is a paved area for pedestrians, with crosswalks and sidewalks visible.","The base of the buildings along this street includes storefronts and ground-level businesses, with some buildings having scaffolding or construction materials indicating ongoing work."
east_40th_street/west_to_east/036_n00584_E.jpg,n00584,0.7222837733678988,"The street is bustling with activity, featuring pedestrians, vehicles, and various buildings.",There are trees visible along the sidewalk and in the median of the street.,"The footway is a paved area for pedestrians, with a red access ramp for wheelchairs and a fire hydrant.","The base of the buildings along this street includes storefronts, a fire hydrant, and a pedestrian crossing."
east_40th_street/west_to_east/037_n00585_E.jpg,n00585,0.6774905265342333,"The street is lined with tall buildings and has a few trees. There are cars parked along the sides, and the sidewalk appears to be wide enough for pedestrians.","There are trees with blooming white flowers on the left side of the street and green leaves on the right side, both lining the street.",The footway is lined with trees and has a few pedestrians walking.,The base of the buildings along this street includes storefronts and ground-level commercial spaces.
east_40th_street/west_to_east/038_n00586_E.jpg,n00586,0.6938257123679004,"The street is busy with vehicles and buildings, making it a bustling urban environment.","There are trees visible on the left side of the image, near the buildings.",The footway is narrow and has a few trees and plants along its length.,"The base of the buildings along this street includes ground-level commercial spaces, such as shops and restaurants, and parking areas for vehicles."
east_40th_street/west_to_east/039_n00587_E.jpg,n00587,0.6347735746494103,"The street is wide and has multiple lanes of traffic, with buildings on both sides and a parking garage on the left.","There are trees visible on the left side of the image, near the buildings.","The footway is a paved area along the street, with a sidewalk on the right side and a curb on the left side.","The base of the buildings along this street includes a parking garage, a brick building, and a large concrete structure."
east_40th_street/west_to_east/040_n00588_E.jpg,n00588,0.6593849731557058,"The street is lined with tall buildings, including a brick building with a parking entrance and a modern glass building. There are a few cars parked along the street, and the sidewalk is clear for pedestrians.","There are trees visible on the sidewalk, particularly towards the center of the image.",The footway is paved and has a railing on the left side.,"The base of the buildings along this street includes a parking garage entrance, a brick building, and a building with large vents."
east_40th_street/west_to_east/041_n00589_E.jpg,n00589,0.6078534151619344,"The street is lined with buildings, trees, and vehicles, providing a typical urban walking experience.","There are trees visible on the sidewalks, one on the left side near the brick building and another on the right side near the building with the curved facade.",The footway is lined with trees and has a sidewalk for pedestrians.,"The base of the buildings along this street includes a sidewalk, a street, and some trees."
east_40th_street/west_to_east/042_n00590_E.jpg,n00590,0.5118475568603206,"The street appears to be a typical urban environment with buildings on both sides, vehicles parked along the curb, and a clear path for pedestrians to walk down.","There is a tree visible on the left side of the image, near the sidewalk.",The footway is lined with trees and has a sidewalk with a few benches.,"The base of the buildings along this street includes a mix of materials, such as brick and concrete, and features various architectural elements like windows and doors."
east_40th_street/west_to_east/043_n00591_E.jpg,n00591,0.4868925292950457,"The street appears to be a typical urban environment with buildings, parked cars, and some construction barriers. It seems to be a busy area with various activities taking place.","There are leafless trees visible on the right side of the image, near the buildings.",The footway is lined with trees and has a sidewalk with a few people walking on it.,"The base of the buildings along this street includes a mix of ground-level commercial spaces and possibly residential units, as indicated by the presence of windows and doors at street level."
east_40th_street/west_to_east/044_n00592_E.jpg,n00592,0.5365134935631772,"The street is wide and has multiple lanes, with buildings on both sides and a few trees. It appears to be a busy urban area with vehicles and pedestrians.","There are two small trees visible on the sidewalk, one near the red building and another near the modern building.","The footway is a paved area adjacent to the street, with a sidewalk for pedestrians.","The base of the buildings includes a mix of materials, with some having a brick facade and others featuring glass or concrete. There are also some trees and street furniture like benches and trash cans."
east_40th_street/west_to_east/045_n00593_E.jpg,n00593,0.5017823276183608,"The street is wide and has clear markings, making it easy to navigate. There are buildings on both sides, providing a sense of enclosure and safety.",There is no vegetation visible in this view.,The footway is wide and has a bicycle parked on it.,The base of the buildings along this street includes a sidewalk and a street with visible road markings.
east_40th_street/west_to_east/046_n00594_E.jpg,n00594,0.4526682445347607,"The street is wide and has clear pedestrian crossings. There are various buildings and a few vehicles, including a van and a bus, on the road.",There is no vegetation visible in this view.,The footway is a paved area with white lines for pedestrian crossing.,"The base of the buildings along this street includes a mix of materials, such as brick and concrete, and features elements like windows, doors, and street signs."
east_41st_street/east_to_west/001_n00640_W.jpg,n00640,0.4688990170425903,"The street is wide and has a pedestrian crossing. There are buildings on both sides, and vehicles are present on the road.","There are trees visible on the right side of the image, near the buildings and along the sidewalk.",The footway is a paved area with white lines for pedestrian crossing.,The base of the buildings along this street is made of brick and has a series of windows.
east_41st_street/east_to_west/002_n00639_W.jpg,n00639,0.6855939286384433,"The street is wide and has a smooth surface, making it suitable for walking. There are trees and buildings lining the street, providing a pleasant environment.","There are trees visible in the background, lining the street and providing shade.",The footway is made of concrete and has a sidewalk lamp post.,The base of the buildings along this street is made of brick and has a variety of architectural styles.
east_41st_street/east_to_west/003_n00638_W.jpg,n00638,0.8003668696473205,"The street is lined with tall buildings, trees, and parked cars. It appears to be a typical urban environment with a mix of residential and commercial buildings.","There are trees with bare branches, located on the right side of the image, near the sidewalk and the street.","The footway is a paved area along the street, with a sidewalk for pedestrians and a crosswalk for crossing the street.",The base of the buildings along this street is made of brick.
east_41st_street/east_to_west/004_n00637_W.jpg,n00637,0.7774443920296139,"The street is lined with tall brick buildings, parked cars, and some greenery, making it a typical urban environment.","There are trees visible on the right side of the image, near the buildings and along the sidewalk.",The footway is lined with brick buildings and has a black fence along the side.,The base of the buildings along this street is made of brick.
east_41st_street/east_to_west/005_n00636_W.jpg,n00636,0.7985091466777312,"The street is lined with tall brick buildings, and there are parked cars along the curb. It appears to be a typical urban environment with a mix of residential and possibly commercial buildings.","There are trees with blooming white flowers on the sidewalks, located on both sides of the street.",The footway is lined with trees and has a few people walking on it.,"The base of the buildings along this street includes ground-level windows, doorways, and a sidewalk."
east_41st_street/east_to_west/006_n00635_W.jpg,n00635,0.8180540205633312,"The street is lined with tall brick buildings, and there are parked cars on both sides. The sidewalk is narrow, and there are trees and bushes along the street.","There are trees visible on the sidewalks, particularly on the right side of the image, and some greenery can be seen between the buildings.",The footway is lined with trees and has a sidewalk for pedestrians.,"The base of the buildings along this street is made of brick and has a variety of architectural details, including windows, balconies, and decorative elements."
east_41st_street/east_to_west/007_n00634_W.jpg,n00634,0.7577885915213167,"Walking down this street would involve navigating past parked cars, tall buildings, and trees. The street appears to be well-maintained with clear sidewalks and a smooth road surface.","There are trees with blossoms on the right side of the street, and a small bush is visible on the sidewalk near the building on the right.",The footway is lined with trees and has a sidewalk with a curb.,"The base of the buildings along this street includes a sidewalk, a curb, and a street. There are also some trees and plants along the sidewalk."
east_41st_street/east_to_west/008_n00633_W.jpg,n00633,0.7622002956371334,"The street is lined with tall buildings, trees, and parked cars, creating a typical urban environment.","There are trees visible on the sidewalks, with one tree on the left side of the image and another on the right side.",The footway is lined with trees and has a fire hydrant and a manhole cover visible.,"The base of the buildings along this street includes a sidewalk with a curb, a fire hydrant, and a few trees."
east_41st_street/east_to_west/009_n00632_W.jpg,n00632,0.6181126798642667,"The street is lined with tall buildings, and there are cars parked along the curb. It appears to be a busy urban area.","There are trees visible on the left side of the image, lining the street.",The footway is paved with concrete and has a sidewalk lamp post.,"The base of the buildings along this street includes ground-level commercial spaces, such as shops and offices, with large windows and doors."
east_41st_street/east_to_west/010_n00631_W.jpg,n00631,0.6610802229115876,The street is lined with tall buildings and has a few pedestrians walking.,"There are two small trees visible in the image, one on the left side and another on the right side, both near the sidewalk.",The footway is lined with trees and has a few pedestrians walking.,"The base of the buildings along this street includes ground-level commercial spaces, such as shops and restaurants, with large windows and entrances. There are also trees and street furniture like benches and trash cans along the sidewalk."
east_41st_street/east_to_west/011_n00630_W.jpg,n00630,0.6037172814368073,"The street is bustling with activity, featuring tall buildings, pedestrians, and vehicles.",There is no vegetation visible in this view.,The footway is a pedestrian area with crosswalks and sidewalks.,"The base of the buildings along this street includes ground-level commercial spaces, pedestrian walkways, and street-level entrances."
east_41st_street/east_to_west/012_n00629_W.jpg,n00629,0.6200535223808192,"The street appears to be busy with pedestrians and vehicles, including cars and a taxi. There are also some construction activities visible, with scaffolding and construction materials.",There are no visible plants or vegetation in this view.,"The footway is a paved area for pedestrians, with a few people walking on it. There are also some vehicles parked along the side of the road.",The base of the buildings along this street includes storefronts and a few parked cars.
east_41st_street/east_to_west/013_n00628_W.jpg,n00628,0.5239750463671877,"The street is bustling with activity, featuring tall buildings, parked cars, and a mix of commercial and residential structures.","There are trees visible in the distance, lining the street and providing a touch of greenery amidst the urban environment.",The footway is lined with various storefronts and has a blue awning over the sidewalk.,"The base of the buildings along this street includes ground-level commercial spaces, a parking garage, and a construction site with scaffolding."
east_41st_street/east_to_west/014_n00627_W.jpg,n00627,0.4946082266330207,The street is lined with tall buildings and has a few parked cars. It appears to be a busy urban area with a mix of commercial and residential buildings.,"There is a tree visible on the left side of the image, near the sidewalk.",The footway is lined with trees and has a sidewalk for pedestrians.,The base of the buildings along this street includes storefronts and a sidewalk.
east_41st_street/east_to_west/015_n00626_W.jpg,n00626,0.5747321121718086,"The street is busy with pedestrians and vehicles, including cars and a blue jeep. There are buildings on both sides, some with scaffolding, and a few people walking or standing.",There are no visible plants or vegetation in this view.,The footway is lined with tall buildings and has a few pedestrians walking.,The base of the buildings along this street includes storefronts and awnings.
east_41st_street/east_to_west/016_n00625_W.jpg,n00625,0.4068883193533904,"The street appears to be busy with vehicles and construction, making it a bustling urban environment.","There are trees visible on the left side of the image, near the sidewalk.",The footway is lined with buildings and has a few pedestrians walking.,"The base of the buildings along this street includes ground-level commercial spaces, with some having large windows and others with more solid facades. There are also some construction elements like scaffolding visible."
east_41st_street/east_to_west/017_n00624_W.jpg,n00624,0.5713074159464357,"The street is bustling with activity, featuring tall buildings, vehicles, and pedestrians.","There are trees visible in the background, lining the street and providing shade.","The footway is a paved area for pedestrians, with a sidewalk for walking and a crosswalk for crossing the street.",The base of the buildings along this street is made of concrete and has large windows.
east_41st_street/east_to_west/018_n00623_W.jpg,n00623,0.5473217643842638,"The street is bustling with activity, featuring pedestrians, vehicles, and various urban elements like street signs, buildings, and trees.","There are trees visible in the background, lining the street and providing shade.","The footway is a paved area with a crosswalk, lined with trees and street lamps, and includes a covered entrance to a building.",The base of the buildings along this street is made of concrete and has a modern architectural design.
east_41st_street/east_to_west/019_n00622_W.jpg,n00622,0.7234540066707686,The street is busy with cars parked along the sides and tall buildings lining the street. It appears to be a typical urban environment with a mix of commercial and office buildings.,There are trees with green leaves on the left side of the image and trees with bare branches on the right side of the image.,The footway is lined with trees and has a few people walking on it.,The base of the buildings along this street includes storefronts and a sidewalk with a few pedestrians.
east_41st_street/east_to_west/020_n00621_W.jpg,n00621,0.5524499101386505,"The street is bustling with activity, featuring tall buildings, parked cars, and pedestrians.",There is no vegetation visible in this view.,The footway is lined with tall buildings and has a few pedestrians walking.,The base of the buildings along this street includes storefronts and a construction site with scaffolding.
east_41st_street/east_to_west/021_n00620_W.jpg,n00620,0.6664437088511928,"The street is bustling with activity, featuring tall buildings, pedestrians, and vehicles.","There are trees visible in the background, lining the street and providing greenery to the urban environment.",The footway is a pedestrian area with crosswalks and people walking.,"The base of the buildings along this street includes ground-level commercial spaces, pedestrian walkways, and street-level entrances."
east_41st_street/east_to_west/022_n00619_W.jpg,n00619,0.700762081558239,"The street is bustling with activity, featuring tall buildings, traffic lights, and pedestrians.","There are trees visible in the background, lining the street and providing greenery to the urban environment.","The footway is a pedestrian crossing with white stripes, located at the intersection of the street.",The base of the buildings along this street includes storefronts and ground-level commercial spaces.
east_41st_street/east_to_west/023_n00618_W.jpg,n00618,0.6124810208557682,"The street is bustling with activity, featuring tall buildings, vehicles, and pedestrians.","There are two small trees visible on the sidewalk, one closer to the left and the other closer to the right of the image.",The footway is lined with tall buildings and has a few pedestrians walking.,The base of the buildings along this street includes storefronts and a fire hydrant.
east_41st_street/east_to_west/024_n00617_W.jpg,n00617,0.7142794957147338,The street is lined with tall buildings and has a few pedestrians walking.,"There is a tree visible on the left side of the image, near the sidewalk.",The footway is lined with tall buildings and has a few pedestrians walking.,"The base of the buildings along this street includes ground-level entrances, windows, and a sidewalk."
east_41st_street/east_to_west/025_n00616_W.jpg,n00616,0.6264995832239547,"The street is bustling with activity, featuring tall buildings, vehicles, and pedestrians.",There is no vegetation visible in this view.,The footway is lined with tall buildings and has a few pedestrians walking.,"The base of the buildings along this street includes ground-level commercial spaces, such as shops and offices, with large windows and entrances. There are also a few vehicles parked along the street, including a black SUV and a black sedan."
east_41st_street/east_to_west/026_n00615_W.jpg,n00615,0.5751695335665155,"The street is relatively quiet with a few pedestrians and vehicles. The buildings are tall and modern, with large windows and a mix of commercial and office spaces.",There is no vegetation visible in this view.,The footway is lined with tall buildings and has a few pedestrians walking.,"The base of the buildings along this street includes ground-level commercial spaces, such as shops and offices, with large windows and doors. There are also some street-level amenities like trash bins and a bicycle rack."
east_41st_street/east_to_west/027_n00614_W.jpg,n00614,0.5238349221110182,"The street appears to be busy with vehicles and pedestrians, suggesting a bustling urban environment.","There are trees visible along the sidewalk, particularly on the left side of the image.",The footway is lined with trees and has a few people walking on it.,The base of the buildings along this street includes storefronts and a few pedestrians.
east_41st_street/east_to_west/028_n00613_W.jpg,n00613,0.702023861102266,"The street is wide and has a smooth surface, making it suitable for walking. There are trees and street lamps along the sidewalk, providing a pleasant environment for pedestrians.","There are trees visible on the left side of the image, along the sidewalk.",The footway is lined with trees and has a sidewalk with a few people walking.,"The base of the buildings along this street includes storefronts and ground-level businesses, with large windows and glass doors."
east_41st_street/east_to_west/029_n00612_W.jpg,n00612,0.6515517273837917,"The street is bustling with activity, featuring a mix of pedestrians, vehicles, and storefronts. The sidewalks are lined with trees and street lamps, and the buildings are tall and modern, with large windows and various commercial signs.","There is a tree visible on the left side of the image, near the sidewalk.",The footway is lined with trees and has a sidewalk with a crosswalk.,The base of the buildings along this street includes storefronts and a sidewalk.
east_41st_street/east_to_west/030_n00611_W.jpg,n00611,0.6310849561274785,"The street is bustling with activity, featuring tall buildings, pedestrians, and vehicles.",There is no vegetation visible in this view.,"The footway is a wide, pedestrian-friendly area with crosswalks and a few people walking.",The base of the buildings along this street is made of stone and has large windows.
east_41st_street/east_to_west/031_n00610_W.jpg,n00610,0.486953676155855,"The street is busy with vehicles and pedestrians, making it a bustling urban environment.",There is no vegetation visible in this view.,The footway is lined with tall buildings and has a canopy over it.,The base of the buildings along this street is made of stone and has large windows.
east_41st_street/east_to_west/032_n00609_W.jpg,n00609,0.5919512050765667,"The street is bustling with activity, featuring tall buildings, shops, and a mix of pedestrians and vehicles.",There is no vegetation visible in this view.,The footway is lined with tall buildings and has a few pedestrians walking.,The base of the buildings along this street is covered with scaffolding.
east_41st_street/east_to_west/033_n00608_W.jpg,n00608,0.5055795340839593,"The street is busy with vehicles and pedestrians, with tall buildings lining both sides.",There is no vegetation visible in this view.,The footway is lined with tall buildings and has a metal canopy over part of it.,The base of the buildings along this street is made of stone and has large arched windows.
east_41st_street/east_to_west/034_n00607_W.jpg,n00607,0.4764150121234987,"The street is busy with vehicles and buildings, making it a bustling urban environment.",There are no visible plants or vegetation in this view.,The footway is lined with tall buildings and has a few pedestrians walking.,"The base of the buildings along this street includes a mix of materials, with some having stone facades and others featuring glass or metal exteriors. There are also various signs and advertisements visible on the buildings."
east_41st_street/east_to_west/035_n00606_W.jpg,n00606,0.5249519038656558,"The street is busy with vehicles and buildings, making it a bustling urban environment.",There are no visible plants or vegetation in this view.,The footway is lined with parked vehicles and has a sidewalk lamp post.,The base of the buildings along this street is made of stone and has large windows.
east_41st_street/east_to_west/036_n00605_W.jpg,n00605,0.6138515469156831,"The street is bustling with activity, featuring tall buildings, pedestrians, and vehicles.","There are small bushes visible on the sidewalk, located on the left side of the image near the buildings.","The footway is a pedestrian area with a crosswalk, lined with street lamps and a bridge overhead.","The base of the buildings along this street includes various storefronts and commercial establishments, with some having large glass windows and others featuring brick facades."
east_41st_street/east_to_west/037_n00604_W.jpg,n00604,0.6879972727371115,"The street is wide and has a pedestrian crossing. There are buildings and a bridge overhead, and a few cars are visible.",There are no visible plants or vegetation in this view.,The footway is wide and has a sidewalk with a few people walking on it. There are also some pigeons on the ground.,The base of the buildings along this street is made of concrete and has a modern architectural style.
east_41st_street/east_to_west/038_n00603_W.jpg,n00603,0.6259804019565717,"The street is bustling with activity, featuring tall buildings, street vendors, and pedestrians.","There are potted plants visible on the sidewalk, located near the buildings and street lamps.","The footway is lined with various street vendors and kiosks, and there are several pedestrians walking along it.","The base of the buildings along this street includes storefronts, street vendors, and pedestrians."
east_41st_street/east_to_west/039_n00602_W.jpg,n00602,0.6105999129100539,"The street appears to be busy with vehicles and pedestrians, with buildings lining both sides and various storefronts visible.","There is a potted plant visible on the sidewalk, located near the intersection on the left side of the image.",The footway is lined with buildings and has a bicycle parked on it.,The base of the buildings along this street includes storefronts and a bicycle rack.
east_41st_street/east_to_west/040_n00601_W.jpg,n00601,0.6697543910783819,"The street is bustling with activity, featuring tall buildings, various storefronts, and a mix of pedestrians and vehicles.",There are no visible plants or vegetation in this view.,The footway is lined with various storefronts and is flanked by tall buildings.,The base of the buildings along this street includes storefronts and a few vehicles parked along the curb.
east_41st_street/east_to_west/041_n00600_W.jpg,n00600,0.6181467518040933,"The street is bustling with activity, featuring tall buildings, shops, and pedestrians.","There are potted plants visible on the sidewalk, located near the buildings on the left side of the street.",The footway is lined with various storefronts and has a few pedestrians walking.,"The base of the buildings along this street includes storefronts and awnings, with some buildings having scaffolding and construction materials."
east_41st_street/east_to_west/042_n00599_W.jpg,n00599,0.6438647964740548,"The street is busy with vehicles and pedestrians, with buildings on both sides and scaffolding indicating construction or renovation.",There is no vegetation visible in this view.,The footway is lined with buildings and has a few pedestrians walking.,The base of the buildings along this street is made of stone and has large windows.
east_41st_street/east_to_west/043_n00598_W.jpg,n00598,0.5173146002169982,"The street appears to be busy with vehicles and buildings, making it a typical urban environment.",There are plants on the scaffolding on the right side of the image.,The footway is lined with various storefronts and has a few trash cans and a black car parked along the side.,The base of the buildings along this street includes storefronts and a construction site with scaffolding.
east_41st_street/east_to_west/044_n00597_W.jpg,n00597,0.6398650919308904,"The street is bustling with activity, featuring tall buildings, pedestrians, and vehicles.","There are flowers visible on the right side of the image, near the sidewalk.",The footway is lined with people walking and has a white van parked on the left side.,The base of the buildings along this street includes storefronts and a van parked on the side of the road.
east_41st_street/east_to_west/045_n00596_W.jpg,n00596,0.615334409698004,"The street is bustling with pedestrians and vehicles, making it lively and dynamic.",There are no visible plants or vegetation in this view.,The footway is a pedestrian area with crosswalks and people walking.,"The base of the buildings along this street includes ground-level commercial spaces, such as shops and restaurants, with large windows and awnings."
east_41st_street/east_to_west/046_n00595_W.jpg,n00595,0.6397445679872402,"The street is bustling with activity, featuring tall buildings, pedestrians, and vehicles.","There are trees visible on the right side of the image, along the sidewalk.",The footway is lined with tall buildings and has a canopy structure over part of it.,"The base of the buildings along this street includes a variety of architectural elements, such as columns, arches, and decorative moldings. There are also street lamps and signs attached to the buildings."
east_41st_street/west_to_east/001_n00595_E.jpg,n00595,0.6397445679872402,"The street is bustling with pedestrians and vehicles, making it lively and dynamic.",There is no vegetation visible in this view.,The footway is a pedestrian crossing with people walking across it.,"The base of the buildings along this street includes storefronts and commercial spaces, with some buildings having scaffolding or construction materials on their facades."
east_41st_street/west_to_east/002_n00596_E.jpg,n00596,0.615334409698004,"The street is bustling with activity, featuring pedestrians, vehicles, and various storefronts. The presence of scaffolding suggests ongoing construction or renovation, adding to the dynamic urban environment.",There are no visible plants or vegetation in this view.,The footway is a pedestrian area with people walking and a crosswalk for crossing the street.,"The base of the buildings along this street includes storefronts and signs, with some buildings having scaffolding and construction materials."
east_41st_street/west_to_east/003_n00597_E.jpg,n00597,0.6398650919308904,"The street is busy with vehicles and pedestrians, with buildings lining both sides.",There are flowers visible on the scaffolding on the left side of the image.,The footway is lined with green metal scaffolding and has a few green trash bins.,The base of the buildings along this street is made of stone and has large windows.
east_41st_street/west_to_east/004_n00598_E.jpg,n00598,0.5173146002169982,"The street is bustling with activity, featuring tall buildings, vehicles, and pedestrians.",There is no vegetation visible in this view.,The footway is lined with tall buildings and has a few pedestrians walking.,"The base of the buildings along this street includes storefronts and signs, with one building having scaffolding and another having a sign that says ""nomadworks."""
east_41st_street/west_to_east/005_n00599_E.jpg,n00599,0.6438647964740548,"The street is bustling with activity, featuring tall buildings, pedestrians, and vehicles.","There are potted plants on the sidewalk, specifically on the right side of the street, near the buildings.",The footway is lined with potted plants and has a few pedestrians walking.,"The base of the buildings along this street includes storefronts, awnings, and decorative elements such as flags and signs."
east_41st_street/west_to_east/006_n00600_E.jpg,n00600,0.6181467518040933,"The street is busy with cars and buildings, making it a bustling urban environment.",There are no visible plants or vegetation in this view.,The footway is lined with tall buildings and has a few pedestrians walking.,"The base of the buildings along this street includes storefronts and commercial spaces, with some buildings having large windows and others having more solid facades."
east_41st_street/west_to_east/007_n00601_E.jpg,n00601,0.6697543910783819,"The street is busy with cars and buildings on both sides, making it a bustling urban environment.","There are potted plants visible on the sidewalks, specifically on the right side of the street.",The footway is lined with potted plants and has a few people walking on it.,The base of the buildings along this street includes ground-level storefronts and a closed garage door on the left side.
east_41st_street/west_to_east/008_n00602_E.jpg,n00602,0.6105999129100539,"The street is bustling with activity, featuring a variety of vendors, pedestrians, and vehicles. The presence of a bridge and tall buildings suggests a busy urban environment.",There are no visible plants or vegetation in this view.,The footway is lined with street lamps and has a few pedestrians walking.,The base of the buildings along this street is made of concrete and has a variety of storefronts and signs.
east_41st_street/west_to_east/009_n00603_E.jpg,n00603,0.6259804019565717,The street is wide and has a pedestrian crossing. There are people walking and cars driving.,There are no visible plants or vegetation in this view.,"The footway is a wide, pedestrian-friendly area with a crosswalk and several people walking.",The base of the buildings along this street is made of concrete and has a modern architectural style.
east_41st_street/west_to_east/010_n00604_E.jpg,n00604,0.6879972727371115,"The street is bustling with activity, featuring pedestrians, vehicles, and various storefronts. The sidewalks are lined with street furniture and greenery, providing a pleasant walking experience.","There are potted plants visible on the sidewalk, specifically on the right side of the image near the buildings.",The footway is wide and has several people walking on it. There are also a few potted plants and trash cans along the sidewalk.,"The base of the buildings along this street includes a mix of commercial and retail spaces, with large windows and storefronts. There are also several potted plants and street furniture like benches and trash cans."
east_41st_street/west_to_east/011_n00605_E.jpg,n00605,0.6138515469156831,"The street is busy with vehicles and buildings, making it a bustling urban environment.","There are two potted plants visible, one on the sidewalk near the building on the left and another on the sidewalk near the building on the right.",The footway is lined with tall buildings and has a few pedestrians walking.,The base of the buildings along this street is made of brick and glass.
east_41st_street/west_to_east/012_n00606_E.jpg,n00606,0.5249519038656558,"The street appears to be busy with vehicles and buildings, making it a typical urban environment.",There are no visible plants or vegetation in this view.,The footway is not visible in the image.,The base of the buildings along this street includes storefronts and ground-level commercial spaces.
east_41st_street/west_to_east/013_n00607_E.jpg,n00607,0.4764150121234987,"The street appears to be busy with vehicles and pedestrians, making it a bustling urban environment.",There is no vegetation visible in this view.,The footway is narrow and has a few pedestrians walking.,"The base of the buildings along this street includes a sidewalk, a street, and some vehicles."
east_41st_street/west_to_east/014_n00608_E.jpg,n00608,0.5055795340839593,"The street is bustling with activity, featuring tall buildings, vehicles, and pedestrians.",There is no vegetation visible in this view.,The footway is lined with tall buildings and has a few pedestrians walking.,"The base of the buildings along this street includes storefronts and awnings, with some scaffolding visible in front of one of the buildings."
east_41st_street/west_to_east/015_n00609_E.jpg,n00609,0.5919512050765667,"The street is bustling with activity, with cars parked along the sides and various storefronts and restaurants visible. The sidewalks are lined with people and pedestrians, indicating a lively urban environment.",There is no vegetation visible in this view.,The footway is lined with various storefronts and has a sidewalk with a few pedestrians walking.,The base of the buildings along this street is covered with scaffolding.
east_41st_street/west_to_east/016_n00610_E.jpg,n00610,0.486953676155855,"The street is bustling with activity, featuring tall buildings, shops, and pedestrians.",There is no vegetation visible in this view.,"The footway is a paved area for pedestrians, with a crosswalk marked by white lines. There are also some scaffolding structures on the left side, indicating construction or renovation work.",The base of the buildings along this street is made of stone and has large windows.
east_41st_street/west_to_east/017_n00611_E.jpg,n00611,0.6310849561274785,"The street is bustling with activity, featuring tall buildings, traffic lights, and pedestrians.","There are trees visible in the background, lining the street and providing shade.",The footway is a pedestrian area with crosswalks and is lined with buildings and shops.,"The base of the buildings along this street includes storefronts and commercial spaces, with some pedestrians walking by."
east_41st_street/west_to_east/018_n00612_E.jpg,n00612,0.6515517273837917,The street is relatively quiet with a few pedestrians and vehicles.,"There are trees visible on the sidewalks, specifically on the right side of the image, near the buildings.",The footway is lined with street lamps and has a few bicycles parked along the sidewalk.,"The base of the buildings along this street includes storefronts and ground-level businesses, with large windows and displays."
east_41st_street/west_to_east/019_n00613_E.jpg,n00613,0.702023861102266,"The street is relatively quiet with a few pedestrians and vehicles. The sidewalks are lined with trees and there are various buildings, including commercial and office spaces.","There is a tree visible on the right side of the image, near the sidewalk.",The footway is lined with trees and has a few pedestrians walking.,"The base of the buildings along this street includes ground-level commercial spaces, such as shops and offices, with large windows and doors. There are also street-level entrances and a few trees lining the sidewalk."
east_41st_street/west_to_east/020_n00614_E.jpg,n00614,0.5238349221110182,"The street appears to be relatively quiet with a few pedestrians and vehicles. The sidewalks are clear, and the buildings are tall and modern, suggesting an urban environment.",There are no visible plants or vegetation in this view.,The footway is lined with a row of dark green poles and has a fire hydrant and two trash bins.,"The base of the buildings along this street includes ground-level commercial spaces, such as shops and offices, with large windows and doors."
east_41st_street/west_to_east/021_n00615_E.jpg,n00615,0.5751695335665155,"The street is bustling with activity, featuring tall buildings, vehicles, and pedestrians.","There is a tree visible on the right side of the image, near the sidewalk.",The footway is paved with concrete and has a yellow tactile paving strip near the curb.,The base of the buildings along this street includes large glass windows and some ground-level commercial spaces.
east_41st_street/west_to_east/022_n00616_E.jpg,n00616,0.6264995832239547,"The street is bustling with activity, with pedestrians walking along the sidewalks and vehicles moving on the road.","There are trees visible on the right side of the image, along the sidewalk.",The footway is lined with trees and has a few pedestrians walking.,"The base of the buildings along this street includes ground-level commercial spaces, such as shops and offices, with large windows and doors."
east_41st_street/west_to_east/023_n00617_E.jpg,n00617,0.7142794957147338,"The street is bustling with activity, featuring tall buildings, trees, and various vehicles.","There are two small trees on the sidewalk, one on the left and one on the right.",The footway is lined with trees and has a few potted plants.,The base of the buildings along this street includes storefronts and ground-level commercial spaces.
east_41st_street/west_to_east/024_n00618_E.jpg,n00618,0.6124810208557682,"The street is bustling with activity, featuring tall buildings, pedestrians, and vehicles.","There are trees visible in the background, lining the street and providing a touch of greenery amidst the urban setting.",The footway is a paved area with a crosswalk for pedestrians to cross the street.,"The base of the buildings along this street is made of glass and steel, with a few shops and stores on the ground level."
east_41st_street/west_to_east/025_n00619_E.jpg,n00619,0.700762081558239,"The street is bustling with activity, featuring tall buildings, pedestrians, and vehicles.","There are trees visible in the background, lining the street and providing greenery to the urban environment.",The footway is a pedestrian crossing with white stripes and a sign indicating it is for buses only.,"The base of the buildings along this street includes storefronts and commercial spaces, with some having large glass windows and others having more solid, stone-like facades."
east_41st_street/west_to_east/026_n00620_E.jpg,n00620,0.6664437088511928,"The street is bustling with activity, featuring a mix of pedestrians and vehicles. The presence of tall buildings and commercial establishments suggests a busy urban environment.","There are trees visible in the distance, lining the street and providing a touch of greenery amidst the urban environment.",The footway is lined with various storefronts and has a few pedestrians walking.,The base of the buildings along this street includes storefronts and a food truck.
east_41st_street/west_to_east/027_n00621_E.jpg,n00621,0.5524499101386505,The street is lined with tall buildings and has a few pedestrians walking.,"There are trees visible on the left side of the image, near the sidewalk, and on the right side, near the buildings.","The footway is a paved area with a yellow barrier on the left side, where a person is standing.","The base of the buildings along this street includes a mix of ground-level commercial spaces, such as shops and offices, with some having large windows and others with closed shutters. There are also a few trees and a bicycle parked along the sidewalk."
east_41st_street/west_to_east/028_n00622_E.jpg,n00622,0.7234540066707686,"The street appears to be busy with vehicles and pedestrians, making it a bustling urban environment.","There are trees visible on the right side of the image, near the buildings and along the sidewalk.",The footway is lined with trees and has a few people walking on it.,"The base of the buildings along this street includes a mix of commercial and residential elements, with some buildings having ground-level shops or offices, and others featuring residential apartments or offices."
east_41st_street/west_to_east/029_n00623_E.jpg,n00623,0.5473217643842638,"Walking down this street would involve crossing multiple intersections, navigating around pedestrians, and passing by various commercial buildings and vehicles.","There is a tree visible on the left side of the image, near the sidewalk.","The footway is a paved area for pedestrians, with a crosswalk marked by white lines.","The base of the buildings along this street includes a mix of commercial and residential spaces, with some having ground-level storefronts and others featuring large windows and entrances."
east_41st_street/west_to_east/030_n00624_E.jpg,n00624,0.5713074159464357,The street is lined with tall buildings and has a few pedestrians walking.,There are no visible plants or vegetation in this view.,The footway is lined with buildings and has a few pedestrians walking.,"The base of the buildings along this street includes storefronts and entrances, with some having glass doors and windows. There are also a few people walking on the sidewalks."
east_41st_street/west_to_east/031_n00625_E.jpg,n00625,0.4068883193533904,"The street is lined with tall buildings, and there are cars parked along the side. It appears to be a busy urban area.","There are two potted plants visible in the image, one near the entrance of the building on the right and another further down the street on the left.",The footway is lined with buildings and has a few pedestrians walking.,"The base of the buildings along this street includes storefronts and awnings, with some scaffolding visible on the facades."
east_41st_street/west_to_east/032_n00626_E.jpg,n00626,0.5747321121718086,"The street is lined with tall buildings, and there are vehicles parked along the sides. It appears to be a busy urban area.","There are trees visible on the right side of the image, lining the sidewalk.",The footway is lined with buildings and has a few pedestrians walking.,The base of the buildings along this street includes storefronts and a sidewalk with parked cars.
east_41st_street/west_to_east/033_n00627_E.jpg,n00627,0.4946082266330207,"The street is bustling with activity, with cars parked along the sides and tall buildings towering above.",There is no vegetation visible in this view.,The footway is lined with tall buildings and has a sidewalk with a few parked cars.,"The base of the buildings along this street includes a mix of commercial and residential spaces, with some buildings having ground-level storefronts and others having parking garages or entrances."
east_41st_street/west_to_east/034_n00628_E.jpg,n00628,0.5239750463671877,"The street is bustling with activity, with cars and pedestrians moving along the sidewalks and streets.","There are flowers visible in the view, located on the sidewalk near the storefronts.",The footway is lined with various storefronts and has a few pedestrians walking.,The base of the buildings along this street includes storefronts and a flower stand.
east_41st_street/west_to_east/035_n00629_E.jpg,n00629,0.6200535223808192,"The street is wide and has multiple lanes for vehicles, with crosswalks and traffic lights for pedestrians.","There are trees visible on the left side of the image, near the buildings.",The footway is a pedestrian area with crosswalks and sidewalks.,The base of the buildings along this street includes storefronts and ground-level commercial spaces.
east_41st_street/west_to_east/036_n00630_E.jpg,n00630,0.6037172814368073,"The street is wide and has multiple lanes of traffic, with crosswalks and traffic lights for pedestrians. There are buildings on both sides, and some cars are parked along the street.","There are trees visible in the background, lining the street and providing greenery to the urban environment.",The footway is wide and has a crosswalk. There are traffic cones and a baby stroller on it.,The base of the buildings along this street includes storefronts and ground-level commercial spaces.
east_41st_street/west_to_east/037_n00631_E.jpg,n00631,0.6610802229115876,"The street is lined with tall buildings, and there are parked cars along the sidewalk. It appears to be a typical urban environment with a mix of commercial and residential buildings.","There are trees visible on the right side of the image, lining the sidewalk.",The footway is lined with buildings and has a few trees.,"The base of the buildings along this street includes ground-level commercial spaces, such as shops and offices, with large windows and doors. There are also several parked cars along the street, indicating a mix of residential and commercial use in the area."
east_41st_street/west_to_east/038_n00632_E.jpg,n00632,0.6181126798642667,"The street is lined with tall buildings and parked cars, creating a typical urban environment.","There are trees visible on the right side of the image, lining the sidewalk.",The footway is paved and has a sidewalk with a few trees and a bench.,The base of the buildings along this street is made of brick and has a series of windows.
east_41st_street/west_to_east/039_n00633_E.jpg,n00633,0.7622002956371334,"Walking down this street would involve navigating past parked cars, trees, and buildings. The presence of a ""BUMP"" sign suggests there might be a speed bump ahead, which could affect pedestrians and cyclists.","There are trees visible on the left side of the street, and bushes are located near the buildings.","The footway is lined with trees and bushes, and there is a tree in the middle of the footway.",The base of the buildings along this street is made of brick and has a series of windows and doors.
east_41st_street/west_to_east/040_n00634_E.jpg,n00634,0.7577885915213167,"The street is lined with tall buildings, and there are parked cars along the sidewalk. It appears to be a typical urban environment with a mix of residential and commercial buildings.","There are trees with blooming white flowers on the left side of the street, and some green bushes are visible near the buildings.",The footway is lined with trees and has a bicycle parked on it.,The base of the buildings along this street is made of brick and has a series of windows and doors.
east_41st_street/west_to_east/041_n00635_E.jpg,n00635,0.8180540205633312,"The street is lined with tall buildings, parked cars, and some greenery, making it a typical urban environment for walking.","There are trees with white blossoms on the right side of the image, near the buildings.",The footway is lined with trees and has a few people walking on it.,"The base of the buildings along this street includes ground-level commercial spaces, such as shops and restaurants, and residential entrances."
east_41st_street/west_to_east/042_n00636_E.jpg,n00636,0.7985091466777312,"The street is lined with tall buildings and parked cars, creating a typical urban environment.","There are trees visible on the right side of the image, lining the street.",The footway is paved and has a person walking on it.,The base of the buildings along this street is made of brick.
east_41st_street/west_to_east/043_n00637_E.jpg,n00637,0.7774443920296139,"The street is wide and has multiple lanes, with buildings on both sides and a few trees. There are also traffic signs and a crosswalk for pedestrians.",There are trees with bare branches on the left side of the image and bushes with green leaves on the right side.,"The footway is a paved area for pedestrians, with a sidewalk on the left side of the street and a curb separating it from the road.",The base of the buildings along this street is made of brick.
east_41st_street/west_to_east/044_n00638_E.jpg,n00638,0.8003668696473205,"The street is wide and has multiple lanes for vehicles, with crosswalks for pedestrians. There are tall buildings on both sides, and some trees are visible along the sidewalk.","There are trees visible on the left side of the image, near the buildings.","The footway is a paved area for pedestrians, with crosswalks marked by white lines.",The base of the buildings along this street is made of brick and has a few storefronts on the ground level.
east_41st_street/west_to_east/045_n00639_E.jpg,n00639,0.6855939286384433,The street is lined with buildings and has a sidewalk with benches and a fire hydrant.,"There are trees visible in the background, located between the buildings and the water.",The footway is a paved area with a bench and a fire hydrant.,The base of the buildings along this street is made of brick and has a few windows.
east_41st_street/west_to_east/046_n00640_E.jpg,n00640,0.4688990170425903,The street is lined with trees and has a sidewalk on one side.,"There are trees visible on both sides of the street, with one on the left side near the sidewalk and another on the right side closer to the road.",The footway is paved and has a sidewalk with a bench and a trash can.,The base of the buildings along this street is made of concrete and has a few trees and a fence in front of it.
east_42nd_street/east_to_west/001_n00688_W.jpg,n00688,0.6531519044885342,"The street is wide and has multiple lanes of traffic, with crosswalks and traffic lights for pedestrians and vehicles. There are buildings on both sides, and the sidewalk is lined with trees and street signs.","There are trees visible on the right side of the image, near the buildings and along the sidewalk.",The footway is a paved area with white stripes for pedestrian crossing.,"The base of the buildings along this street includes a mix of commercial and residential spaces, with some buildings having ground-level stores and others having ground-level offices or apartments."
east_42nd_street/east_to_west/002_n00686_W.jpg,n00686,0.521824342554952,"The street is wide and has multiple lanes of traffic, including a bus and several cars. There are crosswalks and a pedestrian bridge for safe crossing.","There are leafless trees visible on the right side of the image, near the buildings.","The footway is a wide, concrete path that runs alongside the road. It is lined with trees and has a few people walking on it.","The base of the buildings along this street is made of concrete and has a flat, solid appearance."
east_42nd_street/east_to_west/003_n00685_W.jpg,n00685,0.4970878830310432,"The street is busy with vehicles and pedestrians, making it a bustling urban environment.","There is a tree visible on the left side of the image, near the sidewalk.",The footway is visible with pedestrians walking and a bus stop.,"The base of the buildings along this street is made of concrete and has a smooth, gray surface."
east_42nd_street/east_to_west/004_n00684_W.jpg,n00684,0.3943394556467161,"The street is wide and has multiple lanes for vehicles, making it suitable for pedestrians to walk alongside the road.","There are leafless trees visible along the sidewalk, particularly on the left side of the image.",The footway is not visible in the image.,"The base of the buildings along this street is made of concrete and has a smooth, flat surface."
east_42nd_street/east_to_west/005_n00683_W.jpg,n00683,0.5268959396941454,"The street is wide and has a red bike lane on both sides, making it suitable for pedestrians and cyclists.","There are leafless trees visible on the left and right sides of the street, and they are located on the sidewalks.",The footway is lined with trees and has a person walking on it.,The base of the buildings along this street is made of concrete and features large windows.
east_42nd_street/east_to_west/006_n00682_W.jpg,n00682,0.5406086545876034,"The street is wide and has a red bike lane on both sides, making it suitable for pedestrians and cyclists.","There are leafless trees visible on both sides of the street, lining the sidewalks.",The footway is lined with trees and has a stone wall on the right side.,The base of the buildings along this street is made of stone.
east_42nd_street/east_to_west/007_n00681_W.jpg,n00681,0.6113516781599354,"The street appears to be wide and well-paved, with clear markings and a few pedestrians visible. The presence of construction barriers and vehicles suggests it is a busy urban area.","There are leafless trees visible on the sidewalks, located on both sides of the street.",The footway is lined with trees and has a sidewalk with people walking on it.,"The base of the buildings along this street is made of stone and concrete, with some buildings having large windows and others having more solid, brick-like facades."
east_42nd_street/east_to_west/008_n00680_W.jpg,n00680,0.5697646258231548,"The street is wide and has a red-painted bike lane on the left side. There are buildings on both sides, and a few cars parked along the street.","There are trees visible on the sidewalks, particularly on the right side of the street.",The footway is lined with trees and has a red-painted section near the sidewalk.,"The base of the buildings along this street includes a mix of commercial and residential elements, with some buildings having ground-level shops or storefronts, while others have residential units or office spaces. There are also some construction elements visible, such as scaffolding and construction cones, indicating ongoing work or renovation."
east_42nd_street/east_to_west/009_n00679_W.jpg,n00679,0.6397438899412519,"The street is wide and has a bike lane on the right side, making it suitable for pedestrians and cyclists.","There are trees visible on the left and right sides of the street, with some leafless branches and others with sparse foliage.",The footway is lined with trees and has a red surface.,"The base of the buildings along this street includes a mix of ground-level commercial spaces, such as shops and restaurants, and some construction or maintenance areas with barriers and scaffolding."
east_42nd_street/east_to_west/010_n00678_W.jpg,n00678,0.6179746368647745,"The street is bustling with activity, featuring tall buildings, vehicles, and pedestrians.","There are trees visible on the right side of the image, along the sidewalk.","The footway is a wide, red-painted area that runs along the side of the street, providing a clear path for pedestrians.",The base of the buildings along this street includes storefronts and a few vehicles parked along the curb.
east_42nd_street/east_to_west/011_n00677_W.jpg,n00677,0.6356152405836608,"The street is bustling with activity, featuring tall buildings, traffic, and pedestrians.",There are no visible plants or vegetation in this view.,The footway is wide and has a red bus lane.,"The base of the buildings along this street includes ground-level commercial spaces, such as stores and offices, with large windows and glass doors."
east_42nd_street/east_to_west/012_n00676_W.jpg,n00676,0.6558162134735661,"The street is bustling with activity, featuring tall buildings, pedestrians, and vehicles.","There are trees visible in the background, along the sidewalk on the right side of the image.",The footway is a pedestrian crossing with white stripes and is located in the middle of the street.,"The base of the buildings along this street includes a mix of commercial and retail spaces, with large windows and storefronts visible at street level."
east_42nd_street/east_to_west/013_n00675_W.jpg,n00675,0.5451555755140297,"The street is bustling with activity, featuring tall buildings, pedestrians, and vehicles.","There are leafless trees visible on the right side of the image, near the sidewalk.","The footway is a wide, pedestrian-friendly area with a crosswalk for safe crossing.","The base of the buildings along this street includes a mix of commercial and residential elements. There are storefronts, pedestrian walkways, and some construction scaffolding visible, indicating ongoing development or maintenance work."
east_42nd_street/east_to_west/014_n00674_W.jpg,n00674,0.4447751248015779,"The street appears to be busy with vehicles and construction activity, making it potentially challenging to walk.",There are no visible plants or vegetation in this view.,The footway is not visible in the image.,The base of the buildings along this street is made of concrete and has large windows.
east_42nd_street/east_to_west/015_n00673_W.jpg,n00673,0.3349109975866305,"The street appears to be a busy urban area with tall buildings, traffic, and construction activity. The presence of construction cones and a truck suggests ongoing work, which might make walking less pleasant.","There are leafless trees visible on the right side of the image, near the buildings.",The footway is wide and has a red surface.,The base of the buildings along this street is made of glass and steel.
east_42nd_street/east_to_west/016_n00672_W.jpg,n00672,0.3345219049635499,"Walking down this street would involve navigating a wide sidewalk with a red-painted section, passing by tall buildings, and possibly encountering construction or scaffolding on the right side.",There are no visible plants or vegetation in this view.,"The footway is a wide, red-painted area adjacent to the road, with a barrier separating it from the road.","The base of the buildings along this street includes a variety of commercial establishments, such as shops and restaurants, with large windows and storefronts."
east_42nd_street/east_to_west/017_n00671_W.jpg,n00671,0.3469421092641163,"Walking down this street would be quite pleasant, with a wide sidewalk and a dedicated bike lane. The presence of a bus and construction suggests it's a busy urban area, but the bike lane and pedestrian-friendly design make it accommodating for various modes of transportation.","There are leafless trees visible on the right side of the image, near the construction area.","The footway is a wide, red-painted area with white stripes and a bicycle lane symbol, indicating it is designated for bicycles.",The base of the buildings along this street is made of concrete and has a variety of storefronts and signs.
east_42nd_street/east_to_west/018_n00670_W.jpg,n00670,0.5163257483576488,"The street is bustling with activity, featuring tall buildings, pedestrians, and vehicles.",There are no visible plants or vegetation in this view.,The footway is wide and has a red surface.,"The base of the buildings along this street includes storefronts and ground-level businesses, with some buildings having large awnings and canopies over the entrances."
east_42nd_street/east_to_west/019_n00669_W.jpg,n00669,0.6279582554667018,"The street is bustling with activity, featuring tall buildings, shops, and a mix of vehicles including cars and a yellow taxi.",There are no visible plants or vegetation in this view.,The footway is lined with tall buildings and has a few pedestrians walking.,"The base of the buildings along this street includes storefronts and signs, with a mix of commercial and retail establishments."
east_42nd_street/east_to_west/020_n00668_W.jpg,n00668,0.6163958911530676,"The street is bustling with activity, featuring tall buildings, vehicles, and pedestrians.",There are no visible plants or vegetation in this view.,"The footway is a wide, red-painted area that runs along the side of the street, providing a clear path for pedestrians.",The base of the buildings along this street is made of brick and has large windows.
east_42nd_street/east_to_west/021_n00667_W.jpg,n00667,0.7354534490363445,"The street is bustling with activity, featuring a mix of pedestrians and vehicles. The presence of a bus lane and various buildings suggests a busy urban environment.","There are potted plants visible on the sidewalk, specifically near the buildings and along the street.",The footway is wide and has a few people walking on it. There are also some plants and a manhole cover visible.,"The base of the buildings along this street includes storefronts and ground-level entrances, with some buildings having large glass windows and others with more traditional brick facades."
east_42nd_street/east_to_west/022_n00666_W.jpg,n00666,0.6658947399794428,"The street is bustling with pedestrians and vehicles, featuring tall buildings, traffic lights, and various signs.",There are no visible plants or vegetation in this view.,"The footway is a wide, paved area with a red-painted section near the curb.","The base of the buildings along this street includes various storefronts, signs, and street-level entrances."
east_42nd_street/east_to_west/023_n00665_W.jpg,n00665,0.6801677763595337,"The street is bustling with activity, featuring tall buildings, traffic lights, and pedestrians.","There are trees visible on the left side of the image, along the sidewalk.","The footway is a pedestrian area with crosswalks, where people can walk and cross the street.","The base of the buildings along this street includes storefronts and commercial spaces, with some pedestrians walking along the sidewalks."
east_42nd_street/east_to_west/024_n00664_W.jpg,n00664,0.643957485388909,"The street is bustling with activity, featuring tall buildings, pedestrians, and vehicles.","There are two potted plants visible in the image, one on the sidewalk near the left side of the street and another on the sidewalk near the right side of the street.","The footway is a wide, pedestrian-friendly area with crosswalks and a sidewalk for pedestrians.","The base of the buildings along this street includes storefronts and signs, with a mix of commercial and retail establishments."
east_42nd_street/east_to_west/025_n00663_W.jpg,n00663,0.5306044608506469,"The street is bustling with activity, featuring tall buildings, shops, and vehicles.","There are potted plants visible on the sidewalk, specifically on the right side of the image near the Wells Fargo building.",The footway is lined with tall buildings and has a red-painted section.,The base of the buildings along this street includes storefronts and commercial spaces.
east_42nd_street/east_to_west/026_n00662_W.jpg,n00662,0.5256621182204981,"The street is bustling with activity, featuring a mix of vehicles and pedestrians. The presence of a bus lane and various commercial establishments suggests it is a busy urban area.",There are no visible plants or vegetation in this view.,The footway is not visible in the image.,"The base of the buildings along this street includes storefronts and large windows, with a visible Starbucks Coffee sign."
east_42nd_street/east_to_west/027_n00661_W.jpg,n00661,0.5296569750461202,"The street appears to be busy with vehicles and pedestrians, making it a bustling urban environment.","There are two small bushes visible, one on the left side of the image near the sidewalk and another on the right side, closer to the bus.",The footway is wide and has a crosswalk with white stripes.,"The base of the buildings along this street includes a mix of commercial and residential spaces, with some having large windows and others featuring more solid, stone facades."
east_42nd_street/east_to_west/028_n00660_W.jpg,n00660,0.5271938942823684,"The street appears to be busy with vehicles and pedestrians, making it a bustling urban environment.",There is no vegetation visible in this view.,The footway is not visible in the image.,The base of the buildings along this street is made of stone and has large windows.
east_42nd_street/east_to_west/029_n00659_W.jpg,n00659,0.5836678646380726,"The street is bustling with activity, featuring tall buildings, vehicles, and pedestrians.",There is no vegetation visible in this view.,The footway is wide and has a green railing on the left side.,The base of the buildings along this street is made of stone and has large windows.
east_42nd_street/east_to_west/030_n00658_W.jpg,n00658,0.5347904460676226,"The street is bustling with activity, featuring tall buildings, vehicles, and pedestrians.",There is no vegetation visible in this view.,The footway is a pedestrian crossing with white stripes and is located in the middle of the street.,The base of the buildings along this street is made of stone and has large windows.
east_42nd_street/east_to_west/031_n00657_W.jpg,n00657,0.56172674131917,"The street is bustling with pedestrians and vehicles, making it lively and dynamic.",There is no vegetation visible in this view.,The footway is a pedestrian area with people walking and crossing the street.,"The base of the buildings along this street includes storefronts and commercial spaces, with some buildings having large glass windows and others featuring more traditional brick facades."
east_42nd_street/east_to_west/032_n00656_W.jpg,n00656,0.4701289986120788,"The street is bustling with activity, featuring tall buildings, vehicles, and pedestrians.",There is no vegetation visible in this view.,The footway is lined with tall buildings and has a few pedestrians walking.,The base of the buildings along this street is made of stone and has large windows.
east_42nd_street/east_to_west/033_n00655_W.jpg,n00655,0.4982337438057175,"The street is bustling with activity, featuring tall buildings, pedestrians, and vehicles like buses and cars.",There is no vegetation visible in this view.,The footway is lined with people walking and has a few signs and barriers.,"The base of the buildings along this street includes a mix of commercial and retail spaces, with large glass windows and storefronts. There are also some pedestrians walking along the sidewalk."
east_42nd_street/east_to_west/034_n00654_W.jpg,n00654,0.4629612656382991,"The street is bustling with activity, featuring tall buildings, pedestrians, and vehicles.",There are no visible plants or vegetation in this view.,The footway is lined with pedestrians and has a few people walking.,"The base of the buildings along this street includes a mix of commercial storefronts and large, arched entrances, with some buildings featuring decorative elements like columns and ornate designs."
east_42nd_street/east_to_west/035_n00653_W.jpg,n00653,0.419442024599771,"The street is busy with vehicles, including buses and taxis, and tall buildings line both sides.",There is no vegetation visible in this view.,The footway is not visible in the image.,The base of the buildings along this street is made of stone and has large windows.
east_42nd_street/east_to_west/036_n00652_W.jpg,n00652,0.4545117837453033,"The street is bustling with activity, featuring a mix of pedestrians, vehicles, and public transportation. The presence of tall buildings and historic architecture suggests a vibrant urban environment.",There is no vegetation visible in this view.,The footway is lined with tall buildings and has a few people walking on it.,The base of the buildings along this street is made of stone and has large windows.
east_42nd_street/east_to_west/037_n00651_W.jpg,n00651,0.6015772570554683,"The street is bustling with activity, featuring tall buildings, pedestrians, and vehicles.",There are no visible plants or vegetation in this view.,"The footway is bustling with pedestrians, lined with tall buildings and adorned with street signs and lampposts.",The base of the buildings along this street is made of stone and has large windows.
east_42nd_street/east_to_west/038_n00650_W.jpg,n00650,0.5146439430522425,"The street is bustling with yellow taxis and pedestrians, making it lively and busy.",There are no visible plants or vegetation in this view.,"The footway is bustling with pedestrians, some of whom are walking, while others are standing and observing their surroundings. The footway is lined with various shops and storefronts, indicating a commercial area.",The base of the buildings along this street is made of stone and has large windows.
east_42nd_street/east_to_west/039_n00649_W.jpg,n00649,0.6228081842119899,"The street is bustling with activity, featuring tall buildings, pedestrians, and vehicles.",There are no visible plants or vegetation in this view.,The footway is lined with tall buildings and has a few pedestrians walking.,The base of the buildings along this street is made of stone and has large columns.
east_42nd_street/east_to_west/040_n00648_W.jpg,n00648,0.6844566547911033,"The street is bustling with activity, featuring tall buildings, yellow taxis, and pedestrians.","There is a small tree visible on the sidewalk, located towards the right side of the image, near the building with the red awning.",The footway is lined with tall buildings and has a few pedestrians walking.,The base of the buildings along this street is made of stone and has large windows.
east_42nd_street/east_to_west/041_n00647_W.jpg,n00647,0.6132304545937894,"The street is bustling with activity, featuring a mix of pedestrians, vehicles, and taxis. The presence of tall buildings and commercial establishments suggests a busy urban environment.","There are trees visible in the background, located between the buildings and the street.",The footway is lined with tall buildings and has a few pedestrians walking.,The base of the buildings along this street is made of stone and has large windows.
east_42nd_street/east_to_west/042_n00646_W.jpg,n00646,0.6910605696333347,"The street is bustling with activity, featuring tall buildings, pedestrians, and vehicles.","There are trees visible on the right side of the image, along the sidewalk.","The footway is bustling with pedestrians, lined with street lamps and trees, and features a variety of signs and street furniture.","The base of the buildings along this street includes storefronts and commercial spaces, with a mix of modern and traditional architectural styles."
east_42nd_street/east_to_west/043_n00645_W.jpg,n00645,0.6413880148878519,"The street is bustling with activity, featuring a mix of pedestrians, vehicles, and commercial buildings.",There is no vegetation visible in this view.,The footway is lined with tall buildings and has a few pedestrians walking.,"The base of the buildings along this street includes storefronts and commercial spaces, with signs for businesses such as Charles Schwab and Summit visible."
east_42nd_street/east_to_west/044_n00644_W.jpg,n00644,0.6982248132045337,"The street is bustling with activity, featuring tall buildings, pedestrians, and vehicles.",There is no vegetation visible in this view.,The footway is lined with tall buildings and has a few people walking on it.,"The base of the buildings along this street includes storefronts and commercial spaces, with some buildings having large glass windows and others having more traditional facades."
east_42nd_street/east_to_west/045_n00643_W.jpg,n00643,0.6112571583773698,"The street is bustling with activity, featuring tall buildings, pedestrians, and vehicles.",There are no visible plants or vegetation in this view.,"The footway is bustling with pedestrians, including a person in a red shirt and another in a white shirt. There are also several people walking and standing, with some carrying bags.","The base of the buildings along this street includes storefronts and commercial spaces, with some buildings having scaffolding for construction or renovation."
east_42nd_street/east_to_west/046_n00642_W.jpg,n00642,0.668333571144575,"The street is bustling with activity, featuring tall buildings, vehicles, and pedestrians.","There are trees visible on the right side of the image, near the buildings.",The footway is a pedestrian crossing with people walking across it.,"The base of the buildings along this street includes storefronts and commercial spaces, with some pedestrians walking by."
east_42nd_street/east_to_west/047_n00641_W.jpg,n00641,0.5915851999589268,"The street is bustling with pedestrians and vehicles, including a double-decker bus and taxis. The sidewalks are lined with various businesses and advertisements, creating a lively urban atmosphere.","There are trees visible in the distance, lining the street and providing a touch of greenery amidst the urban environment.","The footway is bustling with pedestrians, including a person in a black shirt and jeans, and another in a blue shirt and black pants. There's also a bus stop with a sign and a few people waiting.","The base of the buildings along this street includes ground-level commercial spaces, such as retail stores and banks, with large glass windows and modern architectural designs."
east_42nd_street/west_to_east/001_n00641_E.jpg,n00641,0.5915851999589268,"The street is bustling with pedestrians and vehicles, including buses and bicycles.",There is no vegetation visible in this view.,"The footway is bustling with pedestrians, including a person in a blue vest and another in a green dress.",The base of the buildings along this street includes various storefronts and commercial establishments.
east_42nd_street/west_to_east/002_n00642_E.jpg,n00642,0.668333571144575,"The street is bustling with pedestrians and vehicles, including taxis, indicating a busy urban environment.",There is no vegetation visible in this view.,"The footway is bustling with pedestrians, including a group of people standing and a few individuals walking.",The base of the buildings along this street is made of stone and has large windows.
east_42nd_street/west_to_east/003_n00643_E.jpg,n00643,0.6112571583773698,"The street is bustling with activity, featuring tall buildings, pedestrians, and vehicles.",There are no visible plants or vegetation in this view.,The footway is lined with bollards and has a few pedestrians walking.,"The base of the buildings along this street includes storefronts and commercial spaces, with a mix of modern and classic architectural styles."
east_42nd_street/west_to_east/004_n00644_E.jpg,n00644,0.6982248132045337,"The street is bustling with activity, featuring a mix of pedestrians and vehicles. The presence of tall buildings and commercial establishments suggests a busy urban environment.","There are trees visible on the sidewalks, specifically on the left side of the image near the Summit building and on the right side near the Chase building.","The footway is bustling with pedestrians, lined with tall buildings and various storefronts.",The base of the buildings along this street is made of stone and has large windows.
east_42nd_street/west_to_east/005_n00645_E.jpg,n00645,0.6413880148878519,"The street is bustling with activity, featuring tall buildings, pedestrians, and vehicles.","There are trees visible on the left side of the image, near the sidewalk.",The footway is crowded with pedestrians.,The base of the buildings along this street is made of stone and has large windows.
east_42nd_street/west_to_east/006_n00646_E.jpg,n00646,0.6910605696333347,"The street is bustling with activity, featuring tall buildings, traffic lights, and pedestrians.",There is no vegetation visible in this view.,"The footway is bustling with pedestrians, including a man walking towards the camera.","The base of the buildings along this street includes large stone pillars and ornate designs, typical of classical architecture."
east_42nd_street/west_to_east/007_n00647_E.jpg,n00647,0.6132304545937894,"The street is bustling with activity, featuring a mix of pedestrians and vehicles, including yellow taxis and a black truck. The presence of tall buildings and a bridge suggests a busy urban environment.",There is no vegetation visible in this view.,The footway is lined with black bollards and has a few pedestrians walking.,The base of the buildings along this street is made of stone and features large windows and ornate details.
east_42nd_street/west_to_east/008_n00648_E.jpg,n00648,0.6844566547911033,"The street is bustling with activity, featuring a mix of pedestrians and vehicles, including yellow taxis and other cars. The presence of a bridge and tall buildings suggests a busy urban environment.","There are trees visible in the background, along the right side of the image, near the buildings.","The footway is bustling with pedestrians, lined with tall buildings and adorned with American flags.",The base of the buildings along this street is made of stone and has large windows.
east_42nd_street/west_to_east/009_n00649_E.jpg,n00649,0.6228081842119899,"The street is bustling with activity, featuring a mix of pedestrians and vehicles, including yellow taxis and a white van. The overhead structure provides shade and shelter, making it a comfortable space for walking.",There are no visible plants or vegetation in this view.,"The footway is bustling with pedestrians, and there are various storefronts and signs visible along the street.",The base of the buildings along this street is made of stone and has large windows.
east_42nd_street/west_to_east/010_n00650_E.jpg,n00650,0.5146439430522425,"The street is bustling with activity, featuring tall buildings, pedestrians, and a mix of vehicles including taxis and cars.",There is no vegetation visible in this view.,The footway is lined with various storefronts and has a few pedestrians walking.,The base of the buildings along this street includes storefronts and a sidewalk.
east_42nd_street/west_to_east/011_n00651_E.jpg,n00651,0.6015772570554683,"The street is bustling with activity, featuring tall buildings, pedestrians, and various vehicles including taxis and trucks.",There is no vegetation visible in this view.,The footway is lined with tall buildings and has a few pedestrians walking.,"The base of the buildings along this street is made of brick and stone, with large arched windows and decorative moldings."
east_42nd_street/west_to_east/012_n00652_E.jpg,n00652,0.4545117837453033,"The street is bustling with activity, featuring a mix of vehicles including taxis and a bus, as well as pedestrians walking along the sidewalks.",There is no vegetation visible in this view.,The footway is lined with tall buildings and has a few pedestrians walking.,"The base of the buildings along this street includes various commercial establishments and storefronts, with large glass windows and signs indicating different businesses."
east_42nd_street/west_to_east/013_n00653_E.jpg,n00653,0.419442024599771,"The street is bustling with activity, featuring a mix of pedestrians, vehicles, and public transportation. The presence of taxis, buses, and other vehicles indicates a busy urban environment.",There is no vegetation visible in this view.,The footway is not visible in the image.,The base of the buildings along this street includes storefronts and a bus stop.
east_42nd_street/west_to_east/014_n00654_E.jpg,n00654,0.4629612656382991,"The street appears to be busy with vehicles, including cars and a bus, and there are tall buildings lining both sides. The presence of these elements suggests that walking down this street could be challenging due to the traffic and the need to navigate around the vehicles.","There is a potted plant visible on the right side of the image, near the edge of the street.",The footway is not visible in the image.,"The base of the buildings along this street includes various commercial establishments, such as shops and restaurants, with large glass windows and storefronts."
east_42nd_street/west_to_east/015_n00655_E.jpg,n00655,0.4982337438057175,"The street is bustling with activity, featuring a mix of pedestrians, vehicles, and public transportation. The presence of tall buildings and commercial establishments suggests a busy urban environment.",There is no vegetation visible in this view.,"The footway is bustling with pedestrians, including a person walking a bicycle and others walking. There are also a few people standing near the entrance of a building.",The base of the buildings along this street includes storefronts and a bus stop.
east_42nd_street/west_to_east/016_n00656_E.jpg,n00656,0.4701289986120788,"The street is bustling with activity, featuring tall buildings, pedestrians, and vehicles.",There is no vegetation visible in this view.,"The footway is bustling with pedestrians, and there are several tall buildings surrounding it.","The base of the buildings along this street includes ground-level commercial spaces, such as storefronts and retail outlets, as well as the entrance to the Hyatt hotel."
east_42nd_street/west_to_east/017_n00657_E.jpg,n00657,0.56172674131917,"The street is bustling with activity, featuring tall buildings, traffic lights, and pedestrians.",There is no vegetation visible in this view.,The footway is a pedestrian area with crosswalks and people walking on it.,The base of the buildings along this street is made of concrete and has a variety of storefronts and businesses.
east_42nd_street/west_to_east/018_n00658_E.jpg,n00658,0.5347904460676226,"The street is bustling with activity, featuring tall buildings, vehicles, and pedestrians.",There is no vegetation visible in this view.,The footway is a pedestrian area with a red surface and white markings.,"The base of the buildings along this street is made of glass and steel, with a few having a mix of glass and stone."
east_42nd_street/west_to_east/019_n00659_E.jpg,n00659,0.5836678646380726,"The street is bustling with activity, featuring tall buildings, vehicles, and pedestrians.",There are no visible plants or vegetation in this view.,The footway is wide and has a red color.,"The base of the buildings along this street includes storefronts and commercial spaces, with some vehicles parked in front of them."
east_42nd_street/west_to_east/020_n00660_E.jpg,n00660,0.5271938942823684,"The street is bustling with activity, featuring tall buildings, vehicles, and pedestrians.",There are no visible plants or vegetation in this view.,The footway is not visible in the image.,The base of the buildings along this street is made of concrete and has large windows.
east_42nd_street/west_to_east/021_n00661_E.jpg,n00661,0.5296569750461202,"The street is bustling with activity, featuring a mix of pedestrians and vehicles. The presence of tall buildings and commercial establishments suggests a busy urban environment.",There is no vegetation visible in this view.,The footway is lined with tall buildings and has a few pedestrians walking.,"The base of the buildings along this street includes storefronts and commercial establishments, such as Foot Locker and Starbucks Coffee."
east_42nd_street/west_to_east/022_n00662_E.jpg,n00662,0.5256621182204981,"The street is bustling with activity, featuring a mix of pedestrians, vehicles, and commercial establishments. The presence of tall buildings and a variety of shops suggests a vibrant urban environment.",There are no visible plants or vegetation in this view.,The footway is not visible in the image.,The base of the buildings along this street is made of glass and steel.
east_42nd_street/west_to_east/023_n00663_E.jpg,n00663,0.5306044608506469,"The street is bustling with activity, featuring a mix of vehicles including buses, cars, and taxis. Pedestrians can be seen walking along the sidewalks, and the presence of traffic lights and street signs indicates a well-organized urban environment.","There are potted plants visible on the sidewalk, located on the left side of the image near the bus.","The footway is a paved area for pedestrians, with a red curb and a sidewalk lamp post.","The base of the buildings along this street is made of glass and steel, with a mix of commercial and office spaces."
east_42nd_street/west_to_east/024_n00664_E.jpg,n00664,0.643957485388909,"The street is bustling with activity, featuring a large bus, cars, and pedestrians. The presence of traffic lights and tall buildings suggests a busy urban environment.","There are trees visible in the background, lining the street and providing greenery to the urban environment.",The footway is a pedestrian area with crosswalks and is located next to the road where vehicles are driving.,The base of the buildings along this street is made of glass and steel.
east_42nd_street/west_to_east/025_n00665_E.jpg,n00665,0.6801677763595337,"The street is bustling with activity, featuring tall buildings, pedestrians, and vehicles.","There are trees visible on the right side of the image, along the sidewalk.",The footway is wide and has a crosswalk.,"The base of the buildings along this street includes storefronts and retail spaces, with large glass windows and signs indicating various businesses."
east_42nd_street/west_to_east/026_n00666_E.jpg,n00666,0.6658947399794428,"The street is bustling with activity, featuring tall buildings, pedestrians, and vehicles.","There are potted plants on the sidewalk, specifically located near the buildings and along the street.",The footway is wide and has a few people walking on it.,"The base of the buildings along this street includes storefronts, greenery, and a sidewalk."
east_42nd_street/west_to_east/027_n00667_E.jpg,n00667,0.7354534490363445,"The street is bustling with activity, featuring pedestrians, vehicles, and various storefronts. The presence of tall buildings and commercial establishments suggests a busy urban environment.","There are potted plants visible on the sidewalk, specifically near the intersection and along the street.",The footway is wide and has a flower bed with plants in the center.,The base of the buildings along this street includes storefronts and a sidewalk with pedestrians.
east_42nd_street/west_to_east/028_n00668_E.jpg,n00668,0.6163958911530676,"The street is bustling with activity, featuring tall buildings, vehicles, and pedestrians.",There are no visible plants or vegetation in this view.,The footway is lined with tall buildings and has a few pedestrians walking.,The base of the buildings along this street includes storefronts and a sidewalk.
east_42nd_street/west_to_east/029_n00669_E.jpg,n00669,0.6279582554667018,"The street is bustling with activity, with cars and pedestrians moving along the sidewalks and streets. The presence of scaffolding on some buildings suggests ongoing construction or renovation, adding to the dynamic urban environment.",There is no vegetation visible in this view.,The footway is wide and has a red color.,The base of the buildings along this street is made of concrete and has a few people walking on it.
east_42nd_street/west_to_east/030_n00670_E.jpg,n00670,0.5163257483576488,"The street appears to be wide and well-paved, with clear markings and a few vehicles visible. There are also some construction barriers and scaffolding on the left side, indicating ongoing work.",There are no visible plants or vegetation in this view.,The footway is wide and has a red surface.,"The base of the buildings along this street includes a mix of ground-level commercial spaces, such as shops and restaurants, with large windows and entrances. There are also some construction barriers and scaffolding indicating ongoing work or renovations."
east_42nd_street/west_to_east/031_n00671_E.jpg,n00671,0.3469421092641163,"The street is wide and has a dedicated bike lane on the left side, making it suitable for pedestrians and cyclists.",There are no visible plants or vegetation in this view.,"The footway is a wide, red-painted area adjacent to the road, with a barrier separating it from the road.","The base of the buildings along this street includes a mix of commercial and retail spaces, with some having large glass windows and others featuring more traditional brick facades."
east_42nd_street/west_to_east/032_n00672_E.jpg,n00672,0.3345219049635499,"Walking down this street would involve navigating a construction site on the left, with scaffolding and barriers, and passing by tall buildings on the right adorned with American flags. The street is relatively busy with vehicles, including a white car and a truck, and there are traffic cones indicating a construction zone.","There are trees visible in the distance, lining the street and providing a natural element to the urban environment.","The footway is a narrow path along the sidewalk, bordered by a metal railing and a construction barrier.","The base of the buildings along this street includes various storefronts and commercial spaces, with some buildings having large glass windows and others featuring more traditional facades."
east_42nd_street/west_to_east/033_n00673_E.jpg,n00673,0.3349109975866305,"The street appears to be under construction, with workers and equipment visible. The presence of traffic and construction barriers suggests it might be a busy urban area.",There are no visible plants or vegetation in this view.,The footway is under construction with workers and equipment visible.,"The base of the buildings along this street includes storefronts and commercial spaces, with some areas under construction."
east_42nd_street/west_to_east/034_n00674_E.jpg,n00674,0.4447751248015779,"The street is bustling with activity, featuring tall buildings, vehicles, and pedestrians.","There is a tree visible on the left side of the image, near the sidewalk.","The footway is a paved area for pedestrians, with a red crosswalk marking the intersection.","The base of the buildings along this street includes a mix of commercial and residential spaces, with some buildings having ground-level retail or office spaces and others having residential apartments or offices."
east_42nd_street/west_to_east/035_n00675_E.jpg,n00675,0.5451555755140297,"The street is bustling with activity, featuring tall buildings, vehicles, and pedestrians.","There are trees visible in the image, located on the left side near the buildings and along the street.",The footway is a pedestrian area with crosswalks and is located on the left side of the image.,"The base of the buildings along this street includes ground-level commercial spaces, such as shops and restaurants, with large windows and glass doors."
east_42nd_street/west_to_east/036_n00676_E.jpg,n00676,0.6558162134735661,"The street is bustling with activity, featuring tall buildings, pedestrians, and vehicles.",There are no visible plants or vegetation in this view.,The footway is a pedestrian area with crosswalks and a few people walking.,"The base of the buildings along this street includes ground-level commercial spaces, such as shops and offices, with large windows and glass doors. There are also street-level elements like street signs, traffic lights, and pedestrian crossings."
east_42nd_street/west_to_east/037_n00677_E.jpg,n00677,0.6356152405836608,"The street is bustling with activity, featuring a mix of pedestrians and vehicles. The presence of traffic lights and street signs indicates a well-organized urban environment.","There are trees visible along the sidewalk, particularly on the left side of the image, near the buildings.","The footway is a paved area for pedestrians, with a red-painted section on the right side and a white-painted section on the left side.","The base of the buildings along this street includes a mix of commercial and residential elements, with some buildings having ground-level retail spaces and others featuring residential apartments or offices."
east_42nd_street/west_to_east/038_n00678_E.jpg,n00678,0.6179746368647745,"The street is wide and has a bike lane on the right side, making it suitable for pedestrians and cyclists.","There are leafless trees lining the street, visible on both sides of the road.",The footway is lined with trees and has a railing along the side.,"The base of the buildings along this street is made of stone and brick, with some having large windows and others having more traditional architectural features."
east_42nd_street/west_to_east/039_n00679_E.jpg,n00679,0.6397438899412519,"The street is wide and has a red bike lane on both sides. There are tall buildings on both sides of the street, and a few cars parked along the curb.","There are leafless trees visible along the street, located on the sidewalks and near the buildings.",The footway is lined with trees and has a few pedestrians walking.,The base of the buildings along this street is made of brick and concrete.
east_42nd_street/west_to_east/040_n00680_E.jpg,n00680,0.5697646258231548,"The street is lined with trees and has a bike lane on the right side. There are also construction barriers and a dumpster visible, indicating some ongoing work.","There are leafless trees lining the street, visible on both sides of the road.",The footway is lined with trees and has a red-painted section.,"The base of the buildings along this street includes a mix of ground-level commercial spaces, construction sites, and a row of trees lining the sidewalk."
east_42nd_street/west_to_east/041_n00681_E.jpg,n00681,0.6113516781599354,"Walking down this street would involve navigating a wide road with a bike lane, pedestrian crossings, and tall buildings on either side. The presence of construction and scaffolding suggests ongoing development or maintenance.","There are leafless trees lining the street, visible on both sides of the road, particularly near the buildings and the bridge.",The footway is lined with trees and has a stone wall on the left side.,The base of the buildings along this street is made of stone.
east_42nd_street/west_to_east/042_n00682_E.jpg,n00682,0.5406086545876034,"Walking down this street would involve navigating a wide road with a bike lane, a pedestrian bridge, and tall buildings on either side.","There are leafless trees visible on both sides of the street, located near the sidewalk and the road.","The footway is a paved area with a red and white striped surface, and it appears to be wide enough to accommodate pedestrians comfortably.","The base of the buildings along this street is made of concrete and appears to be part of a larger urban infrastructure, possibly a bridge or an overpass."
east_42nd_street/west_to_east/043_n00683_E.jpg,n00683,0.5268959396941454,"The street appears to be busy with vehicles and pedestrians, with a pedestrian bridge overhead and tall buildings lining the sides.","There are leafless trees visible on both sides of the street, located near the sidewalk and the bridge.","The footway is a concrete path with a railing on top, and it is elevated above the street level.",The base of the buildings along this street is made of concrete and has a grey color.
east_42nd_street/west_to_east/044_n00684_E.jpg,n00684,0.3943394556467161,"The street is busy with vehicles, including buses and cars, and there are pedestrians walking. The presence of a tunnel overhead provides shelter and protection from the elements.","There are leafless trees visible on the right side of the image, near the buildings.","The footway is covered by a large, arched structure with a smooth, beige surface. It appears to be a part of an urban tunnel or underpass system.",The base of the buildings along this street is made of concrete.
east_42nd_street/west_to_east/045_n00685_E.jpg,n00685,0.4970878830310432,"The street appears to be busy with vehicles, including buses and cars, and there are various buildings and trees lining the sides. The presence of traffic lights and crosswalks suggests it is a well-maintained urban area.","There are leafless trees visible on the right side of the image, near the buildings and the road.",The footway is not visible in the image.,"The base of the buildings along this street appears to be made of stone or concrete, with a variety of architectural styles and materials."
east_42nd_street/west_to_east/046_n00686_E.jpg,n00686,0.521824342554952,"The street is wide and has multiple lanes for vehicles, with clear pedestrian crosswalks and traffic lights.","There are leafless trees visible on the left side of the image, near the sidewalk.",The footway is a paved area with white and green markings for pedestrian crossing.,"The base of the buildings along this street includes a mix of materials, such as concrete and stone, and features various architectural elements like columns and decorative moldings."
east_42nd_street/west_to_east/047_n00688_E.jpg,n00688,0.6531519044885342,"Walking down this street is pleasant with a mix of modern buildings, greenery, and a lively atmosphere.","There are trees visible along the sidewalk on the right side of the image, and they are located near the fence and the grassy area.","The footway is a paved area for pedestrians, with a crosswalk for crossing the street.","The base of the buildings along this street includes a mix of commercial and residential elements, with some buildings having ground-level shops or offices, and others featuring residential apartments or townhouses."
lexington_avenue/north_to_south/001_n00722_S.jpg,n00722,0.6641282775758941,"The street is bustling with activity, featuring tall buildings, pedestrians, and vehicles.",There are no visible plants or vegetation in this view.,"The footway is a wide, pedestrian-friendly area with crosswalks and is lined with street lamps and signs.",The base of the buildings along this street is made of stone and has large windows.
lexington_avenue/north_to_south/002_n00721_S.jpg,n00721,0.6109081015691209,"The street is bustling with activity, featuring a mix of pedestrians and vehicles. The presence of crosswalks and traffic lights indicates a well-organized urban environment.",There is no vegetation visible in this view.,The footway is a pedestrian area with crosswalks and people walking.,The base of the buildings along this street is made of stone and has large windows.
lexington_avenue/north_to_south/003_n00720_S.jpg,n00720,0.6067950953225686,"The street is bustling with activity, with pedestrians walking along the sidewalks and vehicles moving on the road.",There is no vegetation visible in this view.,The footway is lined with tall buildings and has a few pedestrians walking.,The base of the buildings along this street includes storefronts and a construction site with scaffolding.
lexington_avenue/north_to_south/004_n00719_S.jpg,n00719,0.4957037615190289,"The street is bustling with activity, featuring tall buildings, vehicles, and pedestrians.",There is no vegetation visible in this view.,"The footway is lined with tall buildings and has a sidewalk with a sign that says ""ONLY"" painted on it.","The base of the buildings along this street includes storefronts and commercial spaces, with some buildings having scaffolding for construction or maintenance."
lexington_avenue/north_to_south/005_n00718_S.jpg,n00718,0.4789019203673959,"The street is bustling with activity, featuring tall buildings, traffic, and pedestrians.",There is no vegetation visible in this view.,The footway is a pedestrian area with a crosswalk and a few people walking.,"The base of the buildings along this street includes storefronts and ground-level businesses, with some buildings having scaffolding for construction or renovation."
lexington_avenue/north_to_south/006_n00717_S.jpg,n00717,0.5619228607348528,"The street is bustling with activity, featuring a mix of pedestrians, vehicles, and construction. The presence of scaffolding and construction signs indicates ongoing development or repair work.","There are trees visible in the background, lining the street and providing a touch of greenery amidst the urban setting.",The footway is a pedestrian crossing with white stripes and a few people walking on it.,"The base of the buildings along this street includes storefronts and commercial spaces, with some buildings having scaffolding for construction or renovation."
lexington_avenue/north_to_south/007_n00716_S.jpg,n00716,0.5299626588178059,"The street is bustling with activity, with vehicles and pedestrians moving along the sidewalks and streets.",There are no visible plants or vegetation in this view.,The footway is lined with various storefronts and has a few bicycles parked along the edge.,The base of the buildings along this street includes storefronts and a few parked vehicles.
lexington_avenue/north_to_south/008_n00715_S.jpg,n00715,0.5899433862201626,"The street is bustling with activity, with pedestrians walking along the sidewalks and vehicles moving on the road. The presence of scaffolding and construction suggests ongoing development or maintenance work.",There are no visible plants or vegetation in this view.,The footway is lined with stores and has a few pedestrians walking.,"The base of the buildings along this street includes storefronts and commercial spaces, with some buildings having scaffolding or construction materials visible."
lexington_avenue/north_to_south/009_n00714_S.jpg,n00714,0.5315354625753914,"The street is bustling with activity, featuring tall buildings, a police car, and various pedestrians.","There are trees visible in the background, lining the street and providing a touch of greenery amidst the urban setting.",The footway is a pedestrian area with crosswalks and is lined with buildings and storefronts.,"The base of the buildings along this street includes storefronts and commercial spaces, with some buildings having scaffolding for construction or renovation."
lexington_avenue/north_to_south/010_n00713_S.jpg,n00713,0.6718042562272383,"The street is bustling with activity, featuring a mix of pedestrians, vehicles, and storefronts. The presence of crosswalks and traffic lights indicates a well-organized urban environment.","There are trees visible along the sidewalk, particularly on the right side of the image, near the buildings.",The footway is a pedestrian area with crosswalks and people walking.,"The base of the buildings along this street includes storefronts and commercial spaces, with signs and awnings visible above the ground level."
lexington_avenue/north_to_south/012_n00711_S.jpg,n00711,0.7805908522822329,"The street is bustling with activity, featuring a mix of commercial establishments, vehicles, and pedestrians.","There are trees visible on the left side of the image, near the buildings.","The footway is lined with various storefronts and businesses, including a nail spa and a restaurant. There are also trees and street signs along the sidewalk.","The base of the buildings along this street includes storefronts and commercial spaces, with signs and awnings visible above the entrances."
lexington_avenue/north_to_south/013_n00710_S.jpg,n00710,0.7687417797007925,"The street is bustling with activity, featuring a mix of vehicles, pedestrians, and commercial buildings.","There are trees visible on the right side of the image, near the buildings.",The footway is not visible in the image.,"The base of the buildings along this street includes storefronts and commercial spaces, with signs and awnings visible."
lexington_avenue/north_to_south/014_n00709_S.jpg,n00709,0.7449102464154395,"The street is wide and has multiple lanes of traffic, with crosswalks and traffic lights for pedestrians and vehicles.","There are trees visible on the left side of the image, near the buildings.",The footway is a pedestrian area with crosswalks and sidewalks.,"The base of the buildings along this street includes storefronts and ground-level businesses, with some having awnings and signs above the entrances."
lexington_avenue/north_to_south/015_n00708_S.jpg,n00708,0.7615277608778507,"The street is lined with tall buildings, and there are a few pedestrians walking. The sidewalks are wide and there are trees along the street, providing some shade.","There are trees visible on the sidewalks, particularly on the left side of the image, where they line the street.",The footway is lined with trees and has a few pedestrians walking.,"The base of the buildings along this street includes storefronts and ground-level businesses, with some buildings having large windows and others having more traditional ground-level entrances."
lexington_avenue/north_to_south/016_n00707_S.jpg,n00707,0.7035502883302035,"The street is lined with buildings, trees, and a few vehicles, creating a typical urban environment.","There are trees visible on the sidewalks, particularly on the left side of the image, and they are also present on the right side near the buildings.",The footway is lined with trees and has a few benches and trash cans.,The base of the buildings along this street includes storefronts and a bus stop.
lexington_avenue/north_to_south/017_n00706_S.jpg,n00706,0.7017697095380689,"The street is bustling with activity, featuring a mix of pedestrians, vehicles, and buildings. The presence of scaffolding suggests ongoing construction or renovation, indicating a dynamic urban environment.","There is a tree visible on the left side of the image, near the sidewalk.","The footway is a paved area for pedestrians, with a crosswalk at the intersection.","The base of the buildings along this street includes storefronts, signs, and a few pedestrians."
lexington_avenue/north_to_south/018_n00705_S.jpg,n00705,0.703612467060867,"The street is bustling with activity, featuring a mix of pedestrians, vehicles, and commercial establishments.","There are trees visible on the sidewalks, particularly on the left side of the image near the buildings.","The footway is a pedestrian area with crosswalks, where people can walk and cross the street.","The base of the buildings along this street includes ground-level retail spaces, a FedEx truck, and a few pedestrians."
lexington_avenue/north_to_south/019_n00704_S.jpg,n00704,0.6392694539942496,"The street is bustling with activity, featuring a mix of vehicles and pedestrians. The presence of a bus lane and the variety of buildings suggest a busy urban environment.","There are trees visible on the sidewalks, particularly on the right side of the image, and there are also some green plants near the buildings.",The footway is lined with trees and has a sidewalk for pedestrians.,"The base of the buildings along this street includes ground-level commercial establishments, such as shops and restaurants, with large windows and signs indicating their presence. There are also trees and street furniture like benches and trash cans along the sidewalk."
lexington_avenue/north_to_south/020_n00703_S.jpg,n00703,0.6541562536139576,"The street is bustling with activity, featuring a mix of pedestrians, vehicles, and construction. The presence of scaffolding on buildings suggests ongoing construction, which might affect the walking experience.","There is a tree visible on the left side of the image, near the sidewalk.",The footway is lined with trees and has a few people walking on it.,The base of the buildings along this street includes storefronts and a sidewalk with pedestrians.
lexington_avenue/north_to_south/021_n00702_S.jpg,n00702,0.5240933678072792,"The street is wide and has multiple lanes of traffic, including buses and cars. There are also pedestrian crossings and sidewalks.","There are trees visible along the sidewalk, particularly on the right side of the image, near the buildings.","The footway is a paved area for pedestrians, with a crosswalk marked by white lines.",The base of the buildings along this street is made of brick.
lexington_avenue/north_to_south/022_n00701_S.jpg,n00701,0.6797840423004814,"The street is lined with tall buildings, and there are a few cars parked along the side. It appears to be a typical urban environment with a mix of commercial and residential buildings.","There is a tree visible on the left side of the image, near the sidewalk.","The footway is a paved area adjacent to the road, with a person walking and a tree providing some shade.","The base of the buildings along this street includes ground-level entrances, windows, and a sidewalk."
lexington_avenue/north_to_south/023_n00700_S.jpg,n00700,0.6643724787237582,"The street is busy with cars and buildings, making it a bustling urban environment.","There are trees visible in the background, lining the street and providing shade.","The footway is a paved area for pedestrians, with a person walking on it.","The base of the buildings along this street includes ground-level commercial spaces, such as shops and offices, with large windows and doors."
lexington_avenue/north_to_south/024_n00699_S.jpg,n00699,0.6672107913189889,"The street is bustling with activity, featuring a mix of pedestrians and vehicles. The presence of trees and buildings creates a pleasant urban environment.","There are trees visible on the left side of the image, near the sidewalk.",The footway is lined with trees and has a green awning over a storefront.,"The base of the buildings along this street includes a mix of ground-level commercial spaces and possibly residential units, as indicated by the presence of awnings and storefronts."
lexington_avenue/north_to_south/025_n00698_S.jpg,n00698,0.8118046743031913,"The street is bustling with activity, featuring tall buildings, pedestrians, and vehicles.","There are trees visible on the right side of the image, near the buildings and along the sidewalk.",The footway is a pedestrian area with crosswalks and a sidewalk.,The base of the buildings along this street is made of brick and has a series of windows.
lexington_avenue/north_to_south/026_n00697_S.jpg,n00697,0.7227651163537667,"The street is lined with tall buildings, and there are several bicycles parked along the sidewalk.","There are trees visible along the sidewalk, particularly near the buildings and the bicycle racks.",The footway is lined with trees and has several bicycles parked along the side.,The base of the buildings along this street is made of brick.
lexington_avenue/north_to_south/027_n00696_S.jpg,n00696,0.7681588948723568,"The street is lined with tall buildings, trees, and a few pedestrians. It appears to be a typical urban environment with a mix of residential and commercial buildings.","There are trees visible along the sidewalk, particularly on the left side of the image, and they are spaced at intervals along the street.",The footway is lined with parking meters and has a green awning over the entrance of a building.,"The base of the buildings along this street includes a sidewalk with a row of bollards and a few benches, as well as a few trees lining the street."
lexington_avenue/north_to_south/028_n00695_S.jpg,n00695,0.7795177499554538,"The street is wide and has multiple lanes of traffic, with tall buildings on both sides. There are trees and street signs along the sidewalk, and a few pedestrians can be seen walking.","There is a tree visible on the left side of the image, near the sidewalk.",The footway is lined with trees and has a sidewalk with a bench.,"The base of the buildings along this street includes ground-level commercial spaces, such as shops and restaurants, with large windows and awnings."
lexington_avenue/north_to_south/029_n00694_S.jpg,n00694,0.7243472933449284,"The street is bustling with activity, featuring tall buildings, pedestrians, and vehicles.","There are trees visible on the right side of the image, near the buildings.","The footway is a paved area for pedestrians, with a crosswalk marked by white lines.","The base of the buildings along this street includes ground-level commercial spaces, pedestrian walkways, and street-level entrances."
lexington_avenue/north_to_south/030_n00693_S.jpg,n00693,0.7136294277493098,"The street is bustling with activity, featuring a mix of pedestrians and vehicles. The sidewalks are lined with various buildings, including commercial and residential structures, and there are traffic lights and street signs to guide the flow of traffic.","There are trees visible on the sidewalks, particularly near the buildings and along the street.","The footway is a paved area for pedestrians, with a crosswalk visible and a few people walking.","The base of the buildings along this street includes ground-level commercial spaces, such as shops and offices, with large windows and stone facades."
lexington_avenue/north_to_south/031_n00692_S.jpg,n00692,0.6912772413903987,"The street is busy with cars and buildings on both sides, making it a typical urban environment.","There is a tree visible on the right side of the image, near the sidewalk.",The footway is narrow and has a few pedestrians walking.,The base of the buildings along this street includes storefronts and a parking lot.
lexington_avenue/north_to_south/032_n00691_S.jpg,n00691,0.620102466270051,"The street is bustling with activity, featuring a mix of vehicles, pedestrians, and buildings. The presence of a van and a bus indicates a busy urban environment.","There are leafless trees visible along the sidewalk, particularly near the buildings and the street.",The footway is lined with trees and has a few pedestrians walking.,"The base of the buildings along this street includes a mix of commercial and residential elements. On the left, there is a white van with a company name and contact information, indicating a commercial presence. On the right, there are storefronts and possibly small businesses, as suggested by the signage and the presence of pedestrians."
lexington_avenue/north_to_south/033_n00690_S.jpg,n00690,0.7188518291394631,"The street is bustling with activity, featuring a mix of pedestrians and vehicles. The presence of crosswalks and traffic lights indicates a well-organized urban environment.","There are trees visible on the left side of the image, near the sidewalk.","The footway is a paved area for pedestrians, with a crosswalk marked by white stripes.","The base of the buildings along this street includes ground-level commercial establishments, pedestrian walkways, and street-level traffic signals."
lexington_avenue/north_to_south/034_n00689_S.jpg,n00689,0.72944833267502,"The street is bustling with activity, featuring a mix of pedestrians and vehicles. The sidewalks are lined with buildings, and there are traffic lights and street signs to guide the flow of traffic.","There are trees visible on the right side of the image, near the buildings.",The footway is a pedestrian area with crosswalks and people walking.,"The base of the buildings along this street includes storefronts and commercial spaces, with a mix of retail and service establishments."
lexington_avenue/south_to_north/001_n00689_N.jpg,n00689,0.72944833267502,"The street is bustling with activity, featuring tall buildings, pedestrians, and vehicles.","There are trees visible on the right side of the image, near the buildings and along the sidewalk.",The footway is a pedestrian crossing with white stripes and is located in the middle of the street.,The base of the buildings along this street includes storefronts and a sidewalk with pedestrians.
lexington_avenue/south_to_north/002_n00690_N.jpg,n00690,0.7188518291394631,"The street is bustling with activity, featuring a mix of pedestrians, vehicles, and public transportation. The sidewalks are lined with trees and buildings, providing a pleasant environment for walking.","There are trees visible on the sidewalks, particularly on the right side of the image near the buildings.",The footway is paved with concrete and has a sidewalk lamp post.,"The base of the buildings along this street includes ground-level commercial spaces, such as shops and restaurants, with large windows and entrances."
lexington_avenue/south_to_north/003_n00691_N.jpg,n00691,0.620102466270051,"The street is busy with vehicles and buildings, making it a bustling urban environment.","There is a tree visible on the right side of the image, near the sidewalk.",The footway is clear and has a person walking on it.,"The base of the buildings along this street includes a mix of commercial and residential elements. There are storefronts on the ground level of some buildings, and the street is lined with parked vehicles, including a white van with a logo and text on its side."
lexington_avenue/south_to_north/004_n00692_N.jpg,n00692,0.6912772413903987,"The street is bustling with activity, featuring a mix of pedestrians, vehicles, and buildings.","There are trees visible on the right side of the image, near the buildings.",The footway is lined with trees and has a sidewalk for pedestrians.,"The base of the buildings along this street includes various architectural elements such as columns, stone facades, and decorative moldings."
lexington_avenue/south_to_north/005_n00693_N.jpg,n00693,0.7136294277493098,"The street is wide and has multiple lanes of traffic, with crosswalks at intersections. There are buildings on both sides, including apartment buildings and commercial structures.","There are trees visible on the right side of the image, near the buildings and along the sidewalk.","The footway is a paved area for pedestrians, with crosswalks at intersections and sidewalks along the buildings.","The base of the buildings along this street includes ground-level commercial establishments, pedestrian walkways, and street-level parking spaces."
lexington_avenue/south_to_north/006_n00694_N.jpg,n00694,0.7243472933449284,"The street is lined with tall buildings, trees, and a few pedestrians. It appears to be a typical urban environment with a mix of commercial and residential buildings.","There are trees visible on the sidewalks, particularly on the right side of the image, near the buildings.",The footway is lined with trees and has a small garden area with greenery.,"The base of the buildings along this street includes ground-level commercial spaces, such as shops and restaurants, and the street itself."
lexington_avenue/south_to_north/007_n00695_N.jpg,n00695,0.7795177499554538,"The street is lined with tall buildings, and there are a few pedestrians walking. The sidewalk is wide and has benches for sitting.","There are trees visible on the right side of the image, near the sidewalk and buildings.",The footway is lined with trees and has benches and a railing.,The base of the buildings along this street is made of brick.
lexington_avenue/south_to_north/008_n00696_N.jpg,n00696,0.7681588948723568,"The street is bustling with activity, featuring a mix of pedestrians, cyclists, and vehicles. The presence of bike racks and traffic lights indicates a well-organized urban environment.","There is a tree visible on the right side of the image, near the sidewalk.",The footway is lined with several bicycles and has a few pedestrians walking.,The base of the buildings along this street is made of brick.
lexington_avenue/south_to_north/009_n00697_N.jpg,n00697,0.7227651163537667,"The street is busy with pedestrians and vehicles, including cars and trucks. There are traffic lights and street signs to guide the flow of traffic and pedestrians.","There are trees visible on the left side of the image, near the buildings.","The footway is a paved area for pedestrians to walk on, with a sidewalk for people to stand on and a crosswalk for pedestrians to cross the street.",The base of the buildings along this street is made of brick.
lexington_avenue/south_to_north/010_n00698_N.jpg,n00698,0.8118046743031913,"The street is bustling with activity, featuring a mix of pedestrians, vehicles, and various storefronts. The presence of trees and greenery along the sidewalk adds a touch of nature to the urban environment.","There is a tree visible on the sidewalk, located towards the right side of the image, and some bushes near the building on the right.",The footway is lined with trees and has a green awning over a storefront.,"The base of the buildings along this street includes ground-level commercial establishments, such as a restaurant with a green awning, and a blue mailbox. There are also trees and a sidewalk with a few benches."
lexington_avenue/south_to_north/011_n00699_N.jpg,n00699,0.6672107913189889,"The street is bustling with activity, featuring a mix of vehicles and pedestrians. The buildings are tall and varied in design, creating a dynamic urban landscape.","There are trees visible on the right side of the image, lining the street.",The footway is not visible in the image.,The base of the buildings along this street includes ground-level commercial spaces and a sidewalk.
lexington_avenue/south_to_north/012_n00700_N.jpg,n00700,0.6643724787237582,The street is lined with tall buildings and has a few vehicles parked along the side. It appears to be a typical urban environment with a mix of residential and commercial buildings.,"There is a tree visible on the right side of the image, near the sidewalk.","The footway is a paved area along the side of the road, with a sidewalk for pedestrians to walk on.","The base of the buildings along this street includes storefronts and ground-level commercial spaces, with some buildings having a mix of retail and residential uses."
lexington_avenue/south_to_north/013_n00701_N.jpg,n00701,0.6797840423004814,"The street is bustling with activity, featuring tall buildings, vehicles, and pedestrians.","There are trees visible on the right side of the image, near the buildings and along the sidewalk.",The footway is a pedestrian area with crosswalks and people walking.,The base of the buildings along this street includes storefronts and a sidewalk with pedestrians.
lexington_avenue/south_to_north/014_n00702_N.jpg,n00702,0.5240933678072792,"The street appears to be busy with vehicles and construction, making it potentially challenging to walk.","There are trees visible on the right side of the image, along the sidewalk.",The footway is not visible in the image.,"The base of the buildings along this street includes a mix of commercial and residential elements, with some buildings having ground-level storefronts and others featuring residential entrances. There are also construction scaffolding visible on one of the buildings, indicating ongoing work or renovation."
lexington_avenue/south_to_north/015_n00703_N.jpg,n00703,0.6541562536139576,"The street is bustling with activity, with cars and pedestrians moving along the sidewalk. The tall buildings and trees provide a mix of urban and natural elements, creating a lively atmosphere.","There are trees visible on the sidewalks, particularly on the left side of the image near the buildings and on the right side closer to the street.",The footway is lined with trees and has a basketball court on the left side.,"The base of the buildings along this street includes ground-level commercial spaces, such as shops and restaurants, and residential units with entrances and windows."
lexington_avenue/south_to_north/016_n00704_N.jpg,n00704,0.6392694539942496,"The street is bustling with activity, featuring a mix of pedestrians, vehicles, and commercial buildings.","There is a tree visible on the left side of the image, near the sidewalk.",The footway is lined with trees and has a sign indicating parking.,"The base of the buildings along this street includes ground-level commercial spaces, such as shops and offices, with large windows and doors. There are also a few trees and street furniture like benches and trash cans."
lexington_avenue/south_to_north/017_n00705_N.jpg,n00705,0.703612467060867,"The street is bustling with activity, featuring tall buildings, cars, and pedestrians.","There are trees visible in the view, located on the right side of the image, near the buildings.","The footway is a paved area for pedestrians, with a crosswalk marked by white lines.","The base of the buildings along this street includes ground-level commercial spaces, pedestrian walkways, and street-level entrances."
lexington_avenue/south_to_north/018_n00706_N.jpg,n00706,0.7017697095380689,"The street is bustling with activity, featuring a mix of pedestrians, vehicles, and storefronts. The sidewalks are lined with trees and various buildings, creating a lively urban environment.","There are trees visible on the sidewalks, particularly on the right side of the image, near the buildings.",The footway is lined with trees and has a sidewalk for pedestrians.,"The base of the buildings along this street includes storefronts and ground-level businesses, with some having awnings and signs indicating their services."
lexington_avenue/south_to_north/019_n00707_N.jpg,n00707,0.7035502883302035,"The street is bustling with activity, featuring tall buildings, pedestrians, and vehicles.","There is a tree visible on the left side of the image, near the sidewalk.","The footway is a paved area for pedestrians, with a crosswalk marked by white lines.","The base of the buildings along this street includes storefronts and ground-level businesses, with some buildings having a mix of commercial and residential uses."
lexington_avenue/south_to_north/020_n00708_N.jpg,n00708,0.7615277608778507,"The street is bustling with activity, featuring a mix of pedestrians, vehicles, and storefronts. The sidewalks are lined with various shops and restaurants, and the buildings are a blend of modern and older architectural styles.","There are trees visible in the background, lining the street and providing shade.",The footway is made of concrete and has a sidewalk with a curb.,"The base of the buildings along this street includes storefronts and ground-level businesses, with some buildings having brick facades and others featuring more modern materials."
lexington_avenue/south_to_north/021_n00709_N.jpg,n00709,0.7449102464154395,"The street is bustling with activity, featuring a mix of pedestrians, vehicles, and storefronts. The presence of tall buildings and various types of businesses suggests a vibrant urban environment.","There are trees visible on the right side of the image, near the buildings and along the sidewalk.","The footway is a pedestrian path along the street, with crosswalks at intersections for safe crossing.",The base of the buildings along this street includes storefronts and a restaurant with a red awning.
lexington_avenue/south_to_north/022_n00710_N.jpg,n00710,0.7687417797007925,"The street is bustling with activity, featuring a mix of pedestrians, vehicles, and storefronts. The sidewalks are lined with trees and various businesses, creating a lively urban environment.","There are trees with white blossoms on the right side of the street, and a tree with green leaves further down the street.",The footway is lined with trees and has a person riding a bicycle.,"The base of the buildings along this street includes storefronts and ground-level businesses, with some vehicles parked along the curb."
lexington_avenue/south_to_north/023_n00711_N.jpg,n00711,0.7805908522822329,"The street is bustling with activity, featuring a mix of pedestrians and vehicles.","There are trees visible on the left side of the image, near the sidewalk and buildings.",The footway is lined with trees and has a few pedestrians walking.,"The base of the buildings along this street includes storefronts and signs, with a variety of businesses such as a barbershop, a bagel express, and a wine shop."
lexington_avenue/south_to_north/025_n00713_N.jpg,n00713,0.6718042562272383,"The street is bustling with activity, featuring tall buildings, traffic lights, and various vehicles.",There is no vegetation visible in this view.,The footway is a pedestrian area with crosswalks and is located on the side of the road.,"The base of the buildings along this street is covered in scaffolding, indicating construction or renovation work."
lexington_avenue/south_to_north/026_n00714_N.jpg,n00714,0.5315354625753914,"The street is bustling with activity, featuring tall buildings, pedestrians, and vehicles.",There is no vegetation visible in this view.,The footway is lined with tall buildings and has a few pedestrians walking.,The base of the buildings along this street includes storefronts and a construction site with scaffolding.
lexington_avenue/south_to_north/027_n00715_N.jpg,n00715,0.5899433862201626,"The street is bustling with activity, featuring tall buildings, shops, and vehicles.",There are green leaves visible on the scaffolding on the left side of the image.,"The footway is lined with tall buildings and has a sign that says ""NOW OPEN"" on it.","The base of the buildings along this street includes storefronts and commercial spaces, with signs and awnings visible above the ground level."
lexington_avenue/south_to_north/028_n00716_N.jpg,n00716,0.5299626588178059,"The street is bustling with activity, featuring tall buildings, vehicles, and pedestrians.",There is no vegetation visible in this view.,"The footway is a paved area for pedestrians, with a sidewalk sign indicating a bus stop, and a few people walking or standing.",The base of the buildings along this street includes storefronts and a sidewalk with a few people walking.
lexington_avenue/south_to_north/029_n00717_N.jpg,n00717,0.5619228607348528,"The street is bustling with activity, featuring tall buildings, vehicles, and pedestrians.",There is no vegetation visible in this view.,The footway is a pedestrian area with crosswalks and is lined with buildings and street lamps.,The base of the buildings along this street includes storefronts and a sidewalk with pedestrians.
lexington_avenue/south_to_north/030_n00718_N.jpg,n00718,0.4789019203673959,"The street is bustling with activity, featuring a mix of pedestrians, vehicles, and commercial buildings. The presence of scaffolding suggests ongoing construction or renovation, adding a dynamic element to the urban landscape.",There is no vegetation visible in this view.,The footway is lined with tall buildings and has a covered area with scaffolding.,The base of the buildings along this street includes storefronts and a construction site with scaffolding.
lexington_avenue/south_to_north/031_n00719_N.jpg,n00719,0.4957037615190289,"The street is bustling with activity, featuring tall buildings, pedestrians, and vehicles.",There are no visible plants or vegetation in this view.,The footway is lined with tall buildings and has a few pedestrians walking.,The base of the buildings along this street includes storefronts and a construction site with scaffolding.
lexington_avenue/south_to_north/032_n00720_N.jpg,n00720,0.6067950953225686,"The street is bustling with activity, featuring tall buildings, pedestrians, and vehicles.",There are no visible plants or vegetation in this view.,The footway is a pedestrian area with people walking and a few cars parked along the side.,The base of the buildings along this street includes storefronts and a bus lane.
lexington_avenue/south_to_north/033_n00721_N.jpg,n00721,0.6109081015691209,"The street is bustling with activity, featuring tall buildings, pedestrians, and vehicles.",There is no vegetation visible in this view.,The footway is a pedestrian area with people walking and crossing the street.,"The base of the buildings along this street is made of glass and steel, with large windows and sleek, modern designs."
lexington_avenue/south_to_north/034_n00722_N.jpg,n00722,0.6641282775758941,"The street is bustling with pedestrians and vehicles, making it lively and dynamic.",There is no vegetation visible in this view.,"The footway is bustling with pedestrians, including a person with a blue backpack.",The base of the buildings along this street is made of concrete and has large windows.
madison_avenue/north_to_south/001_n00756_S.jpg,n00756,0.6656495131931883,"The street is bustling with activity, featuring tall buildings, pedestrians, and vehicles like buses and cars.","There are trees visible on the right side of the image, along the sidewalk.","The footway is bustling with pedestrians, including a person in a red dress and another in a blue shirt.","The base of the buildings along this street includes various storefronts and commercial establishments, with large glass windows and modern architectural designs."
madison_avenue/north_to_south/002_n00755_S.jpg,n00755,0.6327766803669368,"The street is bustling with pedestrians and vehicles, including a tour bus and cars. There are tall buildings and a mix of commercial and office spaces, creating a lively urban environment.","There are trees visible in the background, lining the street and providing greenery to the urban environment.","The footway is bustling with pedestrians, some of whom are waiting at a crosswalk. There are various people walking and standing, engaged in different activities.","The base of the buildings along this street includes various storefronts and commercial establishments, with large glass windows and modern architectural designs."
madison_avenue/north_to_south/003_n00754_S.jpg,n00754,0.6201773761722822,"The street is bustling with activity, featuring a mix of pedestrians, vehicles, and commercial buildings.","There is a tree visible on the right side of the image, near the sidewalk.",The footway is lined with trees and has a few people walking on it.,The base of the buildings along this street includes storefronts and commercial establishments.
madison_avenue/north_to_south/004_n00753_S.jpg,n00753,0.6975383292238034,"The street is bustling with activity, featuring a mix of pedestrians, vehicles, and commercial establishments.","There are trees visible on the right side of the image, along the sidewalk.",The footway is lined with street lamps and has a few pedestrians walking.,"The base of the buildings along this street includes storefronts, outdoor seating areas, and street-level signs."
madison_avenue/north_to_south/005_n00752_S.jpg,n00752,0.6435511138329084,"The street is bustling with activity, featuring pedestrians, vehicles, and various storefronts.","There are trees visible in the background, along the right side of the image, near the buildings.",The footway is a pedestrian area with people walking and a pile of garbage bags on the side.,The base of the buildings along this street is made of stone and has large windows.
madison_avenue/north_to_south/006_n00751_S.jpg,n00751,0.7123605539632323,"The street is bustling with activity, featuring tall buildings, pedestrians, and vehicles.",There is no vegetation visible in this view.,"The footway is bustling with pedestrians, including a group of people standing near a blue mailbox.","The base of the buildings along this street includes storefronts and commercial spaces, with some having large windows and awnings."
madison_avenue/north_to_south/007_n00750_S.jpg,n00750,0.6174094625632549,"The street is bustling with activity, featuring tall buildings, pedestrians, and vehicles.",There is no vegetation visible in this view.,The footway is lined with tall buildings and has a few pedestrians walking.,The base of the buildings along this street includes storefronts and a few pedestrians.
madison_avenue/north_to_south/008_n00749_S.jpg,n00749,0.7386920927799969,"The street is bustling with activity, featuring tall buildings, pedestrians, and vehicles.","There are potted plants visible on the sidewalks, specifically on the right side of the street near the buildings.",The footway is lined with potted plants and has a few pedestrians walking.,"The base of the buildings along this street includes storefronts and ground-level businesses, with some having large windows and awnings."
madison_avenue/north_to_south/009_n00748_S.jpg,n00748,0.7587566499837728,"The street is bustling with activity, featuring tall buildings, pedestrians, and vehicles.",There are no visible plants or vegetation in this view.,"The footway is a pedestrian area with crosswalks, where people are walking and crossing the street.","The base of the buildings along this street includes storefronts and commercial spaces, with some pedestrians walking by."
madison_avenue/north_to_south/010_n00747_S.jpg,n00747,0.7185597220812066,"The street is bustling with activity, featuring tall buildings, pedestrians, and vehicles.","There is a small tree visible on the left side of the image, near the intersection.","The footway is lined with various pedestrians, including a person wearing a white shirt and another in a light-colored top. There are also several street signs and a blue mailbox.","The base of the buildings along this street includes storefronts and commercial spaces, with some pedestrians walking by."
madison_avenue/north_to_south/011_n00746_S.jpg,n00746,0.6443583892770682,"The street is bustling with activity, featuring a mix of pedestrians, vehicles, and bicycles. The presence of tall buildings and commercial establishments suggests a busy urban environment.",There is no vegetation visible in this view.,The footway is lined with tall buildings and has a few people walking on it.,"The base of the buildings along this street includes storefronts and commercial spaces, with some bicycles parked in front of them."
madison_avenue/north_to_south/012_n00745_S.jpg,n00745,0.5450893174315083,"The street is bustling with activity, featuring a mix of pedestrians, vehicles, and construction equipment. The sidewalks are lined with shops and restaurants, and the buildings are tall and modern, creating a lively urban atmosphere.","There is a tree visible on the left side of the image, near the sidewalk.",The footway is lined with various storefronts and has a few pedestrians walking.,"The base of the buildings along this street includes storefronts and commercial spaces, with signs and awnings visible above the entrances."
madison_avenue/north_to_south/013_n00744_S.jpg,n00744,0.6535053040502333,"The street is bustling with pedestrians and vehicles, making it lively and dynamic.",There is no visible vegetation in this view.,"The footway is a wide, pedestrian-friendly area with crosswalks and a variety of people walking and standing.",The base of the buildings along this street includes storefronts and a few parked cars.
madison_avenue/north_to_south/014_n00743_S.jpg,n00743,0.4680008500604802,"The street is bustling with activity, featuring tall buildings, pedestrians, and vehicles.",There is no vegetation visible in this view.,The footway is lined with metal scaffolding and has a few pedestrians walking.,"The base of the buildings along this street includes ground-level commercial spaces, with some buildings having scaffolding and construction materials indicating ongoing work or renovations."
madison_avenue/north_to_south/015_n00742_S.jpg,n00742,0.5236451936078499,"The street is bustling with activity, featuring tall buildings, pedestrians, and vehicles.","There is a potted plant visible on the sidewalk, near the entrance of the building on the left side of the image.",The footway is lined with concrete barriers and has a few people walking on it.,"The base of the buildings along this street includes a mix of commercial and residential elements, with some buildings having ground-level storefronts and others featuring large windows or balconies. There are also a few concrete barriers and planters along the sidewalk."
madison_avenue/north_to_south/016_n00741_S.jpg,n00741,0.4625712251980294,"The street is bustling with activity, featuring tall buildings, vehicles, and pedestrians.",There is no vegetation visible in this view.,The footway is wide and has a sidewalk with a few pedestrians walking. There are also some construction barriers and scaffolding along the buildings.,"The base of the buildings along this street includes storefronts and commercial spaces, with some buildings having scaffolding and construction materials indicating ongoing work or renovations."
madison_avenue/north_to_south/017_n00740_S.jpg,n00740,0.6109050455858206,"The street is bustling with activity, featuring a mix of pedestrians and vehicles. The presence of scaffolding on some buildings suggests ongoing construction or renovation, adding to the dynamic urban environment.",There is no vegetation visible in this view.,"The footway is a paved area for pedestrians, with a crosswalk marked by white lines.","The base of the buildings along this street includes storefronts and commercial establishments, with some buildings having scaffolding and construction materials visible."
madison_avenue/north_to_south/018_n00739_S.jpg,n00739,0.5826473315347409,"The street is bustling with activity, featuring pedestrians, vehicles, and construction work.",There are no visible plants or vegetation in this view.,"The footway is a pedestrian area with a crosswalk, where people can walk and cross the street.","The base of the buildings along this street includes a mix of commercial and residential elements. On the left, there is a storefront with a red awning, and on the right, there is a construction site with scaffolding."
madison_avenue/north_to_south/019_n00738_S.jpg,n00738,0.6266671569751765,"The street is bustling with activity, featuring pedestrians, cyclists, and vehicles. The presence of construction and commercial establishments suggests a dynamic urban environment.","There are trees visible in the distance, lining the street, and there is a small tree near the sidewalk on the left side of the image.",The footway is lined with tall buildings and has a few pedestrians walking.,The base of the buildings along this street includes storefronts and a sidewalk.
madison_avenue/north_to_south/020_n00737_S.jpg,n00737,0.6573924720704061,"The street is bustling with activity, featuring a mix of pedestrians, vehicles, and construction work. The presence of scaffolding and construction materials suggests ongoing development or maintenance.","There are trees visible on the sidewalk, specifically on the left side of the image, near the buildings.",The footway is lined with trees and has a green awning over the entrance of a building.,The base of the buildings along this street includes ground-level storefronts and a sidewalk with pedestrians.
madison_avenue/north_to_south/021_n00736_S.jpg,n00736,0.676120843707624,"The street is bustling with activity, featuring pedestrians, vehicles, and various buildings. The presence of crosswalks and traffic signals indicates a well-organized urban environment.","There are trees visible on the left side of the image, near the buildings.","The footway is a paved area with crosswalks for pedestrians to safely cross the street. There are a few people walking on the footway, and some are carrying bags.","The base of the buildings along this street is made of brick and stone, with some having large windows and others having more solid, closed-off bases."
madison_avenue/north_to_south/022_n00735_S.jpg,n00735,0.7868368889423794,"Walking down this street would be pleasant with the presence of trees and buildings, and the street is lined with parked cars and a truck.","There are trees with white blossoms visible along the sidewalk, particularly on the left side of the street.",The footway is lined with trees and has a few pedestrians walking.,"The base of the buildings along this street includes a sidewalk, a street, and some trees."
madison_avenue/north_to_south/023_n00734_S.jpg,n00734,0.795450766782,"The street is bustling with activity, featuring a mix of pedestrians, vehicles, and buildings. The presence of trees and street signs adds to the urban environment, making it a lively place to walk.","There are trees with blossoms visible on the right side of the image, near the buildings.","The footway is a paved area along the street, with a person walking on it.","The base of the buildings along this street includes a mix of commercial and residential elements, with some buildings having ground-level storefronts and others having a more uniform facade."
madison_avenue/north_to_south/024_n00733_S.jpg,n00733,0.7394780716436689,"The street is bustling with activity, featuring a mix of pedestrians, vehicles, and buildings. The presence of scaffolding on the right side suggests ongoing construction or renovation, adding to the dynamic urban environment.","There is a tree visible on the left side of the image, near the sidewalk.",The footway is lined with trees and has a few people walking on it.,"The base of the buildings along this street includes a mix of commercial and residential spaces, with some buildings having ground-level shops or offices and others having residential apartments. There are also a few trees and public amenities like benches and trash cans along the sidewalk."
madison_avenue/north_to_south/025_n00732_S.jpg,n00732,0.5038099997028678,"The street is bustling with activity, featuring tall buildings, pedestrians, and vehicles.","There are trees visible in the background, lining the street and providing shade.","The footway is a pedestrian area with crosswalks, where people are walking and crossing the street.","The base of the buildings along this street includes storefronts and ground-level businesses, with some buildings having large windows and others having more solid facades."
madison_avenue/north_to_south/026_n00731_S.jpg,n00731,0.6204148463366566,"The street is bustling with activity, featuring pedestrians, vehicles, and cyclists. The presence of various buildings and commercial establishments suggests a lively urban environment.","There are trees visible in the background, along the sidewalk on the left side of the image.",The footway is lined with pedestrians and has a crosswalk for pedestrians to cross the street.,"The base of the buildings along this street includes ground-level commercial spaces with large windows and doors, as well as a few pedestrians walking on the sidewalks."
madison_avenue/north_to_south/027_n00730_S.jpg,n00730,0.4037624775298893,"The street appears to be busy with vehicles, including buses and trucks, and there are traffic cones indicating some form of construction or roadwork. Pedestrians would need to be cautious and possibly find alternative routes to avoid the construction area.","There is a tree visible on the left side of the image, near the middle of the street.",The footway is not visible in the image.,"The base of the buildings along this street includes various ground-level commercial establishments, such as shops and restaurants, with large windows and storefronts."
madison_avenue/north_to_south/028_n00729_S.jpg,n00729,0.794291227394303,"The street is bustling with activity, featuring tall buildings, pedestrians, and vehicles.","There are trees visible on the left side of the image, near the church and the sidewalk.",The footway is lined with trees and has a few pedestrians walking.,The base of the buildings along this street includes storefronts and a church with a stone facade.
madison_avenue/north_to_south/029_n00728_S.jpg,n00728,0.7818586902913387,"The street is bustling with activity, featuring tall buildings, pedestrians, and vehicles.","There are trees visible on the left side of the image, near the sidewalk.","The footway is a paved area for pedestrians to walk on, with crosswalks for safe crossing at intersections.",The base of the buildings along this street is made of stone and has large windows.
madison_avenue/north_to_south/030_n00727_S.jpg,n00727,0.7460635640759861,"The street is bustling with activity, featuring tall buildings, shops, and pedestrians.",There are no visible plants or vegetation in this view.,The footway is lined with various storefronts and has a few people sitting or walking.,"The base of the buildings along this street includes a variety of commercial establishments, such as shops and cafes, with large windows and storefronts. There are also a few people sitting on benches and walking along the sidewalk."
madison_avenue/north_to_south/031_n00726_S.jpg,n00726,0.645361383648371,"The street is bustling with activity, featuring a mix of pedestrians, vehicles, and public transportation. The sidewalks are lined with tall buildings, and the road is filled with cars and buses, indicating a busy urban environment.",There are no visible plants or vegetation in this view.,The footway is lined with tall buildings and has a few pedestrians walking.,"The base of the buildings along this street includes large stone columns and arched windows, giving the buildings a classic and elegant appearance."
madison_avenue/north_to_south/032_n00725_S.jpg,n00725,0.6078009812207108,"The street is bustling with activity, featuring a mix of pedestrians, vehicles, and public transportation. The presence of tall buildings and a variety of storefronts suggests a vibrant urban environment.","There are trees visible on the left side of the image, near the buildings.",The footway is lined with tall buildings and has a few pedestrians walking.,The base of the buildings along this street includes large stone pillars and a variety of commercial storefronts.
madison_avenue/north_to_south/033_n00724_S.jpg,n00724,0.6448299351920208,"The street is bustling with activity, featuring tall buildings, pedestrians, and vehicles.","There are trees visible on the right side of the image, near the sidewalk and buildings.","The footway is bustling with pedestrians, including a person walking a dog, and there are various street signs and traffic lights.","The base of the buildings along this street includes storefronts and large windows, suggesting commercial use."
madison_avenue/north_to_south/034_n00723_S.jpg,n00723,0.6419485352623328,"The street is bustling with activity, featuring pedestrians, vehicles, and cyclists. The sidewalks are lined with shops and buildings, creating a lively urban environment.","There are trees visible on the right side of the image, near the buildings.","The footway is a wide, pedestrian-friendly area with crosswalks, lined with various storefronts and buildings.","The base of the buildings along this street includes storefronts and large windows, with some pedestrians walking on the sidewalks."
madison_avenue/south_to_north/001_n00723_N.jpg,n00723,0.6419485352623328,"The street is bustling with activity, featuring pedestrians, vehicles, and buildings.","There are trees visible in the background, along the left side of the image, near the buildings.",The footway is a pedestrian area with crosswalks and people walking.,The base of the buildings along this street is made of stone and has large windows.
madison_avenue/south_to_north/002_n00724_N.jpg,n00724,0.6448299351920208,"The street is wide and has a smooth surface, making it suitable for walking. There are sidewalks on both sides, and the presence of street signs and traffic lights indicates a well-organized urban environment.","There are trees visible in the distance, lining the street and providing shade.",The footway is lined with tall buildings and has a few pedestrians walking.,"The base of the buildings along this street includes large columns and arches, typical of classical architecture."
madison_avenue/south_to_north/003_n00725_N.jpg,n00725,0.6078009812207108,"The street is wide and has multiple lanes, with a blue bus and a FedEx van parked on the side. Pedestrians are visible on the sidewalk, and there are tall buildings lining the street.","There is a small tree visible on the right side of the image, near the top.",The footway is lined with tall buildings and has a few pedestrians walking.,"The base of the buildings along this street includes large columns and arched windows, typical of classical architecture."
madison_avenue/south_to_north/004_n00726_N.jpg,n00726,0.645361383648371,"The street is wide and has a smooth surface, making it suitable for pedestrians and vehicles. There are various buildings and shops along the sidewalk, providing a mix of commercial and residential spaces.","There are trees visible in the distance, lining the street and providing a natural element to the urban environment.","The footway is lined with various storefronts and advertisements, and there are a few pedestrians walking along it.","The base of the buildings along this street includes storefronts and commercial spaces, with large windows and signs indicating various businesses."
madison_avenue/south_to_north/005_n00727_N.jpg,n00727,0.7460635640759861,"The street is bustling with pedestrians and vehicles, featuring crosswalks, traffic lights, and a mix of modern and historic buildings.","There are trees visible on the right side of the image, near the church and the buildings.",The footway is a pedestrian area with people walking and crossing the street.,The base of the buildings along this street includes storefronts and a church with a stone facade.
madison_avenue/south_to_north/006_n00728_N.jpg,n00728,0.7818586902913387,"The street is bustling with activity, with pedestrians walking along the sidewalks and vehicles moving on the road.","There are trees visible on the sidewalks, particularly near the church on the right side of the image.",The footway is lined with trees and has a few pedestrians walking.,The base of the buildings along this street includes storefronts and a church with a stone facade.
madison_avenue/south_to_north/007_n00729_N.jpg,n00729,0.794291227394303,"The street is bustling with activity, featuring a mix of pedestrians, vehicles, and storefronts. The presence of traffic and pedestrians suggests it is a busy urban area.","There are trees visible on the right side of the image, near the sidewalk and the buildings.",The footway is lined with trees and has a bench.,The base of the buildings along this street includes storefronts and a church with a stone facade.
madison_avenue/south_to_north/008_n00730_N.jpg,n00730,0.4037624775298893,"The street appears to be busy with vehicles, including buses and trucks, and there are traffic cones indicating possible construction or roadwork. Pedestrians should be cautious and aware of their surroundings.","There is a tree visible in the distance, located between the buildings and the road.",There is no footway visible in the image.,"The base of the buildings along this street includes a mix of commercial and residential elements, with some buildings having ground-level shops or offices, and others featuring residential apartments or offices."
madison_avenue/south_to_north/009_n00731_N.jpg,n00731,0.6204148463366566,"The street is bustling with activity, featuring a mix of pedestrians, vehicles, and construction work. The presence of construction barriers and scaffolding indicates ongoing development, which might make the walk a bit more challenging due to detours and noise.","There are trees visible in the background, along the street, providing greenery to the urban environment.",The footway is a pedestrian area with crosswalks and a few people walking.,"The base of the buildings along this street includes a mix of commercial and residential elements, with some buildings having ground-level shops or offices, and others featuring residential apartments or offices. There are also various street-level amenities such as street signs, traffic lights, and pedestrian crossings."
madison_avenue/south_to_north/010_n00732_N.jpg,n00732,0.5038099997028678,"The street is wide and has multiple lanes, with a pedestrian crossing visible. There are buildings on both sides, some under construction, and a few trees lining the street.","There are trees with blooming white flowers on the right side of the street, near the sidewalk.","The footway is a paved area for pedestrians, with a crosswalk visible and a person walking on it.","The base of the buildings along this street includes a mix of commercial and residential elements. There are storefronts, green construction barriers, and a pedestrian crossing."
madison_avenue/south_to_north/011_n00733_N.jpg,n00733,0.7394780716436689,"The street is lined with buildings, trees, and a few pedestrians. It appears to be a typical urban environment with a mix of commercial and residential buildings.","There are trees with blooming white flowers on the sidewalk, located on both sides of the street.",The footway is lined with trees and has a few people walking on it.,"The base of the buildings along this street includes ground-level commercial spaces, such as shops and restaurants, with large windows and awnings."
madison_avenue/south_to_north/012_n00734_N.jpg,n00734,0.795450766782,"The street appears to be busy with vehicles, including a yellow taxi and a large bus, which might make walking less convenient. The presence of trees and buildings suggests it's an urban environment with some greenery.","There are trees with blooming white flowers on the sidewalk, located on the right side of the image, near the buildings.",The footway is lined with trees and has a bench.,"The base of the buildings along this street includes a mix of commercial and residential elements, with some buildings having ground-level shops or storefronts."
madison_avenue/south_to_north/013_n00735_N.jpg,n00735,0.7868368889423794,"The street is bustling with activity, featuring a mix of pedestrians, vehicles, and buildings. The presence of crosswalks and traffic signals indicates a well-organized urban environment.","There is a tree visible on the right side of the image, near the sidewalk.",The footway is a pedestrian crossing with white stripes and is located in the middle of the street.,"The base of the buildings along this street includes a mix of commercial and residential elements, with some buildings having ground-level shops or offices and others featuring residential apartments or offices."
madison_avenue/south_to_north/014_n00736_N.jpg,n00736,0.676120843707624,"The street appears to be busy with pedestrians and vehicles, including trucks and cars. There are also construction barriers and scaffolding visible, indicating ongoing work in the area.",There are no visible plants or vegetation in this view.,The footway is lined with buildings and has a few pedestrians walking. There are also some construction barriers and scaffolding visible.,"The base of the buildings along this street includes storefronts and ground-level businesses, with some buildings having scaffolding and construction materials indicating ongoing work."
madison_avenue/south_to_north/015_n00737_N.jpg,n00737,0.6573924720704061,"The street is bustling with activity, featuring a mix of pedestrians, cyclists, and vehicles. The presence of construction and commercial establishments suggests a dynamic urban environment.","There are trees visible on the sidewalk, specifically on the right side of the image, near the yellow awning of the store.",The footway is lined with trees and has a few people walking.,The base of the buildings along this street includes storefronts and a sidewalk with pedestrians.
madison_avenue/south_to_north/016_n00738_N.jpg,n00738,0.6266671569751765,"The street is bustling with activity, featuring a mix of pedestrians, vehicles, and storefronts. The presence of a large truck and a bus indicates a busy urban environment.",There is no vegetation visible in this view.,"The footway is lined with shops and has a yellow awning with the text ""When I see you"" visible.","The base of the buildings along this street is made of brick and stone, with various storefronts and signs visible."
madison_avenue/south_to_north/017_n00739_N.jpg,n00739,0.5826473315347409,"The street is bustling with activity, featuring tall buildings, pedestrians, and vehicles.","There are trees visible in the background on the right side of the image, near the buildings.",The footway is a pedestrian area with crosswalks and people walking.,"The base of the buildings along this street is covered in scaffolding, indicating construction or renovation work."
madison_avenue/south_to_north/018_n00740_N.jpg,n00740,0.6109050455858206,"The street appears to be busy with pedestrians and vehicles, including a yellow bus and a white truck. The sidewalk is lined with scaffolding and there are several people walking.",There is no vegetation visible in this view.,The footway is lined with people walking and has a fire hydrant and a few bollards.,"The base of the buildings along this street includes storefronts and commercial spaces, with some buildings having scaffolding and construction materials visible."
madison_avenue/south_to_north/019_n00741_N.jpg,n00741,0.4625712251980294,"The street is bustling with activity, featuring a large blue and yellow bus, pedestrians, and various storefronts. The presence of scaffolding suggests ongoing construction or renovation, indicating a dynamic urban environment.",There are no visible plants or vegetation in this view.,The footway is lined with scaffolding and has a few pedestrians walking.,The base of the buildings along this street is made of concrete and has large windows.
madison_avenue/south_to_north/020_n00742_N.jpg,n00742,0.5236451936078499,"The street is busy with pedestrians and vehicles, including a blue bus and several cars. There are also construction scaffolding on the right side, indicating ongoing work.",There is no vegetation visible in this view.,The footway is lined with scaffolding and has a few pedestrians walking.,The base of the buildings along this street is made of concrete and has a variety of storefronts and signs.
madison_avenue/south_to_north/021_n00743_N.jpg,n00743,0.4680008500604802,"The street is bustling with activity, featuring a mix of pedestrians, vehicles, and commercial buildings.",There is no vegetation visible in this view.,The footway is a pedestrian area with people walking and standing.,The base of the buildings along this street is made of concrete and has a variety of storefronts and businesses.
madison_avenue/south_to_north/022_n00744_N.jpg,n00744,0.6535053040502333,"The street is bustling with activity, featuring a mix of pedestrians, vehicles, and construction equipment. The presence of various storefronts and a construction site suggests a dynamic urban environment.","There is a tree visible in the background, located towards the right side of the image, near the buildings.","The footway is lined with various shops and businesses, including a store named ""Fresh Kitchen."" There are pedestrians walking along the sidewalk, and a few trees provide some greenery.",The base of the buildings along this street includes storefronts and a sidewalk with pedestrians.
madison_avenue/south_to_north/023_n00745_N.jpg,n00745,0.5450893174315083,"The street is bustling with activity, featuring pedestrians, vehicles, and various storefronts.",There is no vegetation visible in this view.,The footway is lined with tall buildings and has a few pedestrians walking.,"The base of the buildings along this street includes storefronts and large windows, with a mix of commercial and retail spaces."
madison_avenue/south_to_north/024_n00746_N.jpg,n00746,0.6443583892770682,"The street is bustling with activity, featuring tall buildings, pedestrians, and vehicles.","There is a tree visible on the right side of the image, near the sidewalk.",The footway is lined with pedestrians and has a bike rack.,The base of the buildings along this street includes storefronts and a bicycle rack.
madison_avenue/south_to_north/025_n00747_N.jpg,n00747,0.7185597220812066,"The street is bustling with activity, featuring tall buildings, pedestrians, and vehicles.",There are no visible plants or vegetation in this view.,The footway is a pedestrian area with crosswalks and people walking.,The base of the buildings along this street is made of stone and has large windows.
madison_avenue/south_to_north/026_n00748_N.jpg,n00748,0.7587566499837728,"The street is bustling with activity, featuring pedestrians, vehicles, and various storefronts. The sidewalks are lined with potted plants and street signs, and the buildings are tall and modern, giving the street a lively urban feel.","There are potted plants on the sidewalks, specifically on the right side of the street, near the buildings.",The footway is lined with potted plants and has a few people walking on it.,"The base of the buildings along this street includes storefronts, potted plants, and a green trash bin."
madison_avenue/south_to_north/027_n00749_N.jpg,n00749,0.7386920927799969,"The street is bustling with activity, featuring tall buildings, shops, and pedestrians.",There is no vegetation visible in this view.,The footway is lined with various storefronts and has a few pedestrians walking.,"The base of the buildings along this street includes storefronts and commercial spaces, with some having large windows and awnings."
madison_avenue/south_to_north/028_n00750_N.jpg,n00750,0.6174094625632549,"The street is bustling with activity, featuring tall buildings, pedestrians, and vehicles.",There is no vegetation visible in this view.,The footway is lined with tall buildings and has a covered entrance with a glass canopy.,The base of the buildings along this street includes ground-level storefronts and a covered walkway.
madison_avenue/south_to_north/029_n00751_N.jpg,n00751,0.7123605539632323,"The street is bustling with activity, featuring tall buildings, pedestrians, and vehicles.","There are trees visible on the sidewalks, specifically on the left side of the image near the crosswalk and on the right side closer to the buildings.","The footway is a pedestrian area with crosswalks, where people can walk and cross the street.","The base of the buildings along this street includes ground-level commercial spaces, such as shops and restaurants, with large windows and awnings."
madison_avenue/south_to_north/030_n00752_N.jpg,n00752,0.6435511138329084,"The street is bustling with activity, featuring tall buildings, vehicles, and pedestrians.","There are trees visible on the left side of the image, near the sidewalk.",The footway is lined with trees and has a few people walking on it.,"The base of the buildings along this street includes storefronts, a FedEx Office, and a few trees."
madison_avenue/south_to_north/031_n00753_N.jpg,n00753,0.6975383292238034,"The street is bustling with activity, featuring tall buildings, pedestrians, and vehicles.","There are trees visible on the sidewalk, located on the left side of the image, near the buildings.",The footway is lined with trees and has a green pole with a sign on it.,"The base of the buildings along this street includes ground-level retail stores, a T-Mobile store, and a green fire hydrant."
madison_avenue/south_to_north/032_n00754_N.jpg,n00754,0.6201773761722822,"The street is bustling with activity, featuring tall buildings, pedestrians, and vehicles.",There is no vegetation visible in this view.,"The footway is bustling with pedestrians, some of whom are carrying bags. There are also several street signs and a construction site with scaffolding visible.","The base of the buildings along this street is made of glass and steel, with some having a mix of materials."
madison_avenue/south_to_north/033_n00755_N.jpg,n00755,0.6327766803669368,"The street is bustling with activity, featuring tall buildings, traffic lights, and pedestrians.",There is no vegetation visible in this view.,"The footway is bustling with pedestrians, some of whom are crossing the street.","The base of the buildings along this street is made of glass and steel, with some having a mix of materials."
madison_avenue/south_to_north/034_n00756_N.jpg,n00756,0.6656495131931883,"The street is bustling with pedestrians and vehicles, making it lively and dynamic.",There are no visible plants or vegetation in this view.,"The footway is a wide pedestrian crossing with white stripes, and there are several people walking on it.","The base of the buildings along this street is made of glass and steel, with a modern architectural design."
Park_Ave_East/north_to_south/005_n00143_S.jpg,n00143,0.7076779010530215,"The street is busy with cars and trucks, and there are trees and buildings lining the sides.","There are trees visible in the view, located on the left side of the image, near the buildings and along the sidewalk.",The footway is lined with trees and has a bench.,"The base of the buildings along this street is made of stone and has a smooth, polished finish."
Park_Ave_East/north_to_south/006_n00142_S.jpg,n00142,0.8502732190939764,"The street is bustling with pedestrians, with tall buildings lining the sides and trees providing shade.","There are trees visible in the view, located along the sidewalk and in planters.","The footway is a wide, paved area with people walking on it. There are trees, benches, and buildings lining the sides of the footway.",The base of the buildings along this street is made of concrete and glass.
Park_Ave_East/north_to_south/007_n00141_S.jpg,n00141,0.747711576999586,"The street is busy with vehicles and pedestrians, making it a bustling urban environment.","There are trees visible on the left side of the image, near the sidewalk and the street.",The footway is lined with trees and has a wooden fence.,The base of the buildings along this street is made of concrete and has a few trees and plants in front of it.
Park_Ave_East/north_to_south/008_n00140_S.jpg,n00140,0.617443648596087,"The street is wide and has a crosswalk for pedestrians. There are buildings on both sides, and vehicles are visible on the road.","There are trees visible on the sidewalks, located on the left and right sides of the image, near the crosswalks.","The footway is a wide, pedestrian-friendly area with a crosswalk and several street signs.",The base of the buildings along this street is made of concrete and has a variety of storefronts and signs.
Park_Ave_East/north_to_south/009_n00139_S.jpg,n00139,0.7979665798867728,"The street is bustling with activity, featuring tall buildings, pedestrians, and vehicles.","There are potted plants on the sidewalk, specifically near the crosswalk and in front of the buildings.",The footway is a paved area with a sidewalk for pedestrians. It is lined with potted plants and has a few people walking on it.,The base of the buildings along this street includes storefronts and a sidewalk with pedestrians.
Park_Ave_East/north_to_south/010_n00138_S.jpg,n00138,0.6390888903266267,"The street appears to be busy with vehicles, including a large truck and several cars. There are also traffic signs indicating no cycling and no pedestrians, suggesting it might be a one-way street or a restricted area for certain types of traffic.","There are trees visible on the left side of the image, near the buildings.",The footway is not visible in the image.,"The base of the buildings along this street includes a mix of commercial and office spaces, with some having large glass windows and others featuring more solid, stone facades."
Park_Ave_East/north_to_south/011_n00137_S.jpg,n00137,0.6159437853927581,"The street is bustling with activity, featuring tall buildings, vehicles, and pedestrians.","There are trees visible on the left side of the image, along the sidewalk and between the buildings.",The footway is lined with trees and has a metal railing along the side of the road.,"The base of the buildings along this street includes ground-level commercial spaces, such as shops and restaurants, with large windows and storefronts."
Park_Ave_East/north_to_south/012_n00136_S.jpg,n00136,0.6476755055222319,"The street is bustling with activity, featuring a mix of pedestrians, vehicles, and buildings.","There is a tree visible on the left side of the image, near the sidewalk.",The footway is not visible in the image.,"The base of the buildings along this street includes storefronts and ground-level businesses, with a mix of commercial and residential uses."
Park_Ave_East/north_to_south/013_n00135_S.jpg,n00135,0.790756590734109,"The street is bustling with activity, featuring a mix of pedestrians, vehicles, and buildings. The presence of traffic lights and street signs indicates a well-organized urban environment.","There are trees visible in the background, lining the street and providing shade.",The footway is wide and has a sidewalk for pedestrians.,"The base of the buildings along this street is made of brick and stone, with a variety of architectural styles and designs."
Park_Ave_East/north_to_south/014_n00134_S.jpg,n00134,0.8149187139100453,"The street is lined with tall buildings, trees, and a few vehicles, including a yellow taxi and a FedEx truck.","There are trees with purple flowers on the right side of the image, and a small tree on the left side of the image.",The footway is lined with trees and has a bench.,"The base of the buildings along this street includes ground-level commercial spaces and possibly residential entrances, as indicated by the presence of doors and windows at street level."
Park_Ave_East/north_to_south/015_n00133_S.jpg,n00133,0.8381300173358661,The street is lined with tall buildings and has a mix of vehicles including a taxi and a FedEx truck. There are also some trees and greenery along the sidewalk.,"There are trees and bushes visible on the right side of the image, along the sidewalk and near the buildings.",The footway is not visible in the image.,"The base of the buildings along this street includes ground-level entrances, windows, and a sidewalk."
Park_Ave_East/north_to_south/016_n00132_S.jpg,n00132,0.856051221211263,"The street is bustling with activity, featuring a taxi, a FedEx truck, and various pedestrians. The presence of trees and greenery adds a pleasant touch to the urban environment.","There is a tree with pink blossoms on the right side of the image, and a green hedge with a metal fence in front of it.",The footway is lined with trees and has a metal fence along the side.,The base of the buildings along this street is made of brick.
Park_Ave_East/north_to_south/017_n00131_S.jpg,n00131,0.8358570568506849,"The street is bustling with activity, featuring a mix of pedestrians and vehicles. The presence of trees and buildings creates a pleasant urban environment.",There are trees with green leaves on the left side of the image and trees with pink blossoms on the right side of the image.,The footway is a pedestrian crossing with white stripes.,"The base of the buildings along this street includes a mix of commercial and residential elements. There are storefronts, street signs, and a few people walking or standing on the sidewalks."
Park_Ave_East/north_to_south/018_n00130_S.jpg,n00130,0.8602020863285134,"The street is bustling with activity, featuring a mix of pedestrians and vehicles. The presence of trees and buildings suggests a blend of natural and urban elements, creating a pleasant environment for a walk.","There are trees with pink blossoms on the right side of the image, and trees with white blossoms on the left side of the image.",The footway is lined with trees and has a railing along the edge.,"The base of the buildings along this street includes a mix of stone and concrete facades, with some buildings having large windows and others having more traditional architectural elements."
Park_Ave_East/north_to_south/019_n00129_S.jpg,n00129,0.8409371205048616,"Walking down this street would be pleasant with the presence of trees and greenery, providing shade and a natural atmosphere. The street is lined with buildings and vehicles, indicating a busy urban environment.","There are trees with pink blossoms on the right side of the image, and bushes with green leaves are visible along the sidewalk on the right.",The footway is not visible in the image.,"The base of the buildings along this street is made of stone and features ornate details, including arched windows and decorative moldings."
Park_Ave_East/north_to_south/020_n00128_S.jpg,n00128,0.8630309528315091,"The street is bustling with activity, featuring tall buildings, trees in bloom, and various vehicles including a yellow taxi.","There are trees with pink blossoms on the right side of the image, and green bushes are visible along the sidewalk on the right.",The footway is lined with trees and has a metal fence along the side.,The base of the buildings along this street is made of concrete and has a few windows.
Park_Ave_East/north_to_south/021_n00127_S.jpg,n00127,0.8477728500504176,"The street is bustling with activity, featuring tall buildings, trees, and pedestrians.","There are trees with pink blossoms on the right side of the image, near the intersection.",The footway is a paved area with white stripes for pedestrian crossing.,"The base of the buildings along this street includes ground-level commercial spaces, pedestrian walkways, and street-level entrances."
Park_Ave_East/north_to_south/022_n00126_S.jpg,n00126,0.8371826961528583,The street is lined with tall buildings and has a few trees with pink blossoms. It appears to be a pleasant walk with some greenery and urban architecture.,"There are trees with pink blossoms on the right side of the street, and a few trees without leaves on the left side.",The footway is lined with trees and has a few people walking on it.,"The base of the buildings along this street is made of stone and concrete, with large windows and entrances."
Park_Ave_East/north_to_south/023_n00125_S.jpg,n00125,0.8272337171344353,"The street is lined with tall buildings and has a few trees with pink blossoms. There are cars parked along the street, and it appears to be a typical urban environment.","There are trees with pink blossoms on the right side of the image, and green bushes are visible along the sidewalk.",The footway is lined with trees and has a metal railing along the side of the road.,"The base of the buildings along this street includes ground-level commercial spaces and possibly residential entrances, as indicated by the presence of doors and windows at street level."
Park_Ave_East/north_to_south/024_n00124_S.jpg,n00124,0.8291171258733968,"The street is bustling with activity, featuring tall buildings, trees in bloom, and various vehicles on the road.","There is a tree with pink blossoms on the right side of the image, and a bush with green leaves in the foreground.",The footway is lined with a black metal fence and has a few trees and bushes.,The base of the buildings along this street is made of concrete and has a few steps leading up to the main entrance.
Park_Ave_East/north_to_south/025_n00123_S.jpg,n00123,0.7994582767094908,"The street is bustling with activity, featuring tall buildings, trees, and vehicles.","There are trees with pink blossoms located in the median of the street, and there are also trees lining the sidewalks on both sides of the street.","The footway is a pedestrian path that runs alongside the street, providing a safe space for pedestrians to walk. It is separated from the road by a small garden area with trees and a statue.","The base of the buildings along this street includes ground-level commercial spaces, pedestrian walkways, and street-level entrances."
Park_Ave_East/north_to_south/026_n00122_S.jpg,n00122,0.8127216048948496,"The street is lined with trees and buildings, with a sidewalk on the left side and a park on the right side.","There are trees with pink blossoms on the right side of the image, and greenery with a fence on the right side as well.",The footway is lined with trees and has a metal fence along the street.,The base of the buildings along this street is made of concrete and has a few storefronts on the ground level.
Park_Ave_East/north_to_south/027_n00121_S.jpg,n00121,0.813216351889984,"The street is lined with tall buildings and has a few trees with pink blossoms, creating a pleasant urban environment.","There are trees with pink blossoms on the right side of the image, and bushes with dark green leaves are visible along the sidewalk.","The footway is lined with trees and bushes, creating a green buffer between the road and the buildings.","The base of the buildings along this street includes ground-level commercial spaces, with a mix of storefronts and possibly retail or office units."
Park_Ave_East/north_to_south/028_n00120_S.jpg,n00120,0.8263761831849208,"The street is bustling with activity, featuring tall buildings, pedestrians, and vehicles.","There are trees with blooming flowers on the right side of the image, near the buildings.","The footway is a paved area for pedestrians, with a crosswalk at the intersection.","The base of the buildings along this street includes ground-level commercial spaces, pedestrian walkways, and street-level entrances to the buildings."
Park_Ave_East/north_to_south/029_n00119_S.jpg,n00119,0.8318408768923831,"The street is bustling with activity, featuring tall buildings, trees, and various vehicles.","There are trees with pink blossoms on the right side of the image, near the buildings and the statue.","The footway is a paved area for pedestrians, with a crosswalk marked by white lines. There are a few people walking and a traffic light visible.","The base of the buildings along this street includes ground-level commercial spaces, such as shops and restaurants, and the street level is lined with trees and greenery."
Park_Ave_East/north_to_south/030_n00118_S.jpg,n00118,0.8187892002488177,"The street is bustling with activity, featuring tall buildings, trees, and pedestrians.","There are trees with pink blossoms on the right side of the image, near the sidewalk.",The footway is lined with trees and has a few people walking on it.,"The base of the buildings along this street includes ground-level commercial spaces, such as shops and restaurants, with large windows and awnings. There are also a few pedestrians walking on the sidewalks."
Park_Ave_East/north_to_south/031_n00117_S.jpg,n00117,0.8320613831132662,"The street is bustling with activity, featuring tall buildings, trees, and a variety of vehicles including cars and taxis.","There are trees visible along the street, particularly on the right side, and bushes near the sidewalk.",The footway is lined with trees and has a sidewalk with a few people walking.,"The base of the buildings along this street includes ground-level commercial spaces, such as shops and restaurants, with large windows and awnings. There are also parking garages and entrances visible at the base of some buildings."
Park_Ave_East/north_to_south/032_n00116_S.jpg,n00116,0.7858873234344296,"The street is bustling with activity, featuring tall buildings, pedestrians, and vehicles.","There is a tree visible on the right side of the image, near the statue.",The footway is a pedestrian area with crosswalks and people walking.,"The base of the buildings along this street includes a mix of commercial and residential spaces, with some buildings having ground-level stores and others having residential units."
Park_Ave_East/north_to_south/033_n00115_S.jpg,n00115,0.6595628634402861,"The street appears to be busy with pedestrians and vehicles, including construction barriers and traffic.","There is a tree visible on the left side of the image, near the sidewalk.",The footway is a pedestrian area with people walking and a crosswalk for crossing the street.,"The base of the buildings along this street includes a mix of commercial and residential elements. There are storefronts, pedestrian walkways, and construction barriers indicating ongoing development or maintenance work."
Park_Ave_East/north_to_south/034_n00114_S.jpg,n00114,0.401464356153747,"The street appears to be busy with vehicles and pedestrians, with tall buildings lining both sides.","There are trees visible in the background, along the street, providing a touch of greenery amidst the urban setting.",The footway is lined with tall buildings and has a covered area with a person standing under it.,The base of the buildings along this street is made of concrete and has a series of windows and doors.
Park_Ave_East/south_to_north/001_n00114_N.jpg,n00114,0.401464356153747,"The street is bustling with activity, featuring tall buildings, pedestrians, and vehicles.","There are trees visible in the distance, lining the street and providing shade.",The footway is lined with various boxes and has a few people walking on it.,"The base of the buildings along this street includes a mix of commercial and residential elements. There are storefronts, such as the New York Sports Club, and various signs and advertisements. Additionally, there are street-level businesses and services, including a construction site with scaffolding and materials."
Park_Ave_East/south_to_north/002_n00115_N.jpg,n00115,0.6595628634402861,"The street is bustling with activity, featuring tall buildings, pedestrians, and vehicles.","There are trees visible in the background, lining the street and providing shade.","The footway is a pedestrian crossing with white stripes on the road, allowing people to cross the street safely.","The base of the buildings along this street includes storefronts and ground-level businesses, with a mix of retail and commercial establishments."
Park_Ave_East/south_to_north/003_n00116_N.jpg,n00116,0.7858873234344296,"The street is bustling with activity, featuring tall buildings, vehicles, and pedestrians.","There are trees visible on the left side of the street, and some greenery along the sidewalk.",The footway is lined with trees and has a canopy over the entrance of a building.,"The base of the buildings along this street includes ground-level commercial spaces, such as shops and restaurants, with awnings and storefronts visible."
Park_Ave_East/south_to_north/004_n00117_N.jpg,n00117,0.8320613831132662,"The street is bustling with activity, featuring a mix of pedestrians, vehicles, and buildings. It appears to be a busy urban environment with a variety of architectural styles and a vibrant street life.","There are trees visible on the left side of the image, near the sidewalk and the street.",The footway is lined with trees and has a parking sign indicating a parking area.,"The base of the buildings along this street includes ground-level commercial spaces, such as shops and restaurants, with large windows and awnings. There are also parking meters and street signs visible along the sidewalk."
Park_Ave_East/south_to_north/005_n00118_N.jpg,n00118,0.8187892002488177,"The street is bustling with activity, featuring a UPS truck, cars, and pedestrians. The presence of trees and buildings suggests a mix of commercial and residential areas.","There are trees with pink blossoms on the left side of the street, and they are visible from the sidewalk to the road.",The footway is not visible in the image.,"The base of the buildings along this street is made of stone and brick, with some having decorative moldings and columns."
Park_Ave_East/south_to_north/006_n00119_N.jpg,n00119,0.8318408768923831,"The street is bustling with activity, featuring a mix of pedestrians, vehicles, and commercial buildings. The presence of crosswalks and traffic signals indicates a well-organized urban environment.","There are trees with pink blossoms visible on the left side of the image, near the intersection.",The footway is a pedestrian area with crosswalks and a few people walking.,The base of the buildings along this street is made of brick.
Park_Ave_East/south_to_north/007_n00120_N.jpg,n00120,0.8263761831849208,"The street is lined with trees in bloom, providing a pleasant walkway.","There are trees with pink blossoms on the left side of the street, and a row of bushes along the sidewalk.",The footway is lined with trees and has a railing along the street.,"The base of the buildings along this street is made of brick and stone, with some having large windows and balconies."
Park_Ave_East/south_to_north/008_n00121_N.jpg,n00121,0.813216351889984,The street is lined with trees and has a sidewalk on the left side.,"There are trees with pink blossoms lining the street on the left side, and a row of trees without leaves on the right side.",The footway is lined with trees and has a metal fence along the street.,The base of the buildings along this street is made of brick and has a series of windows.
Park_Ave_East/south_to_north/009_n00122_N.jpg,n00122,0.8127216048948496,"The street is bustling with activity, featuring a mix of pedestrians, vehicles, and taxis. The presence of trees and greenery along the sidewalk adds a pleasant touch to the urban environment.","There are trees with pink blossoms on the left side of the image, and bushes along the sidewalk.",The footway is lined with a black metal fence and has a few trees with pink blossoms.,The base of the buildings along this street is made of concrete and has a series of windows.
Park_Ave_East/south_to_north/010_n00123_N.jpg,n00123,0.7994582767094908,"The street is bustling with activity, featuring a mix of pedestrians, vehicles, and buildings. The presence of traffic lights and crosswalks indicates a well-organized urban environment.","There is a tree with pink blossoms located in the center of the intersection, and a few other trees without leaves on the right side of the image.",The footway is a pedestrian area with crosswalks and is located on the side of the road.,"The base of the buildings along this street includes ground-level commercial spaces and possibly retail stores, as indicated by the presence of storefronts and signs at street level."
Park_Ave_East/south_to_north/011_n00124_N.jpg,n00124,0.8291171258733968,"The street is lined with tall buildings, trees, and some greenery. It appears to be a busy urban area with vehicles on the road.","There are trees with pink blossoms on the left side of the street, and a row of bushes along the sidewalk.",The footway is lined with trees and has a metal fence along the side.,The base of the buildings along this street is made of concrete and has a few steps leading up to the entrance.
Park_Ave_East/south_to_north/012_n00125_N.jpg,n00125,0.8272337171344353,"The street is bustling with activity, featuring a mix of pedestrians and vehicles. The presence of taxis and other cars indicates a busy urban environment.","There are trees with green leaves on the left side of the image, and some bushes are visible along the sidewalk.",The footway is lined with trees and has a black metal fence along its edge.,The base of the buildings along this street is made of stone and has large windows.
Park_Ave_East/south_to_north/013_n00126_N.jpg,n00126,0.8371826961528583,"The street is bustling with activity, featuring cars, pedestrians, and various buildings. The presence of trees and sculptures adds a touch of nature and art to the urban environment.","There are trees with pink blossoms on the left side of the image, and a few bare trees on the right side.",The footway is lined with trees and has a statue of a dog.,"The base of the buildings along this street is made of stone and brick, with various architectural styles and designs."
Park_Ave_East/south_to_north/014_n00127_N.jpg,n00127,0.8477728500504176,"The street is bustling with activity, with pedestrians crossing the crosswalk and vehicles moving along the road. The presence of street signs and traffic lights indicates a well-organized urban environment.","There are trees with pink blossoms visible on the left side of the image, near the crosswalk.",The footway is a pedestrian crossing with white stripes on the road.,The base of the buildings along this street is made of brick.
Park_Ave_East/south_to_north/015_n00128_N.jpg,n00128,0.8630309528315091,"The street is bustling with activity, featuring a mix of pedestrians and vehicles. The presence of yellow taxis and other cars indicates a busy urban environment.","There are trees with pink blossoms on the left side of the image, and green bushes along the sidewalk.",The footway is lined with trees and has a metal fence along the street.,"The base of the buildings along this street is made of stone and brick, with various architectural styles and designs."
Park_Ave_East/south_to_north/016_n00129_N.jpg,n00129,0.8409371205048616,"The street is lined with trees in bloom, providing a pleasant walkway.","There are trees with white blossoms on the right side of the street, and bushes with green leaves on the left side of the street.",The footway is lined with trees and has a metal fence along the side.,The base of the buildings along this street is made of stone and has a classic architectural style.
Park_Ave_East/south_to_north/017_n00130_N.jpg,n00130,0.8602020863285134,"The street is bustling with activity, featuring a mix of pedestrians, vehicles, and greenery.","There are trees with pink blossoms on the left side of the street, and green leaves on trees on the right side of the street.",The footway is lined with trees and has a black metal fence along the side.,The base of the buildings along this street is made of brick.
Park_Ave_East/south_to_north/018_n00131_N.jpg,n00131,0.8358570568506849,"The street is bustling with activity, featuring tall buildings, trees in bloom, and various vehicles including cars and taxis. Pedestrians are visible, and the environment appears lively and urban.","There are trees with pink blossoms located in the median of the street, and there are also trees with white blossoms on the sidewalk.",The footway is a pedestrian area with crosswalks and is lined with trees and buildings.,"The base of the buildings along this street is made of stone and concrete, with various architectural details and decorative elements."
Park_Ave_East/south_to_north/019_n00132_N.jpg,n00132,0.856051221211263,"The street is bustling with activity, featuring a mix of pedestrians and vehicles. The presence of trees and greenery along the sidewalk adds a pleasant touch to the urban environment.","There are trees with pink blossoms on the left side of the image, and bushes along the sidewalk on the left.","The footway is lined with trees and bushes, and there are a few people walking on it.",The base of the buildings along this street is made of brick.
Park_Ave_East/south_to_north/020_n00133_N.jpg,n00133,0.8381300173358661,"The street is bustling with activity, featuring tall buildings, trees, and vehicles.","There are trees and bushes visible on the left side of the image, along the sidewalk and near the buildings.","The footway is lined with trees and bushes, and there is a metal fence along the side of the road.","The base of the buildings along this street is made of brick and stone, with various architectural details and window frames."
Park_Ave_East/south_to_north/021_n00134_N.jpg,n00134,0.8149187139100453,"The street is bustling with activity, featuring a mix of pedestrians, vehicles, and greenery. The presence of tall buildings and a variety of vehicles suggests a busy urban environment.","There are trees with purple flowers on the left side of the image, and green bushes are visible along the sidewalk.",The footway is lined with trees and has a metal fence along its edge.,The base of the buildings along this street is made of stone and brick.
Park_Ave_East/south_to_north/022_n00135_N.jpg,n00135,0.790756590734109,"The street is bustling with activity, featuring tall buildings, pedestrians, and vehicles.","There are trees visible on the right side of the image, near the buildings and along the sidewalk.",The footway is lined with trees and has a few people walking on it.,"The base of the buildings along this street includes storefronts and commercial establishments, with signs and awnings visible."
Park_Ave_East/south_to_north/023_n00136_N.jpg,n00136,0.6476755055222319,"The street is bustling with activity, featuring tall buildings, vehicles, and pedestrians.","There are trees visible on the right side of the image, near the buildings.",The footway is lined with trees and has a railing along the street.,"The base of the buildings along this street includes a mix of commercial and retail spaces, with some buildings having ground-level storefronts and others having a more solid, utilitarian base."
Park_Ave_East/south_to_north/024_n00137_N.jpg,n00137,0.6159437853927581,"The street is bustling with activity, featuring tall buildings, vehicles, and pedestrians.","There are trees visible on the right side of the image, near the buildings.",The footway is lined with a black metal railing and has a few people walking on it.,The base of the buildings along this street is made of concrete and has a few trees and shrubs planted in front of them.
Park_Ave_East/south_to_north/025_n00138_N.jpg,n00138,0.6390888903266267,"The street is bustling with activity, featuring tall buildings, pedestrians, and vehicles.","There are potted plants visible on the sidewalk, specifically on the right side of the image near the buildings.",The footway is a pedestrian area with crosswalks and is located on the side of the street.,"The base of the buildings along this street includes various storefronts and commercial establishments, with signs and awnings visible above the ground level."
Park_Ave_East/south_to_north/026_n00139_N.jpg,n00139,0.7979665798867728,"The street is bustling with activity, featuring tall buildings, pedestrians, and vehicles.","There are potted plants visible on the sidewalk, specifically near the crosswalks and along the street.","The footway is a paved area with white crosswalk lines, where pedestrians can walk.",The base of the buildings along this street is made of stone and has a classical architectural style.
Park_Ave_East/south_to_north/027_n00140_N.jpg,n00140,0.617443648596087,"The street is bustling with activity, featuring tall buildings, traffic lights, and pedestrians.","There are trees visible on the right side of the image, near the buildings and along the sidewalk.","The footway is a wide, pedestrian-friendly area with crosswalks and street signs.","The base of the buildings along this street includes various commercial establishments, such as shops and restaurants, as well as the entrance to the Grand Central Terminal."
Park_Ave_East/south_to_north/028_n00141_N.jpg,n00141,0.747711576999586,"The street is busy with vehicles and pedestrians, making it a bustling urban environment.","There are trees visible in the view, located on the right side of the image, near the sidewalk and the street.",The footway is lined with trees and has a wooden fence.,The base of the buildings along this street is made of concrete and has large windows.
Park_Ave_East/south_to_north/029_n00142_N.jpg,n00142,0.8502732190939764,The street is lined with trees and has a sidewalk with a few people walking. There are also some buildings and a parking meter visible.,"There are trees visible along the sidewalk, and they are located on the left side of the image, near the buildings.","The footway is a paved area with a person walking on it, surrounded by buildings and trees.","The base of the buildings along this street is made of stone and has a smooth, polished finish."
Park_Ave_East/south_to_north/030_n00143_N.jpg,n00143,0.7076779010530215,"The street is bustling with activity, featuring tall buildings, traffic, and pedestrians.","There are trees visible on the right side of the image, near the buildings and along the sidewalk.",The footway is lined with trees and has a few pedestrians walking.,"The base of the buildings along this street is made of stone and concrete, with large windows and glass doors."
Park_Ave_Tunnel_Segment/north_to_south/001_n00208_S.jpg,n00208,0.1411224830324263,"The street is wide and has a smooth surface, making it suitable for walking. There are no visible obstacles or hazards, and the surroundings are urban with tall buildings and a clear sky.","There are a few small trees and bushes visible on the right side of the street, near the buildings.","The footway is a paved area along the road, with a concrete barrier separating it from the road.",The base of the buildings along this street appears to be made of concrete and has a few small plants growing at the base.
Park_Ave_Tunnel_Segment/north_to_south/002_n00207_S.jpg,n00207,0.2627763332149941,"The street is wide and has a concrete barrier on the right side, making it safe for pedestrians.","There are leafless trees visible on the left side of the image, along the road.","The footway is a concrete path running alongside the road, with a barrier separating it from the road.",The base of the buildings along this street is made of brick.
Park_Ave_Tunnel_Segment/north_to_south/003_n00206_S.jpg,n00206,0.2706187212162452,"The street is wide and has a concrete barrier on the left side, with tall buildings on both sides. The sky is partly cloudy, and there are no pedestrians or vehicles visible.","There are trees visible on the left side of the image, near the buildings, and also on the right side, closer to the buildings.",The footway is a paved area with a concrete barrier on the left side and a line of small plants along the right side.,The base of the buildings along this street is made of brick and concrete.
Park_Ave_Tunnel_Segment/north_to_south/004_n00205_S.jpg,n00205,0.3146646940386666,"The street is wide and has a concrete barrier separating the lanes, making it safe for pedestrians and cyclists.","There are trees visible in the distance, lining the street on the left side of the image.","The footway is a paved area alongside the road, with a barrier separating it from the road.",The base of the buildings along this street is made of brick.
Park_Ave_Tunnel_Segment/north_to_south/005_n00204_S.jpg,n00204,0.4771683884965755,"The street is wide and has a smooth surface, making it suitable for walking. There are no pedestrians visible, but the presence of streetlights and traffic signals indicates it is a well-maintained urban area.","There are trees visible on the left side of the image, near the buildings, and there are also some small plants along the road.",The footway is a paved area with a curb separating it from the road. There are some plants and trees along the edge of the footway.,The base of the buildings along this street is made of concrete and has a few small plants growing in the cracks.
Park_Ave_Tunnel_Segment/north_to_south/006_n00203_S.jpg,n00203,0.4579665131721677,"The street is wide and has a concrete barrier separating the lanes, making it safe for pedestrians and cyclists.","There are trees visible on the left side of the image, near the buildings and along the street.",The footway is not visible in the image.,The base of the buildings along this street is made of stone and has large windows.
Park_Ave_Tunnel_Segment/north_to_south/007_n00202_S.jpg,n00202,0.4341124910388656,"The street is wide and has multiple lanes, with clear markings for vehicles and pedestrians. There are tall buildings on both sides, and the sky is partly cloudy.","There are trees visible on the left side of the image, near the sidewalk.","The footway is a paved area for pedestrians, with white lines marking the crosswalks and sidewalks.",The base of the buildings along this street is made of brick.
Park_Ave_Tunnel_Segment/north_to_south/008_n00201_S.jpg,n00201,0.5607143750253168,"The street is wide and has a bike lane, making it suitable for pedestrians and cyclists.","There are trees visible in the distance, lining the street on the left side of the image.",The footway is a paved area with a green strip and a white line running along its edge.,The base of the buildings along this street is made of brick and has arched windows.
Park_Ave_Tunnel_Segment/north_to_south/009_n00200_S.jpg,n00200,0.5499267626792025,"The street is wide and has a smooth surface, making it suitable for walking. There are no obstacles in the immediate path, and the sidewalks are clear of debris.",There is no vegetation visible in this view.,The footway is wide and has a sidewalk with a few people walking on it. There are also some street signs and a flagpole with a flag.,"The base of the buildings along this street includes ground-level commercial spaces with large windows and arched entrances, as well as a few parked cars."
Park_Ave_Tunnel_Segment/north_to_south/010_n00199_S.jpg,n00199,0.6802617325408402,"The street is wide and has a green pedestrian lane on the right side. There are tall buildings on both sides, and a few cars are visible on the road.",There is no vegetation visible in this view.,"The footway is a wide, green-painted area with white and green markings, and it appears to be separated from the road by a row of white bollards.","The base of the buildings along this street features a series of arches and decorative elements, giving the structure a classic and elegant appearance."
Park_Ave_Tunnel_Segment/north_to_south/011_n00198_S.jpg,n00198,0.6468689569340844,"The street is wide and has a green barrier on the right side, making it safe for pedestrians.",There is no vegetation visible in this view.,"The footway is a paved area for pedestrians, with a green barrier separating it from the road.",The base of the buildings along this street is made of brick and has arched windows and decorative elements.
Park_Ave_Tunnel_Segment/north_to_south/012_n00197_S.jpg,n00197,0.5085757383987726,"The street is wide and has a crosswalk, making it easy to navigate. The buildings are tall and modern, indicating a busy urban area.",There is no vegetation visible in this view.,The footway is paved and has a sidewalk with a shadow of a person walking on it.,The base of the buildings along this street is made of concrete and has a flat surface.
Park_Ave_Tunnel_Segment/north_to_south/013_n00196_S.jpg,n00196,0.6537611421905862,"The street appears to be busy with vehicles and pedestrians, as indicated by the presence of traffic signs and the flow of traffic.","There are trees visible on the left side of the image, near the buildings.",The footway is not visible in the image.,"The base of the buildings along this street is made of glass and steel, reflecting the light and creating a modern and sleek appearance."
Park_Ave_Tunnel_Segment/north_to_south/014_n00195_S.jpg,n00195,0.144312357200233,"The street appears to be wide and well-paved, with clear markings and a few construction signs indicating possible roadwork or maintenance. The surrounding buildings are tall and modern, suggesting an urban environment.",There is no vegetation visible in this view.,The footway is lined with metal barricades and has a yellow sign indicating a construction zone.,The base of the buildings along this street is made of brick and has a concrete foundation.
Park_Ave_Tunnel_Segment/north_to_south/015_n00194_S.jpg,n00194,0.6936384480963611,"The street is bustling with activity, featuring tall buildings, cars, and pedestrians.","There are trees visible on the right side of the image, near the buildings and along the sidewalk.",The footway is lined with trees and has a black metal railing along the side of the road.,The base of the buildings along this street is made of concrete and has a series of windows.
Park_Ave_Tunnel_Segment/north_to_south/016_n00193_S.jpg,n00193,0.0667801217364431,"The street appears to be empty with no pedestrians or vehicles visible. The construction barriers and scaffolding suggest ongoing work, which might make the area feel less welcoming for pedestrians.","There are trees visible in the distance, lining the street and providing a natural element to the urban environment.",The footway is not visible in the image.,The base of the buildings along this street is made of brick.
Park_Ave_Tunnel_Segment/north_to_south/017_n00192_S.jpg,n00192,0.7481142697367995,"The street is bustling with activity, featuring tall buildings, a Starbucks coffee shop, and various vehicles on the road.","There are trees visible on the sidewalks, particularly on the right side of the street, and there are also some small bushes near the Starbucks coffee shop.",The footway is lined with trees and has a black metal railing along the side of the road.,The base of the buildings along this street includes storefronts and a Starbucks coffee shop.
Park_Ave_Tunnel_Segment/north_to_south/018_n00191_S.jpg,n00191,0.1762780397740171,"The street appears to be wide and well-paved, with clear markings and a smooth surface. There are no visible obstacles or hazards, making it suitable for pedestrians.",There is no vegetation visible in this view.,"The footway is a paved area with a curb separating it from the street. It appears to be a pedestrian walkway, and there are no visible pedestrians or obstacles on it.",The base of the buildings along this street is made of brick.
Park_Ave_Tunnel_Segment/north_to_south/019_n00190_S.jpg,n00190,0.7579009327939137,"The street is busy with cars and pedestrians, making it a bustling urban environment.","There are trees visible in the background, located between the buildings and the crosswalk.","The footway is a pedestrian path that runs along the side of the road, providing a safe space for pedestrians to walk.","The base of the buildings along this street includes ground-level commercial spaces, pedestrian walkways, and street-level entrances."
Park_Ave_Tunnel_Segment/north_to_south/020_n00189_S.jpg,n00189,0.4555862107841416,"The street is wide and has multiple lanes for vehicles, with clear pedestrian crosswalks and traffic lights. There are buildings on both sides, including a tall skyscraper in the background.","There are trees visible on the right side of the image, near the buildings and along the sidewalk.",The footway is a paved area with crosswalks and is lined with trees and street lamps.,"The base of the buildings along this street includes ground-level commercial spaces, pedestrian walkways, and street-level entrances."
Park_Ave_Tunnel_Segment/north_to_south/021_n00188_S.jpg,n00188,0.8199112532741573,"The street is wide and has a smooth surface, making it suitable for walking. There are trees and buildings on both sides, providing a pleasant environment.","There are trees lining the street, particularly on the right side, and bushes along the sidewalk.",The footway is lined with trees and has a sidewalk with a railing along the street.,"The base of the buildings along this street is made of stone and has a variety of architectural details, including windows, doors, and decorative elements."
Park_Ave_Tunnel_Segment/north_to_south/022_n00187_S.jpg,n00187,0.6245245296210653,"The street is wide and has clear markings for vehicles, with no pedestrians visible.","There are trees visible in the distance, lining the street and providing greenery to the urban environment.","The footway is a paved area along the side of the road, with a brick wall and a metal fence.",The base of the buildings along this street is made of brick.
Park_Ave_Tunnel_Segment/north_to_south/023_n00186_S.jpg,n00186,0.8236698251653105,"The street is lined with tall buildings and has a few trees, providing a pleasant walk with some greenery.","There are trees with green leaves on the right side of the street, and bushes along the sidewalk on the left side of the street.",The footway is lined with trees and has a black fence along the side.,"The base of the buildings along this street is made of brick and has a variety of architectural details, including windows, balconies, and decorative elements."
Park_Ave_Tunnel_Segment/north_to_south/024_n00185_S.jpg,n00185,0.7444538502825016,"The street is wide and has a smooth surface, making it suitable for walking. There are no pedestrians or vehicles visible, so it appears to be a quiet and safe environment for walking.","There are trees with bare branches on the right side of the image, and bushes along the sidewalk.",The footway is lined with trees and has a brick wall on one side.,"The base of the buildings along this street is made of brick and concrete, with some having large windows and balconies."
Park_Ave_Tunnel_Segment/north_to_south/025_n00184_S.jpg,n00184,0.85103973807924,"The street is lined with trees in bloom, creating a pleasant walkway. There are buildings on both sides, and a few cars parked along the street.","There are trees with pink blossoms on the left side of the street, and another tree with white blossoms on the right side of the street.",The footway is lined with trees and has a canopy over the entrance of a building.,The base of the buildings along this street is made of stone and has a series of windows.
Park_Ave_Tunnel_Segment/north_to_south/026_n00183_S.jpg,n00183,0.7659981285607873,"The street is wide and has a smooth surface, making it suitable for walking. There are trees and buildings on both sides, providing a pleasant environment.","There are trees with bare branches on the right side of the image, and bushes on both sides of the road.",The footway is made of concrete and has a brick wall on the right side.,The base of the buildings along this street is made of brick.
Park_Ave_Tunnel_Segment/north_to_south/027_n00182_S.jpg,n00182,0.7557519459260791,"The street is bustling with activity, featuring a mix of pedestrians and vehicles. The presence of traffic lights and crosswalks indicates a well-organized urban environment.","There are trees visible in the view, located on the left side near the church and in the center of the image near the statue.","The footway is a paved area for pedestrians to walk on, with crosswalks for safe crossing at intersections.","The base of the buildings along this street includes ground-level commercial establishments, such as shops and restaurants, with large windows and storefronts."
Park_Ave_Tunnel_Segment/north_to_south/028_n00181_S.jpg,n00181,0.7625440773472831,"The street is wide and has multiple lanes of traffic, with crosswalks and traffic lights for pedestrians and vehicles. There are buildings on both sides, and a few people are visible walking or standing.","There are trees visible on the right side of the image, near the buildings.","The footway is a wide, pedestrian-friendly area with crosswalks and sidewalks.","The base of the buildings along this street includes ground-level commercial spaces, pedestrian walkways, and street-level entrances."
Park_Ave_Tunnel_Segment/north_to_south/029_n00180_S.jpg,n00180,0.8454427983007582,"The street is lined with tall buildings, trees, and parked cars, creating a bustling urban environment.","There are trees with pink blossoms on the left side of the street, and some leafless trees further down the street.",The footway is lined with trees and has a few cars parked along it.,The base of the buildings along this street is made of stone and has a rounded design.
Park_Ave_Tunnel_Segment/north_to_south/030_n00179_S.jpg,n00179,0.665627675540261,"Walking down this street would involve navigating a narrow path bordered by brick walls and buildings, with a clear view of the road ahead.","There are trees visible in the distance, lining the horizon and providing a natural backdrop to the urban setting.",The footway is made of concrete and has a red brick wall along its side.,The base of the buildings along this street is made of red bricks.
Park_Ave_Tunnel_Segment/north_to_south/031_n00178_S.jpg,n00178,0.8587388159479399,"The street is lined with tall buildings and trees, providing a pleasant walkway with greenery and urban architecture.","There are trees with pink blossoms on the left side of the street, and green trees on the right side, both lining the street.",The footway is lined with trees and has a sidewalk for pedestrians.,The base of the buildings along this street includes ground-level commercial spaces and possibly entrances to residential or office buildings.
Park_Ave_Tunnel_Segment/north_to_south/032_n00177_S.jpg,n00177,0.5346107504576574,"Walking down this street would involve navigating a sidewalk bordered by a brick wall and a fence, with buildings on either side and a road in the middle.","There are trees with green leaves on the right side of the image, near the buildings.","The footway is a paved area along the side of the road, with a brick wall and a metal fence separating it from the buildings.",The base of the buildings along this street is made of brick.
Park_Ave_Tunnel_Segment/north_to_south/033_n00176_S.jpg,n00176,0.8539182564561163,"The street is lined with tall buildings, trees, and parked cars. It appears to be a busy urban area with a mix of commercial and residential buildings.","There are trees with pink blossoms on the left side of the image, and a tree with green leaves on the right side.",The footway is not visible in the image.,"The base of the buildings along this street is made of brick and stone, with some having large windows and others having more solid, closed-off bases."
Park_Ave_Tunnel_Segment/north_to_south/034_n00175_S.jpg,n00175,0.5932767524992459,"The street appears to be well-maintained with clear pedestrian crossings and a variety of buildings, including a brick building with ivy and a modern glass building.",There are vines climbing up the brick wall on the right side of the image.,The footway is a paved area with a brick wall on the right side and a white van parked on the left side.,The base of the buildings along this street is made of brick.
Park_Ave_Tunnel_Segment/north_to_south/035_n00174_S.jpg,n00174,0.8225736629733336,"The street is bustling with activity, featuring a mix of pedestrians and vehicles. The presence of a polar bear statue and blooming trees adds a unique and picturesque element to the urban landscape.",There is a tree with pink blossoms located in the center of the roundabout.,The footway is a pedestrian crossing with white lines and a few people walking on it.,The base of the buildings along this street is made of stone.
Park_Ave_Tunnel_Segment/north_to_south/036_n00173_S.jpg,n00173,0.8222143724733424,"The street is bustling with activity, with cars driving and pedestrians walking. The presence of trees and buildings creates a pleasant urban environment.","There are trees with pink blossoms on the right side of the street, and a few trees without leaves on the left side.",The footway is lined with trees and has a few pedestrians walking.,"The base of the buildings along this street includes ground-level commercial spaces, such as shops and restaurants, with large windows and entrances."
Park_Ave_Tunnel_Segment/north_to_south/037_n00172_S.jpg,n00172,0.7916616626036068,"The street is lined with tall buildings, trees, and parked cars. It appears to be a busy urban area with a mix of residential and commercial buildings.","There are trees with pink blossoms on the right side of the image, and some greenery along the sidewalk.",The footway is lined with trees and has a railing along the side of the road.,"The base of the buildings along this street includes ground-level commercial spaces and possibly residential entrances, as indicated by the presence of doors and windows at street level."
Park_Ave_Tunnel_Segment/north_to_south/038_n00171_S.jpg,n00171,0.8370222516005116,"The street is bustling with activity, featuring tall buildings, trees in bloom, and various vehicles including cars and a taxi.","There is a tree with pink blossoms on the right side of the image, and some greenery along the sidewalk.",The footway is lined with trees and has a metal fence along the side.,"The base of the buildings along this street is made of brick and concrete, with some having large windows and balconies."
Park_Ave_Tunnel_Segment/north_to_south/039_n00170_S.jpg,n00170,0.792456742104741,"The street is wide and has multiple lanes of traffic, with tall buildings on either side. There are crosswalks and traffic lights to navigate.",There is a tree with pink blossoms located in the median of the street.,"The footway is a pedestrian path that runs alongside the street, providing a safe and accessible route for pedestrians to cross the road.","The base of the buildings along this street includes ground-level commercial spaces, pedestrian walkways, and street-level entrances to the buildings."
Park_Ave_Tunnel_Segment/north_to_south/040_n00169_S.jpg,n00169,0.4490409711051035,"The street is wide and has a crosswalk, making it safe for pedestrians. There are trees and buildings lining the street, providing a pleasant urban environment.","There are leafless trees lining the street, visible on both sides of the road, particularly on the right side near the sidewalk and on the left side closer to the buildings.","The footway is a paved area for pedestrians, with a sidewalk on the right side of the street.",The base of the buildings along this street is made of concrete and has a variety of architectural styles.
Park_Ave_Tunnel_Segment/north_to_south/041_n00168_S.jpg,n00168,0.8236966813427111,"The street is lined with trees in bloom, creating a pleasant walkway.","There are trees with pink blossoms on the right side of the image, and green bushes along the sidewalk.",The footway is lined with trees and has a metal fence along the street.,"The base of the buildings along this street includes ground-level commercial spaces, such as shops and restaurants, with large windows and awnings."
Park_Ave_Tunnel_Segment/north_to_south/042_n00167_S.jpg,n00167,0.5694873679300341,The street is lined with trees and has a sidewalk on both sides. It appears to be a pleasant walk with greenery and a clear path.,"There are trees visible on both sides of the street, lining the sidewalk and providing shade.",The footway is a paved area with white crosswalk markings and is bordered by a metal fence on one side.,The base of the buildings along this street is not visible in the image.
Park_Ave_Tunnel_Segment/north_to_south/043_n00166_S.jpg,n00166,0.8216396495395069,The street is lined with tall buildings and has a few trees with pink blossoms. It appears to be a pleasant walk with some greenery and urban architecture.,"There are trees with pink blossoms on the left side of the street, and a row of trees with green leaves on the right side of the street.",The footway is lined with trees and has a metal fence along the side of the road.,The base of the buildings along this street is made of brick and has a series of windows.
Park_Ave_Tunnel_Segment/north_to_south/044_n00165_S.jpg,n00165,0.6049224628739454,The street is lined with trees and has a sidewalk on both sides. It appears to be a pleasant walk with greenery and urban buildings in the background.,"There are trees with green leaves lining both sides of the street, and there is a grassy area on the left side of the street.","The footway is a paved area for pedestrians, with a metal fence on one side and a grassy area with trees on the other.",The base of the buildings along this street is made of brick.
Park_Ave_Tunnel_Segment/north_to_south/045_n00164_S.jpg,n00164,0.8193822951264585,"The street is busy with cars and pedestrians, and there are tall buildings on both sides.","There are trees with pink blossoms on the left side of the image, and a tree with green leaves on the right side.",The footway is lined with trees and has a metal fence along the side.,The base of the buildings along this street is made of brick.
Park_Ave_Tunnel_Segment/north_to_south/046_n00163_S.jpg,n00163,0.5840571342119936,"The street appears to be a typical urban setting with buildings, traffic lights, and a church. It seems to be a busy area with vehicles and pedestrians.","There are trees visible on the left side of the image, near the sidewalk, and on the right side, near the buildings.","The footway is a paved area for pedestrians, with a metal fence on the left side and a tree providing shade.","The base of the buildings along this street includes a mix of ground-level commercial spaces and residential units, with some buildings having storefronts on the ground floor and residential apartments above."
Park_Ave_Tunnel_Segment/north_to_south/047_n00162_S.jpg,n00162,0.8303807119655202,"The street is bustling with activity, featuring tall buildings, trees, and various vehicles including cars and a black SUV.","There are trees with pink blossoms visible in the background, located between the buildings and the street.","The footway is a paved area for pedestrians, with crosswalks and street signs visible.","The base of the buildings along this street includes ground-level commercial spaces, such as shops and restaurants, with large windows and entrances."
Park_Ave_Tunnel_Segment/north_to_south/048_n00161_S.jpg,n00161,0.4234288623367697,"The street is busy with cars and pedestrians, and there are various buildings and traffic lights along the way.","There are leafless trees visible on the right side of the image, near the construction site.",The footway is a paved area with white lines marking pedestrian crossings.,"The base of the buildings along this street includes a sidewalk, a crosswalk, and a street with vehicles."
Park_Ave_Tunnel_Segment/north_to_south/049_n00160_S.jpg,n00160,0.8205632414031476,"The street is bustling with activity, featuring a mix of pedestrians, vehicles, and storefronts. The presence of trees and greenery along the sidewalk adds a touch of nature to the urban environment.","There are trees with pink blossoms on the left side of the street, and bushes along the sidewalk.",The footway is lined with trees and has a black metal fence along its edge.,The base of the buildings along this street is made of brick and has a variety of architectural styles.
Park_Ave_Tunnel_Segment/north_to_south/050_n00159_S.jpg,n00159,0.3726100096243248,"The street is wide and has a smooth surface, making it suitable for walking. The presence of sidewalks and the absence of vehicles suggest it is a pedestrian-friendly area.",There is no vegetation visible in this view.,The footway is paved and has a brick wall on the left side.,The base of the buildings along this street is made of brick.
Park_Ave_Tunnel_Segment/north_to_south/051_n00158_S.jpg,n00158,0.7573823486386471,"The street is lined with tall buildings and has a few orange traffic cones on the side, indicating some construction or maintenance work.","There are trees with budding leaves on the left side of the image, and a small patch of greenery with bushes and a fence in the foreground.","The footway is lined with trees and bushes, and there are orange traffic cones on the road.",The base of the buildings along this street is made of brick and has a series of windows.
Park_Ave_Tunnel_Segment/north_to_south/052_n00157_S.jpg,n00157,0.5333485170912504,"The street is relatively quiet with a few pedestrians and vehicles. The buildings on either side have graffiti on them, and there are some green plants growing along the sidewalk.",There are green plants growing on the brick wall on the left side of the image.,The footway is a paved area with a red brick wall on the left side and a green fence with some plants growing through it.,"The base of the buildings along this street is made of brick, and there is a red brick wall along the sidewalk."
Park_Ave_Tunnel_Segment/north_to_south/053_n00156_S.jpg,n00156,0.6426134915479,"The street is bustling with activity, featuring a mix of pedestrians, vehicles, and construction cones. The presence of traffic lights and various storefronts suggests it's a busy urban area.","There is a tree visible on the left side of the image, near the sidewalk.",The footway is lined with trees and has a few people walking on it.,The base of the buildings along this street is made of brick.
Park_Ave_Tunnel_Segment/north_to_south/054_n00155_S.jpg,n00155,0.5982758035699987,"The street appears to be a busy urban area with tall buildings, traffic lights, and street signs. The sidewalk is visible, and there are people walking, indicating it is a pedestrian-friendly area.","There is a small patch of greenery on the sidewalk, specifically on the left side of the image, near the graffiti-covered wall.","The footway is a paved area with a sidewalk that runs along the side of the road. It appears to be clean and well-maintained, with a few people walking on it.",The base of the buildings along this street is made of brick.
Park_Ave_Tunnel_Segment/north_to_south/055_n00154_S.jpg,n00154,0.4869692458356471,"The street appears to be under construction, with barriers and construction materials blocking the path. Pedestrians would need to navigate around the construction area.","There are trees visible in the background, located on the left side of the image, near the buildings.",The footway is lined with orange and white barriers and has a metal fence.,The base of the buildings along this street is made of concrete and has a variety of storefronts and commercial spaces.
Park_Ave_Tunnel_Segment/north_to_south/056_n00153_S.jpg,n00153,0.6491331469257187,"The street is bustling with activity, featuring a mix of pedestrians and vehicles. The presence of traffic lights and crosswalks indicates a well-organized urban environment.","There are trees visible on the right side of the image, near the buildings and along the sidewalk.","The footway is a pedestrian path along the street, with crosswalks at intersections for safe crossing.","The base of the buildings includes ground-level commercial spaces, such as shops and restaurants, with large windows and doors. There are also pedestrian walkways and street-level entrances."
Park_Ave_Tunnel_Segment/north_to_south/057_n00152_S.jpg,n00152,0.4869128040025477,"The street is bustling with activity, featuring a mix of pedestrians, vehicles, and construction barriers. The presence of construction barriers and orange cones indicates ongoing work, which might make walking less convenient.",There are no visible plants or vegetation in this view.,The footway is lined with various street furniture and has a few pedestrians walking.,The base of the buildings along this street is made of concrete and has large windows.
Park_Ave_Tunnel_Segment/south_to_north/001_n00152_N.jpg,n00152,0.4869128040025477,"The street is bustling with activity, featuring pedestrians, vehicles, and construction barriers.","There are trees visible in the background, lining the street and providing shade.",The footway is a paved area for pedestrians to walk on.,The base of the buildings along this street is made of brick.
Park_Ave_Tunnel_Segment/south_to_north/002_n00153_N.jpg,n00153,0.6491331469257187,"The street is bustling with activity, featuring a mix of pedestrians and vehicles. The presence of traffic lights and street signs indicates a well-organized urban environment.","There are trees visible in the background on the left side of the image, near the buildings.",The footway is a paved area with white crosswalk lines and a sign indicating the direction to Queens Midtown Tunnel.,"The base of the buildings along this street includes ground-level commercial spaces, such as shops and restaurants, with large windows and glass doors."
Park_Ave_Tunnel_Segment/south_to_north/003_n00154_N.jpg,n00154,0.4869692458356471,"The street is bustling with activity, featuring tall buildings, traffic lights, and pedestrians.","There is a tree visible in the center of the image, surrounded by a circular area with grass and a statue.",The footway is lined with tall buildings and has a statue in the center.,"The base of the buildings along this street is made of concrete and asphalt, forming a solid foundation for the structures."
Park_Ave_Tunnel_Segment/south_to_north/004_n00155_N.jpg,n00155,0.5982758035699987,The street is relatively empty with a few pedestrians and a clear path for walking.,There are ivy plants climbing the brick walls on the right side of the image.,The footway is paved with bricks and has a person walking on it.,The base of the buildings along this street is made of brick.
Park_Ave_Tunnel_Segment/south_to_north/005_n00156_N.jpg,n00156,0.6426134915479,The street is lined with tall buildings and has a few orange traffic cones and a construction vehicle parked on the side.,"There are trees with bare branches on the left side of the image and some greenery on the right side, near the buildings.",The footway is lined with trees and has a sidewalk with a metal railing.,The base of the buildings along this street is made of brick and has a series of windows.
Park_Ave_Tunnel_Segment/south_to_north/006_n00157_N.jpg,n00157,0.5333485170912504,"The street is wide and has clear markings for vehicles, with buildings on both sides. It appears to be a typical urban street with no pedestrians visible.","There are trees visible in the distance, lining the street, and some greenery on the right side near the buildings.",The footway is made of concrete and has a curb on one side.,"The base of the buildings along this street is made of brick and concrete, forming a sturdy foundation for the structures."
Park_Ave_Tunnel_Segment/south_to_north/007_n00158_N.jpg,n00158,0.7573823486386471,The street is lined with tall buildings and has a few parked cars. It appears to be a busy urban area with a mix of commercial and residential buildings.,"There are trees with pink blossoms on the right side of the street, and bushes along the sidewalk.",The footway is not visible in the image.,The base of the buildings along this street is made of brick and has a variety of architectural styles.
Park_Ave_Tunnel_Segment/south_to_north/008_n00159_N.jpg,n00159,0.3726100096243248,"The street is wide and has a smooth surface, making it suitable for walking. There are no pedestrians or vehicles currently on the street.","There are trees visible in the distance, lining the street and providing greenery to the urban environment.",The footway is made of concrete and has a curb on one side.,The base of the buildings along this street is made of brick.
Park_Ave_Tunnel_Segment/south_to_north/009_n00160_N.jpg,n00160,0.8205632414031476,"Walking down this street would involve navigating through a mix of vehicles, including cars and a van, and passing by buildings with a variety of architectural styles. The presence of trees with pink blossoms and a well-maintained park along the sidewalk would provide a pleasant environment.","There are trees with pink blossoms on the right side of the image, and green bushes are visible along the sidewalk on the right.",The footway is lined with trees and has a black metal fence along the side.,"The base of the buildings along this street is made of stone and brick, with a variety of architectural styles."
Park_Ave_Tunnel_Segment/south_to_north/010_n00161_N.jpg,n00161,0.4234288623367697,"The street is wide and has multiple lanes, with crosswalks and traffic lights. There are buildings and trees lining the street, and it appears to be a busy urban area.","There are leafless trees visible along the street, particularly on the right side of the image.",The footway is a paved area with white crosswalk lines and a red square on the sidewalk.,"The base of the buildings along this street is made of concrete and has a variety of colors, including shades of gray, brown, and beige."
Park_Ave_Tunnel_Segment/south_to_north/011_n00162_N.jpg,n00162,0.8303807119655202,"The street is bustling with activity, featuring tall buildings, a statue, and various vehicles.",There is a small garden with greenery and a tree located in the center of the roundabout.,The footway is a pedestrian area with crosswalks and a small garden in the center.,The base of the buildings along this street is made of brick.
Park_Ave_Tunnel_Segment/south_to_north/012_n00163_N.jpg,n00163,0.5840571342119936,"The street is lined with trees and has a sidewalk on one side, making it pleasant for a walk.","There are trees with green leaves lining both sides of the street, and a grassy area enclosed by a fence on the right side of the image.",The footway is paved and has a sidewalk along the right side of the street.,The base of the buildings along this street is made of concrete and has a modern architectural style.
Park_Ave_Tunnel_Segment/south_to_north/013_n00164_N.jpg,n00164,0.8193822951264585,"The street is lined with tall buildings, trees, and parked cars, creating a typical urban environment.","There are trees with pink blossoms on the right side of the street, and bushes along the sidewalk on the left side of the street.","The footway is lined with trees and bushes, providing a green and natural environment for pedestrians.",The base of the buildings along this street is made of stone and has a series of windows.
Park_Ave_Tunnel_Segment/south_to_north/014_n00165_N.jpg,n00165,0.6049224628739454,The street is wide and has clear markings for pedestrians and vehicles. There are traffic lights and signs indicating directions and rules for drivers.,"There are trees visible on the left side of the image, near the sidewalk and the road.",The footway is a paved path with a metal railing on the right side and a black fence on the left side.,The base of the buildings along this street is made of concrete and has a modern architectural style.
Park_Ave_Tunnel_Segment/south_to_north/015_n00166_N.jpg,n00166,0.8216396495395069,"Walking down this street would be pleasant, with trees in bloom and a well-maintained sidewalk.","There are trees with pink blossoms on the right side of the image, and green bushes along the sidewalk on the left side.",The footway is lined with trees and has a sidewalk with people walking on it.,The base of the buildings along this street is made of brick and has a series of windows and balconies.
Park_Ave_Tunnel_Segment/south_to_north/016_n00167_N.jpg,n00167,0.5694873679300341,"The street is wide and has multiple lanes, making it suitable for both pedestrians and vehicles. There are crosswalks and traffic lights to ensure safety at intersections.","There are trees with green leaves visible on the left side of the image, near the sidewalk and the road.",The footway is a paved area with white and yellow markings for pedestrian crossing.,The base of the buildings along this street is made of concrete and has a modern architectural design.
Park_Ave_Tunnel_Segment/south_to_north/017_n00168_N.jpg,n00168,0.8236966813427111,"The street is bustling with activity, featuring a mix of pedestrians and vehicles. The presence of yellow taxis and other cars indicates a busy urban environment.","There are trees with pink blossoms on the left side of the image, and a row of bushes along the sidewalk.",The footway is lined with trees and has a metal fence along the side.,The base of the buildings along this street is made of brick.
Park_Ave_Tunnel_Segment/south_to_north/018_n00169_N.jpg,n00169,0.4490409711051035,"The street is wide and has multiple lanes for vehicles, with clear markings for pedestrians. There are tall buildings and trees lining the sides, providing a mix of urban and natural elements.","There are trees visible in the background, along the edges of the image, providing a natural contrast to the urban environment.",The footway is not visible in the image.,"The base of the buildings along this street includes a mix of commercial and residential spaces, with some buildings having ground-level stores and others having ground-level apartments or offices."
Park_Ave_Tunnel_Segment/south_to_north/019_n00170_N.jpg,n00170,0.792456742104741,"The street is bustling with activity, featuring tall buildings, vehicles, and pedestrians.","There are trees visible in the background, along the sidewalk and near the statue.","The footway is a wide, paved area with white stripes for pedestrian crossing.","The base of the buildings along this street is made of brick and concrete, with various balconies and windows."
Park_Ave_Tunnel_Segment/south_to_north/020_n00171_N.jpg,n00171,0.8370222516005116,The street is lined with tall buildings and has a sidewalk on the right side.,"There are trees with pink blossoms on the left side of the street, and some greenery along the sidewalk.",The footway is lined with trees and has a metal fence along the side.,"The base of the buildings along this street includes ground-level entrances, windows, and a sidewalk."
Park_Ave_Tunnel_Segment/south_to_north/021_n00172_N.jpg,n00172,0.7916616626036068,"Walking down this street would be pleasant with the presence of trees and greenery, as well as the urban environment with buildings and vehicles.","There are trees with bare branches on the left side of the image, and some greenery along the sidewalk.",The footway is lined with trees and has a metal fence along its edge.,The base of the buildings along this street is made of stone and has large windows.
Park_Ave_Tunnel_Segment/south_to_north/022_n00173_N.jpg,n00173,0.8222143724733424,"The street is bustling with activity, featuring a mix of pedestrians, vehicles, and bicycles. The presence of trees and statues adds a touch of greenery and artistry to the urban environment.","There are trees with pink blossoms on the left side of the image, and a tree with bare branches on the right side.",The footway is lined with trees and has a statue of a dog on it.,"The base of the buildings along this street is made of brick and stone, with various architectural styles and designs."
Park_Ave_Tunnel_Segment/south_to_north/023_n00174_N.jpg,n00174,0.8225736629733336,"The street is bustling with activity, featuring tall buildings, trees, and a prominent bear statue.",There is a tree with pink blossoms located in the center of the roundabout.,The footway is a pedestrian area with a crosswalk and a few people walking.,The base of the buildings along this street is made of brick.
Park_Ave_Tunnel_Segment/south_to_north/024_n00175_N.jpg,n00175,0.5932767524992459,"The street appears to be a narrow urban alley with brick walls on both sides, lined with tall buildings and a few trees. The pavement is clean and well-maintained, with no visible pedestrians or vehicles.","There are trees visible in the background, lining the street and providing a natural element to the urban environment.","The footway is a narrow path along the side of the road, bordered by a brick wall and a fence.",The base of the buildings along this street is made of brick.
Park_Ave_Tunnel_Segment/south_to_north/025_n00176_N.jpg,n00176,0.8539182564561163,"The street is lined with tall buildings and trees, with cars parked along the curb. It appears to be a busy urban area with a mix of commercial and residential buildings.","There are trees with green leaves and pink blossoms lining the street, located on the right side of the image.",The footway is lined with trees and has a sidewalk for pedestrians.,"The base of the buildings along this street includes ground-level commercial spaces, such as shops and restaurants, with large windows and awnings."
Park_Ave_Tunnel_Segment/south_to_north/026_n00177_N.jpg,n00177,0.5346107504576574,"The street is lined with tall buildings, and there are no pedestrians or vehicles visible.","There are plants visible on the left side of the image, near the base of the buildings.","The footway is a paved area along the street, with a curb separating it from the road. It appears to be wide enough to accommodate pedestrians comfortably.",The base of the buildings along this street is made of brick and includes a sidewalk.
Park_Ave_Tunnel_Segment/south_to_north/027_n00178_N.jpg,n00178,0.8587388159479399,"The street is lined with trees and buildings, with a few cars parked along the side.","There are trees with pink blossoms lining the street, located on the right side of the image.",The footway is lined with trees and has a black fence along the street.,"The base of the buildings along this street includes a mix of commercial and residential elements, with some buildings having ground-level storefronts and others featuring large windows or entrances."
Park_Ave_Tunnel_Segment/south_to_north/028_n00179_N.jpg,n00179,0.665627675540261,The street is lined with tall buildings and has a sidewalk with a brick wall on one side.,"There are trees visible in the background, along the sidewalk on the right side of the image.",The footway is a paved area with a brick wall on the left side and a curb separating it from the street.,The base of the buildings along this street is made of brick.
Park_Ave_Tunnel_Segment/south_to_north/029_n00180_N.jpg,n00180,0.8454427983007582,"The street is bustling with activity, featuring tall buildings, trees, and various vehicles.","There are trees with pink blossoms on the right side of the image, near the statue, and a tree with no leaves on the left side of the image, near the building.",The footway is a paved area with a crosswalk and a few people walking on it.,"The base of the buildings along this street is made of brick and stone, with various architectural details and window frames."
Park_Ave_Tunnel_Segment/south_to_north/030_n00181_N.jpg,n00181,0.7625440773472831,"The street is bustling with activity, featuring tall buildings, trees, and pedestrians.","There are trees visible on the sidewalks, particularly on the left side of the image near the buildings and on the right side closer to the buildings.",The footway is a paved area with a sidewalk for pedestrians. It is lined with trees and has a few people walking on it.,"The base of the buildings along this street includes a mix of commercial and residential elements. There are storefronts, potted plants, and a few people walking or standing on the sidewalks."
Park_Ave_Tunnel_Segment/south_to_north/031_n00182_N.jpg,n00182,0.7557519459260791,"The street is bustling with activity, featuring a mix of pedestrians, vehicles, and buildings. The presence of traffic lights and various types of vehicles indicates a busy urban environment.","There are trees visible in the background, located between the buildings and the street.",The footway is not visible in the image.,"The base of the buildings along this street includes various commercial establishments and storefronts, with signs and advertisements visible at street level."
Park_Ave_Tunnel_Segment/south_to_north/032_n00183_N.jpg,n00183,0.7659981285607873,The street is lined with tall buildings and has a sidewalk on one side.,"There are bushes visible on the left side of the image, along the sidewalk.",The footway is lined with brick walls and has a few trees and bushes along its length.,The base of the buildings along this street is made of brick.
Park_Ave_Tunnel_Segment/south_to_north/033_n00184_N.jpg,n00184,0.85103973807924,"The street is lined with tall buildings and trees, providing a mix of urban and natural elements. The sidewalk is wide and appears to be well-maintained, making it suitable for pedestrians.",There are trees with green leaves on the left side of the street and a small tree with pink blossoms on the right side of the street.,The footway is lined with trees and has a few pedestrians walking.,"The base of the buildings along this street includes ground-level commercial spaces, such as shops and restaurants, and the street itself is lined with trees and street furniture like benches and trash cans."
Park_Ave_Tunnel_Segment/south_to_north/034_n00185_N.jpg,n00185,0.7444538502825016,"The street is wide and has clear markings for vehicles, with buildings on both sides.","There is a tree with green leaves visible on the left side of the image, near the sidewalk.",The footway is a paved area with a brick wall on the left side and a tree in front of a building.,The base of the buildings along this street is made of brick.
Park_Ave_Tunnel_Segment/south_to_north/035_n00186_N.jpg,n00186,0.8236698251653105,"The street is bustling with activity, featuring a mix of pedestrians, vehicles, and delivery trucks. The presence of tall buildings and greenery along the sidewalks suggests a vibrant urban environment.","There are trees with blooming white flowers on the left side of the image, and bushes and trees along the sidewalk on the right side.","The footway is lined with trees and bushes, providing a green buffer between the street and the buildings.","The base of the buildings along this street includes a mix of ground-level commercial spaces and possibly some residential units, as indicated by the presence of windows and doors at street level."
Park_Ave_Tunnel_Segment/south_to_north/036_n00187_N.jpg,n00187,0.6245245296210653,"The street is wide and has multiple lanes for vehicles, with clear pedestrian crossings and sidewalks. There are tall buildings and a Buddhist Center on the right side, indicating a mix of residential and cultural uses.",There are no visible plants or vegetation in this view.,The footway is a paved area with a brick wall on the left side and a metal fence on the right side.,The base of the buildings along this street is made of brick.
Park_Ave_Tunnel_Segment/south_to_north/037_n00188_N.jpg,n00188,0.8199112532741573,"The street is bustling with activity, featuring tall buildings, trees, and pedestrians.","There are trees visible on the right side of the image, near the sidewalk and the road.",The footway is a paved area with a crosswalk for pedestrians to cross the street.,"The base of the buildings along this street includes ground-level commercial spaces, pedestrian walkways, and street-level entrances."
Park_Ave_Tunnel_Segment/south_to_north/038_n00189_N.jpg,n00189,0.4555862107841416,"The street appears to be a busy urban area with tall buildings and a mix of commercial and residential structures. There are visible signs of construction and scaffolding, indicating ongoing development or maintenance work.","There is a tree visible on the left side of the image, near the sidewalk.",The footway is a paved area with white lines marking the crosswalks and a pedestrian crossing.,"The base of the buildings along this street includes a mix of commercial and residential elements. There are storefronts on the ground level, and some buildings have balconies or terraces on the upper levels. The street is lined with various types of buildings, including modern high-rises and older structures with more traditional architecture."
Park_Ave_Tunnel_Segment/south_to_north/039_n00190_N.jpg,n00190,0.7579009327939137,"The street is bustling with activity, featuring tall buildings, traffic lights, and pedestrians.","There are trees visible on the left side of the image, near the buildings and along the sidewalk.",The footway is a pedestrian crossing with white stripes and a person walking across it.,"The base of the buildings along this street includes a mix of commercial and office spaces, with some having storefronts on the ground level and others with large windows. There are also a few trees and street lamps along the sidewalk."
Park_Ave_Tunnel_Segment/south_to_north/040_n00191_N.jpg,n00191,0.1762780397740171,"The street appears to be under construction, with scaffolding and barriers in place, making it unsafe to walk down.",There is no vegetation visible in this view.,The footway is not visible in the image.,The base of the buildings along this street is made of brick.
Park_Ave_Tunnel_Segment/south_to_north/041_n00192_N.jpg,n00192,0.7481142697367995,"The street is bustling with activity, featuring tall buildings, vehicles, and pedestrians.","There are trees visible on the left side of the image, near the buildings and along the sidewalk.",The footway is lined with black metal railings and has a few trees and bushes.,"The base of the buildings along this street includes a mix of commercial and office spaces, with some having ground-level retail or service areas. There are also a few trees and street furniture like benches and lamp posts interspersed along the sidewalk."
Park_Ave_Tunnel_Segment/south_to_north/042_n00193_N.jpg,n00193,0.0667801217364431,"The street appears to be a typical urban environment with buildings on both sides, a clear path for pedestrians, and some construction barriers indicating ongoing work.",There is no vegetation visible in this view.,The footway is lined with orange barriers and has a sidewalk with a railing.,The base of the buildings along this street is made of brick.
Park_Ave_Tunnel_Segment/south_to_north/043_n00194_N.jpg,n00194,0.6936384480963611,"The street is bustling with activity, featuring tall buildings, vehicles, and pedestrians.","There are trees visible on the left side of the image, near the sidewalk.",The footway is lined with black metal railings and has a few trees and plants along its length.,The base of the buildings along this street includes various storefronts and commercial establishments.
Park_Ave_Tunnel_Segment/south_to_north/044_n00195_N.jpg,n00195,0.144312357200233,"The street is wide and has a smooth surface, with buildings on both sides and a clear path for pedestrians.","There is a tree visible in the distance, located between the buildings and closer to the center of the image.",The footway is not visible in the image.,The base of the buildings along this street is made of brick.
Park_Ave_Tunnel_Segment/south_to_north/045_n00196_N.jpg,n00196,0.6537611421905862,"The street is bustling with activity, featuring tall buildings, pedestrians, and vehicles.","There are potted plants visible on the sidewalks, specifically on the right side of the image near the buildings.",The footway is a pedestrian area with crosswalks and sidewalks.,"The base of the buildings along this street includes various storefronts and commercial establishments, with some having large glass windows and others featuring more traditional facades."
Park_Ave_Tunnel_Segment/south_to_north/046_n00197_N.jpg,n00197,0.5085757383987726,"The street is wide and has multiple lanes for vehicles, with a parking garage on the corner and tall buildings lining the sides.","There are trees visible on the left side of the image, near the buildings.","The footway is a paved area for pedestrians, with a sidewalk that runs along the side of the buildings.","The base of the buildings includes a parking garage with a red sign that reads ""Parking."""
Park_Ave_Tunnel_Segment/south_to_north/047_n00198_N.jpg,n00198,0.6468689569340844,"The street is wide and has a bike lane on the left side, making it suitable for pedestrians and cyclists.",There are no visible plants or vegetation in this view.,"The footway is a wide, paved area with a green barrier separating it from the road. It appears to be designed for pedestrians and cyclists, with a designated bike lane.",The base of the buildings along this street includes a row of arched windows and a series of columns.
Park_Ave_Tunnel_Segment/south_to_north/048_n00199_N.jpg,n00199,0.6802617325408402,"The street is wide and has multiple lanes for vehicles, making it suitable for pedestrians to walk alongside the road.","There are trees visible in the distance, lining the street and providing a natural element to the urban environment.","The footway is a paved area for pedestrians, with a green lane for cyclists and a white line marking the edge of the footway.","The base of the buildings along this street includes a mix of ground-level commercial spaces and possibly residential units, with some buildings featuring large windows and others with more solid, brick facades."
Park_Ave_Tunnel_Segment/south_to_north/049_n00200_N.jpg,n00200,0.5499267626792025,"The street is wide and has multiple lanes for vehicles, with sidewalks on either side. There are also traffic lights and signs indicating directions and rules for pedestrians and drivers.","There are trees visible on the right side of the image, near the buildings and the road.","The footway is a paved area for pedestrians, with a curb separating it from the road.",The base of the buildings along this street includes a mix of ground-level commercial spaces and entrances to the buildings. There are also some trees and street furniture like benches and trash cans.
Park_Ave_Tunnel_Segment/south_to_north/050_n00201_N.jpg,n00201,0.5607143750253168,The street is wide and has a bike lane on the left side. There are traffic lights and signs indicating directions.,"There are trees visible on the right side of the image, near the buildings and the road.","The footway is a paved area for pedestrians, with a curb separating it from the road.","The base of the buildings along this street includes a mix of commercial and residential elements, with some buildings having ground-level retail spaces and others featuring ground-level office spaces. The street itself is lined with a variety of trees and street furniture, including benches and trash cans."
Park_Ave_Tunnel_Segment/south_to_north/051_n00202_N.jpg,n00202,0.4341124910388656,"The street is wide and has multiple lanes, with traffic lights and signs indicating directions and regulations. The sidewalks are lined with trees and there are buildings on both sides, suggesting a city environment.","There are trees visible on the right side of the image, near the buildings and the road.",The footway is a paved area with a curb and a sidewalk.,The base of the buildings along this street is made of concrete and has a few trees and plants growing around it.
Park_Ave_Tunnel_Segment/south_to_north/052_n00203_N.jpg,n00203,0.4579665131721677,"The street is wide and has a concrete barrier on the left side, making it safe for pedestrians.","There are trees visible on the right side of the image, near the buildings.",The footway is not visible in the image.,The base of the buildings along this street is made of concrete and has a flat surface.
Park_Ave_Tunnel_Segment/south_to_north/053_n00204_N.jpg,n00204,0.4771683884965755,"The street is wide and has a concrete barrier on the right side, making it safe for pedestrians.","There are trees visible on the right side of the image, near the buildings and along the sidewalk.",The footway is a paved area with a railing on the right side and a few trees and plants along the edge.,The base of the buildings along this street is made of concrete and has a few small plants growing in the cracks.
Park_Ave_Tunnel_Segment/south_to_north/054_n00205_N.jpg,n00205,0.3146646940386666,"The street is wide and has a concrete barrier on the left side, making it safe for pedestrians.","There are trees visible on the right side of the image, near the buildings.",The footway is not visible in the image.,"The base of the buildings along this street is made of concrete and has a smooth, flat surface."
Park_Ave_Tunnel_Segment/south_to_north/055_n00206_N.jpg,n00206,0.2706187212162452,"The street is wide and has a concrete barrier on the right side, making it safe for pedestrians.","There are trees visible on the right side of the image, near the buildings and the tunnel entrance.",The footway is not visible in the image.,"The base of the buildings along this street is made of concrete and has a smooth, flat surface."
Park_Ave_Tunnel_Segment/south_to_north/056_n00207_N.jpg,n00207,0.2627763332149941,"The street is wide and has a concrete barrier on the left side. There are no pedestrians visible, and the tunnel ahead appears to be empty.",There is no vegetation visible in this view.,"The footway is a paved area alongside the road, with a concrete barrier separating it from the road.","The base of the buildings along this street is made of concrete and has a smooth, flat surface."
Park_Ave_Tunnel_Segment/south_to_north/057_n00208_N.jpg,n00208,0.1411224830324263,"The street appears to be empty with no pedestrians visible. The tunnel entrance is clearly marked, and there are no visible obstacles or hazards.","There are a few small patches of greenery, including a tree and some bushes, visible on the left side of the image near the buildings.",The footway is not visible in the image.,"The base of the buildings along this street is made of concrete and has a smooth, flat surface."
Park_Ave_West/north_to_south/005_n00241_S.jpg,n00241,0.6420437219140909,"The street is busy with pedestrians and vehicles, featuring a crosswalk and various buildings.","There are potted plants visible on the sidewalk, specifically near the intersection and along the street.",The footway is a pedestrian area with a crosswalk and a few people walking.,"The base of the buildings along this street is made of glass and steel, with a modern architectural design."
Park_Ave_West/north_to_south/006_n00240_S.jpg,n00240,0.5227958655392475,"The street is bustling with activity, featuring tall buildings, traffic, and pedestrians.",There are no visible plants or vegetation in this view.,The footway is not visible in the image.,The base of the buildings along this street is made of glass and steel.
Park_Ave_West/north_to_south/007_n00239_S.jpg,n00239,0.6491190604388547,"The street is bustling with activity, with pedestrians walking past various shops and buildings. There are also construction vehicles and traffic cones indicating ongoing work.","There are potted plants visible on the sidewalk, specifically near the Kona Coffee Roasters store and along the street.","The footway is a paved area with pedestrians walking, and there is a bicycle parked on the sidewalk.",The base of the buildings along this street is made of glass.
Park_Ave_West/north_to_south/008_n00238_S.jpg,n00238,0.6030036751642118,"The street is bustling with activity, featuring tall buildings, vehicles, and pedestrians.","There are leafless trees visible on the left side of the image, along the sidewalk.",The footway is lined with trees and has a railing along the edge.,The base of the buildings along this street is made of concrete and features large windows and glass facades.
Park_Ave_West/north_to_south/009_n00237_S.jpg,n00237,0.7152286625069333,"The street is bustling with activity, featuring tall buildings, pedestrians, and vehicles.","There is a potted plant visible on the sidewalk, near the center of the image.","The footway is a wide, paved area with several pedestrians walking along it. There are tall buildings on both sides, and a red van is parked on the left side of the street.",The base of the buildings along this street is made of glass and steel.
Park_Ave_West/north_to_south/010_n00236_S.jpg,n00236,0.6578151367439766,"The street is bustling with activity, with tall buildings on either side and a mix of pedestrians and vehicles.","There are trees visible on the left side of the image, along the sidewalk.",The footway is lined with tall buildings and has a railing along the edge.,The base of the buildings along this street is made of concrete and has a series of columns.
Park_Ave_West/north_to_south/011_n00235_S.jpg,n00235,0.706787200195089,"The street is bustling with activity, with pedestrians walking along the sidewalk and vehicles on the road.","There is a potted plant visible on the sidewalk, near the center of the image.",The footway is a paved area with people walking on it.,The base of the buildings along this street is made of glass.
Park_Ave_West/north_to_south/012_n00234_S.jpg,n00234,0.6829074436095376,"The street is bustling with activity, featuring tall buildings, traffic lights, and pedestrians.","There are trees visible in the background, lining the street and providing shade.",The footway is a pedestrian area with crosswalks and a few people walking.,"The base of the buildings along this street is made of stone and concrete, with various storefronts and signs visible at street level."
Park_Ave_West/north_to_south/013_n00233_S.jpg,n00233,0.7159668410517952,"The street is bustling with activity, featuring a mix of pedestrians, vehicles, and commercial buildings. The presence of traffic signs and street furniture indicates a well-organized urban environment.","There are trees visible on the sidewalks, particularly near the buildings and at the intersections.",The footway is a paved area with white stripes for pedestrian crossing.,"The base of the buildings along this street includes storefronts and commercial spaces, with some having large glass windows and others featuring more solid, stone-like facades."
Park_Ave_West/north_to_south/014_n00232_S.jpg,n00232,0.7106507787722058,"The street is bustling with activity, featuring tall buildings, vehicles, and pedestrians.","There are trees visible on the right side of the image, near the buildings and along the sidewalk.",The footway is lined with trees and has a black metal railing along the side of the road.,The base of the buildings along this street is made of concrete and has a few trees and shrubs planted in front of them.
Park_Ave_West/north_to_south/015_n00231_S.jpg,n00231,0.7563634817531071,"The street is bustling with activity, featuring tall buildings, parked cars, and pedestrians.","There are trees visible on the sidewalks, particularly on the right side of the street, and there are also small trees lining the street.",The footway is lined with trees and has a black metal fence along the street.,The base of the buildings along this street includes storefronts and a sidewalk with a black metal fence.
Park_Ave_West/north_to_south/016_n00230_S.jpg,n00230,0.7945323053250539,"The street is bustling with activity, featuring tall buildings, pedestrians, and vehicles.","There are trees visible in the background, along the sidewalk and near the buildings.",The footway is a pedestrian crossing with white stripes.,"The base of the buildings along this street is made of stone and concrete, forming a solid foundation for the structures."
Park_Ave_West/north_to_south/017_n00229_S.jpg,n00229,0.7824292399852069,"The street is wide and has a sidewalk on both sides. There are trees and plants along the sidewalk, and the buildings are tall and have many windows.","There are trees and bushes visible along the sidewalk on the left side of the image, near the buildings.",The footway is a paved area with a crosswalk and a sidewalk.,"The base of the buildings along this street is made of concrete and has a variety of colors, including beige, brown, and gray."
Park_Ave_West/north_to_south/018_n00228_S.jpg,n00228,0.8214746528644119,"The street is lined with tall buildings, trees, and parked cars. It appears to be a typical urban environment with a mix of residential and commercial buildings.",There are trees with green leaves on the right side of the street and bushes on the left side of the street.,The footway is lined with trees and has a black fence along the side.,"The base of the buildings along this street is made of stone and brick, with some having greenery or plants at the base."
Park_Ave_West/north_to_south/019_n00227_S.jpg,n00227,0.8447828115029066,"The street is lined with trees in bloom, creating a pleasant atmosphere. There are several cars parked along the street, and a few pedestrians are walking.","There are trees with pink blossoms on the left side of the street, and another tree with white blossoms on the right side of the street.",The footway is lined with trees and has a sidewalk with a few pedestrians walking.,The base of the buildings along this street is made of stone and has a classic architectural style.
Park_Ave_West/north_to_south/020_n00226_S.jpg,n00226,0.8304065478845877,"The street is bustling with activity, featuring tall buildings, pedestrians, and vehicles.","There are trees with pink blossoms on the left side of the image, near the intersection.",The footway is a pedestrian crossing with white stripes.,The base of the buildings along this street includes storefronts and ground-level businesses.
Park_Ave_West/north_to_south/021_n00225_S.jpg,n00225,0.8374459088115807,"The street is wide and has multiple lanes of traffic, with trees and buildings lining both sides. There are also traffic lights and signs indicating directions and regulations.","There are trees with pink blossoms on the left side of the street, and a tree with bare branches on the right side of the street.",The footway is lined with trees and has a statue in the middle.,The base of the buildings along this street is made of stone and has a variety of architectural styles.
Park_Ave_West/north_to_south/022_n00224_S.jpg,n00224,0.8513044059616843,The street is lined with tall buildings and has a few trees with pink blossoms. It appears to be a typical urban environment with parked cars along the side.,"There are trees with pink blossoms lining the left side of the street, and a row of green bushes along the sidewalk.",The footway is lined with trees and has a black fence along the side.,"The base of the buildings along this street is made of brick and concrete, with some having large windows and others having more solid, closed-off bases."
Park_Ave_West/north_to_south/023_n00223_S.jpg,n00223,0.865870030980433,"The street is lined with tall buildings, trees, and parked cars. It appears to be a busy urban area with a mix of commercial and residential buildings.",There are trees with pink blossoms on the left side of the street and green leaves on the right side of the street.,The footway is lined with trees and has a sidewalk for pedestrians.,The base of the buildings along this street is made of stone and has a few windows.
Park_Ave_West/north_to_south/024_n00222_S.jpg,n00222,0.8356132455082635,"The street is wide and has multiple lanes of traffic, with crosswalks and traffic lights for pedestrians and vehicles.","There are trees with pink blossoms on the left side of the image, near the crosswalk.","The footway is a wide, pedestrian-friendly area with clearly marked crosswalks and a variety of street signs and traffic lights.",The base of the buildings along this street is made of stone and has a classic architectural style.
Park_Ave_West/north_to_south/025_n00221_S.jpg,n00221,0.8145933717726095,"The street is lined with tall buildings, trees, and parked cars. It appears to be a busy urban area with a mix of commercial and residential buildings.","There are pink flowering trees on the left side of the street, and green bushes along the sidewalk.",The footway is lined with trees and has a few people walking on it.,The base of the buildings along this street is made of stone and has a few windows.
Park_Ave_West/north_to_south/026_n00220_S.jpg,n00220,0.798744815259156,The street is lined with tall buildings and has a few trees with pink blossoms. It appears to be a typical urban environment with vehicles and pedestrians.,"There are trees with pink blossoms on the left side of the street, and a row of trees along the sidewalk on the right side of the street.",The footway is lined with trees and has a sidewalk with a few people walking.,The base of the buildings along this street is made of stone and has a few windows.
Park_Ave_West/north_to_south/027_n00219_S.jpg,n00219,0.7910516368802214,The street is lined with tall buildings and has a few trees with pink blossoms.,"There are trees with pink blossoms on the left side of the image, and a tree with green leaves on the right side.","The footway is lined with trees and bushes, and there is a person walking on it.",The base of the buildings along this street is made of concrete and has a few trees and bushes in front of it.
Park_Ave_West/north_to_south/028_n00218_S.jpg,n00218,0.8035886528531653,"The street is wide and has multiple lanes of traffic, with crosswalks and traffic lights for pedestrians and vehicles.","There is a tree with pink blossoms located near the center of the image, and another tree further down the street.","The footway is a wide, pedestrian-friendly area with crosswalks and sidewalks.",The base of the buildings along this street is made of concrete and has a few trees and plants in front of it.
Park_Ave_West/north_to_south/029_n00217_S.jpg,n00217,0.7948484560816131,"The street is wide and has a smooth surface, making it suitable for walking. There are trees and buildings on both sides, providing a pleasant environment.","There are cherry blossom trees lining the street on the left side, and a small tree with green leaves on the right side near the building.",The footway is lined with trees and has a flower bed with red flowers.,The base of the buildings along this street is made of brick and has a few windows.
Park_Ave_West/north_to_south/030_n00216_S.jpg,n00216,0.799440099201504,The street is lined with tall buildings and has a sidewalk with trees and bushes.,"There are trees with pink blossoms on the left side of the street, and a row of trees with green leaves on the right side of the street.",The footway is lined with trees and has a black metal fence along the side.,The base of the buildings along this street is made of stone and has a series of windows.
Park_Ave_West/north_to_south/031_n00215_S.jpg,n00215,0.7458507318206142,"The street is lined with tall buildings and has a few trees with pink blossoms. There are cars parked along the side of the road, and the sidewalk appears to be well-maintained.","There are trees with pink blossoms on the left side of the street, and a tree with green leaves on the right side of the street.",The footway is lined with a metal fence and has a few trees with pink blossoms.,"The base of the buildings along this street is made of stone and brick, with some having large windows and others having smaller ones."
Park_Ave_West/north_to_south/032_n00214_S.jpg,n00214,0.7708585572410624,"The street is busy with traffic and pedestrians, featuring tall buildings, crosswalks, and various vehicles.","There are trees with blooming flowers on the sidewalk, located on the left side of the image, near the crosswalk.","The footway is a paved area for pedestrians, with a metal fence on the left side and a row of trees in the distance.",The base of the buildings along this street is made of stone and has a classic architectural style.
Park_Ave_West/north_to_south/033_n00213_S.jpg,n00213,0.8341103918770589,"The street is lined with tall buildings, trees, and vehicles. It appears to be a busy urban area with a mix of commercial and residential buildings.","There are trees with pink blossoms on the left side of the image, and green bushes along the sidewalk.","The footway is lined with trees and bushes, and there is a black metal fence along the edge.",The base of the buildings along this street is made of stone and has a series of windows.
Park_Ave_West/north_to_south/034_n00212_S.jpg,n00212,0.7810089355722407,"The street is lined with tall buildings, trees, and a sidewalk. It appears to be a busy urban area with vehicles and pedestrians.","There are trees visible on the right side of the street, and bushes are present on the left side, near the sidewalk.",The footway is lined with a black metal fence and has a few trees and bushes.,The base of the buildings along this street is made of brick and has a green awning.
Park_Ave_West/north_to_south/035_n00211_S.jpg,n00211,0.7113126847272695,"The street appears to be busy with vehicles and pedestrians, with traffic cones and barriers indicating some construction or maintenance work.","There are trees with bare branches visible along the street, and bushes are located near the sidewalk on the left side of the image.",The footway is lined with trees and has a green awning over the entrance of a building.,The base of the buildings along this street is made of brick and has a green awning.
Park_Ave_West/north_to_south/036_n00210_S.jpg,n00210,0.5613612325654671,"The street is busy with pedestrians and vehicles, making it a bustling urban environment.","There are trees visible on the right side of the image, near the buildings.",The footway is a pedestrian area with crosswalks and people walking.,"The base of the buildings along this street includes storefronts and commercial spaces, with some buildings having large windows and others having more solid facades."
Park_Ave_West/north_to_south/037_n00209_S.jpg,n00209,0.4430037117405621,"The street appears to be busy with pedestrians and vehicles, with construction barriers and traffic cones indicating ongoing work.",There are no visible plants or vegetation in this view.,The footway is lined with orange traffic cones and has a few people walking on it.,The base of the buildings along this street is made of concrete and has large windows.
Park_Ave_West/south_to_north/001_n00209_N.jpg,n00209,0.4430037117405621,"The street is bustling with activity, featuring tall buildings, a construction site, and various pedestrians and vehicles.","There are trees visible in the background, lining the street and providing shade.","The footway is a paved area for pedestrians, with crosswalks and traffic lights for safety.","The base of the buildings along this street includes ground-level commercial establishments, such as a Dunkin' Donuts, and various street-level amenities like traffic lights and street signs."
Park_Ave_West/south_to_north/002_n00210_N.jpg,n00210,0.5613612325654671,"The street is busy with pedestrians and vehicles, including a Dunkin' Donuts shop on the corner.","There are trees visible on the right side of the image, near the buildings and the statue.",The footway is wide and has a crosswalk.,The base of the buildings along this street is made of concrete and has a variety of storefronts and signs.
Park_Ave_West/south_to_north/003_n00211_N.jpg,n00211,0.7113126847272695,"The street is lined with tall buildings and has a few trees, providing a mix of urban and natural elements.","There are trees with pink blossoms on the right side of the street, and a row of bushes along the sidewalk on the right.",The footway is lined with trees and has a green railing along the side of the road.,"The base of the buildings along this street is made of brick and concrete, with some having large windows and others having more solid facades."
Park_Ave_West/south_to_north/004_n00212_N.jpg,n00212,0.7810089355722407,The street is lined with tall buildings and has a sidewalk with trees and bushes.,"There are trees with pink blossoms on the right side of the image, and bushes along the sidewalk.",The footway is lined with trees and has a metal fence along the side.,The base of the buildings along this street is made of brick and has a series of windows.
Park_Ave_West/south_to_north/005_n00213_N.jpg,n00213,0.8341103918770589,"The street is busy with cars and pedestrians, and there are tall buildings on both sides.","There are trees with pink blossoms on the right side of the image, near the sidewalk.","The footway is a paved area for pedestrians, with a crosswalk marked by white lines.",The base of the buildings along this street is made of stone and brick.
Park_Ave_West/south_to_north/006_n00214_N.jpg,n00214,0.7708585572410624,"The street is lined with tall buildings, trees, and a statue, making it a pleasant walk with a mix of urban and natural elements.","There are trees with pink blossoms on the right side of the street, and green leaves on trees on the left side of the street.",The footway is lined with trees and has a statue of a polar bear.,The base of the buildings along this street is made of brick.
Park_Ave_West/south_to_north/007_n00215_N.jpg,n00215,0.7458507318206142,"The street is lined with tall buildings and has a few trees with pink blossoms, creating a pleasant urban environment.","There are trees with pink blossoms on the right side of the image, and green bushes and trees on the sidewalk.","The footway is lined with trees and bushes, providing a natural barrier between the street and the buildings.",The base of the buildings along this street is made of concrete and has a few trees and bushes in front of it.
Park_Ave_West/south_to_north/008_n00216_N.jpg,n00216,0.799440099201504,The street is lined with tall buildings and has a sidewalk with trees and greenery.,"There are trees with pink blossoms on the right side of the image, and green bushes are visible along the sidewalk on the right.",The footway is a paved area with a sidewalk for pedestrians.,"The base of the buildings along this street includes ground-level entrances, windows, and a sidewalk."
Park_Ave_West/south_to_north/009_n00217_N.jpg,n00217,0.7948484560816131,"The street is busy with cars and pedestrians, and there are tall buildings on both sides.","There are trees with pink blossoms located in the middle of the street, and there are also trees lining the sidewalks on both sides of the street.",The footway is a pedestrian walkway that runs alongside the street. It is wide enough to accommodate several people walking at once and is separated from the road by a curb.,"The base of the buildings along this street includes ground-level commercial spaces and possibly retail stores, as indicated by the presence of storefronts and signs at street level."
Park_Ave_West/south_to_north/010_n00218_N.jpg,n00218,0.8035886528531653,"The street is lined with tall buildings, trees, and a few vehicles. It appears to be a busy urban area with a mix of commercial and residential buildings.","There are trees with pink blossoms on the right side of the street, and a tree with green leaves on the left side of the street.",The footway is lined with trees and has a few people walking on it.,The base of the buildings along this street is made of brick.
Park_Ave_West/south_to_north/011_n00219_N.jpg,n00219,0.7910516368802214,"The street is lined with tall buildings, trees, and a few cars parked along the side. It appears to be a typical urban environment with a mix of residential and commercial buildings.","There are trees with pink blossoms on the right side of the image, and bushes along the sidewalk.",The footway is lined with trees and has a few pedestrians walking.,"The base of the buildings along this street includes ground-level commercial spaces, such as shops and restaurants, and residential units, with large windows and balconies."
Park_Ave_West/south_to_north/012_n00220_N.jpg,n00220,0.798744815259156,"The street is lined with tall buildings, trees, and parked cars. It appears to be a busy urban area with a mix of commercial and residential buildings.","There is a tree with pink blossoms on the right side of the image, and a row of bushes along the sidewalk on the right.",The footway is lined with trees and has a sidewalk for pedestrians.,"The base of the buildings along this street is made of stone and brick, with some having large windows and others having more solid, less transparent facades."
Park_Ave_West/south_to_north/013_n00221_N.jpg,n00221,0.8145933717726095,"The street is bustling with activity, featuring tall buildings, traffic lights, and pedestrians.","There are trees with pink blossoms on the right side of the image, near the sidewalk.",The footway is a pedestrian crossing with white stripes.,The base of the buildings along this street is made of brick.
Park_Ave_West/south_to_north/014_n00222_N.jpg,n00222,0.8356132455082635,"The street is lined with trees in bloom, providing a pleasant walkway.","There are trees with pink blossoms on the right side of the street, and smaller trees with green leaves on the left side of the street.",The footway is lined with trees and has a sidewalk.,The base of the buildings along this street is made of brick.
Park_Ave_West/south_to_north/015_n00223_N.jpg,n00223,0.865870030980433,"The street is lined with tall buildings, trees, and parked cars, creating a bustling urban environment.","There are trees with pink blossoms on the right side of the street, and green leaves on the left side of the street.",The footway is not visible in the image.,"The base of the buildings along this street includes storefronts and a hotel, with a mix of commercial and residential uses."
Park_Ave_West/south_to_north/016_n00224_N.jpg,n00224,0.8513044059616843,"The street is bustling with activity, featuring tall buildings, trees in bloom, and a mix of pedestrians and vehicles.","There are trees with pink blossoms on the right side of the street, and leafless trees on the left side.",The footway is lined with trees and has a sidewalk with a few people walking.,"The base of the buildings along this street includes a mix of commercial and residential elements, with some buildings having ground-level storefronts and others featuring entrances and lobbies. There are also trees and greenery along the sidewalk, adding a touch of nature to the urban environment."
Park_Ave_West/south_to_north/017_n00225_N.jpg,n00225,0.8374459088115807,"The street is bustling with activity, featuring tall buildings, pedestrians, and vehicles.","There is a tree with pink blossoms located in the middle of the intersection, and another tree with green leaves further down the street.","The footway is a wide, pedestrian-friendly area with crosswalks and a few people walking.",The base of the buildings along this street is made of stone and brick.
Park_Ave_West/south_to_north/018_n00226_N.jpg,n00226,0.8304065478845877,"The street is lined with tall buildings and has trees with pink blossoms, creating a pleasant walkway.",There are trees with white blossoms on the left side of the street and trees with pink blossoms on the right side of the street.,The footway is lined with trees and has a fire hydrant and a trash can.,"The base of the buildings along this street includes ground-level commercial spaces, such as shops and restaurants, with large windows and entrances."
Park_Ave_West/south_to_north/019_n00227_N.jpg,n00227,0.8447828115029066,"The street is lined with tall buildings and trees, providing a mix of urban and natural elements. The sidewalk is wide and appears to be well-maintained, making it suitable for pedestrians.","There are trees with green leaves on the sidewalks, and bushes are visible along the street.",The footway is lined with trees and has a few pedestrians walking.,"The base of the buildings along this street includes ground-level commercial spaces, such as shops and restaurants, and the lower floors of the buildings are made of brick and stone."
Park_Ave_West/south_to_north/020_n00228_N.jpg,n00228,0.8214746528644119,"The street is bustling with activity, featuring a mix of pedestrians, vehicles, and commercial buildings. The presence of a UPS truck and a yellow taxi suggests a busy urban environment.","There are trees visible on the right side of the image, lining the street.",The footway is not visible in the image.,The base of the buildings along this street is made of brick and stone.
Park_Ave_West/south_to_north/021_n00229_N.jpg,n00229,0.7824292399852069,"The street is bustling with activity, featuring tall buildings, traffic lights, and pedestrians.","There are trees visible in the view, located on the sidewalks and near the buildings.",The footway is a pedestrian area with crosswalks and is lined with trees and street lamps.,"The base of the buildings along this street includes a mix of commercial and retail spaces, with some buildings having ground-level storefronts and others having large windows and glass facades."
Park_Ave_West/south_to_north/022_n00230_N.jpg,n00230,0.7945323053250539,"The street is bustling with activity, with cars and pedestrians moving along the sidewalks and streets. The tall buildings and greenery provide a mix of urban and natural elements, creating a lively atmosphere.","There are trees visible on the left side of the image, near the sidewalk and the buildings.",The footway is lined with trees and has a railing along the side of the road.,The base of the buildings along this street is made of concrete and has a few trees and shrubs planted in front of them.
Park_Ave_West/south_to_north/023_n00231_N.jpg,n00231,0.7563634817531071,"The street is bustling with activity, featuring tall buildings, vehicles, and pedestrians.","There are trees visible on the left side of the image, near the sidewalk and street.",The footway is lined with black metal railings and has a sidewalk with a few trees and bushes.,The base of the buildings along this street is made of concrete and has a variety of storefronts and signs.
Park_Ave_West/south_to_north/024_n00232_N.jpg,n00232,0.7106507787722058,"The street is bustling with activity, featuring tall buildings, vehicles, and pedestrians.","There are trees visible on the left side of the image, near the sidewalk.",The footway is lined with trees and has a railing along the side of the road.,The base of the buildings along this street includes storefronts and a sidewalk.
Park_Ave_West/south_to_north/025_n00233_N.jpg,n00233,0.7159668410517952,"The street is bustling with activity, featuring tall buildings, traffic, and pedestrians.","There are trees visible in the background, lining the street and providing shade.",The footway is a pedestrian area with crosswalks and a few people walking.,"The base of the buildings along this street includes various storefronts and commercial establishments, with some having large glass windows and others featuring more traditional brick facades."
Park_Ave_West/south_to_north/026_n00234_N.jpg,n00234,0.6829074436095376,"The street is bustling with activity, featuring tall buildings, vehicles, and pedestrians.","There are trees visible on the right side of the image, near the buildings and the bridge.",The footway is not visible in the image.,"The base of the buildings along this street includes a mix of ground-level commercial spaces, such as retail stores and restaurants, as well as the entrance to the Grand Central Terminal. The base also features a series of stone pillars and a metal railing that runs along the sidewalk, providing a sense of separation between the street and the pedestrian area."
Park_Ave_West/south_to_north/027_n00235_N.jpg,n00235,0.706787200195089,"The street is bustling with activity, featuring pedestrians, vehicles, and a variety of buildings.","There is a potted plant with yellow flowers on the sidewalk, positioned near the red van.","The footway is a wide, paved area with pedestrians walking on it. There are also a few potted plants and a red van parked along the side.","The base of the buildings along this street includes a mix of commercial and residential spaces, with large glass windows and storefronts on the ground level."
Park_Ave_West/south_to_north/028_n00236_N.jpg,n00236,0.6578151367439766,"The street is bustling with activity, with cars and pedestrians moving along the sidewalks and streets. The tall buildings and modern architecture create a dynamic urban environment.","There are trees visible on the right side of the image, near the buildings and the bridge.",The footway is not visible in the image.,The base of the buildings along this street is made of stone and has arched entrances and large windows.
Park_Ave_West/south_to_north/029_n00237_N.jpg,n00237,0.7152286625069333,"The street is bustling with activity, featuring tall buildings, pedestrians, and vehicles.","There are potted plants visible on the sidewalk, specifically near the buildings and along the street.","The footway is a wide, paved area with several pedestrians walking along it. There are tall buildings and skyscrapers in the background, indicating an urban setting.",The base of the buildings along this street is made of stone and concrete.
Park_Ave_West/south_to_north/030_n00238_N.jpg,n00238,0.6030036751642118,"The street is wide and has a smooth surface, making it suitable for walking.","There are leafless trees visible on the right side of the image, near the buildings.",The footway is not visible in the image.,The base of the buildings along this street is made of stone and has a classic architectural style.
Park_Ave_West/south_to_north/031_n00239_N.jpg,n00239,0.6491190604388547,"The street is bustling with activity, featuring pedestrians, vehicles, and construction equipment. The sidewalk is lined with various storefronts and large glass windows, reflecting the urban environment.","There is a potted plant visible on the sidewalk, near the center of the image.","The footway is a paved area with a fire hydrant, a manhole cover, and a street sign.","The base of the buildings along this street includes various commercial establishments, such as shops and restaurants, with large glass windows and storefronts."
Park_Ave_West/south_to_north/032_n00240_N.jpg,n00240,0.5227958655392475,"The street is wide and has multiple lanes of traffic, with tall buildings on either side. It appears to be a busy urban area with a mix of commercial and office buildings.",There is no vegetation visible in this view.,The footway is not visible in the image.,"The base of the buildings along this street is made of brick and stone, with arched windows and decorative elements."
Park_Ave_West/south_to_north/033_n00241_N.jpg,n00241,0.6420437219140909,"The street is bustling with activity, featuring tall buildings, pedestrians, and vehicles.",There are bushes with blooming flowers located on the sidewalk near the intersection.,"The footway is a wide, concrete path that runs along the side of the street. It is lined with bollards and has a fire hydrant and a red and white sign visible.",The base of the buildings along this street is made of concrete and has a few columns supporting the structures.
tudor_city_place/north_to_south/001_n00764_S.jpg,n00764,0.6783067918386148,"The street is lined with tall buildings and parked cars, creating a bustling urban environment.","There are trees visible in the background, lining the street and providing a natural element to the urban environment.",The footway is not visible in the image.,The base of the buildings along this street is made of brick.
tudor_city_place/north_to_south/002_n00761_S.jpg,n00761,0.7156898077594938,The street is lined with parked cars and has a sidewalk on the right side.,"There are trees visible on the right side of the image, lining the street.",The footway is lined with trees and has a few people walking on it.,The base of the buildings along this street is made of stone.
tudor_city_place/north_to_south/003_n00762_S.jpg,n00762,0.7660207998662274,"The street is lined with tall buildings, trees, and parked cars. It appears to be a typical urban environment with a mix of residential and commercial buildings.","There are trees visible in the view, located on the sidewalks and in the background, providing a natural element to the urban environment.",The footway is lined with trees and has a few parked cars along its length.,"The base of the buildings along this street is made of stone and brick, with a variety of architectural styles."
tudor_city_place/north_to_south/004_n00763_S.jpg,n00763,0.7753841563435833,"The street is lined with parked cars and tall buildings, creating a typical urban environment.","There are trees visible on the right side of the image, lining the street.",The footway is not visible in the image.,The base of the buildings along this street is made of brick.
tudor_city_place/north_to_south/005_n00765_S.jpg,n00765,0.8091548798395402,"The street is wide and has multiple lanes of traffic, with tall buildings on either side. There are crosswalks and traffic lights to navigate.","There are trees visible on the right side of the image, lining the street.","The footway is a paved area for pedestrians, with crosswalks at intersections for safe crossing.",The base of the buildings along this street is made of brick.
tudor_city_place/north_to_south/006_n00760_S.jpg,n00760,0.7945396844866716,"The street is wide and has multiple lanes of traffic, with tall buildings on either side. There are crosswalks and street signs, and a few pedestrians are visible.","There are trees visible on the sidewalks, particularly on the right side of the image, near the buildings.","The footway is a paved area for pedestrians, with crosswalks at intersections and sidewalks along the buildings.","The base of the buildings along this street includes a sidewalk, street lamps, and a few pedestrians."
tudor_city_place/north_to_south/007_n00759_S.jpg,n00759,0.5631453705823085,"The street is lined with tall buildings and has a few parked cars, making it a typical urban environment.","There are trees visible along the street, particularly on the right side, and some greenery on the left side near the truck.",The footway is not visible in the image.,The base of the buildings along this street is made of brick.
tudor_city_place/north_to_south/008_n00758_S.jpg,n00758,0.5454924988611587,The street is lined with tall buildings and has a few parked cars. It appears to be a typical urban environment with a mix of residential and commercial buildings.,"There are trees visible in the view, located on the left side near the buildings and also on the right side closer to the buildings.","The footway is a paved area with a green canopy over it, and it appears to be a part of a building entrance.","The base of the buildings along this street includes ground-level entrances, awnings, and some construction barriers."
tudor_city_place/north_to_south/009_n00757_S.jpg,n00757,0.6911610573318904,The street is lined with tall buildings and has a few trees providing some shade. It appears to be a typical urban environment with a mix of residential and commercial buildings.,"There are trees with green leaves visible in the background, along the sidewalk, and near the buildings.",The footway is a paved area with a few people sitting on a bench and a person walking. There are trees and buildings surrounding the area.,The base of the buildings along this street is made of brick.
tudor_city_place/south_to_north/001_n00757_N.jpg,n00757,0.6911610573318904,"The street is lined with tall buildings, trees, and parked cars. It appears to be a typical urban environment with a mix of residential and commercial buildings.","There are trees visible along the street, particularly on the right side, and some bushes near the sidewalk on the left.",The footway is lined with trees and has a black lamppost.,The base of the buildings along this street is made of brick.
tudor_city_place/south_to_north/002_n00758_N.jpg,n00758,0.5454924988611587,"The street is lined with tall buildings and has a few trees providing shade. There are a few pedestrians and vehicles, including a truck and a car.","There are trees visible on the left side of the image, lining the sidewalk and providing shade.",The footway is lined with trees and has a black railing along the side.,The base of the buildings along this street is made of brick.
tudor_city_place/south_to_north/003_n00759_N.jpg,n00759,0.5631453705823085,"The street is wide and has a crosswalk, making it safe for pedestrians. There are trees and buildings lining the street, providing a pleasant environment.","There are trees visible in the background, lining the street and providing shade.",The footway is a paved area with white crosswalk lines and a few people walking on it.,The base of the buildings along this street is made of brick.
tudor_city_place/south_to_north/004_n00760_N.jpg,n00760,0.7945396844866716,"The street is wide and has a pedestrian crossing. There are trees and buildings lining the street, and a few cars parked along the side.","There are leafless trees visible along the sidewalk, particularly on the left side of the image, and a few trees with green leaves on the right side near the buildings.",The footway is a paved area with a pedestrian crossing and a person standing on it.,The base of the buildings along this street is made of brick.
tudor_city_place/south_to_north/005_n00765_N.jpg,n00765,0.8091548798395402,The street is lined with parked cars and has a sidewalk on both sides.,"There are trees lining the street, visible on both sides of the road, and a park with greenery on the left side of the image.",The footway is lined with trees and has a few pedestrians walking.,The base of the buildings along this street is made of brick.
tudor_city_place/south_to_north/006_n00763_N.jpg,n00763,0.7753841563435833,The street is lined with parked cars and has a sidewalk on both sides.,"There are leafless trees lining the street, visible on both sides of the road.",The footway is lined with trees and has a sidewalk with a few benches.,The base of the buildings along this street is made of stone and brick.
tudor_city_place/south_to_north/007_n00762_N.jpg,n00762,0.7660207998662274,"The street is lined with parked cars and tall buildings, creating a bustling urban environment.","There are leafless trees lining the street, visible on the left side of the image.",The footway is not visible in the image.,The base of the buildings along this street is made of stone and has large windows.
tudor_city_place/south_to_north/008_n00761_N.jpg,n00761,0.7156898077594938,"The street is lined with parked cars and has a speed bump, making it suitable for pedestrians and vehicles.","There are trees visible in the background, lining the street and providing a green contrast to the urban environment.",The footway is not visible in the image.,The base of the buildings along this street is made of brick and concrete.
tudor_city_place/south_to_north/009_n00764_N.jpg,n00764,0.6783067918386148,The street is lined with parked cars and has a sidewalk on the right side.,"There are trees visible in the view, located on the left side of the street, between the parked cars and the buildings.",The footway is lined with trees and has a sidewalk with a metal railing.,"The base of the buildings along this street is made of brick and stone, with some having large windows and awnings."
Tunnel_Exit_Street/north_to_south/001_n00266_S.jpg,n00266,0.5815772255103349,"The street appears to be a busy urban area with tall buildings on either side, a postal truck parked on the left, and a clear path for pedestrians to walk down.",There are no visible plants or vegetation in this view.,"The footway is a narrow strip of pavement between the road and the buildings, with a brick wall and a stone barrier.",The base of the buildings along this street is made of brick and stone.
Tunnel_Exit_Street/north_to_south/002_n00265_S.jpg,n00265,0.5499579941204494,"The street is lined with tall buildings, and there are vehicles on the road.","There is a palm tree visible in the distance, towards the center of the image, near the intersection of the street.","The footway is a paved area along the side of the road, with a brick wall and a concrete barrier separating it from the street.","The base of the buildings along this street is made of brick and stone, creating a sturdy and classic foundation for the modern glass and steel structures above."
Tunnel_Exit_Street/north_to_south/003_n00264_S.jpg,n00264,0.5646420828917204,"The street appears to be a typical urban setting with modern buildings, a few vehicles, and a clear path for pedestrians.",There are no visible plants or vegetation in this view.,The footway is made of bricks and has a curb separating it from the street.,The base of the buildings along this street is made of brick.
Tunnel_Exit_Street/north_to_south/004_n00263_S.jpg,n00263,0.5575591484999013,"The street is bustling with activity, featuring tall buildings, pedestrians, and vehicles.",There are no visible plants or vegetation in this view.,"The footway is a paved area for pedestrians, with a crosswalk marked by white lines.","The base of the buildings along this street includes a mix of materials, such as concrete, brick, and glass. There are also various street elements like traffic lights, street signs, and pedestrian crossings."
Tunnel_Exit_Street/north_to_south/005_n00262_S.jpg,n00262,0.6797338507958599,"The street is bustling with activity, featuring a mix of pedestrians and vehicles. The presence of greenery on the buildings and the modern architecture create a vibrant urban environment.","There is a green wall with plants on the left side of the image, along the building's exterior.",The footway is lined with tall buildings and has a greenery wall on the left side.,The base of the buildings along this street is made of brick and has a modern design with large windows.
Tunnel_Exit_Street/north_to_south/006_n00261_S.jpg,n00261,0.794142591047921,"The street is wide and has multiple lanes, with buildings on both sides. It appears to be a busy urban area with tall buildings and modern architecture.",There are green plants growing on the brick wall on the left side of the image.,"The footway is a paved area along the side of the road, with a brick wall and some greenery.",The base of the buildings along this street is made of brick.
Tunnel_Exit_Street/north_to_south/007_n00260_S.jpg,n00260,0.8022210608684195,"The street is wide and has a smooth surface, making it suitable for walking. There are no pedestrians or vehicles currently on the street, so it appears to be a quiet and peaceful environment.","There are green plants and bushes visible on the left side of the street, between the sidewalk and the buildings.",The footway is lined with brick walls and has greenery growing on top of them.,The base of the buildings along this street is made of brick.
Tunnel_Exit_Street/north_to_south/008_n00259_S.jpg,n00259,0.8455220631357269,"The street is bustling with activity, featuring tall buildings, traffic lights, and various vehicles. Pedestrians can navigate the crosswalks and sidewalks safely.","There are trees visible on the sidewalks, particularly on the left side of the image near the buildings and on the right side closer to the intersection.","The footway is a paved area with white crosswalk lines, located on the left side of the image.","The base of the buildings along this street includes ground-level commercial spaces, such as shops and restaurants, with large windows and awnings. There are also street signs, traffic lights, and pedestrian crosswalks visible."
Tunnel_Exit_Street/north_to_south/009_n00258_S.jpg,n00258,0.7654833725351369,"The street appears to be a typical urban setting with buildings, vehicles, and street furniture. The presence of a mural and a van suggests a mix of commercial and residential elements.","There are trees visible in the background, located between the buildings and the street.","The footway is a paved area adjacent to the road, with a brick wall and some trees along its length.","The base of the buildings along this street includes a mix of brick and concrete facades, with some buildings having a more modern design and others appearing older and more traditional."
Tunnel_Exit_Street/north_to_south/010_n00257_S.jpg,n00257,0.6766284042681966,"The street appears to be wide and well-paved, with clear markings and a few vehicles visible in the distance. The sidewalks are lined with buildings and some greenery, creating a pleasant urban environment.","There are trees visible in the background, along the left side of the street.","The footway is a paved area along the side of the road, with a brick wall separating it from the buildings.",The base of the buildings along this street is made of brick.
Tunnel_Exit_Street/north_to_south/011_n00256_S.jpg,n00256,0.4485958602401508,"Walking down this street would involve navigating a wide road with a green barrier on the right side, a sidewalk on the left with a mural, and buildings lining the street.","There are trees visible on the left side of the image, near the buildings.","The footway is a paved area along the street, with a brick wall on one side and a green fence on the other. There are a few people walking on the footway.",The base of the buildings along this street is made of brick.
Tunnel_Exit_Street/north_to_south/012_n00255_S.jpg,n00255,0.6702865492629451,"The street is bustling with activity, featuring a mix of pedestrians and vehicles. The presence of traffic lights and crosswalks indicates a well-organized urban environment.","There are trees visible on the right side of the image, near the buildings.","The footway is a paved area for pedestrians, with crosswalks at intersections and sidewalks along the buildings.","The base of the buildings along this street includes ground-level commercial spaces, pedestrian walkways, and street-level entrances."
Tunnel_Exit_Street/north_to_south/013_n00254_S.jpg,n00254,0.5657550717497225,"The street appears to be a typical urban setting with buildings on both sides, vehicles on the road, and a sidewalk for pedestrians.",There is no vegetation visible in this view.,The footway is not visible in the image.,"The base of the buildings along this street is made of brick, with a few having a stone or concrete base."
Tunnel_Exit_Street/north_to_south/014_n00253_S.jpg,n00253,0.3490533281074744,"The street is wide and has clear markings for vehicles, with buildings on both sides. It appears to be a typical urban street with no pedestrians visible.",There is no vegetation visible in this view.,"The footway is a paved area adjacent to the road, with a curb separating it from the street. It appears to be wide enough to accommodate pedestrians comfortably.",The base of the buildings along this street is made of brick.
Tunnel_Exit_Street/north_to_south/015_n00252_S.jpg,n00252,0.4226795892269455,"The street is wide and has a smooth surface, making it suitable for walking. There are no visible obstacles or hazards on the street itself.",There is no vegetation visible in this view.,"The footway is a paved area adjacent to the road, with a brick wall and a metal fence on one side.",The base of the buildings along this street is made of brick.
Tunnel_Exit_Street/north_to_south/016_n00251_S.jpg,n00251,0.4931437399020408,"The street appears to be busy with vehicles and pedestrians, as indicated by the presence of cars, trucks, and a billboard. The sidewalk is visible, suggesting it is a pedestrian-friendly area.","There are trees visible on the right side of the image, near the buildings.",The footway is not visible in the image.,"The base of the buildings along this street includes a mix of commercial and residential elements. There are storefronts, billboards, and a few vehicles parked along the street."
Tunnel_Exit_Street/north_to_south/017_n00250_S.jpg,n00250,0.5846134266721478,"The street is wide and has a smooth surface, making it suitable for walking. There are no visible obstacles or hazards on the street.","There are trees visible in the image, located on the left side near the buildings and also on the right side closer to the buildings.","The footway is a paved area for pedestrians, with a crosswalk marked by white stripes.","The base of the buildings along this street includes a mix of ground-level commercial spaces and residential entrances, with some buildings having scaffolding for construction or maintenance work."
Tunnel_Exit_Street/north_to_south/018_n00249_S.jpg,n00249,0.7655926678911389,"The street appears to be a typical urban setting with buildings on both sides, a clear path for pedestrians, and some greenery from trees.","There is a tree with green leaves visible on the left side of the image, near the sidewalk.","The footway is a paved area along the side of the road, with a brick wall separating it from the buildings.",The base of the buildings along this street is made of brick.
Tunnel_Exit_Street/north_to_south/019_n00248_S.jpg,n00248,0.7567272825785278,"The street is busy with vehicles, including a large yellow bus and a black car, and there are tall buildings on both sides.","There are trees visible in the background, lining the street and providing greenery to the urban environment.",The footway is not visible in the image.,The base of the buildings along this street is made of brick.
Tunnel_Exit_Street/north_to_south/020_n00247_S.jpg,n00247,0.694704701656143,"The street is bustling with activity, featuring a mix of pedestrians and vehicles. The presence of traffic lights and crosswalks indicates a well-organized urban environment.","There are trees visible in the background, lining the street and providing greenery to the urban environment.","The footway is a paved area for pedestrians, with a crosswalk marked by white lines.",The base of the buildings along this street is made of brick.
Tunnel_Exit_Street/north_to_south/021_n00246_S.jpg,n00246,0.7309467479570347,"The street is bustling with activity, featuring tall buildings, shops, and a mix of vehicles and pedestrians.","There are trees visible in the image, located on the sidewalks and corners of the buildings, providing greenery to the urban environment.","The footway is a paved area for pedestrians, with a red crosswalk marking the intersection.",The base of the buildings along this street includes storefronts and a few trees.
Tunnel_Exit_Street/south_to_north/001_n00246_N.jpg,n00246,0.7309467479570347,"The street is wide and has a pedestrian crossing. There are buildings on both sides, and vehicles are present.","There are trees visible in the background, located between the buildings and the horizon.",The footway is a pedestrian crossing with white stripes on the road.,"The base of the buildings along this street includes a mix of commercial and residential elements. On the left, there is a storefront with a sign indicating ""Best Laundry NYC,"" and on the right, there is a building with a sign that appears to be a restaurant or cafe."
Tunnel_Exit_Street/south_to_north/002_n00247_N.jpg,n00247,0.694704701656143,"The street appears to be well-maintained with clear markings and a mix of vehicles, including a bus and cars. The presence of buildings and trees suggests a urban environment with a blend of commercial and residential areas.","There are trees visible in the background, lining the street and providing greenery to the urban environment.",The footway is not visible in the image.,The base of the buildings along this street is made of brick.
Tunnel_Exit_Street/south_to_north/003_n00248_N.jpg,n00248,0.7567272825785278,"The street is lined with tall buildings and has a few trees, providing a mix of urban and natural elements. The sidewalks are wide and well-maintained, making it a pleasant walk.","There are trees visible on the right side of the image, lining the street.","The footway is a paved area adjacent to the road, with a brick wall separating it from the buildings.",The base of the buildings along this street is made of brick.
Tunnel_Exit_Street/south_to_north/004_n00249_N.jpg,n00249,0.7655926678911389,"The street appears to be well-maintained with clear pedestrian crossings and sidewalks. The presence of trees and buildings suggests a mix of residential and commercial areas, making it a pleasant walk for pedestrians.","There are trees visible on the left side of the image, near the buildings, and another tree further down the street on the right side.","The footway is a paved area along the side of the road, with a brick wall separating it from the street.",The base of the buildings along this street is made of brick.
Tunnel_Exit_Street/south_to_north/005_n00250_N.jpg,n00250,0.5846134266721478,"The street is busy with cars and pedestrians, and there are various signs and buildings along the way.","There are leafless trees visible on the right side of the image, near the buildings.","The footway is a paved area for pedestrians, with a crosswalk marked by white lines.","The base of the buildings along this street includes ground-level commercial spaces, pedestrian walkways, and street-level entrances."
Tunnel_Exit_Street/south_to_north/006_n00251_N.jpg,n00251,0.4931437399020408,"The street is wide and has a pedestrian crossing, making it suitable for both vehicles and pedestrians.",There is no vegetation visible in this view.,The footway is a paved area with a pedestrian crossing and a person walking on it.,The base of the buildings along this street is made of brick and includes a sidewalk and a pedestrian crossing.
Tunnel_Exit_Street/south_to_north/007_n00252_N.jpg,n00252,0.4226795892269455,"The street is wide and has a smooth surface, making it suitable for walking. The presence of buildings on both sides provides shade and a sense of enclosure.",There is no vegetation visible in this view.,"The footway is a paved area along the side of the road, with a railing separating it from the road.",The base of the buildings along this street is made of brick.
Tunnel_Exit_Street/south_to_north/008_n00253_N.jpg,n00253,0.3490533281074744,The street appears to be relatively empty with a few pedestrians and vehicles. The presence of a bicycle lane and the urban design suggest it is a pedestrian-friendly area.,There is no vegetation visible in this view.,"The footway is a paved area along the side of the road, with a brick wall separating it from the street.",The base of the buildings along this street is made of brick.
Tunnel_Exit_Street/south_to_north/009_n00254_N.jpg,n00254,0.5657550717497225,"The street appears to be busy with vehicles and pedestrians, with clear crosswalks and traffic signals to navigate.","There are trees visible on the right side of the image, near the buildings and the sidewalk.",The footway is a pedestrian area with crosswalks and is lined with various street signs and traffic lights.,"The base of the buildings along this street includes a mix of commercial and residential elements, with some buildings having ground-level shops or offices, and others featuring residential apartments or offices."
Tunnel_Exit_Street/south_to_north/010_n00255_N.jpg,n00255,0.6702865492629451,"The street appears to be relatively empty with a few pedestrians and a parked van. The buildings on either side are tall and modern, suggesting an urban environment.","There are trees with pink blossoms on the right side of the image, near the buildings.",The footway is lined with trees and has a brick wall on one side.,"The base of the buildings along this street includes a mix of materials, such as brick and concrete, and features various architectural elements like windows and doors. There are also some trees and plants visible at the base of the buildings, adding a touch of greenery to the urban environment."
Tunnel_Exit_Street/south_to_north/011_n00256_N.jpg,n00256,0.4485958602401508,"The street appears to be wide and well-paved, with clear lane markings and a few vehicles visible. The sidewalks are lined with buildings and have some greenery, making it a pleasant walk.","There are trees visible in the distance, lining the street and providing greenery to the urban environment.",The footway is lined with brick and has a few trees and lamp posts along it.,The base of the buildings along this street is made of brick.
Tunnel_Exit_Street/south_to_north/012_n00257_N.jpg,n00257,0.6766284042681966,"The street appears to be wide and well-paved, with clear markings and a few vehicles. The surrounding buildings are tall and modern, suggesting an urban environment.","There are trees visible on the right side of the image, near the buildings.",The footway is a paved area with a brick wall on the left side and a tree on the right side.,The base of the buildings along this street is made of brick.
Tunnel_Exit_Street/south_to_north/013_n00258_N.jpg,n00258,0.7654833725351369,"The street is wide and has multiple lanes for vehicles, with clear pedestrian crosswalks and traffic lights. There are tall buildings on both sides, and the sidewalk is lined with trees and street signs.","There are trees visible on the sidewalks, particularly on the left and right sides of the image, near the buildings and the crosswalks.",The footway is a pedestrian crossing with white stripes and green markings.,"The base of the buildings along this street includes a mix of ground-level commercial spaces, pedestrian walkways, and street-level entrances. There are also traffic signals and street signs visible at the intersection."
Tunnel_Exit_Street/south_to_north/014_n00259_N.jpg,n00259,0.8455220631357269,"The street is wide and has a smooth surface, making it suitable for walking. There are no pedestrians or vehicles visible, so it appears to be a quiet and empty street.","There are green bushes visible on the right side of the image, along the sidewalk.",The footway is lined with brick walls and has greenery along the side.,"The base of the buildings along this street is made of brick and concrete, with some greenery and plants growing along the sides."
Tunnel_Exit_Street/south_to_north/015_n00260_N.jpg,n00260,0.8022210608684195,"The street is wide and has clear markings for vehicles, with a pedestrian walking on the sidewalk.",There are vines growing on the brick wall on the right side of the image.,"The footway is a paved area along the side of the road, with a brick wall and some greenery on top.",The base of the buildings along this street is made of brick.
Tunnel_Exit_Street/south_to_north/016_n00261_N.jpg,n00261,0.794142591047921,"The street is wide and has a smooth surface, making it suitable for walking. There are no obstacles in the immediate path, and the sidewalks are clear and well-maintained.",There are green plants growing on the wall on the right side of the image.,"The footway is a paved area along the side of the road, with a brick wall and some greenery on top.",The base of the buildings along this street is made of brick.
Tunnel_Exit_Street/south_to_north/017_n00262_N.jpg,n00262,0.6797338507958599,"The street is bustling with activity, featuring tall buildings, traffic lights, and pedestrians.",There is no vegetation visible in this view.,The footway is a pedestrian area with crosswalks and people walking on it.,"The base of the buildings along this street includes ground-level commercial spaces, pedestrian walkways, and street-level entrances."
Tunnel_Exit_Street/south_to_north/018_n00263_N.jpg,n00263,0.5575591484999013,"The street appears to be relatively empty with a few vehicles and no pedestrians visible. The buildings are tall and modern, suggesting an urban environment.",There is no vegetation visible in this view.,The footway is lined with a brick wall and has a few people walking on it.,"The base of the buildings along this street is made of brick and stone, with a mix of dark and light colors."
Tunnel_Exit_Street/south_to_north/019_n00264_N.jpg,n00264,0.5646420828917204,"The street is wide and has multiple lanes, with buildings on both sides. It appears to be a busy urban area with a mix of commercial and office buildings.",There is no vegetation visible in this view.,The footway is made of bricks and has a curb separating it from the road.,"The base of the buildings along this street is made of brick and stone, with a mix of red and gray tones."
Tunnel_Exit_Street/south_to_north/020_n00265_N.jpg,n00265,0.5499579941204494,"The street is wide and has multiple lanes, with a clear pedestrian crossing and a brick wall on the left side.",There are no visible plants or vegetation in this view.,The footway is a paved area with a brick wall on the left side and a curb separating it from the street.,The base of the buildings along this street is made of brick.
Tunnel_Exit_Street/south_to_north/021_n00266_N.jpg,n00266,0.5815772255103349,"The street is bustling with activity, featuring tall buildings, pedestrians, and vehicles.","There are trees visible in the background, located between the buildings and the crosswalk.",The footway is a paved area with a crosswalk and a curb.,"The base of the buildings along this street is made of stone and brick, with a mix of green and gray tones."
