city,file,node_id,street,walk,side,seq,cardinal,nat_built,GVI_eye,GMI,V_sign,SVF,SFV,V_pave,GFAPI,IAS,I_raw,I,Y,D_raw,D,HW_effective,Omega,a,b,c,M,M_local,M_noA,M_local_noA,I_local,D_local,Omega_local
"Murray Hill, Manhattan",1st_avenue/north_to_south/001_n00045_S.jpg,n00045,1st_avenue,north_to_south,W,1,S,0.19073034910936998,0.20176439272948513,0.2159842845326716,0.5608614232209738,0.6907962771458118,0.8113696601184909,0.69524697110904,0.767554628038301,0.0543267365153279,0.2028263421238422,0.508478213678112,0.5458732580378209,0.37478685381218396,0.3299973169807469,,,0.4,0.25,0.35,0.44489808643978707,0.3240315502976701,0.44489808643978707,0.3240315502976701,0.23115695359657437,0.3284225929672207,
"Murray Hill, Manhattan",1st_avenue/north_to_south/002_n00044_S.jpg,n00044,1st_avenue,north_to_south,W,2,S,0.41927394003897483,0.502618135376756,0.5478106611284183,0.48353269537480054,0.7855124632296021,0.7908220720720721,0.6778525771793825,0.7281327543424316,0.11870600974553329,0.48990091218138304,0.9700788261267788,0.47538432882921,0.3982792934624579,0.4119740789698249,,,0.4,0.25,0.35,0.6014347085057801,0.5838551818792687,0.6014347085057801,0.5838551818792687,0.9040541184528634,0.4102476945705506,
"Murray Hill, Manhattan",1st_avenue/north_to_south/003_n00043_S.jpg,n00043,1st_avenue,north_to_south,W,3,S,0.1967625368383055,0.2403413456261662,0.22040288093630434,0.44924366684891565,0.6902573529411765,0.7478689006466784,0.7080501132880181,0.7349142729904253,0.06415626856803325,0.219168921133592,0.5572545293257641,0.49796686229938814,0.3861031909280257,0.36854772826931154,,,0.4,0.25,0.35,0.4688072961862916,0.3491635392212797,0.4688072961862916,0.3491635392212797,0.2678263348631063,0.3668897798046625,
"Murray Hill, Manhattan",1st_avenue/north_to_south/004_n00042_S.jpg,n00042,1st_avenue,north_to_south,W,4,S,0.22441487951065336,0.34321950740849766,0.3412284678150499,0.634465437097016,0.5153922542204569,0.7170652614511552,0.7756410256410257,0.7434649875977867,0.11128167641325537,0.3029542849114003,0.7747712756268298,0.6208460568247819,0.4434613510271405,0.5797921641256687,,1.0,0.45,0.15,0.4,0.6673975463559941,0.5473265694258868,0.6673975463559941,0.5473265694258868,0.49993634957023486,0.5780538537182055,1.0
"Murray Hill, Manhattan",1st_avenue/north_to_south/005_n00041_S.jpg,n00041,1st_avenue,north_to_south,W,5,S,0.22307686238352178,0.3014442052386079,0.24223210364514713,0.41050179211469534,0.6673907796282886,0.7511255296610169,0.7340493407060825,0.715820065706343,0.1407018694653985,0.2555843904224256,0.6608339270328398,0.48631035939758327,0.4373756050857405,0.5574042899174159,,,0.4,0.25,0.35,0.5766667620210376,0.452552596121895,0.5766667620210376,0.452552596121895,0.3615383854801387,0.555644345379077,
"Murray Hill, Manhattan",1st_avenue/north_to_south/006_n00040_S.jpg,n00040,1st_avenue,north_to_south,W,6,S,0.2947027627583253,0.49074618096357225,0.6622533748701973,0.5023489932885905,0.5173769660071029,0.7054090124038311,0.7696762696762698,0.7466029723991507,0.1334581995481032,0.48256743953069825,0.9674160644719971,0.5771916665602128,0.4515672346121865,0.609094722358083,,1.0,0.45,0.15,0.4,0.7440428113813558,0.7180535135190194,0.7440428113813558,0.7180535135190194,0.8961446946397821,0.6073955477055043,1.0
"Murray Hill, Manhattan",1st_avenue/north_to_south/007_n00039_S.jpg,n00039,1st_avenue,north_to_south,W,7,S,0.2668830405223936,0.3441633008632296,0.26153683319221005,0.4384057971014493,0.6662448078920041,0.7664203612479475,0.7868175765645806,0.6996223196881091,0.0697344914679973,0.2908610581926111,0.7484443656911592,0.49059443629918464,0.42827603401628894,0.5235177614054005,,,0.4,0.25,0.35,0.5942517388767958,0.49010795456284717,0.5942517388767958,0.49010795456284717,0.46372053929198065,0.5217386848427016,
"Murray Hill, Manhattan",1st_avenue/north_to_south/008_n00038_S.jpg,n00038,1st_avenue,north_to_south,W,8,S,0.2816572653295476,0.3450499910730227,0.3453125000000001,0.5546096345514949,0.5368099976308932,0.6856714178544636,0.786289500509684,0.6884846600331674,0.10914502164502167,0.3240065854675234,0.8157897697568499,0.568761432317923,0.4477172610773529,0.5952613291647297,,1.0,0.45,0.15,0.4,0.6812912378354518,0.5757921866514938,0.6812912378354518,0.5757921866514938,0.5627604918441712,0.5935421499594391,1.0
"Murray Hill, Manhattan",1st_avenue/north_to_south/009_n00037_S.jpg,n00037,1st_avenue,north_to_south,W,9,S,0.22268063247129308,0.2566607894994613,0.1849115255858441,0.48352619736419156,0.7101172273190621,0.7857229061066859,0.7939007715597226,0.7581689579597529,0.04155344202898551,0.22141764918553283,0.5639015822924012,0.5105259760016274,0.41772710679435404,0.48398213350458447,,,0.4,0.25,0.35,0.5214060327803101,0.3896687038505928,0.5214060327803101,0.3896687038505928,0.27315095370330467,0.4822014442891469,
"Murray Hill, Manhattan",1st_avenue/north_to_south/010_n00036_S.jpg,n00036,1st_avenue,north_to_south,W,10,S,0.26610000379088666,0.3698630136986301,0.3386737872719181,0.5453580097087379,0.5935821317500708,0.7615792934986847,0.7939270408696562,0.7302480717114864,0.0953703703703704,0.32487893492047826,0.8173576990931908,0.5606746498900511,0.4446487056200133,0.5841250771567712,,,0.4,0.25,0.35,0.6613321579776117,0.5700661940961832,0.6613321579776117,0.5700661940961832,0.5653345925899813,0.5823917806840103,
"Murray Hill, Manhattan",1st_avenue/north_to_south/011_n00035_S.jpg,n00035,1st_avenue,north_to_south,W,11,S,0.16245184615004526,0.16666666666666666,0.12568435460096863,0.6159387997623291,0.688032272523532,0.7263567758509955,0.728206973768394,0.7870652726348654,0.02806156741497512,0.1516009558058935,0.3587511730366618,0.5716572666245541,0.3781342705916846,0.3411921869522777,,,0.4,0.25,0.35,0.39605084221862313,0.2712625766357399,0.39605084221862313,0.2712625766357399,0.13985503092788906,0.33959111832760003,
"Murray Hill, Manhattan",1st_avenue/north_to_south/012_n00034_S.jpg,n00034,1st_avenue,north_to_south,W,12,S,0.17538601791603747,0.3075527134462496,0.20676373675305007,0.7284525320919735,0.5603531189887332,0.717570825798674,0.812538844002486,0.8169114457458017,0.06931045145330861,0.22990082270511236,0.5887523072432038,0.6616702862830139,0.4409246477278973,0.5704946799158827,,1.0,0.45,0.15,0.4,0.5916523097348452,0.4322164339360766,0.5916523097348452,0.4322164339360766,0.29382138590227697,0.5687465158874698,1.0
"Murray Hill, Manhattan",1st_avenue/north_to_south/013_n00033_S.jpg,n00033,1st_avenue,north_to_south,W,13,S,0.17334924390235487,0.169609630135946,0.12743405275779382,0.6161530752849806,0.6543927648578811,0.7401912298054731,0.7552775203377613,0.8222744360902255,0.06401677373304782,0.15679764226536488,0.3732198247764651,0.5946782488391082,0.40964714703540456,0.4538088840678647,,1.0,0.45,0.15,0.4,0.43278841071568874,0.28458062121153255,0.43278841071568874,0.28458062121153255,0.14752649867923753,0.4520419584701431,1.0
"Murray Hill, Manhattan",1st_avenue/north_to_south/014_n00032_S.jpg,n00032,1st_avenue,north_to_south,W,14,S,0.18651097549216575,0.2541666666666667,0.2744050964961589,0.7664343897161766,0.7224937343358396,0.7825143417874396,0.8115971287572904,0.8365219054907213,0.07317460317460316,0.2383609128849971,0.6130926848372599,0.626820853623686,0.44238586596594676,0.5758568256151226,,1.0,0.45,0.15,0.4,0.5999072126761473,0.44422958156054715,0.5999072126761473,0.44422958156054715,0.3153175201681593,0.5741141937575996,1.0
"Murray Hill, Manhattan",1st_avenue/north_to_south/015_n00031_S.jpg,n00031,1st_avenue,north_to_south,W,15,S,0.17143820632267162,0.24527741796200342,0.20723303219828582,0.6866467576791808,0.7780655391120508,0.7811069003631771,0.7799788330572427,0.8132012215362145,0.08890822376901264,0.20798288549432029,0.5239303593159473,0.5739274800344482,0.43444352841312767,0.5465282256297496,,1.0,0.45,0.15,0.4,0.5401901929914646,0.38132855595050924,0.5401901929914646,0.38132855595050924,0.24233662940278747,0.544760354365012,1.0
"Murray Hill, Manhattan",1st_avenue/north_to_south/016_n00030_S.jpg,n00030,1st_avenue,north_to_south,W,16,S,0.16410779189838146,0.20714348091869708,0.1999280834232291,0.6563108687183482,0.7331965262907447,0.7685250667923936,0.8090777445922708,0.8011339126147777,0.05571018893387314,0.19039311874676917,0.4712112329127961,0.5747494183474604,0.43239396676307196,0.5388986123797102,,1.0,0.45,0.15,0.4,0.5122378227259213,0.3523028038788169,0.5122378227259213,0.3523028038788169,0.2057087954988209,0.53712618830876,1.0
"Murray Hill, Manhattan",1st_avenue/north_to_south/017_n00029_S.jpg,n00029,1st_avenue,north_to_south,W,17,S,0.1486891261889451,0.18618120112144018,0.1959800372929692,0.5575576606260296,0.7420774647887324,0.8066081178869812,0.726130814700591,0.7744150559511699,0.05767047067506955,0.1769501215344515,0.4312878854190699,0.5299650839294889,0.3919006426878303,0.389006478167668,,1.0,0.45,0.15,0.4,0.426839977965866,0.28799316671082337,0.426839977965866,0.28799316671082337,0.18059750824801002,0.3873129457991139,1.0
"Murray Hill, Manhattan",1st_avenue/north_to_south/018_n00028_S.jpg,n00028,1st_avenue,north_to_south,W,18,S,0.1486891261889451,0.18618120112144018,0.1959800372929692,0.5575576606260296,0.7420774647887324,0.8066081178869812,0.726130814700591,0.7744150559511699,0.05767047067506955,0.1769501215344515,0.4312878854190699,0.5299650839294889,0.3919006426878303,0.389006478167668,,,0.4,0.25,0.35,0.43797932499148157,0.30872245607784543,0.43797932499148157,0.30872245607784543,0.18059750824801002,0.3873129457991139,
"Murray Hill, Manhattan",1st_avenue/north_to_south/019_n00027_S.jpg,n00027,1st_avenue,north_to_south,W,19,S,0.1354119987387551,0.15077424612876936,0.12936308024469234,0.5939289805269187,0.7199166666666666,0.7984514497906297,0.760958358238693,0.8041804180418041,0.039618297935541356,0.13851644170407224,0.32348481961882325,0.5593975773006854,0.4002883280871172,0.41929331372800815,,,0.4,0.25,0.35,0.40621222111762234,0.2746267222099361,0.40621222111762234,0.2746267222099361,0.12201251477498544,0.41755803773960853,
"Murray Hill, Manhattan",1st_avenue/north_to_south/020_n00026_S.jpg,n00026,1st_avenue,north_to_south,W,20,S,0.1354119987387551,0.15077424612876936,0.12936308024469234,0.5939289805269187,0.7199166666666666,0.7984514497906297,0.760958358238693,0.8041804180418041,0.039618297935541356,0.13851644170407224,0.32348481961882325,0.5593975773006854,0.4002883280871172,0.41929331372800815,,,0.4,0.25,0.35,0.40621222111762234,0.2746267222099361,0.40621222111762234,0.2746267222099361,0.12201251477498544,0.41755803773960853,
"Murray Hill, Manhattan",1st_avenue/north_to_south/021_n00025_S.jpg,n00025,1st_avenue,north_to_south,W,21,S,0.1410069154717289,0.20107227288078353,0.15253195673549658,0.6473371831889638,0.744568324757004,0.8003425677688413,0.7672550667787429,0.7982903202486806,0.03660097570400426,0.164870381696003,0.39614461184913163,0.5670197262268801,0.40192802124137356,0.4252935673388324,,1.0,0.45,0.15,0.4,0.4300801908371428,0.2856372939960877,0.4300801908371428,0.2856372939960877,0.16012995862010074,0.4235515709999633,1.0
"Murray Hill, Manhattan",1st_avenue/north_to_south/022_n00023_S.jpg,n00023,1st_avenue,north_to_south,W,22,S,0.21903509091149462,0.2581949765857812,0.2094386487829111,0.5149456521739131,0.6992474623731186,0.8005985575135698,0.6985566247224279,0.7772480537104492,0.05601345668629102,0.2288895720933956,0.5858110108103454,0.5309820811704145,0.3772850407043594,0.33833465686509884,,1.0,0.45,0.15,0.4,0.463437809819149,0.33778451149593647,0.463437809819149,0.33778451149593647,0.29130980337654966,0.33674014350267417,1.0
"Murray Hill, Manhattan",1st_avenue/north_to_south/023_n00022_S.jpg,n00022,1st_avenue,north_to_south,W,23,S,0.21903509091149462,0.2581949765857812,0.2094386487829111,0.5149456521739131,0.6992474623731186,0.8005985575135698,0.6985566247224279,0.7772480537104492,0.05601345668629102,0.2288895720933956,0.5858110108103454,0.5309820811704145,0.3772850407043594,0.33833465686509884,,1.0,0.45,0.15,0.4,0.463437809819149,0.33778451149593647,0.463437809819149,0.33778451149593647,0.29130980337654966,0.33674014350267417,1.0
"Murray Hill, Manhattan",1st_avenue/north_to_south/024_n00021_S.jpg,n00021,1st_avenue,north_to_south,W,24,S,0.15661231789113678,0.17286636212022333,0.13543548063415614,0.6720502467474203,0.5660231200095339,0.8239626631663386,0.6226268285091815,0.7861971735290121,0.05923090158293184,0.15497138688183873,0.3681077121931032,0.6307414334222995,0.3409288650460567,0.22862932173247386,,,0.4,0.25,0.35,0.3564913377275732,0.24497379261799954,0.3564913377275732,0.24497379261799954,0.1447916416841374,0.22737416164780547,
"Murray Hill, Manhattan",1st_avenue/north_to_south/025_n00020_S.jpg,n00020,1st_avenue,north_to_south,W,25,S,0.1886771517984611,0.2611560622777982,0.21005847953216375,0.5378652355396542,0.6147281150938796,0.7594298245614035,0.5132743362831858,0.6639802631578947,0.045155038759689924,0.21996389786947435,0.5596068848763733,0.5290391278678896,0.27921468752143785,0.10510188251747869,,,0.4,0.25,0.35,0.3073185965874351,0.22899098786711053,0.3073185965874351,0.22899098786711053,0.2697011684302327,0.10443306674126923,
"Murray Hill, Manhattan",1st_avenue/north_to_south/026_n00019_S.jpg,n00019,1st_avenue,north_to_south,W,26,S,0.19046278066761652,0.2152439024390244,0.15890441339543135,0.4133660253992204,0.6146760209901894,0.7500686813186813,0.5052331743508214,0.6842424242424242,0.05094844357976654,0.18820369883402407,0.4646700718767464,0.49431080955048506,0.278090808965294,0.10352680154623259,,1.0,0.45,0.15,0.4,0.25723866709967946,0.1761508141214702,0.25723866709967946,0.1761508141214702,0.20144915332398802,0.10286685666887505,1.0
"Murray Hill, Manhattan",1st_avenue/north_to_south/027_n00018_S.jpg,n00018,1st_avenue,north_to_south,W,27,S,0.34619388974765675,0.2838342172461206,0.18615023474178405,0.5737633900441085,0.6468654932637983,0.7501145317940261,0.44356636271529887,0.7494402985074626,0.10202418506834914,0.2720594472451871,0.7036444702041339,0.5587793984292575,0.272795273891824,0.09638342405044724,,1.0,0.45,0.15,0.4,0.3068993535824274,0.23961198152688545,0.3068993535824274,0.23961198152688545,0.40830118322732856,0.09576415120711283,1.0
"Murray Hill, Manhattan",1st_avenue/north_to_south/028_n00017_S.jpg,n00017,1st_avenue,north_to_south,W,28,S,0.3885521297608798,0.36552583267768163,0.35481508604906625,0.6771481481481482,0.6807459447109893,0.786646701988789,0.7320235231221598,0.7943953079914691,0.19992581602373885,0.36963101616254257,0.8844816314607226,0.5969325038095427,0.4659746695729493,0.6591750313512296,0.5367320941078925,1.0,0.55,0.35,0.1,0.7484327004952248,0.6527041295594528,0.7484327004952248,0.6527041295594528,0.6899458535696152,0.6575711617913533,1.0
"Murray Hill, Manhattan",1st_avenue/north_to_south/029_n00016_S.jpg,n00016,1st_avenue,north_to_south,W,29,S,0.3896960279601608,0.40445423396965247,0.3919345369147218,0.597482070470845,0.6518503345623378,0.7538956639566395,0.519093851132686,0.7604749689054726,0.06785213628329372,0.395361599614845,0.9124832236365567,0.5687022349379933,0.29347299370798985,0.12698263584418923,0.5367320941078925,1.0,0.55,0.35,0.1,0.6349036878735045,0.570418397875213,0.6349036878735045,0.570418397875213,0.7518742051521716,0.1261942165994458,1.0
"Murray Hill, Manhattan",1st_avenue/north_to_south/030_n00015_S.jpg,n00015,1st_avenue,north_to_south,W,30,S,0.4160174905228371,0.44008355321020226,0.32408859270874174,0.5745595186935969,0.6960110041265475,0.7642916952119966,0.5096777018742337,0.7240607252075142,0.11170212765957448,0.39339654548059366,0.9105817227109153,0.5342030799248545,0.31068991476690405,0.1584706780119029,0.5367320941078925,1.0,0.55,0.35,0.1,0.6343333400050643,0.5687235415798165,0.6343333400050643,0.5687235415798165,0.7474489354628151,0.15752202927293485,1.0
"Murray Hill, Manhattan",1st_avenue/north_to_south/031_n00014_S.jpg,n00014,1st_avenue,north_to_south,W,31,S,0.35879930487959233,0.3143613632744067,0.2641283524904215,0.5202991452991453,0.7178124261752893,0.7232126013959631,0.6402560278399204,0.7748266721044046,0.1301114264690423,0.31242967354814016,0.7939916237811006,0.5257711304094201,0.38518372715448135,0.36534391922714876,0.5306981504889148,1.0,0.55,0.35,0.1,0.6359863612881425,0.508102236173147,0.6359863612881425,0.508102236173147,0.5283321336195935,0.363692082284616,1.0
"Murray Hill, Manhattan",1st_avenue/north_to_south/032_n00013_S.jpg,n00013,1st_avenue,north_to_south,W,32,S,0.3726705767562933,0.3887675885492479,0.370552355133853,0.5436168769502103,0.7200472284364903,0.7645107794361525,0.6771198318149966,0.7890147077964337,0.1422125835078273,0.377330173479798,0.893591386569187,0.5375281187700511,0.40966620766141193,0.45387975232906774,0.5306981504889148,1.0,0.55,0.35,0.1,0.6989738564815401,0.6153755962176384,0.6989738564815401,0.6153755962176384,0.7093555248765272,0.4521127792041663,1.0
"Murray Hill, Manhattan",1st_avenue/north_to_south/033_n00012_S.jpg,n00012,1st_avenue,north_to_south,W,33,S,0.4190961782161843,0.4870370370370371,0.3887737152908657,0.5566,0.7225704272813047,0.713311209439528,0.7345238095238095,0.7635447291054178,0.15896235615369614,0.43163564351469563,0.9415649649563955,0.5325247672747043,0.4467430828387528,0.5917359219880335,0.5306981504889148,1.0,0.55,0.35,0.1,0.736290822165892,0.6840295699254351,0.736290822165892,0.6840295699254351,0.8240341022093881,0.5900120819753049,1.0
"Murray Hill, Manhattan",1st_avenue/north_to_south/034_n00011_S.jpg,n00011,1st_avenue,north_to_south,W,34,S,0.3682758171893217,0.36938202247191015,0.3512518409425625,0.4808787319175131,0.7446966877558615,0.7585366835789643,0.7433897243107769,0.7673489492119089,0.0996823909195043,0.3629698935345981,0.8760601865609312,0.5011769977911869,0.42153605761514057,0.4982602230781589,,1.0,0.45,0.15,0.4,0.6428674420288061,0.569963224603695,0.6428674420288061,0.569963224603695,0.6725921973638995,0.496477544582905,1.0
"Murray Hill, Manhattan",1st_avenue/north_to_south/035_n00010_S.jpg,n00010,1st_avenue,north_to_south,W,35,S,0.3234883585939413,0.3078309836331226,0.27182623365668496,0.5525818639798489,0.7259056501757231,0.7777090827338129,0.6700223713646533,0.7806305356389709,0.09770114942528733,0.3010485252945829,0.7707555389534834,0.5357689164810322,0.3838617603949703,0.3607584916461472,,,0.4,0.25,0.35,0.5395563859818905,0.4509665060836029,0.5395563859818905,0.4509665060836029,0.49421932829727183,0.35911565572946014,
"Murray Hill, Manhattan",1st_avenue/north_to_south/036_n00009_S.jpg,n00009,1st_avenue,north_to_south,W,36,S,0.3425441566500114,0.2744197530864197,0.2149664147774979,0.5187234308577144,0.769528152260111,0.7709113607990012,0.48065809097688295,0.6595916717202345,0.06320315721269958,0.27731010817130963,0.716612757680574,0.46959565010594595,0.27193062409479124,0.09525973934552762,,,0.4,0.25,0.35,0.31817284892246256,0.25724884850497953,0.31817284892246256,0.25724884850497953,0.4236067212846356,0.09464693006825078,
"Murray Hill, Manhattan",1st_avenue/north_to_south/037_n00008_S.jpg,n00008,1st_avenue,north_to_south,W,37,S,0.30579712407166465,0.2224119035575788,0.19597043395326663,0.6199358202968311,0.7668705187684521,0.7602005129400792,0.6167199786751967,0.7743284676398053,0.07918219258678172,0.24139315386083668,0.6216877034574922,0.542464589722728,0.3479510856309892,0.24773412661054547,,,0.4,0.25,0.35,0.435428450893316,0.3345599803652521,0.435428450893316,0.3345599803652521,0.3232254417905469,0.24640758670680757,
"Murray Hill, Manhattan",1st_avenue/north_to_south/038_n00007_S.jpg,n00007,1st_avenue,north_to_south,W,38,S,0.347978642350508,0.2819545234639574,0.23856685115059717,0.42637120854942645,0.6668444128451237,0.7955268860896654,0.6050024166263895,0.6302405498281787,0.05039823485093101,0.2895000056550208,0.7453568735684861,0.46325578184416044,0.32770032573866026,0.19552602687708803,,,0.4,0.25,0.35,0.414307235407767,0.3407841789024763,0.414307235407767,0.3407841789024763,0.45966137412233293,0.19440679948285342,
"Murray Hill, Manhattan",1st_avenue/north_to_south/039_n00006_S.jpg,n00006,1st_avenue,north_to_south,W,39,S,0.27528789438793744,0.2714345172031077,0.19121962402567627,0.7063539989264628,0.6741654995331466,0.8080354102826014,0.6785057048214943,0.7808591347139635,0.13400770712909438,0.2459806785389071,0.6345457162008448,0.6043492113690931,0.40625670597529434,0.4412354850804,,,0.4,0.25,0.35,0.5520034699591665,0.4271362569406231,0.5520034699591665,0.4271362569406231,0.33538297644884124,0.4394781241667567,
"Murray Hill, Manhattan",1st_avenue/north_to_south/040_n00005_S.jpg,n00005,1st_avenue,north_to_south,W,40,S,0.2875430361817073,0.2567025394128198,0.16935126020589278,0.6582900739342458,0.6417112299465241,0.7812737498100014,0.6770190095653227,0.7877182656464586,0.1567304902814041,0.23786561193347328,0.6116818563314738,0.60143236987806,0.4168747499233634,0.4807897728656844,,,0.4,0.25,0.35,0.5598752462735561,0.4282613837945824,0.5598752462735561,0.4282613837945824,0.31403575049096083,0.47900992601643116,
"Murray Hill, Manhattan",1st_avenue/north_to_south/041_n00004_S.jpg,n00004,1st_avenue,north_to_south,W,41,S,0.2698423469016127,0.21420751221155468,0.19083481000196892,0.6225605917532263,0.5657117231191305,0.814441604404247,0.6314892136395267,0.7773089545241444,0.12594373771848175,0.22496155637171206,0.5743297385670205,0.6113859410527467,0.37871647567900424,0.3431579222780368,,,0.4,0.25,0.35,0.487154023820791,0.3657533925943169,0.487154023820791,0.3657533925943169,0.28167517089704586,0.34155241157520083,
"Murray Hill, Manhattan",1st_avenue/north_to_south/042_n00003_S.jpg,n00003,1st_avenue,north_to_south,W,42,S,0.3234035965856799,0.3452974033816425,0.2740316103122166,0.6315808145310062,0.6791072371896462,0.8295711060948081,0.7205008775482652,0.7625775457709184,0.18621700879765393,0.314244203426513,0.7975304387353543,0.5716837077040928,0.45335894317295955,0.6154746749438522,,,0.4,0.25,0.35,0.6702108071048694,0.5702056144671952,0.6702108071048694,0.5702056144671952,0.5337546852710611,0.6137856480684509,
"Murray Hill, Manhattan",1st_avenue/north_to_south/043_n00002_S.jpg,n00002,1st_avenue,north_to_south,W,43,S,0.25724873083731054,0.21859615690011114,0.20540848701169936,0.6199358202968311,0.6874384539635647,0.8078286961265685,0.7641488992893049,0.7786544850498339,0.07400177743921794,0.227084458249707,0.5805455919973678,0.5703839504610334,0.4190753383642614,0.489034277501538,,,0.4,0.25,0.35,0.5443084948214616,0.41003661767378874,0.5443084948214616,0.41003661767378874,0.286858146801798,0.48725255209727264,
"Murray Hill, Manhattan",1st_avenue/north_to_south/044_n00001_S.jpg,n00001,1st_avenue,north_to_south,W,44,S,0.2784543351741244,0.278724585682556,0.26815900686740624,0.6799559995243193,0.6798296931877275,0.8586662153012864,0.7100785340314136,0.8024033131155025,0.14643692182575987,0.27511264257469553,0.7112272004038528,0.6008432064840314,0.42825772792858674,0.5234492650069791,,,0.4,0.25,0.35,0.6124910399259443,0.494207029646172,0.6124910399259443,0.494207029646172,0.4171815312343289,0.5216701663689776,
"Murray Hill, Manhattan",1st_avenue/north_to_south/045_n00000_S.jpg,n00000,1st_avenue,north_to_south,W,45,S,0.20666686679436108,0.17234703020993347,0.2088315102179259,0.658390903857225,0.5576738991703892,0.8451368726669432,0.4023374529822676,0.7916751097602162,0.06534890685834079,0.19594846907407348,0.48784780085394286,0.6307973714823506,0.23384317992030418,0.05612818360949387,,,0.4,0.25,0.35,0.244061656834766,0.17603469398929486,0.244061656834766,0.17603469398929486,0.21681501557198773,0.05575159670718721,
"Murray Hill, Manhattan",1st_avenue/south_to_north/001_n00000_N.jpg,n00000,1st_avenue,south_to_north,W,1,N,0.17181841635990042,0.17677777777777778,0.10860429108604293,0.6495000735186003,0.4888727624576681,0.8418276813880127,0.7022435897435897,0.789542273636104,0.1016850974196946,0.15240016174124038,0.3609604249486296,0.6500565282323454,0.4019643435816421,0.4254267407795158,,,0.4,0.25,0.35,0.44290470243638597,0.30367289181658885,0.44290470243638597,0.30367289181658885,0.14101271214131372,0.42368460109988126,
"Murray Hill, Manhattan",1st_avenue/south_to_north/002_n00001_N.jpg,n00001,1st_avenue,south_to_north,W,2,N,0.3014239993853567,0.3176671064204046,0.26328548041808336,0.7069176614631161,0.644127875869449,0.8393381371764077,0.7279489204844655,0.7965560007632132,0.1464351851851852,0.2941255287412815,0.7557477852884334,0.6197819287856268,0.4371920528348253,0.5567249347985703,,,0.4,0.25,0.35,0.6462264298454128,0.5353913581393127,0.6462264298454128,0.5353913581393127,0.47347500626828104,0.5549644456775562,
"Murray Hill, Manhattan",1st_avenue/south_to_north/003_n00002_N.jpg,n00002,1st_avenue,south_to_north,W,3,N,0.3622535209656231,0.3184256917298996,0.24585808065020318,0.5675921877277365,0.5341207349081364,0.7943697257383966,0.6658312447786132,0.7730358022086236,0.08122845399098384,0.30884576444857526,0.7868680598119719,0.6021690850094079,0.37352984938479855,0.3258419218579728,,,0.4,0.25,0.35,0.5405586435749182,0.4564039049071499,0.5405586435749182,0.4564039049071499,0.5176035093834571,0.3242774298538019,
"Murray Hill, Manhattan",1st_avenue/south_to_north/004_n00003_N.jpg,n00003,1st_avenue,south_to_north,W,4,N,0.25502899131090984,0.21122236128493954,0.1603549468977082,0.5070379436964504,0.5178270803270802,0.7731422505307856,0.6772295761465436,0.7573481737626971,0.09741566078613433,0.20886876649785252,0.5265812152764006,0.5821863457106891,0.3873226184663389,0.37281465204087366,,,0.4,0.25,0.35,0.4784914579781304,0.3513761926762852,0.4784914579781304,0.3513761926762852,0.24429384695021125,0.371148790750177,
"Murray Hill, Manhattan",1st_avenue/south_to_north/005_n00004_N.jpg,n00004,1st_avenue,south_to_north,W,5,N,0.33059703094798754,0.322950377562028,0.3027373870896673,0.5396566710126032,0.5745726495726496,0.7845809743482212,0.5809620596205963,0.7698353025420693,0.08726975638740346,0.3187615985332276,0.8061428140518543,0.5783064413273409,0.3341159080039999,0.2111076999824239,,,0.4,0.25,0.35,0.46417391204961,0.3967565283180108,0.46417391204961,0.3967565283180108,0.5472171760852818,0.2099225543993031,
"Murray Hill, Manhattan",1st_avenue/south_to_north/006_n00005_N.jpg,n00005,1st_avenue,south_to_north,W,6,N,0.27001476042958716,0.23892498523331365,0.18853090447707088,0.5153489399293286,0.5844285145360414,0.796496192272759,0.35018547959724433,0.7581282790216508,0.06811277190424107,0.23249021671332387,0.5962544374521935,0.5630162348049793,0.2091491257507427,0.03943896971585216,,,0.4,0.25,0.35,0.22718352069596837,0.1722624480653771,0.22718352069596837,0.1722624480653771,0.3003097237385895,0.039169710727043144,
"Murray Hill, Manhattan",1st_avenue/south_to_north/007_n00006_N.jpg,n00006,1st_avenue,south_to_north,W,7,N,0.2264616627718304,0.16330682025964527,0.14158254308147245,0.45979609929078014,0.5935459085670379,0.7815759218198243,0.33380867498514566,0.7549294676954252,0.030862923203963666,0.17711700870431604,0.43177915916444265,0.5403932194730559,0.18233579909455466,0.0267277105291556,,,0.4,0.25,0.35,0.1724720633243708,0.12148670511525972,0.1724720633243708,0.12148670511525972,0.18089405349681192,0.02654283621809305,
"Murray Hill, Manhattan",1st_avenue/south_to_north/008_n00007_N.jpg,n00007,1st_avenue,south_to_north,W,8,N,0.25810873032802556,0.21136741479634247,0.16146848602988953,0.6876964667421098,0.6307692307692307,0.8097380814141023,0.5353522111518965,0.7984709739415522,0.07135756446101271,0.21031487705141916,0.5309051827171796,0.618466069971477,0.3033548878064546,0.14434306179288928,,,0.4,0.25,0.35,0.349642587283083,0.25711529004146716,0.349642587283083,0.25711529004146716,0.24751171837734592,0.14346456696122636,
"Murray Hill, Manhattan",1st_avenue/south_to_north/009_n00008_N.jpg,n00008,1st_avenue,south_to_north,W,9,N,0.26287785933522384,0.2532310956790123,0.19677647892313135,0.6734432234432234,0.6238041992794136,0.8342101643628362,0.6246761658031087,0.7698642372275812,0.07683626749210033,0.23762847797912248,0.6110057328487922,0.6065010871304637,0.35075621664760454,0.2556586170437434,,,0.4,0.25,0.35,0.44958018564516844,0.34358476372687885,0.44958018564516844,0.34358476372687885,0.3134230820487861,0.2543039885092678,
"Murray Hill, Manhattan",1st_avenue/south_to_north/010_n00009_N.jpg,n00009,1st_avenue,south_to_north,W,10,N,0.2863063768960849,0.3107324716020368,0.29605692649170917,0.6665419628382591,0.6287257019438445,0.8155042735042736,0.7181921129762857,0.7905801396022653,0.09520147646877881,0.29769859166327695,0.7635755020846309,0.6094654668322266,0.4066967947225323,0.4428636474059868,,,0.4,0.25,0.35,0.5964479931792682,0.49639537615329093,0.5964479931792682,0.49639537615329093,0.48417455753358096,0.441104921007892,
"Murray Hill, Manhattan",1st_avenue/south_to_north/011_n00010_N.jpg,n00010,1st_avenue,south_to_north,W,11,N,0.32847587634508574,0.3909679234665166,0.3665254237288136,0.6856805891151767,0.6088664421997755,0.8066133912128387,0.7466878083157154,0.8280404186214363,0.1405676292547385,0.3619897411801386,0.874777443129613,0.6349515218456124,0.44362771878522694,0.5804000334351602,,,0.4,0.25,0.35,0.6994372736363071,0.628004990790441,0.6994372736363071,0.628004990790441,0.6699968638171618,0.5786624102636003,
"Murray Hill, Manhattan",1st_avenue/south_to_north/012_n00011_N.jpg,n00011,1st_avenue,south_to_north,W,12,N,0.4085258049724258,0.49035552193645987,0.4009177027827116,0.7682561728395062,0.633581267217631,0.7978144811478144,0.7641598119858989,0.8196211360339247,0.19701855623444228,0.43326634323053237,0.9426323684130306,0.6514320138852666,0.4805891841101706,0.7065813188729372,,1.0,0.45,0.15,0.4,0.7946928067105864,0.7485549870304959,0.7946928067105864,0.7485549870304959,0.826853589056349,0.705100732291029,1.0
"Murray Hill, Manhattan",1st_avenue/south_to_north/013_n00012_N.jpg,n00012,1st_avenue,south_to_north,W,13,N,0.3479090145466894,0.42756286266924565,0.49058233972697424,0.7532189576056435,0.7044822793606671,0.8142984992427372,0.7563965037743344,0.8117272996154984,0.19716345647826547,0.4220180723143031,0.9348818513577998,0.6201546592868249,0.47677998012629996,0.6945970204803661,0.5306981504889148,1.0,0.55,0.35,0.1,0.7860759267476144,0.7246628310061872,0.7860759267476144,0.7246628310061872,0.8066691824519097,0.6930822287838106,1.0
"Murray Hill, Manhattan",1st_avenue/south_to_north/014_n00013_N.jpg,n00013,1st_avenue,south_to_north,W,14,N,0.3819854545483399,0.37604833790789877,0.3412440398786303,0.7361409796893668,0.6708547008547008,0.7964701527693654,0.7205544053370141,0.8157534246575343,0.21443569553805775,0.366425944111623,0.8804934523118887,0.6270132344974001,0.4674950504375359,0.6642798859157323,0.5306981504889148,1.0,0.55,0.35,0.1,0.7601185475615244,0.6601454041259612,0.7601185475615244,0.6601454041259612,0.681658763724421,0.6626877461670423,1.0
"Murray Hill, Manhattan",1st_avenue/south_to_north/015_n00014_N.jpg,n00014,1st_avenue,south_to_north,W,15,N,0.35915434986990136,0.3447548761201898,0.3339728056004308,0.7462406015037594,0.6286666666666667,0.7808106758010419,0.6700781540751768,0.8208533953179479,0.13167311979349994,0.34596067719684065,0.8521454397188166,0.6461424433850135,0.40087563693433836,0.42143985205081014,0.5306981504889148,1.0,0.55,0.35,0.1,0.720893322514812,0.608260860534723,0.720893322514812,0.608260860534723,0.6261703170861671,0.4197021130270183,1.0
"Murray Hill, Manhattan",1st_avenue/south_to_north/016_n00015_N.jpg,n00015,1st_avenue,south_to_north,W,16,N,0.3259209866795682,0.28010516334798724,0.23932367149758452,0.6914935473717344,0.6690761636107193,0.7721540953262379,0.629170601196097,0.7852939163758297,0.09419663439372987,0.2817832738417133,0.7273857770380469,0.6025704333789482,0.3616836177949134,0.2880762249516941,0.5367320941078925,1.0,0.55,0.35,0.1,0.6207605663900555,0.4686713409408846,0.6207605663900555,0.4686713409408846,0.4367637503695792,0.28661596974202275,1.0
"Murray Hill, Manhattan",1st_avenue/south_to_north/017_n00016_N.jpg,n00016,1st_avenue,south_to_north,W,17,N,0.1905543036416541,0.21073277578653923,0.17644866778460963,0.6317483388704318,0.7642802873325044,0.7885606381476776,0.6624365482233503,0.7681531716673518,0.10470494417862837,0.19257858240426765,0.4777504506477284,0.5452070744017596,0.38357074620098935,0.35975243512702737,0.5367320941078925,1.0,0.55,0.35,0.1,0.4863596094487223,0.3093496385026196,0.4863596094487223,0.3093496385026196,0.2100269405979449,0.3581116140573167,1.0
"Murray Hill, Manhattan",1st_avenue/south_to_north/018_n00017_N.jpg,n00017,1st_avenue,south_to_north,W,18,N,0.17884608940868146,0.1487808439188203,0.08517573696145127,0.3649593216454681,0.7816032076782219,0.6913714804722978,0.40148847631241996,0.4740714786264892,0.03857457751653196,0.13760089009631765,0.32108515939365506,0.35247586419791177,0.22003152691447597,0.046109622545795835,0.5367320941078925,1.0,0.55,0.35,0.1,0.27322193905183473,0.1595128809256122,0.27322193905183473,0.1595128809256122,0.12084044727513059,0.045796992789523434,1.0
"Murray Hill, Manhattan",1st_avenue/south_to_north/019_n00018_N.jpg,n00018,1st_avenue,south_to_north,W,19,N,0.18249693457595978,0.18425482899167114,0.10371313879882656,0.24917428861788618,0.7946741627372749,0.6630041856925418,0.32271720724241243,0.4124136097820308,0.02995344379022317,0.1568216341221525,0.3732871752900328,0.2889712452208807,0.1763353255163178,0.024483441144667203,,1.0,0.45,0.15,0.4,0.12080824040787888,0.07934290798705237,0.12080824040787888,0.07934290798705237,0.1475627096443684,0.024313702540047326,1.0
"Murray Hill, Manhattan",1st_avenue/south_to_north/020_n00019_N.jpg,n00019,1st_avenue,south_to_north,W,20,N,0.1611518354226255,0.15661997665499416,0.07735604702131897,0.32860777898945837,0.7997746591362884,0.704826504245109,0.4177823549605217,0.44919638925583455,0.021307057436415738,0.13170928636631288,0.30587223442682937,0.3260098363696681,0.21954470619846872,0.0457895036171637,,1.0,0.45,0.15,0.4,0.1444721064026817,0.09223718309159362,0.1444721064026817,0.09223718309159362,0.11352854882171876,0.045478940831137814,1.0
"Murray Hill, Manhattan",1st_avenue/south_to_north/021_n00020_N.jpg,n00020,1st_avenue,south_to_north,W,21,N,0.13854342066507672,0.136660724896019,0.12843735054997607,0.4623044670214482,0.794984121583305,0.7757582433722553,0.46204188481675396,0.6929281901989325,0.03764657227655329,0.13454716537035727,0.3131499146629349,0.45341617854569183,0.2498442285466536,0.07028389639497988,,,0.4,0.25,0.35,0.2036220064661846,0.1370224944418262,0.2036220064661846,0.1370224944418262,0.11700116014549813,0.06981935856077472,
"Murray Hill, Manhattan",1st_avenue/south_to_north/022_n00021_N.jpg,n00021,1st_avenue,south_to_north,W,22,N,0.1581642310228325,0.23567041965199595,0.17009367146447332,0.5228876269144725,0.7769673704414587,0.7817748441510818,0.760756250552169,0.805360023463851,0.04485988543118128,0.18797610737976725,0.46399077244773196,0.5170934266456216,0.4028080679916751,0.42852320696252544,,,0.4,0.25,0.35,0.46364652909713727,0.33132186943104874,0.46364652909713727,0.33132186943104874,0.20101016700964697,0.4267778056115767,
"Murray Hill, Manhattan",1st_avenue/south_to_north/023_n00022_N.jpg,n00022,1st_avenue,south_to_north,W,23,N,0.1448908564870519,0.2007837407013815,0.15063481816225524,0.5051061113770544,0.7882916982084279,0.737095363079615,0.7706604643366021,0.7643529893529893,0.039597232517914506,0.16543647178356286,0.3977707533223425,0.4937224675072052,0.40512884842725827,0.43706868308686136,,1.0,0.45,0.15,0.4,0.42665524698374985,0.2835769603060109,0.42665524698374985,0.2835769603060109,0.1610456595324617,0.43531498869275703,1.0
"Murray Hill, Manhattan",1st_avenue/south_to_north/024_n00023_N.jpg,n00023,1st_avenue,south_to_north,W,24,N,0.1448908564870519,0.2007837407013815,0.15063481816225524,0.5051061113770544,0.7882916982084279,0.737095363079615,0.7706604643366021,0.7643529893529893,0.039597232517914506,0.16543647178356286,0.3977707533223425,0.4937224675072052,0.40512884842725827,0.43706868308686136,,1.0,0.45,0.15,0.4,0.42665524698374985,0.2835769603060109,0.42665524698374985,0.2835769603060109,0.1610456595324617,0.43531498869275703,1.0
"Murray Hill, Manhattan",1st_avenue/south_to_north/025_n00025_N.jpg,n00025,1st_avenue,south_to_north,W,25,N,0.14277842967381868,0.18801567656765675,0.25101010101010107,0.544047619047619,0.797054033618333,0.7648719146616835,0.8029948237614,0.7683431447828685,0.03569202742221581,0.1939347357505255,0.4818122355162336,0.5051122434040514,0.4193434255918079,0.49003916401215236,,1.0,0.45,0.15,0.4,0.4885348180979872,0.33767552157506064,0.4885348180979872,0.33767552157506064,0.21273976684401033,0.4882572758979235,1.0
"Murray Hill, Manhattan",1st_avenue/south_to_north/026_n00026_N.jpg,n00026,1st_avenue,south_to_north,W,26,N,0.20106594890170293,0.18983797950917322,0.17294762915782025,0.5864087742700459,0.795551335174954,0.7520473526311521,0.7581182348043298,0.7645587908424094,0.0773635714749205,0.18795051918956546,0.46391440687366026,0.5184720766458337,0.41774090313962514,0.48403381687413943,,,0.4,0.25,0.35,0.4841311014402238,0.3459968911909337,0.4841311014402238,0.3459968911909337,0.2009608564171651,0.4822531152161794,
"Murray Hill, Manhattan",1st_avenue/south_to_north/027_n00027_N.jpg,n00027,1st_avenue,south_to_north,W,27,N,0.20106594890170293,0.18983797950917322,0.17294762915782025,0.5864087742700459,0.795551335174954,0.7520473526311521,0.7581182348043298,0.7645587908424094,0.0773635714749205,0.18795051918956546,0.46391440687366026,0.5184720766458337,0.41774090313962514,0.48403381687413943,,,0.4,0.25,0.35,0.4841311014402238,0.3459968911909337,0.4841311014402238,0.3459968911909337,0.2009608564171651,0.4822531152161794,
"Murray Hill, Manhattan",1st_avenue/south_to_north/028_n00028_N.jpg,n00028,1st_avenue,south_to_north,W,28,N,0.2126610447164968,0.32146401985111656,0.33423913043478254,0.5866440146366964,0.7836710175985454,0.7138246628131021,0.8120949844651576,0.8051544101310819,0.09929959331224587,0.28945473166746527,0.7452537437873322,0.536042469056411,0.45569728888870176,0.6237414344709168,,,0.4,0.25,0.35,0.6448713376420527,0.5309661893430584,0.6448713376420527,0.5309661893430584,0.45952643916071495,0.6220664220270654,
"Murray Hill, Manhattan",1st_avenue/south_to_north/029_n00029_N.jpg,n00029,1st_avenue,south_to_north,W,29,N,0.2126610447164968,0.32146401985111656,0.33423913043478254,0.5866440146366964,0.7836710175985454,0.7138246628131021,0.8120949844651576,0.8051544101310819,0.09929959331224587,0.28945473166746527,0.7452537437873322,0.536042469056411,0.45569728888870176,0.6237414344709168,,1.0,0.45,0.15,0.4,0.6605696143073004,0.5308285959097702,0.6605696143073004,0.5308285959097702,0.45952643916071495,0.6220664220270654,1.0
"Murray Hill, Manhattan",1st_avenue/south_to_north/030_n00030_N.jpg,n00030,1st_avenue,south_to_north,W,30,N,0.20657787951828652,0.2778108072400581,0.2465336728919071,0.5753391472868218,0.8034345561991691,0.7053639846743295,0.8209338428469071,0.7980794398638921,0.08105893370794037,0.24364078655008392,0.6280100749628365,0.5233280103171816,0.4509963882774237,0.6070540650731413,,1.0,0.45,0.15,0.4,0.6028260630563912,0.4502445658718578,0.6028260630563912,0.4502445658718578,0.329153402489177,0.6053517674300404,1.0
"Murray Hill, Manhattan",1st_avenue/south_to_north/031_n00031_N.jpg,n00031,1st_avenue,south_to_north,W,31,N,0.21267149166694607,0.29994007191370353,0.3030475108839674,0.49996489750070205,0.7875759266146027,0.6778542742398165,0.8262601844390725,0.7619988107373429,0.06002209045459831,0.27188635815487233,0.7032111580829142,0.4914625938744807,0.44314113744683536,0.5786214977696371,,1.0,0.45,0.15,0.4,0.6164104394595482,0.48179171565125206,0.6164104394595482,0.48179171565125206,0.40779947708882325,0.5768818787196468,1.0
"Murray Hill, Manhattan",1st_avenue/south_to_north/032_n00032_N.jpg,n00032,1st_avenue,south_to_north,W,32,N,0.22555635527132242,0.34043907095132037,0.24711465451784362,0.5288504714863045,0.7784380032206119,0.7604958607872953,0.7769564109100178,0.7784201426410201,0.1076636422553467,0.27103669358016214,0.7010788052201928,0.5096108703022375,0.44231002658268226,0.5755789499694998,,1.0,0.45,0.15,0.4,0.6176221182614394,0.4820803603054142,0.6176221182614394,0.4820803603054142,0.40533949257829177,0.5738360213350172,1.0
"Murray Hill, Manhattan",1st_avenue/south_to_north/033_n00033_N.jpg,n00033,1st_avenue,south_to_north,W,33,N,0.21438518984653437,0.23444623223384284,0.20346995346995347,0.5440410539215685,0.7489039457951375,0.7687263556116015,0.7644362536622248,0.6897754523653804,0.05433033732800707,0.21743379185011022,0.5521114508097092,0.49497085349727044,0.40938329549511593,0.4528280657599987,,1.0,0.45,0.15,0.4,0.5017325973684025,0.359275574917955,0.5017325973684025,0.359275574917955,0.2637631139195015,0.4510618052877035,1.0
"Murray Hill, Manhattan",1st_avenue/south_to_north/034_n00034_N.jpg,n00034,1st_avenue,south_to_north,W,34,N,0.2181201039020439,0.2592501637197118,0.1910445601851852,0.34186351706036744,0.6405364563656971,0.6845738295318128,0.7850877192982456,0.44697526328679893,0.03170075599461993,0.22280494260231362,0.5679910390304374,0.3827674413271564,0.4083942376464328,0.4491547495688571,,1.0,0.45,0.15,0.4,0.4873627304283998,0.3519296024595017,0.4873627304283998,0.3519296024595017,0.2764685967418124,0.4473911018777231,1.0
"Murray Hill, Manhattan",1st_avenue/south_to_north/035_n00035_N.jpg,n00035,1st_avenue,south_to_north,W,35,N,0.2368545988433511,0.2833719135802469,0.28998839714901375,0.6269224733207784,0.7585323559549145,0.7736957946988855,0.7886658168684937,0.75878587196468,0.048538011695906436,0.2700716365242039,0.69864623486777,0.5423919964435147,0.41860191428220006,0.4872599367389275,,,0.4,0.25,0.35,0.5780927114314302,0.46309092508193345,0.5780927114314302,0.46309092508193345,0.40255117923321926,0.4854785337893303,
"Murray Hill, Manhattan",1st_avenue/south_to_north/036_n00036_N.jpg,n00036,1st_avenue,south_to_north,W,36,N,0.1802052028597636,0.22451556380127805,0.15997099965881947,0.2950316706254949,0.6247480854494155,0.7132499006754073,0.7248352039907359,0.41921368861024044,0.030120481927710847,0.18823058877328702,0.4647503398394132,0.36316575792877326,0.3774778429592234,0.3389823824283374,,,0.4,0.25,0.35,0.39126959821062623,0.279628737175491,0.39126959821062623,0.279628737175491,0.2015010668974792,0.337386372991789,
"Murray Hill, Manhattan",1st_avenue/south_to_north/037_n00037_N.jpg,n00037,1st_avenue,south_to_north,W,37,N,0.2035760471877887,0.27436023622047245,0.220678522282206,0.4511378848728247,0.7783072144571509,0.7845304900860457,0.7756221568102757,0.7311036789297659,0.056117574326982535,0.23287160189682238,0.5973557039267525,0.46797811644847986,0.4158698655686291,0.47702817949558757,,,0.4,0.25,0.35,0.5194455193534369,0.39451419263223214,0.5194455193534369,0.39451419263223214,0.3012722589449456,0.47524951166525076,
"Murray Hill, Manhattan",1st_avenue/south_to_north/038_n00038_N.jpg,n00038,1st_avenue,south_to_north,W,38,N,0.19818822763340802,0.3104942233632862,0.18882412804144688,0.3062962962962963,0.6468724448078494,0.7136833514689881,0.7971034356725145,0.5510316875460575,0.07687816270922543,0.2325021930127137,0.5962890343587165,0.4034851796781681,0.43699079919086997,0.5559798202678521,,1.0,0.45,0.15,0.4,0.5468312430521761,0.40111832242315354,0.5468312430521761,0.40111832242315354,0.3003399226707329,0.5542187414280618,1.0
"Murray Hill, Manhattan",1st_avenue/south_to_north/039_n00039_N.jpg,n00039,1st_avenue,south_to_north,W,39,N,0.2089097766787009,0.26732730644413544,0.19989738017626454,0.3583364626361247,0.7815330745223416,0.7627772002772003,0.7971179851250844,0.694871794871795,0.06025596479036369,0.2253781544330336,0.5755514562298505,0.42389172766185934,0.428686974957724,0.5250551529184155,,,0.4,0.25,0.35,0.5163202066946003,0.38805430484558606,0.5163202066946003,0.38805430484558606,0.2826877787637714,0.5232765894467293,
"Murray Hill, Manhattan",1st_avenue/south_to_north/040_n00040_N.jpg,n00040,1st_avenue,south_to_north,W,40,N,0.17987464682349563,0.28345443536179227,0.1763572783309625,0.4272927436339269,0.6236796363150153,0.7547169811320754,0.7341894184790991,0.704257907542579,0.09091137965760325,0.21322878683875013,0.5396032282655416,0.5026236716204968,0.41255039906835117,0.4646232073546462,,1.0,0.45,0.15,0.4,0.5028753441557057,0.35776715232612066,0.5028753441557057,0.35776715232612066,0.25408162975198334,0.4628498569505751,1.0
"Murray Hill, Manhattan",1st_avenue/south_to_north/041_n00041_N.jpg,n00041,1st_avenue,south_to_north,W,41,N,0.19057476330731518,0.246973723058754,0.24822695035460987,0.510313725490196,0.7871885596343801,0.7959556139582421,0.7545668827342369,0.7221570926143025,0.051952123888979775,0.22859181224022634,0.5849437770302861,0.4817607528233728,0.4032595033116083,0.4301822907963819,,,0.4,0.25,0.35,0.5004168087537721,0.37771964373423933,0.5004168087537721,0.37771964373423933,0.2905726892583694,0.4284351980192926,
"Murray Hill, Manhattan",1st_avenue/south_to_north/042_n00042_N.jpg,n00042,1st_avenue,south_to_north,W,42,N,0.21710386540100188,0.33061594202898553,0.22958995197635765,0.5127490336009516,0.5706214689265536,0.7676211453744494,0.6800419883516186,0.7525000000000001,0.08497441032487758,0.25910325313544835,0.6702329931433916,0.564875854891466,0.3825081993382481,0.3560896439057694,,1.0,0.45,0.15,0.4,0.5072456137873801,0.3881646462997981,0.5072456137873801,0.3881646462997981,0.3713412844250629,0.3544562799485097,1.0
"Murray Hill, Manhattan",1st_avenue/south_to_north/043_n00043_N.jpg,n00043,1st_avenue,south_to_north,W,43,N,0.21072470458188,0.2634595011075797,0.21507312813796112,0.6352194168920949,0.6910386567746974,0.7968276741590946,0.7749883122954652,0.7602642276422764,0.05334929546455306,0.22975244460914024,0.5883211301730388,0.5681483292532246,0.4141688038800091,0.47066673691256905,,,0.4,0.25,0.35,0.5393999968517719,0.4078545556431125,0.5393999968517719,0.4078545556431125,0.2934520772476785,0.4688905219562887,
"Murray Hill, Manhattan",1st_avenue/south_to_north/044_n00044_N.jpg,n00044,1st_avenue,south_to_north,W,44,N,0.4777815714306933,0.6736130800491447,0.5955980435749222,0.3736683238636364,0.7902467883705206,0.7496561801615953,0.769040098271475,0.7097093791281374,0.1483620866707743,0.5823308983515867,0.9899289757091008,0.43104363820708436,0.45870109247112467,0.6342553884566386,,,0.4,0.25,0.35,0.688120319716013,0.6808453183022127,0.688120319716013,0.6808453183022127,0.966178920060001,0.632599611857938,
"Murray Hill, Manhattan",1st_avenue/south_to_north/045_n00045_N.jpg,n00045,1st_avenue,south_to_north,W,45,N,0.2910836804979724,0.30407705119849376,0.2394520675814432,0.49335856337192047,0.7435481691663289,0.7885545512210593,0.7510723477266228,0.7564102564102564,0.07761469673405907,0.27820426642596974,0.7187867003131836,0.5020735502052827,0.41434352223034093,0.4713197255309345,,,0.4,0.25,0.35,0.5668815395532947,0.459341164206605,0.5668815395532947,0.459341164206605,0.4262287011368048,0.469543232227222,
"Murray Hill, Manhattan",2nd_avenue/north_to_south/001_n00079_S.jpg,n00079,2nd_avenue,north_to_south,W,1,S,0.1704894801340478,0.23602077687443543,0.21008638211382116,0.7707343344104416,0.5249901999215995,0.8487390350877192,0.739753320683112,0.8295775975862719,0.12205567451820128,0.2055322130407681,0.516590546449848,0.6917739106917046,0.43090449760065663,0.5333423110895524,2.7753632171881697,0.8902041303792668,0.3,0.2,0.5,0.556467482783904,0.4397281799366308,0.556467482783904,0.4397281799366308,0.2369780163515567,0.5315670942963598,0.8233580080016878
"Murray Hill, Manhattan",2nd_avenue/north_to_south/002_n00078_S.jpg,n00078,2nd_avenue,north_to_south,W,2,S,0.2717532740573721,0.28796231136132616,0.24066727698097848,0.7839339600742804,0.503864734299517,0.8467265203576443,0.7187647754137115,0.8139329805996472,0.10664842240824209,0.2667942874665589,0.6903019777018449,0.6980007354581368,0.41270659891097683,0.46520607250777596,2.9229134007554047,0.870718095975971,0.3,0.2,0.5,0.5679441086096069,0.47876810936510006,0.5679441086096069,0.47876810936510006,0.3931299243823077,0.46343242315338634,0.8053351951179568
"Murray Hill, Manhattan",2nd_avenue/north_to_south/003_n00077_S.jpg,n00077,2nd_avenue,north_to_south,W,3,S,0.3437519475126102,0.27344985434873076,0.23161916563403553,0.7560305909305303,0.3123096446700508,0.8144378892166503,0.6517126789366053,0.8173504935165473,0.1448449184749295,0.2829403224984588,0.7301303213861131,0.7536904799256755,0.39827879870576743,0.41197228113820933,3.07046358432264,0.8516585991765894,0.15,0.15,0.7,0.49146954331073156,0.45420804024848077,0.49146954331073156,0.45420804024848077,0.4401823209588864,0.41024589901666964,0.7877068907968259
"Murray Hill, Manhattan",2nd_avenue/north_to_south/004_n00076_S.jpg,n00076,2nd_avenue,north_to_south,W,4,S,0.31076985631338505,0.23457446808510637,0.20413376683697168,0.6344106225729677,0.4606976744186047,0.8078575813382444,0.6438789088489688,0.8019410723318159,0.11095697040498446,0.249826030411821,0.6451785431213103,0.6585513401620596,0.3774179396269766,0.3387810704840005,3.4542035662811315,0.8040204820491323,0.15,0.15,0.7,0.4122719886784955,0.3742054980452236,0.4122719886784955,0.3742054980452236,0.3457454566816671,0.33718552538598173,0.7436459570351467
"Murray Hill, Manhattan",2nd_avenue/north_to_south/005_n00075_S.jpg,n00075,2nd_avenue,north_to_south,W,5,S,0.28654619378630247,0.1776857983811626,0.1777429700902514,0.7113363363363363,0.3383202833706189,0.8078575813382444,0.5311927369648508,0.7739400584795321,0.07134180527004297,0.21399165408590548,0.5418766320059426,0.7156520371484165,0.3012672711174469,0.1405184051336921,2.309092485979165,0.9546945115230695,0.3,0.2,0.5,0.2917273286552783,0.23219670911595483,0.2917273286552783,0.23219670911595483,0.255820513493809,0.13965938844780776,0.8830057561324547
"Murray Hill, Manhattan",2nd_avenue/north_to_south/006_n00074_S.jpg,n00074,2nd_avenue,north_to_south,W,6,S,0.32608287180714524,0.3401633340657731,0.2904160566129819,0.6809347373894955,0.3937471158283341,0.8199043802292062,0.7007876496534342,0.8041142303969022,0.1449121744397335,0.3188874208286334,0.8063786619221317,0.6971006173193546,0.42284991204658384,0.5031871270081298,2.1125824690250017,0.9832544219963606,0.3,0.2,0.5,0.618707759344835,0.5499081163882104,0.618707759344835,0.5499081163882104,0.5475912500401834,0.5014044367314467,0.9094210806558054
"Murray Hill, Manhattan",2nd_avenue/north_to_south/007_n00073_S.jpg,n00073,2nd_avenue,north_to_south,W,7,S,0.32611285143520413,0.29565794463405387,0.2160018993352327,0.7204710144927536,0.2914270778881338,0.8218141126908899,0.691540979773179,0.8189630018674136,0.09762071378586423,0.27925756513483024,0.7213344901003539,0.7493356461573444,0.3945808467795216,0.39860349137101264,2.167049418027577,0.9752539184562985,0.3,0.2,0.5,0.5403147670420427,0.4614327427930438,0.5403147670420427,0.4614327427930438,0.4293226537895481,0.396895318729395,0.9020213411657746
"Murray Hill, Manhattan",2nd_avenue/north_to_south/008_n00072_S.jpg,n00072,2nd_avenue,north_to_south,W,8,S,0.4077262743074406,0.49105803622937577,0.5055096418732782,0.7392572762218562,0.47128041483845234,0.8279804890409223,0.7075447405690741,0.7996092749167306,0.15628960709759188,0.4680979841366981,0.9614755417997335,0.6891953787667114,0.431917173833333,0.5371209734787422,1.9969539716046885,1.0,0.4,0.25,0.35,0.7215827200097903,0.6952990322637058,0.7215827200097903,0.6952990322637058,0.8788377552775806,0.5353476079907832,0.9253319116676532
"Murray Hill, Manhattan",2nd_avenue/north_to_south/009_n00071_S.jpg,n00071,2nd_avenue,north_to_south,W,9,S,0.3319089922049419,0.33920379441723036,0.2902580572458869,0.5899692036955565,0.46261648745519707,0.814441604404247,0.769040098271475,0.781275487797227,0.077204217607866,0.3204569479560197,0.8093023476450183,0.6362094013458621,0.4231221579396705,0.5042079929204878,2.453455488427493,0.9342433550326299,0.3,0.2,0.5,0.6087768365839729,0.5418725820252871,0.6087768365839729,0.5418725820252871,0.5522528568205174,0.5024253435017296,0.8640902929317559
"Murray Hill, Manhattan",2nd_avenue/north_to_south/010_n00070_S.jpg,n00070,2nd_avenue,north_to_south,W,10,S,0.3548415023258882,0.36573879551820737,0.34493499458288196,0.6658493650194894,0.3890980218482433,0.8394821035792841,0.6554774915430652,0.7754836696484294,0.15038639876352397,0.3551717641423258,0.8655370133153336,0.6840783376065585,0.4029319451532946,0.4289783134328579,2.252088865904497,0.9628926674002004,0.3,0.2,0.5,0.5813324014180691,0.5327949606339926,0.5813324014180691,0.5327949606339926,0.651662544619592,0.4272324442022337,0.8905883060914243
"Murray Hill, Manhattan",2nd_avenue/north_to_south/011_n00069_S.jpg,n00069,2nd_avenue,north_to_south,W,11,S,0.23857843937429557,0.21226415094339623,0.15475554368153888,0.7128691053327457,0.4607065048241519,0.8098377909856365,0.6407604412923562,0.8029925544100802,0.07318608017116605,0.2018660446664102,0.5055979000902858,0.6850517183062247,0.3569732607317611,0.27380526059132054,2.050722243381501,0.992420533620697,0.3,0.2,0.5,0.39537312415357945,0.3109970073696024,0.39537312415357945,0.3109970073696024,0.22911529317924326,0.27238966692782457,0.9178989018100607
"Murray Hill, Manhattan",2nd_avenue/north_to_south/012_n00068_S.jpg,n00068,2nd_avenue,north_to_south,W,12,S,0.15796826871063932,0.14866755005889284,0.15041725434884815,0.579984544049459,0.36145937813440315,0.7985406748085282,0.5073643410852714,0.7989751496462906,0.0336393596986817,0.15235102437279344,0.3608244230825742,0.6725001051871154,0.27050185039197655,0.09342860332355887,2.775137604042196,0.8902342571522007,0.3,0.2,0.5,0.20795395160572477,0.15634558784023447,0.20795395160572477,0.15634558784023447,0.1409413042497799,0.09282636520530897,0.8233858725317477
"Murray Hill, Manhattan",2nd_avenue/north_to_south/013_n00067_S.jpg,n00067,2nd_avenue,north_to_south,W,13,S,0.17057826646472973,0.1975185185185185,0.12442178797318988,0.7438819416431356,0.4195300157977883,0.8211224979024331,0.4756923689978083,0.7971213267751293,0.10320858441695742,0.16417285765214604,0.3941440719097724,0.7071577508734921,0.2894504767073829,0.12044288455763494,2.412262516515109,0.9400338652763874,0.3,0.2,0.5,0.244900873945207,0.18593302566867284,0.244900873945207,0.18593302566867284,0.1590074521572335,0.11968950298618172,0.8694459892455692
"Murray Hill, Manhattan",2nd_avenue/north_to_south/014_n00066_S.jpg,n00066,2nd_avenue,north_to_south,W,14,S,0.2062455553753447,0.2224124809741248,0.22052671610572352,0.7775377969762419,0.687995870014129,0.8239901325932779,0.7248939620758484,0.8348982146745048,0.19771409075400884,0.21639491748506434,0.5490267177255233,0.6414800472122058,0.4613040264149286,0.6432642738194595,2.169754421636574,0.9748582889198087,0.3,0.2,0.5,0.6130690476700231,0.4900542044999073,0.6130690476700231,0.4900542044999073,0.2613493590432263,0.641626237215037,0.9016554197597123
"Murray Hill, Manhattan",2nd_avenue/north_to_south/015_n00065_S.jpg,n00065,2nd_avenue,north_to_south,W,15,S,0.2419311553419493,0.21867494824016562,0.1680320015330076,0.7926882423449929,0.5325056974931032,0.8115876824635073,0.7219876692132422,0.8455940315315315,0.18275231332042177,0.20954603503837418,0.528606829773433,0.7019255254611403,0.452369991266832,0.6119579519093906,1.2175878831172726,1.0,0.4,0.25,0.35,0.5972806164748699,0.43927316859267046,0.5972806164748699,0.43927316859267046,0.2457973652619067,0.6102632594571084,1.0
"Murray Hill, Manhattan",2nd_avenue/north_to_south/016_n00064_S.jpg,n00064,2nd_avenue,north_to_south,W,16,S,0.3479353059750803,0.3016856441169904,0.2621165469266735,0.7764017419706043,0.501865463860118,0.8322093770070649,0.65911446764401,0.8183406605794161,0.16063015312131915,0.30391249900624806,0.7767714430006021,0.6976256462299675,0.4098723103826646,0.4546461702550913,0.590344389062695,1.0,0.55,0.35,0.1,0.7090820554768782,0.5580057154021009,0.7090820554768782,0.5580057154021009,0.5028109622394159,0.4528786877101316,1.0
"Murray Hill, Manhattan",2nd_avenue/north_to_south/017_n00063_S.jpg,n00063,2nd_avenue,north_to_south,W,17,S,0.2467161273961358,0.19811394279479386,0.19039841922735704,0.7101985078603783,0.5572143916913946,0.8272534357316088,0.6193675072343944,0.8052224539450816,0.16493969298245614,0.21174282980609554,0.5351703113484977,0.652735523371355,0.39215360010842526,0.38990870251482374,0.5941890442619032,1.0,0.55,0.35,0.1,0.5558081836119407,0.3661138721612958,0.5558081836119407,0.3661138721612958,0.25071697619650357,0.38821373799008335,1.0
"Murray Hill, Manhattan",2nd_avenue/north_to_south/018_n00062_S.jpg,n00062,2nd_avenue,north_to_south,W,18,S,0.3006270397822963,0.2641527265853889,0.2431256181998022,0.7842566863494268,0.629968587652531,0.8178853573397024,0.6510559249120064,0.8120557598039215,0.19992581602373885,0.2693017948558291,0.6966976863564445,0.6554479528336057,0.4254908704678726,0.5130877739550767,0.5976259985708766,1.0,0.55,0.35,0.1,0.6614270365018361,0.4875142110790571,0.6614270365018361,0.4875142110790571,0.40033139587373634,0.5113061069299396,1.0
"Murray Hill, Manhattan",2nd_avenue/north_to_south/019_n00061_S.jpg,n00061,2nd_avenue,north_to_south,W,19,S,0.4048826030958407,0.36186504570728495,0.349302936807222,0.7834082785656635,0.6174959121700537,0.8127120627120626,0.7029443641618497,0.8317381825915883,0.25725524475524475,0.37201686187011584,0.8873748392964337,0.665883516329066,0.4800998044585472,0.7050571109633426,0.6209157476487066,1.0,0.55,0.35,0.1,0.784279264688744,0.6860693111332676,0.784279264688744,0.6860693111332676,0.6960368911296616,0.7035720598652471,1.0
"Murray Hill, Manhattan",2nd_avenue/north_to_south/020_n00060_S.jpg,n00060,2nd_avenue,north_to_south,W,20,S,0.3659829102561646,0.36285398061216706,0.3406914893617021,0.5656966490299823,0.5415138015373865,0.7780829596412556,0.7427002583979329,0.7970348837209302,0.258201253225212,0.35650946007667794,0.8673942912763566,0.6070725770711753,0.5004507558115724,0.7643649839739889,0.6173689888175483,1.0,0.55,0.35,0.1,0.7559331682764678,0.6477870963419836,0.7559331682764678,0.6477870963419836,0.6552974763842533,0.7630782055779132,1.0
"Murray Hill, Manhattan",2nd_avenue/north_to_south/021_n00059_S.jpg,n00059,2nd_avenue,north_to_south,W,21,S,0.4887562610182732,0.7071473750790639,0.724815001681803,0.6207977207977208,0.5840717299578059,0.7555701440280099,0.7454142371234208,0.7590713774170447,0.2918356734269371,0.64023954592638,0.9949478405632589,0.5985991227523197,0.5186249552751789,0.8099021239530948,0.631317191526189,1.0,0.55,0.35,0.1,0.8158889531500162,0.8102975661645246,0.8158889531500162,0.8102975661645246,0.9828282455697213,0.8088018159671929,1.0
"Murray Hill, Manhattan",2nd_avenue/north_to_south/022_n00058_S.jpg,n00058,2nd_avenue,north_to_south,W,22,S,0.36180367651361167,0.33999333999333997,0.3559775992208425,0.41544117647058826,0.7580681561724215,0.7962200884011583,0.739979815455594,0.6693305536252027,0.05115819667694973,0.3525915385759314,0.8618925330216365,0.4422345246411231,0.3955690060662719,0.4021619790147126,0.631317191526189,1.0,0.55,0.35,0.1,0.6322920793381906,0.5386954700173289,0.6322920793381906,0.5386954700173289,0.6446014635668192,0.4004487109708521,1.0
"Murray Hill, Manhattan",2nd_avenue/north_to_south/023_n00056_S.jpg,n00056,2nd_avenue,north_to_south,W,23,S,0.33848675521108434,0.2997388709276299,0.3123239005267671,0.5116468422543189,0.8984225819842258,0.8204229797979798,0.7015450512467493,0.7805354993983152,0.07206444737007082,0.3168498422218271,0.8025324632139775,0.4645865865561361,0.38680474930841,0.37100010121227417,0.631317191526189,1.0,0.55,0.35,0.1,0.6135714893466567,0.49397708985020916,0.6135714893466567,0.49397708985020916,0.5415271394305794,0.36933757328362266,1.0
"Murray Hill, Manhattan",2nd_avenue/north_to_south/024_n00055_S.jpg,n00055,2nd_avenue,north_to_south,W,24,S,0.383069133391557,0.3585016262007413,0.3591840402588066,0.729957127545552,0.8678839957035446,0.8113591105210753,0.7684410646387833,0.8052780860771982,0.10787878787878791,0.36691826661703497,0.8811137102749933,0.5557837393064018,0.4381599262587856,0.5603047339995644,,,0.4,0.25,0.35,0.670174262092927,0.6045751323185096,0.670174262092927,0.6045751323185096,0.6829393939631178,0.5585471886380801,
"Murray Hill, Manhattan",2nd_avenue/north_to_south/025_n00054_S.jpg,n00054,2nd_avenue,north_to_south,W,25,S,0.38756181178507026,0.34974073214147516,0.3580302484695715,0.7590384991205785,0.8083571769194086,0.8049855179638873,0.7550157444894287,0.839212252612853,0.17165769403319872,0.3651109307987056,0.8788229940378327,0.5966311916046743,0.4633367192613137,0.6502300996325499,,,0.4,0.25,0.35,0.717894337031607,0.6466501753490411,0.717894337031607,0.6466501753490411,0.6782246947246376,0.6486065758177016,
"Murray Hill, Manhattan",2nd_avenue/north_to_south/026_n00053_S.jpg,n00053,2nd_avenue,north_to_south,W,26,S,0.3723932701887748,0.3484334814122048,0.3280569514237856,0.7624154219328482,0.8436684605348989,0.8264238219138479,0.5879870642057107,0.8240986421101919,0.14702742189256013,0.3496279010082551,0.8576045209983342,0.5809485345027137,0.3675072430491354,0.30631768338293275,,1.0,0.45,0.15,0.4,0.5358813643812091,0.4676401314429174,0.5358813643812091,0.4676401314429174,0.636412924999412,0.30480455090403896,1.0
"Murray Hill, Manhattan",2nd_avenue/north_to_south/027_n00052_S.jpg,n00052,2nd_avenue,north_to_south,W,27,S,0.35777791581398966,0.31045708792169197,0.28077804746494067,0.45108506944444443,0.8527375952714263,0.7994539460127755,0.592109500805153,0.7553654060954206,0.07422768878718537,0.31633768373354076,0.8015566856688907,0.45123762675614615,0.33316859479616917,0.20875091368641424,,1.0,0.45,0.15,0.4,0.42932142120805267,0.358598738482337,0.42932142120805267,0.358598738482337,0.5400008778628814,0.20757551761749635,1.0
"Murray Hill, Manhattan",2nd_avenue/north_to_south/028_n00051_S.jpg,n00051,2nd_avenue,north_to_south,W,28,S,0.234360887314209,0.2292629861299972,0.19786898586105184,0.6216764898493778,0.7738123657197421,0.8172556187381533,0.5605175292153589,0.7840492840492841,0.1046988080034057,0.22049761976841936,0.5611846871914018,0.54397113605964,0.3326081686093823,0.20736579583233397,0.4405870251190285,1.0,0.55,0.35,0.1,0.5024969829350895,0.3364971816150752,0.5024969829350895,0.3364971816150752,0.27096450557916396,0.20619616642553398,1.0
"Murray Hill, Manhattan",2nd_avenue/north_to_south/029_n00050_S.jpg,n00050,2nd_avenue,north_to_south,W,29,S,0.2794121195136753,0.2419948289578361,0.19908461392525134,0.7683342899049804,0.7635704719136531,0.8155042735042736,0.47192258883248733,0.8123713764920327,0.11034933072151487,0.24016385413225422,0.6182120683562334,0.6057117314944533,0.29113595977700113,0.1231469993918806,0.4405870251190285,1.0,0.55,0.35,0.1,0.5223493896856785,0.36341386769146505,0.5223493896856785,0.36341386769146505,0.3200069700524134,0.122379056761835,1.0
"Murray Hill, Manhattan",2nd_avenue/north_to_south/030_n00049_S.jpg,n00049,2nd_avenue,north_to_south,W,30,S,0.31899684721622584,0.2784896840747905,0.21562985292774273,0.7829444444444444,0.7540026409177188,0.7976548406494288,0.6967919972404277,0.8274967081940646,0.15412495685191577,0.27103879473958636,0.7010840892054471,0.6188128372402634,0.42545847704617173,0.512966381084059,0.4302448896642232,1.0,0.55,0.35,0.1,0.6504714079384164,0.481069176515589,0.6504714079384164,0.481069176515589,0.4053455701389861,0.5111846930457654,1.0
"Murray Hill, Manhattan",2nd_avenue/north_to_south/031_n00048_S.jpg,n00048,2nd_avenue,north_to_south,W,31,S,0.2700118731348645,0.2969198312236287,0.24458305975049247,0.7513156072566126,0.7642340805717999,0.8056742640075973,0.7297349212447176,0.8298309553349875,0.20465386852821407,0.27050492136966187,0.6997397867328682,0.6056374940066,0.46719439488646586,0.6632733944639935,0.3619854316261353,1.0,0.55,0.35,0.1,0.6616964948389497,0.48891349038262644,0.6616964948389497,0.48891349038262644,0.4038022897677684,0.6616789125069834,1.0
"Murray Hill, Manhattan",2nd_avenue/north_to_south/032_n00047_S.jpg,n00047,2nd_avenue,north_to_south,W,32,S,0.21852707449573383,0.1893038731867803,0.18288574453749162,0.7151491262646171,0.7445506015569708,0.8341086773922596,0.7023344897369181,0.8094390304847576,0.10397196261682244,0.1969055640733352,0.4907177587844581,0.5933458517308012,0.40315322617687027,0.4297915658500562,0.2498453051793788,1.0,0.55,0.35,0.1,0.517536558858503,0.33174296644082585,0.517536558858503,0.33174296644082585,0.21877160643838472,0.42804486788618246,1.0
"Murray Hill, Manhattan",2nd_avenue/north_to_south/033_n00046_S.jpg,n00046,2nd_avenue,north_to_south,W,33,S,0.18344756133807907,0.1796340973059912,0.15084944346807264,0.7923111409997757,0.7597245049698677,0.8110236220472441,0.7183390782586493,0.8370718765074772,0.16538693164709428,0.1713103673707143,0.4147712600610828,0.6232195041791284,0.4418630049528718,0.5739400964623221,0.2498453051793788,1.0,0.55,0.35,0.1,0.4940896769381412,0.3032106504399053,0.4940896769381412,0.3032106504399053,0.17079808619778364,0.5721954399338389,1.0
"Murray Hill, Manhattan",2nd_avenue/south_to_north/001_n00046_N.jpg,n00046,2nd_avenue,south_to_north,W,1,N,0.39906938188357766,0.4137501113189064,0.4387725421756836,0.6716008771929824,0.8110921158487531,0.8163161119052481,0.7309087437953418,0.8013743670677976,0.1984967543559959,0.41719734512605583,0.9312702995914247,0.5539610428040089,0.46470274907566883,0.6548757975245026,0.2498453051793788,1.0,0.55,0.35,0.1,0.7495925927906106,0.6881363660689414,0.7495925927906106,0.6881363660689414,0.7974871080907607,0.6532623385757148,1.0
"Murray Hill, Manhattan",2nd_avenue/south_to_north/002_n00047_N.jpg,n00047,2nd_avenue,south_to_north,W,2,N,0.44126836016933596,0.45064155629139074,0.4583575722319178,0.7085145643864506,0.8449213607704565,0.7957123481906171,0.7504103069095684,0.7885819692460317,0.2612241318835497,0.45008916289754813,0.9526224404053499,0.5507250576206753,0.5058172193965591,0.7785537767933688,0.2498453051793788,1.0,0.55,0.35,0.1,0.7706594333266885,0.725530372533483,0.7706594333266885,0.725530372533483,0.8538801830793079,0.7773219090901508,1.0
"Murray Hill, Manhattan",2nd_avenue/south_to_north/003_n00048_N.jpg,n00048,2nd_avenue,south_to_north,W,3,N,0.3933475105467476,0.3188493504397644,0.26827242524916944,0.6964382816748232,0.8174169346195069,0.769503914640061,0.7082151300236408,0.784574942078061,0.18666430008283044,0.3268230954118938,0.8208147334243318,0.5545320963777924,0.4474397150532356,0.5942579148687532,0.3619854316261353,1.0,0.55,0.35,0.1,0.692798066855337,0.5673097512529701,0.692798066855337,0.5673097512529701,0.5710585034370784,0.5925373910059237,1.0
"Murray Hill, Manhattan",2nd_avenue/south_to_north/004_n00049_N.jpg,n00049,2nd_avenue,south_to_north,W,4,N,0.3241154047805717,0.22552190532196406,0.16104725415070242,0.4917180717386338,0.7832521014339197,0.7016759776536313,0.6046415592996367,0.5506398720255948,0.07936742051786301,0.23689485475107938,0.6089113088094273,0.4197019474434363,0.3420044899087499,0.23148719766473877,0.4302448896642232,1.0,0.55,0.35,0.1,0.485273710505544,0.335482713073823,0.485273710505544,0.335482713073823,0.3115317885037862,0.23022103068524605,1.0
"Murray Hill, Manhattan",2nd_avenue/south_to_north/005_n00050_N.jpg,n00050,2nd_avenue,south_to_north,W,5,N,0.4013437551324154,0.33237898915865016,0.3215661490309378,0.5802982317234099,0.8469251336898395,0.7988339198233629,0.6418928041042257,0.7796858875128999,0.17513020833333334,0.35176296444066774,0.8607047289015848,0.5043529951821567,0.4085115062187795,0.4495899980206235,0.4405870251190285,1.0,0.55,0.35,0.1,0.6689729842307258,0.5692872819770781,0.6689729842307258,0.5692872819770781,0.6423203819923716,0.44782603070376925,1.0
"Murray Hill, Manhattan",2nd_avenue/south_to_north/006_n00051_N.jpg,n00051,2nd_avenue,south_to_north,W,6,N,0.4085374047473888,0.38832530222334943,0.31430309350017377,0.4558660982156955,0.8114872103923932,0.7768834399431414,0.5945126751692648,0.7428084784254353,0.0821805666933975,0.3703886001569706,0.8854072532451179,0.4623957887495792,0.3383466209313311,0.22187022349438332,0.4405870251190285,1.0,0.55,0.35,0.1,0.6141768576605149,0.5359731241602391,0.6141768576605149,0.5359731241602391,0.6918872414353532,0.22064155639304978,1.0
"Murray Hill, Manhattan",2nd_avenue/south_to_north/007_n00052_N.jpg,n00052,2nd_avenue,south_to_north,W,7,N,0.38727238993738666,0.3238553514144065,0.3095120342894824,0.5223458235753319,0.8114836378237302,0.789816772374912,0.6750473100838065,0.7653329019269486,0.09048188653451812,0.34021325854709183,0.8432431011852339,0.4920650292261834,0.3827645983091623,0.3569719762364393,,1.0,0.45,0.15,0.4,0.5514876396268463,0.4757982882984365,0.5514876396268463,0.4757982882984365,0.6098907659983511,0.35533679848943805,1.0
"Murray Hill, Manhattan",2nd_avenue/south_to_north/008_n00053_N.jpg,n00053,2nd_avenue,south_to_north,W,8,N,0.3306515100983382,0.29404821073558646,0.2564891947362067,0.5313670411985019,0.8115559207951789,0.7182114333753677,0.7187919463087248,0.7690819178671253,0.07535885167464114,0.2937296385233771,0.754869777090376,0.4962976794234827,0.397075398991683,0.40760646297505954,,1.0,0.45,0.15,0.4,0.55398777135959,0.44783407803592123,0.55398777135959,0.44783407803592123,0.47229082952489043,0.40588574776997827,1.0
"Murray Hill, Manhattan",2nd_avenue/south_to_north/009_n00054_N.jpg,n00054,2nd_avenue,south_to_north,W,9,N,0.1964466520298024,0.19274671290275971,0.1535889070146819,0.42737312426235036,0.8357262896390472,0.8232828060925601,0.739979815455594,0.7345988538681948,0.051112015188500136,0.18092742398241468,0.44303073494807943,0.44208189616383264,0.3955459153220471,0.40207870701203025,,,0.4,0.25,0.35,0.42801412467078265,0.30316875041544217,0.42801412467078265,0.30316875041544217,0.18776829321074517,0.4003655561462369,
"Murray Hill, Manhattan",2nd_avenue/south_to_north/010_n00055_N.jpg,n00055,2nd_avenue,south_to_north,W,10,N,0.2878033680920484,0.2750181290790428,0.2566388467374811,0.4470766129032258,0.8132152288732395,0.8213388844832145,0.7657603357442628,0.7756088375596284,0.054251304251304235,0.27315344796952407,0.7063747014680205,0.4698234071965382,0.4100058199977835,0.4551427568707437,,,0.4,0.25,0.35,0.5469522204211817,0.44002954774544856,0.5469522204211817,0.44002954774544856,0.41147657327029147,0.45337494872431106,
"Murray Hill, Manhattan",2nd_avenue/south_to_north/011_n00056_N.jpg,n00056,2nd_avenue,south_to_north,W,11,N,0.36035413222671336,0.35445060445060445,0.3364937871420854,0.43081076724693745,0.7964898177920685,0.7885594830862791,0.7122596804765773,0.7252117588440458,0.12207646939190564,0.35043284127313434,0.8587800334653456,0.4531775694329715,0.41716807493424146,0.4818882090287486,0.631317191526189,1.0,0.55,0.35,0.1,0.6480725672287913,0.5504534414967402,0.6480725672287913,0.5504534414967402,0.638645042649991,0.4801080559409381,1.0
"Murray Hill, Manhattan",2nd_avenue/south_to_north/012_n00058_N.jpg,n00058,2nd_avenue,south_to_north,W,12,N,0.45578250609400034,0.6552850079298441,0.5909222318589187,0.5300327088908713,0.5633378777550556,0.7905732668257066,0.7673261243548782,0.783717834960071,0.24198267790262173,0.5673299152942544,0.9879665549283921,0.5834708886986288,0.5046544011287499,0.7755319877293522,0.631317191526189,1.0,0.55,0.35,0.1,0.8020010235236052,0.7892063661706781,0.8020010235236052,0.7892063661706781,0.9597766513319299,0.7742881836548527,1.0
"Murray Hill, Manhattan",2nd_avenue/south_to_north/013_n00059_N.jpg,n00059,2nd_avenue,south_to_north,W,13,N,0.3822438785818964,0.38049915397631134,0.3478316653836284,0.5483979198121122,0.3807880676758682,0.7842116677510301,0.6778147326927814,0.7756237356709373,0.2927462651727358,0.37019156598061204,0.8851671385459715,0.6477445292690605,0.4852804989327586,0.7209557687254329,0.631317191526189,1.0,0.55,0.35,0.1,0.7774027656456236,0.6784858714832114,0.7774027656456236,0.6784858714832114,0.6913829696203251,0.7195189229625026,1.0
"Murray Hill, Manhattan",2nd_avenue/south_to_north/014_n00060_N.jpg,n00060,2nd_avenue,south_to_north,W,14,N,0.25670382712151985,0.22682674928995614,0.2526583448913546,0.6388783390302569,0.29995739241585,0.8193129400339888,0.6541176470588236,0.7994466206553503,0.12548884288014725,0.2453963071009435,0.6329180161848013,0.712789189089919,0.38980324496948543,0.3815554553082018,0.6173689888175483,1.0,0.55,0.35,0.1,0.6272392908782265,0.4409947058498998,0.6272392908782265,0.4409947058498998,0.3338216997509372,0.37987419315614623,1.0
"Murray Hill, Manhattan",2nd_avenue/south_to_north/015_n00061_N.jpg,n00061,2nd_avenue,south_to_north,W,15,N,0.28258389657014676,0.24389657823913877,0.20749852681202122,0.7641938674579625,0.4373668512995313,0.8194646538135079,0.6658611894213989,0.810399880632647,0.17973231357552585,0.24465966720710225,0.6308618663771126,0.712408965597026,0.4227967514984624,0.5029877825565113,0.6209157476487066,1.0,0.55,0.35,0.1,0.6435390090284162,0.45183633752944524,0.6435390090284162,0.45183633752944524,0.3318587860372352,0.5012050860361418,1.0
"Murray Hill, Manhattan",2nd_avenue/south_to_north/016_n00062_N.jpg,n00062,2nd_avenue,south_to_north,W,16,N,0.3257560504312562,0.3089262508122157,0.3033103051237766,0.7757717225609757,0.3542796865581676,0.84082327452801,0.6418955304254174,0.8195073533523458,0.2427779853069357,0.31266420212241613,0.7944515819529532,0.7469997964517179,0.44233675786617654,0.5756768989053512,0.5976259985708766,1.0,0.55,0.35,0.1,0.7528650529880594,0.6018164746853721,0.7528650529880594,0.6018164746853721,0.5290334038622242,0.5739340747564917,1.0
"Murray Hill, Manhattan",2nd_avenue/south_to_north/017_n00063_N.jpg,n00063,2nd_avenue,south_to_north,W,17,N,0.2672110454336735,0.22559129224977492,0.21550237171194478,0.7656521158723802,0.31501035196687366,0.8380905803544964,0.6268368980066928,0.8181607881558893,0.22611091569937858,0.2361015697984644,0.606642034609531,0.7562675173537986,0.4264739068530357,0.5167708571181019,0.5941890442619032,1.0,0.55,0.35,0.1,0.6448802592092092,0.4452201446591256,0.6448802592092092,0.4452201446591256,0.3094937378368561,0.5149899275848993,1.0
"Murray Hill, Manhattan",2nd_avenue/south_to_north/018_n00064_N.jpg,n00064,2nd_avenue,south_to_north,W,18,N,0.18406852502891852,0.19507065261782244,0.13234757210660827,0.7999386229215489,0.4440314822912111,0.8365776081424937,0.6967917010167629,0.8258194444444444,0.22039230199851959,0.17049558325111638,0.41239992516246543,0.7272421950249274,0.45859200150764123,0.6338757086825015,0.590344389062695,1.0,0.55,0.35,0.1,0.5250652816617071,0.3218117661368587,0.5250652816617071,0.3218117661368587,0.16941780360127356,0.6322192099246527,1.0
"Murray Hill, Manhattan",2nd_avenue/south_to_north/019_n00065_N.jpg,n00065,2nd_avenue,south_to_north,W,19,N,0.18629889175003064,0.1968508546007961,0.14098407281001138,0.7096622258107926,0.7068816833390824,0.8271386712529462,0.6632967786154901,0.7994410120623713,0.14640463132236445,0.17471127305361273,0.42471072201211596,0.6007405181780272,0.4048507049689273,0.4360424392407127,1.2175878831172726,1.0,0.4,0.25,0.35,0.46745960460912406,0.3286591876444252,0.46745960460912406,0.3286591876444252,0.17665585653311314,0.43428968582774663,1.0
"Murray Hill, Manhattan",2nd_avenue/south_to_north/020_n00066_N.jpg,n00066,2nd_avenue,south_to_north,W,20,N,0.19223218667956837,0.17558804132776432,0.12254213483146063,0.6103713567095724,0.6853252647503782,0.8197666666666666,0.6348940914158305,0.7818972933624512,0.06755567692214333,0.16345412094626444,0.3920863986396756,0.5689811284405484,0.35122488416898695,0.2569987058044887,2.169754421636574,0.9748582889198087,0.3,0.2,0.5,0.34197910684116367,0.25960499251271446,0.34197910684116367,0.25960499251271446,0.157857492447547,0.2556394153451294,0.9016554197597123
"Murray Hill, Manhattan",2nd_avenue/south_to_north/021_n00067_N.jpg,n00067,2nd_avenue,south_to_north,W,21,N,0.16810641303139695,0.1669923571304499,0.11653579151018549,0.5814108600125549,0.2288170005414185,0.749822316986496,0.41315303804656445,0.7711587089097129,0.03781236299868477,0.15054485389067745,0.35584096214668076,0.7079175227936163,0.22548270052262462,0.049842511102248604,2.412262516515109,0.9400338652763874,0.3,0.2,0.5,0.15281756367203542,0.11471147744047741,0.15281756367203542,0.11471147744047741,0.13833744482374247,0.04950588537056088,0.8694459892455692
"Murray Hill, Manhattan",2nd_avenue/south_to_north/022_n00068_N.jpg,n00068,2nd_avenue,south_to_north,W,22,N,0.23354135510312055,0.2217121371108779,0.17794221282593373,0.5308035714285714,0.3519429414658141,0.7926469446385589,0.39151747655583974,0.7657728119180632,0.047862773104798174,0.21106523501331073,0.5331470173239838,0.6482111472936067,0.21969012483031897,0.04588490436102623,2.775137604042196,0.8902342571522007,0.3,0.2,0.5,0.16264185150922628,0.12902120521558375,0.16264185150922628,0.12902120521558375,0.24919257546640908,0.04557372543222853,0.8233858725317477
"Murray Hill, Manhattan",2nd_avenue/south_to_north/023_n00069_N.jpg,n00069,2nd_avenue,south_to_north,W,23,N,0.26267974244314835,0.1777090694935218,0.1789259927797834,0.4768691588785046,0.32243616871208913,0.8187097231074287,0.6605520614954578,0.7617345067840118,0.11605988262210287,0.20643826823881783,0.5193052029629932,0.6387224989834757,0.3883059720587803,0.37627004518001156,2.050722243381501,0.992420533620697,0.3,0.2,0.5,0.4607221241381454,0.36419757992245616,0.4607221241381454,0.36419757992245616,0.23894962391205943,0.37459796576960225,0.9178989018100607
"Murray Hill, Manhattan",2nd_avenue/south_to_north/024_n00070_N.jpg,n00070,2nd_avenue,south_to_north,W,24,N,0.3456582875263705,0.32996504260432596,0.2503761455341267,0.7220432145564821,0.5202817379497624,0.7969947067836746,0.7457047791893526,0.7758580159849554,0.15629946185501745,0.3086664918882744,0.786507054614909,0.6592064975305583,0.451002120522185,0.607074575380058,2.252088865904497,0.9628926674002004,0.3,0.2,0.5,0.6670157747285257,0.5873263034976761,0.6670157747285257,0.5873263034976761,0.5170663382104885,0.6053723088294771,0.8905883060914243
"Murray Hill, Manhattan",2nd_avenue/south_to_north/025_n00071_N.jpg,n00071,2nd_avenue,south_to_north,W,25,N,0.40697014418253347,0.48536121673003807,0.41127591136526087,0.7296957956665232,0.5463572124756335,0.8003347680535629,0.7022479126525369,0.8223083821279739,0.16841918114396023,0.4345357574259441,0.9434505827322471,0.6685489884396212,0.4353335468982486,0.5498347902251896,2.453455488427493,0.9342433550326299,0.3,0.2,0.5,0.6722928652132033,0.6456756278357071,0.6722928652132033,0.6456756278357071,0.8290235973029746,0.548069150188089,0.8640902929317559
"Murray Hill, Manhattan",2nd_avenue/south_to_north/026_n00072_N.jpg,n00072,2nd_avenue,south_to_north,W,26,N,0.35359226058762716,0.36827233584499464,0.3573717948717949,0.7642252017877392,0.6013999243284146,0.800576359047814,0.7441241531867827,0.8139107611548556,0.16865671641791039,0.3597454637681389,0.8717974372010217,0.6589120128713933,0.45639043480234653,0.6261783732619666,1.9969539716046885,1.0,0.4,0.25,0.35,0.7239647385636026,0.6486587986726619,0.7239647385636026,0.6486587986726619,0.6640152947332848,0.6245076785868203,0.9253319116676532
"Murray Hill, Manhattan",2nd_avenue/south_to_north/027_n00073_N.jpg,n00073,2nd_avenue,south_to_north,W,27,N,0.3080621276304538,0.21345846645367414,0.21640735502121644,0.7337346852555978,0.5886486872146119,0.8078286961265685,0.6418955304254174,0.7914003044140031,0.08956492182188987,0.24597598303511475,0.6345326495975037,0.645495434151663,0.36573022612365363,0.30068320662440806,2.167049418027577,0.9752539184562985,0.3,0.2,0.5,0.4382979239014597,0.36108265180871424,0.4382979239014597,0.36108265180871424,0.3353704169621778,0.2991859026874963,0.9020213411657746
"Murray Hill, Manhattan",2nd_avenue/south_to_north/028_n00074_N.jpg,n00074,2nd_avenue,south_to_north,W,28,N,0.3399368129751172,0.3634246054382963,0.3818537022802972,0.7199490994518403,0.5578148534352914,0.7801300524643464,0.5821620683671699,0.8034391534391534,0.08590259159964253,0.36173837356457017,0.8744466460816764,0.6551911331519007,0.3340323299834062,0.21089898779371188,2.1125824690250017,0.9832544219963606,0.3,0.2,0.5,0.40535062302427466,0.3730611709918384,0.40535062302427466,0.3730611709918384,0.6693295903843165,0.20971470243047816,0.9094210806558054
"Murray Hill, Manhattan",2nd_avenue/south_to_north/029_n00075_N.jpg,n00075,2nd_avenue,south_to_north,W,29,N,0.34159619801781244,0.3561958184599694,0.3536036036036036,0.6200850938967136,0.5196633137747974,0.796906489318823,0.48665985467756584,0.7748266721044046,0.06358013731060604,0.3504652066937951,0.8588271290320293,0.6250828174087736,0.27511999599408593,0.09946349050995816,2.309092485979165,0.9546945115230695,0.3,0.2,0.5,0.27427807112662317,0.25016155572660115,0.27427807112662317,0.25016155572660115,0.638734668373381,0.09882659230055213,0.8830057561324547
"Murray Hill, Manhattan",2nd_avenue/south_to_north/030_n00076_N.jpg,n00076,2nd_avenue,south_to_north,W,30,N,0.35673456078607485,0.3942356526155409,0.37366434378629504,0.7551227321237993,0.6061940408043447,0.8263239875389408,0.7137325273894977,0.807344953896678,0.1361066235864297,0.3748781857293036,0.8907610211742928,0.6520912150720442,0.42491957548796366,0.5109466586022821,3.4542035662811315,0.8040204820491323,0.15,0.15,0.7,0.5760674378269179,0.5546431769536933,0.5760674378269179,0.5546431769536933,0.7032520439449864,0.5091646517941638,0.7436459570351467
"Murray Hill, Manhattan",2nd_avenue/south_to_north/031_n00077_N.jpg,n00077,2nd_avenue,south_to_north,W,31,N,0.3271467348114667,0.3756663334999167,0.3651331867057674,0.7639800382827454,0.6471269358807353,0.8487241354098121,0.7189542483660131,0.8227581208407458,0.11478405315614619,0.35598208500571693,0.8666646840868271,0.6465370744142519,0.4168691507610796,0.48076880703507957,3.07046358432264,0.8516585991765894,0.15,0.15,0.7,0.549062872236525,0.5249769582910134,0.549062872236525,0.5249769582910134,0.6538665760504789,0.47898896619828246,0.7877068907968259
"Murray Hill, Manhattan",2nd_avenue/south_to_north/032_n00078_N.jpg,n00078,2nd_avenue,south_to_north,W,32,N,0.33297026705896754,0.3296300560288587,0.3234290745020359,0.713707276408241,0.5478744939271255,0.819138418079096,0.6431007185482889,0.8019361590790162,0.14640463132236445,0.32867646586328736,0.8240625046606179,0.6559229805200439,0.3947526749353267,0.39922150899842346,2.9229134007554047,0.870718095975971,0.3,0.2,0.5,0.54798110210507,0.49123031270064077,0.54798110210507,0.49123031270064077,0.576497496039514,0.39751243848586043,0.8053351951179568
"Murray Hill, Manhattan",2nd_avenue/south_to_north/033_n00079_N.jpg,n00079,2nd_avenue,south_to_north,W,33,N,0.34142808151719944,0.31890535560260336,0.2937534549474848,0.6287683031869079,0.4387587340731607,0.7835942596216569,0.5821043675553034,0.7886640512079289,0.13037761649311033,0.3180289640224292,0.8047651917030597,0.6595578734405587,0.35624099202420684,0.2716266752050749,2.7753632171881697,0.8902041303792668,0.3,0.2,0.5,0.44930116616059174,0.39869048731012624,0.44930116616059174,0.39869048731012624,0.5450379825399297,0.27021815384446196,0.8233580080016878
"Murray Hill, Manhattan",3rd_avenue/north_to_south/001_n00113_S.jpg,n00113,3rd_avenue,north_to_south,W,1,S,0.18386191707640365,0.22438991686779297,0.19585615743558535,0.8066135458167331,0.5044041053921569,0.8411040718009635,0.7155119745845552,0.9187751202477433,0.12857891061452512,0.2013693304599273,0.5041078989492225,0.7403281868907732,0.42204544259954013,0.5001704097416775,4.183719631453511,0.7206815303775761,0.15,0.15,0.7,0.5310981207420701,0.47034803144290394,0.5310981207420701,0.47034803144290394,0.22806422861548845,0.49838768558705204,0.666564992236649
"Murray Hill, Manhattan",3rd_avenue/north_to_south/002_n00112_S.jpg,n00112,3rd_avenue,north_to_south,W,2,S,0.28977929604142977,0.3009579073408861,0.24254115226337455,0.7729603967121799,0.4370139968895801,0.8172758037225042,0.7392712550607287,0.8541172174548111,0.07855553373911905,0.2777594518818968,0.717706504320047,0.7300212057591369,0.40891339439992386,0.4510822086628838,4.183719631453511,0.7206815303775761,0.15,0.15,0.7,0.5198419731458201,0.4792190691024913,0.5198419731458201,0.4792190691024913,0.4249238236910759,0.4493171660251243,0.666564992236649
"Murray Hill, Manhattan",3rd_avenue/north_to_south/003_n00111_S.jpg,n00111,3rd_avenue,north_to_south,W,3,S,0.2948430951827236,0.3237432124715362,0.297199830292745,0.7918954827280779,0.42483579638752045,0.8476253747615154,0.7320235231221598,0.8314409868236613,0.08329965649626185,0.3052620459823349,0.7795669498716387,0.7328335577214062,0.4076615898092108,0.4464372770365836,4.486606466134605,0.6886714515740481,0.15,0.15,0.7,0.5228307596169338,0.488780950043696,0.5228307596169338,0.488780950043696,0.5068592024457398,0.44467568595300694,0.6369585752135992
"Murray Hill, Manhattan",3rd_avenue/north_to_south/004_n00110_S.jpg,n00110,3rd_avenue,north_to_south,W,4,S,0.24090886081964916,0.2645432580615185,0.22947266421868626,0.7760465552844003,0.48904805214491437,0.8142313246685046,0.7678404949571997,0.8161541544980816,0.10574252136752138,0.2449749276999513,0.6317424254889038,0.7010508858791892,0.43679150816236056,0.5552417238393287,4.4818402712061145,0.6891639789711714,0.15,0.15,0.7,0.586247364867862,0.5313019119249285,0.586247364867862,0.5313019119249285,0.3326981459084093,0.5534800686510364,0.6374141183443742
"Murray Hill, Manhattan",3rd_avenue/north_to_south/005_n00109_S.jpg,n00109,3rd_avenue,north_to_south,W,5,S,0.2570662226490639,0.29171366798270354,0.2151200519143414,0.7619192533982552,0.45545047287207563,0.8119197207678882,0.6385393535652604,0.8285402429764618,0.13386099562946385,0.2546333141820363,0.658271246283006,0.7116696745008804,0.3862001745973621,0.3688863439930875,4.219718862314258,0.7168004214600862,0.15,0.15,0.7,0.444045329526699,0.4041514276375941,0.444045329526699,0.4041514276375941,0.3589081457992451,0.3672277581212069,0.6629753188144636
"Murray Hill, Manhattan",3rd_avenue/north_to_south/006_n00108_S.jpg,n00108,3rd_avenue,north_to_south,W,6,S,0.23343701876006398,0.20667049478418983,0.15271340285824644,0.6682656132430399,0.44681657402728653,0.795160154875044,0.54135045728741,0.8013735566552468,0.06452861652075519,0.19760697213416673,0.49282140970118393,0.6742741986236667,0.3029395369040826,0.1435752772859741,4.227005342288325,0.7160174066572047,0.15,0.15,0.7,0.21786360258026552,0.19224289930960237,0.21786360258026552,0.19224289930960237,0.22021354789409628,0.14270067600518402,0.6622511012037662
"Murray Hill, Manhattan",3rd_avenue/north_to_south/007_n00107_S.jpg,n00107,3rd_avenue,north_to_south,W,7,S,0.22140995243390446,0.24470712773465064,0.1742111471542318,0.7285724575050417,0.4224197149235789,0.8127532928064842,0.5364829396325459,0.8061095721760542,0.08855047941342353,0.21344274244092895,0.5402410030169238,0.7040874382525056,0.3125167095229847,0.16215922451155837,5.033354883227677,0.6344459171085415,0.15,0.15,0.7,0.24209804476882202,0.21535576538788267,0.24209804476882202,0.21535576538788267,0.2545685339666535,0.16119272461594092,0.5868048784189948
"Murray Hill, Manhattan",3rd_avenue/north_to_south/008_n00106_S.jpg,n00106,3rd_avenue,north_to_south,W,8,S,0.22659584465550273,0.27472222222222226,0.21820209565307605,0.7572941430732656,0.5791917670682731,0.8204141571864079,0.5025901574018729,0.8040964801062609,0.1360851338277975,0.23984005417693366,0.617294545932578,0.6607329520370844,0.3193376456148352,0.17654467815825933,5.019863910839916,0.6357311109108972,0.15,0.15,0.7,0.2596426316297498,0.23421654941684622,0.2596426316297498,0.23421654941684622,0.31916204584628133,0.17551039899129092,0.5879935660164707
"Murray Hill, Manhattan",3rd_avenue/north_to_south/009_n00105_S.jpg,n00105,3rd_avenue,north_to_south,W,9,S,0.219913264783643,0.25234588106928535,0.2278727611072342,0.802243538925004,0.5340712827759461,0.838658896034298,0.719756999471738,0.8635523751931734,0.11410018552875696,0.2333773023200542,0.5988144217674551,0.710574877114077,0.4169285925002475,0.48099138760090265,5.057906717749617,0.6321136925982781,0.15,0.15,0.7,0.527025252633666,0.4744936115323432,0.527025252633666,0.4744936115323432,0.3025512408986664,0.4792114832536416,0.5846477824659967
"Murray Hill, Manhattan",3rd_avenue/north_to_south/010_n00104_S.jpg,n00104,3rd_avenue,north_to_south,W,10,S,0.2716152306231548,0.3262326471996171,0.27676111767020867,0.7737934362934363,0.5105532941353838,0.8271386712529462,0.7444215906257791,0.8548699334543254,0.09667480525520289,0.2915363318309935,0.7499669410374212,0.7060366918707925,0.420548197940491,0.4945559574232835,3.831359658754504,0.7597970287436582,0.15,0.15,0.7,0.5553045284469008,0.5157013302212609,0.5553045284469008,0.5157013302212609,0.46573627623303965,0.4927735157662471,0.7027432773261255
"Murray Hill, Manhattan",3rd_avenue/north_to_south/011_n00103_S.jpg,n00103,3rd_avenue,north_to_south,W,11,S,0.23082664190733057,0.24066210045662104,0.199615975422427,0.7831485856199648,0.5955916473317865,0.8316437007874016,0.7760722967144985,0.8430914421843504,0.1901563992359121,0.22370157259545953,0.5706292344834741,0.6768827934908428,0.4831143479752053,0.7143723365589698,4.865715329266514,0.6506019293915833,0.15,0.15,0.7,0.6851369086211152,0.6144078299811323,0.6851369086211152,0.6144078299811323,0.278626039500041,0.712915090271767,0.6017477231404058
"Murray Hill, Manhattan",3rd_avenue/north_to_south/012_n00102_S.jpg,n00102,3rd_avenue,north_to_south,W,12,S,0.2876843398170105,0.2920473773265652,0.24696969696969692,0.7904690701666944,0.5105537902859737,0.8372902817347262,0.7821938332939044,0.8309830656207197,0.17303510406958678,0.27556713803775756,0.7123460567647064,0.7036327818338134,0.47761446868174556,0.6972458596489538,4.858206709944111,0.6513351105351688,0.15,0.15,0.7,0.7004477171957602,0.6457578741644752,0.7004477171957602,0.6457578741644752,0.4185082055165848,0.6957384510794022,0.6024258491401467
"Murray Hill, Manhattan",3rd_avenue/north_to_south/013_n00101_S.jpg,n00101,3rd_avenue,north_to_south,W,13,S,0.27206091243286895,0.29167839384557653,0.1978423101881895,0.7904526608735162,0.4739164696611505,0.838495575221239,0.7345238095238095,0.8298049178271233,0.19343292872704643,0.25386053882221166,0.6561821633342378,0.7154470363464962,0.46397836912542795,0.6524158875260787,0.3531688403507763,1.0,0.55,0.35,0.1,0.6759553435033245,0.48335375612251774,0.6759553435033245,0.48335375612251774,0.3567772259064028,0.6507970607360908,1.0
"Murray Hill, Manhattan",3rd_avenue/north_to_south/014_n00100_S.jpg,n00100,3rd_avenue,north_to_south,W,14,S,0.2870820043058979,0.2889458535707861,0.21510806994677964,0.7866625273490627,0.4116209397666351,0.8327517012737742,0.7082414215686273,0.8266146870161468,0.20427006874053358,0.26371197594115453,0.682339408777879,0.7338854248661915,0.45625574515458045,0.6257053325260223,0.5725233160071689,1.0,0.55,0.35,0.1,0.6939163616298142,0.5059236794180986,0.6939163616298142,0.5059236794180986,0.384341177491043,0.6240337930748782,1.0
"Murray Hill, Manhattan",3rd_avenue/north_to_south/015_n00099_S.jpg,n00099,3rd_avenue,north_to_south,W,15,S,0.37845484186446887,0.4010416666666667,0.36198283968030087,0.6797696038803558,0.5329442530935068,0.7987548289183223,0.6784968043264503,0.7995320501500971,0.15910689170182843,0.38049311607047875,0.8971468568807732,0.6487858003123154,0.4188018480141394,0.4880092295344297,0.5776757912453728,1.0,0.55,0.35,0.1,0.7536213928669888,0.6660308324600893,0.7536213928669888,0.6660308324600893,0.7171181663598702,0.4862276849387868,1.0
"Murray Hill, Manhattan",3rd_avenue/north_to_south/016_n00098_S.jpg,n00098,3rd_avenue,north_to_south,W,16,S,0.28566502404107047,0.28767123287671237,0.2399150743099788,0.6542293481129585,0.5719402374130168,0.8343642611683849,0.5967233774417139,0.7856010986689204,0.08068730568234435,0.2710837770759205,0.7011971977074121,0.6226300697896207,0.33870534156202914,0.22280057712267,1.195788593325546,1.0,0.5,0.3,0.2,0.5379877358965082,0.40865134481783855,0.5379877358965082,0.40865134481783855,0.4054756875830558,0.22156822496246,1.0
"Murray Hill, Manhattan",3rd_avenue/north_to_south/017_n00097_S.jpg,n00097,3rd_avenue,north_to_south,W,17,S,0.26393665529383364,0.25856210926882306,0.2004053409632809,0.6858030040439053,0.4881528755868545,0.8252198813663325,0.5437959736740224,0.7886935539469149,0.11110091743119266,0.2409680351753125,0.620487146087235,0.6621145608013218,0.32744844555260755,0.19493241577858203,1.2612468403022437,1.0,0.4,0.25,0.35,0.42051919375543384,0.322865342976421,0.42051919375543384,0.322865342976421,0.32211050925293644,0.19381576768499506,1.0
"Murray Hill, Manhattan",3rd_avenue/north_to_south/018_n00096_S.jpg,n00096,3rd_avenue,north_to_south,W,18,S,0.35800494517258985,0.3261878247958426,0.3499999999999999,0.6744926382809391,0.46428571428571436,0.8256598069991862,0.7549318825194621,0.8039437213786454,0.11731756164726499,0.34473092332281075,0.8502764680335853,0.6713835484579567,0.43612472208336356,0.5527704531739055,1.3267050872789412,1.0,0.4,0.25,0.35,0.689378008461809,0.6079416050540026,0.689378008461809,0.6079416050540026,0.6227095914072398,0.5510069248962203,1.0
"Murray Hill, Manhattan",3rd_avenue/north_to_south/019_n00095_S.jpg,n00095,3rd_avenue,north_to_south,W,19,S,0.30493180627641986,0.21861471861471862,0.18721552878179382,0.597112080359503,0.48658837175583586,0.7974492870054228,0.7482941347270615,0.7876464843750001,0.061078140454995045,0.2369206845576441,0.6089851191201623,0.6327233976595557,0.4046861375910283,0.4354355053191135,1.2003547453457262,1.0,0.4,0.25,0.35,0.5467257000346483,0.41759177871702563,0.5467257000346483,0.41759177871702563,0.3115982720272977,0.43368331547322464,1.0
"Murray Hill, Manhattan",3rd_avenue/north_to_south/020_n00094_S.jpg,n00094,3rd_avenue,north_to_south,W,20,S,0.2675956310627985,0.18596551989532828,0.1636558117423342,0.6543509180243082,0.6585943940643033,0.8078575813382444,0.6988932291666666,0.7883603041528563,0.10111181036291172,0.2057389875668203,0.517210161236111,0.5947056093709537,0.4000025197647892,0.4182498196504081,0.4620883237569191,1.0,0.55,0.35,0.1,0.5316993937654516,0.34634617009052127,0.5316993937654516,0.34634617009052127,0.23742697536600588,0.4165157647105321,1.0
"Murray Hill, Manhattan",3rd_avenue/north_to_south/021_n00093_S.jpg,n00093,3rd_avenue,north_to_south,W,21,S,0.31488580900697416,0.3089853300733496,0.26173666425295683,0.7233070059967822,0.6921014492753623,0.8135752422384813,0.6625129802699896,0.8152282676672921,0.2806532663316583,0.29520260111109353,0.7581257330118726,0.6154779414629039,0.47158312330082397,0.6778146451046805,0.5513269469568436,1.0,0.55,0.35,0.1,0.6969364007689487,0.5398453616264457,0.6969364007689487,0.5398453616264457,0.4766981899004173,0.6762554106205526,1.0
"Murray Hill, Manhattan",3rd_avenue/north_to_south/022_n00092_S.jpg,n00092,3rd_avenue,north_to_south,W,22,S,0.3505398364995145,0.31512322314744723,0.2655916006538413,0.7172712933753944,0.552065587734242,0.8272707020558844,0.7147775423728814,0.8346709211628957,0.22038542051471496,0.31041822010026765,0.7900154658515088,0.6666255422680161,0.4675814814437982,0.6645689517370137,0.6155351213170934,1.0,0.55,0.35,0.1,0.7316649714070572,0.5826002525485202,0.7316649714070572,0.5826002525485202,0.5223133248010158,0.6629774873538756,1.0
"Murray Hill, Manhattan",3rd_avenue/north_to_south/023_n00091_S.jpg,n00091,3rd_avenue,north_to_south,W,23,S,0.19455772596581994,0.20182709447415328,0.14100796568627452,0.7945739806275739,0.4346264367816092,0.8205455692210659,0.7264276228419654,0.8411733778684974,0.16472311924410954,0.17913092870874925,0.43771794597647495,0.7337069739048205,0.44557537104303746,0.5874977038884835,0.4921477075613943,1.0,0.55,0.35,0.1,0.540120222341245,0.33574291658396943,0.540120222341245,0.33574291658396943,0.18450257023173433,0.5857684957791659,1.0
"Murray Hill, Manhattan",3rd_avenue/north_to_south/024_n00090_S.jpg,n00090,3rd_avenue,north_to_south,W,24,S,0.17806224266356843,0.1721605366643534,0.14963653417751202,0.6957054784923637,0.4219423906346272,0.8145984684861575,0.6589983225497243,0.7949315920398011,0.13534382284382288,0.16661977116847795,0.4011771416310967,0.6895648932991791,0.3971710726967736,0.4079530343901088,0.5981762211924008,1.0,0.55,0.35,0.1,0.4857325591150101,0.29583047756663905,0.4857325591150101,0.29583047756663905,0.1629734117602408,0.40623185941501005,1.0
"Murray Hill, Manhattan",3rd_avenue/north_to_south/025_n00089_S.jpg,n00089,3rd_avenue,north_to_south,W,25,S,0.2576343846405564,0.2642066592261905,0.18139345927280118,0.6209588826114251,0.5078337874659401,0.8165232974910395,0.6279467930989068,0.7701610140459061,0.10202418506834914,0.234411501046516,0.6017921494717269,0.6277620363971304,0.36498548908362793,0.2983394801722716,0.4866312283640773,1.0,0.55,0.35,0.1,0.5693704512183358,0.39172819740129095,0.5693704512183358,0.39172819740129095,0.3051764047122617,0.29684889307539547,1.0
"Murray Hill, Manhattan",3rd_avenue/north_to_south/026_n00088_S.jpg,n00088,3rd_avenue,north_to_south,W,26,S,0.3922591181088119,0.3814796787539548,0.3869527804668173,0.6484270414993306,0.48813670004353504,0.7902304676939713,0.6220377604166666,0.8017212141767001,0.12573461181565113,0.38689719244319465,0.9040247427734986,0.6540038518774984,0.37388618611615887,0.3270171548735857,1.136293630390002,1.0,0.5,0.3,0.2,0.6693886704498808,0.6019469589674171,0.6693886704498808,0.6019469589674171,0.7324444490498276,0.3254497441593421,1.0
"Murray Hill, Manhattan",3rd_avenue/north_to_south/027_n00087_S.jpg,n00087,3rd_avenue,north_to_south,W,27,S,0.3880829985123319,0.3849980415197806,0.3680902200036975,0.7451459606245757,0.42588671254632077,0.7893087983115684,0.675911304118963,0.8126408353943391,0.22804232804232805,0.3803904200119366,0.897033086638914,0.7106333611575313,0.45197681608064555,0.6105565480003644,1.1565626658145882,1.0,0.5,0.3,0.2,0.7745386375758642,0.6920169704779647,0.7745386375758642,0.6920169704779647,0.7168681047817137,0.6088596470982782,1.0
"Murray Hill, Manhattan",3rd_avenue/north_to_south/028_n00086_S.jpg,n00086,3rd_avenue,north_to_south,W,28,S,0.3466885783477426,0.29728378965667096,0.2781862745098039,0.6445283577669184,0.5444589498114302,0.804427985122483,0.719756999471738,0.78882382103241,0.16436988216496906,0.30738621417140577,0.7839159863265622,0.6296310763292994,0.4420634408183535,0.5746751298459065,1.161420764862503,1.0,0.5,0.3,0.2,0.6898347812710804,0.5578301230735554,0.6898347812710804,0.5578301230735554,0.513229049138022,0.5729312435410391,1.0
"Murray Hill, Manhattan",3rd_avenue/north_to_south/029_n00085_S.jpg,n00085,3rd_avenue,north_to_south,W,29,S,0.30211120178814266,0.2794213415201414,0.23193965967219965,0.7363105292792792,0.4856839484475688,0.8249111657783245,0.684447983014862,0.8084087196884031,0.25166794970490125,0.27115740099349456,0.701382272719895,0.6863451001733711,0.4680579663598816,0.6661603224119437,0.5280476113695157,1.0,0.55,0.35,0.1,0.6925049723516137,0.5123305134441739,0.6925049723516137,0.5123305134441739,0.40568868328934304,0.6645725974783394,1.0
"Murray Hill, Manhattan",3rd_avenue/north_to_south/030_n00084_S.jpg,n00084,3rd_avenue,north_to_south,W,30,S,0.3638215560747397,0.3533585427340002,0.33167229729729725,0.7286680911680912,0.4675095785440613,0.8001716901945822,0.7181624689606244,0.8161878778152248,0.16405484818805094,0.349617465368679,0.8575892276342325,0.6924487968130848,0.4411086585743377,0.5711708719612271,0.5417794658834587,1.0,0.55,0.35,0.1,0.7640396770051903,0.6482235150742462,0.7640396770051903,0.6482235150742462,0.6363839478831639,0.5694233829360805,1.0
"Murray Hill, Manhattan",3rd_avenue/north_to_south/031_n00083_S.jpg,n00083,3rd_avenue,north_to_south,W,31,S,0.27265262652522493,0.20413180683986498,0.18881566904631156,0.741512027491409,0.45315712187958884,0.8112636995455761,0.7041427203065135,0.8269184106763725,0.14472953459957794,0.22186670080380047,0.5652262738413568,0.7050911054293976,0.4244361274530457,0.5091344615257206,0.539870146456521,1.0,0.55,0.35,0.1,0.6043539566793487,0.40585710231018807,0.6043539566793487,0.40585710231018807,0.27422211436164984,0.5073522182305193,1.0
"Murray Hill, Manhattan",3rd_avenue/north_to_south/032_n00082_S.jpg,n00082,3rd_avenue,north_to_south,W,32,S,0.2743296133802458,0.22939796010470262,0.20712108617345523,0.6759520925851165,0.4892949826989619,0.8147279549718575,0.6743903882575757,0.7977478303385893,0.12728166245436676,0.2369495532194679,0.6090676072513449,0.661468313408248,0.40083602535597124,0.4212949824582712,0.5400550860942642,1.0,0.55,0.35,0.1,0.6042307465422285,0.41782222533933117,0.6042307465422285,0.41782222533933117,0.3116725864713486,0.41955740760012755,1.0
"Murray Hill, Manhattan",3rd_avenue/north_to_south/033_n00081_S.jpg,n00081,3rd_avenue,north_to_south,W,33,S,0.22087720944387307,0.23442659526996876,0.21507312813796112,0.75809902200489,0.5932246376811595,0.8605473554735547,0.698038073038073,0.8195463545306313,0.1174060751398881,0.22345897761726763,0.5699158255554712,0.6614735796181206,0.40772207408898054,0.4466615010571373,1.026313434330775,1.0,0.5,0.3,0.2,0.5676162410398403,0.3961510695275558,0.5676162410398403,0.3961510695275558,0.2780412963833738,0.4448997362968484,1.0
"Murray Hill, Manhattan",3rd_avenue/north_to_south/034_n00080_S.jpg,n00080,3rd_avenue,north_to_south,W,34,S,0.26541489366579935,0.2446634973900074,0.18310220852593737,0.7662313558750085,0.5125432525951558,0.8512535840501433,0.7058976357495453,0.8155915086562242,0.0999823196605375,0.23106019986058135,0.5921166416911546,0.6897598706453589,0.4029399777050414,0.42900782800193743,1.5125717825672855,1.0,0.4,0.25,0.35,0.5495411443715723,0.41624980780495385,0.5495411443715723,0.41624980780495385,0.2967163586015878,0.4272619285302156,0.9950667545725255
"Murray Hill, Manhattan",3rd_avenue/south_to_north/001_n00080_N.jpg,n00080,3rd_avenue,south_to_north,W,1,N,0.2176590882778642,0.2152286944512145,0.18429829242262538,0.7703098431891178,0.7287322768974144,0.8445993931176964,0.7155119745845552,0.8232865767045454,0.13187367303609343,0.20572869171723468,0.5171793102160833,0.6216213809987496,0.4236928238103243,0.5063477482216264,1.5125717825672855,1.0,0.4,0.25,0.35,0.537520524718304,0.39318614456175804,0.537520524718304,0.39318614456175804,0.23740460666088348,0.5045652326718941,0.9950667545725255
"Murray Hill, Manhattan",3rd_avenue/south_to_north/002_n00081_N.jpg,n00081,3rd_avenue,south_to_north,W,2,N,0.21823782061271277,0.2246598223743176,0.19793057409879836,0.8002905441098784,0.683419930722089,0.8478601075049329,0.7224570842941328,0.8456239870340356,0.1594544205671671,0.21360940569527626,0.5407377140285827,0.654164866807275,0.44095575243064994,0.5706090001667968,1.026313434330775,1.0,0.5,0.3,0.2,0.5787183038945402,0.39713064177477675,0.5787183038945402,0.39713064177477675,0.25494823924007987,0.5688609497989253,1.0
"Murray Hill, Manhattan",3rd_avenue/south_to_north/003_n00082_N.jpg,n00082,3rd_avenue,south_to_north,W,3,N,0.3241930409397819,0.26140148603638225,0.2357355126300149,0.7609069844422377,0.5273207184971892,0.8239901325932779,0.6660424469413234,0.8289855072463768,0.20067792715155694,0.27377667986872634,0.707923474293301,0.6875239243971417,0.4333601870464402,0.5424979164121209,0.5400550860942642,1.0,0.55,0.35,0.1,0.6823120091661972,0.507327162125172,0.6823120091661972,0.507327162125172,0.41328885362486034,0.5407275366118053,1.0
"Murray Hill, Manhattan",3rd_avenue/south_to_north/004_n00083_N.jpg,n00083,3rd_avenue,south_to_north,W,4,N,0.3449156302305925,0.281239183108342,0.30306691449814127,0.7839395491803279,0.5296832966495475,0.8327805417357657,0.7043783422459894,0.8282291479012791,0.2621808386038886,0.30974057594569193,0.7886633034229572,0.6941618001440197,0.48327959042493895,0.7148778199098051,0.539870146456521,1.0,0.55,0.35,0.1,0.7468352867202148,0.593988727276918,0.7468352867202148,0.593988727276918,0.5202840839837152,0.7134221179880199,1.0
"Murray Hill, Manhattan",3rd_avenue/south_to_north/005_n00084_N.jpg,n00084,3rd_avenue,south_to_north,W,5,N,0.27977179817449643,0.24965526751241032,0.24066625412541254,0.7681055385400715,0.5491935483870968,0.8239901325932779,0.644141769185706,0.8049396298803883,0.2720689655172414,0.2566977732707731,0.6638220043725239,0.6746172066777876,0.45810536735147367,0.6321800080501825,0.5417794658834587,1.0,0.55,0.35,0.1,0.6643280269841169,0.47770253982641564,0.6643280269841169,0.47770253982641564,0.364628059526822,0.6305203091996759,1.0
"Murray Hill, Manhattan",3rd_avenue/south_to_north/006_n00085_N.jpg,n00085,3rd_avenue,south_to_north,W,6,N,0.3430272030051687,0.3212082805238699,0.2867443698143026,0.7640393294648614,0.5538281131789984,0.8114157993061116,0.7187389302160822,0.8288515167036595,0.20237268518518517,0.3169932844477804,0.8028051037157006,0.6796875776631741,0.46055580770063365,0.6406846869457229,0.5280476113695157,1.0,0.55,0.35,0.1,0.7404713667020172,0.5964042225213185,0.7404713667020172,0.5964042225213185,0.5419544670580264,0.6390414520883242,1.0
"Murray Hill, Manhattan",3rd_avenue/south_to_north/007_n00086_N.jpg,n00086,3rd_avenue,south_to_north,W,7,N,0.41192627774199236,0.49322493224932246,0.4766179078014184,0.7135274195649343,0.4981840193704601,0.7971840271237521,0.7394563542104526,0.8142484589853011,0.22310920069593698,0.46058970593091103,0.9579959082702856,0.6765306197265917,0.4812827774531948,0.7087336533954562,1.161420764862503,1.0,0.5,0.3,0.2,0.8125772805045921,0.7735525306502035,0.8125772805045921,0.7735525306502035,0.868911709498931,0.7072594278358485,1.0
"Murray Hill, Manhattan",3rd_avenue/south_to_north/008_n00087_N.jpg,n00087,3rd_avenue,south_to_north,W,8,N,0.3920923648375485,0.44513222166077143,0.3902906742026646,0.714126734747316,0.44223856209150325,0.8008202099737532,0.6263180092787852,0.8029925544100802,0.08855932203389831,0.40917175356699487,0.9248441335582959,0.6916269090219643,0.35743866565634175,0.2751955386923373,1.1565626658145882,1.0,0.5,0.3,0.2,0.6651569227684501,0.610803398684964,0.6651569227684501,0.610803398684964,0.781487344336249,0.2737754670039584,1.0
"Murray Hill, Manhattan",3rd_avenue/south_to_north/009_n00088_N.jpg,n00088,3rd_avenue,south_to_north,W,9,N,0.1668645787327595,0.1594850948509485,0.15181313489251114,0.7471330275229358,0.6086560044893378,0.8254000680966973,0.6106088004822182,0.8095837831354205,0.13709590225970378,0.15938760282540637,0.3805183291893892,0.6493536020563395,0.373852351370961,0.3269054709755439,1.136293630390002,1.0,0.5,0.3,0.2,0.4333278524683271,0.2731406621968064,0.4333278524683271,0.2731406621968064,0.15147810614349963,0.32533833678618396,1.0
"Murray Hill, Manhattan",3rd_avenue/south_to_north/010_n00089_N.jpg,n00089,3rd_avenue,south_to_north,W,10,N,0.19688848843475729,0.19847733711048163,0.2061962408410322,0.8067361774381832,0.6966119096509241,0.8305758085623481,0.7426470588235294,0.8221174170365674,0.204285046182626,0.20052068879542367,0.5015620613042612,0.6440805616079421,0.4734660525030777,0.683951383638534,0.4866312283640773,1.0,0.55,0.35,0.1,0.5646900868696408,0.364405572530191,0.5646900868696408,0.364405572530191,0.2262763453591808,0.6824079326515887,1.0
"Murray Hill, Manhattan",3rd_avenue/south_to_north/011_n00090_N.jpg,n00090,3rd_avenue,south_to_north,W,11,N,0.33516479674436106,0.2838342172461206,0.26505486968449926,0.7738024150743099,0.7082506941689806,0.8348785069381325,0.7069008009858287,0.8421950899304188,0.21410472972972974,0.2946846278916603,0.7569841292025609,0.635915603611916,0.46050276535777923,0.6405015050203238,0.5981762211924008,1.0,0.55,0.35,0.1,0.7003893921993175,0.5419835195796602,0.7003893921993175,0.5419835195796602,0.4751478747298505,0.6388579046437411,1.0
"Murray Hill, Manhattan",3rd_avenue/south_to_north/012_n00091_N.jpg,n00091,3rd_avenue,south_to_north,W,12,N,0.4473249917158767,0.6319444444444445,0.5625978090766823,0.5742019643953347,0.7403536977491961,0.8110150496317643,0.613596312864308,0.7876433411519416,0.10853105709876543,0.5472890817456678,0.9847449034771522,0.54049720259936,0.36106368498153674,0.2861728749278975,0.4921477075613943,1.0,0.55,0.35,0.1,0.7054538571113526,0.6910587010553791,0.7054538571113526,0.6910587010553791,0.9493944429884168,0.28471840924692615,1.0
"Murray Hill, Manhattan",3rd_avenue/south_to_north/013_n00092_N.jpg,n00092,3rd_avenue,south_to_north,W,13,N,0.3494983142841999,0.34103788231641047,0.27446338383838387,0.6872574385510997,0.7093879429360331,0.7955853476877243,0.6658507166170001,0.790820237638942,0.12463947259991759,0.32166652681299807,0.8115324181029989,0.5895632444180028,0.39524509460845886,0.4009943769390127,0.6155351213170934,1.0,0.55,0.35,0.1,0.6762662261138953,0.5489537189454128,0.6762662261138953,0.5489537189454128,0.5558391793457621,0.3992827609217247,1.0
"Murray Hill, Manhattan",3rd_avenue/south_to_north/014_n00093_N.jpg,n00093,3rd_avenue,south_to_north,W,14,N,0.3036328262967462,0.29568878833584716,0.23787878787878788,0.7341154652475407,0.6285487822452803,0.8150757731605293,0.7638551779935274,0.7898342577918648,0.12401168786524575,0.2790668008371271,0.7208741082720226,0.6318003135980417,0.4439334329293866,0.5815164051209954,0.5513269469568436,1.0,0.55,0.35,0.1,0.6737236999876243,0.5061137843454898,0.6737236999876243,0.5061137843454898,0.4287618869388407,0.5797800578301577,1.0
"Murray Hill, Manhattan",3rd_avenue/south_to_north/015_n00094_N.jpg,n00094,3rd_avenue,south_to_north,W,15,N,0.2905337086178312,0.27536868834847156,0.21754131504922647,0.6115772956747169,0.4837482710926695,0.8010578371651275,0.6354001584786054,0.7714651783206965,0.08122845399098384,0.2611479040051764,0.6756330897768289,0.6330980676342479,0.35831430623479466,0.27782312729536673,0.4620883237569191,1.0,0.55,0.35,0.1,0.6042723001202427,0.4382386067374762,0.6042723001202427,0.4382386067374762,0.3770869435119413,0.2763946671809143,1.0
"Murray Hill, Manhattan",3rd_avenue/south_to_north/016_n00095_N.jpg,n00095,3rd_avenue,south_to_north,W,16,N,0.35520946789161434,0.32557340279285146,0.26171990535344575,0.6305232558139536,0.5659571387199537,0.8102346849572996,0.7268518518518517,0.7801727080346782,0.05423126076568319,0.31416759201263716,0.7973819476056976,0.6149129417095593,0.39054155630876747,0.3841721607414287,1.2003547453457262,1.0,0.4,0.25,0.35,0.5787007292487588,0.4920182898099437,0.5787007292487588,0.4920182898099437,0.5335258914186625,0.3824864994610359,1.0
"Murray Hill, Manhattan",3rd_avenue/south_to_north/017_n00096_N.jpg,n00096,3rd_avenue,south_to_north,W,17,N,0.3300414354563769,0.34850660539919587,0.30779797125950975,0.6920856217434164,0.638962472406181,0.8093642778533048,0.6678984971667897,0.8032307499843623,0.09239834239834244,0.3287820040383608,0.8242460448283714,0.6187846331071992,0.3801484197825661,0.34801551505802863,1.3267050872789412,1.0,0.4,0.25,0.35,0.5673710088983585,0.4910762435270828,0.5673710088983585,0.4910762435270828,0.5768066694261812,0.34639926295428997,1.0
"Murray Hill, Manhattan",3rd_avenue/south_to_north/018_n00097_N.jpg,n00097,3rd_avenue,south_to_north,W,18,N,0.36850344892185904,0.35498483839952666,0.32461618527192293,0.7018295647945538,0.6363790530457197,0.8044143356643357,0.6946492403932082,0.7934684247947773,0.1106740481740482,0.34936815753110284,0.857223461183241,0.6196396455145371,0.4026616442836282,0.4279854237306853,1.2612468403022437,1.0,0.4,0.25,0.35,0.6198299551630283,0.5491772125229601,0.6198299551630283,0.5491772125229601,0.635691389558235,0.42624057905835194,1.0
"Murray Hill, Manhattan",3rd_avenue/south_to_north/019_n00098_N.jpg,n00098,3rd_avenue,south_to_north,W,19,N,0.41513865780601866,0.5827408336818625,0.5336000688349681,0.7773773052201598,0.5405982905982906,0.8150037439161363,0.7669646404449741,0.8490732013823438,0.16644649933949804,0.510493186774283,0.976475752959977,0.6952840720014043,0.4667055698922361,0.6616338131313645,1.195788593325546,1.0,0.5,0.3,0.2,0.8158361673125891,0.7929932702937847,0.8158361673125891,0.7929932702937847,0.9234528053894661,0.6600355467460657,1.0
"Murray Hill, Manhattan",3rd_avenue/south_to_north/020_n00099_N.jpg,n00099,3rd_avenue,south_to_north,W,20,N,0.19110548448229647,0.21606086624689946,0.17294762915782025,0.7881492057826165,0.5422383922383922,0.8403137020825043,0.7825935059597205,0.8331735239423524,0.1076636422553467,0.19337132662900536,0.48012445859310166,0.6930281124955255,0.44512857410753365,0.5858725776227082,0.5776757912453728,1.0,0.55,0.35,0.1,0.5569134697297906,0.354779967928214,0.5569134697297906,0.354779967928214,0.21160963836446672,0.58414137921581,1.0
"Murray Hill, Manhattan",3rd_avenue/south_to_north/021_n00100_N.jpg,n00100,3rd_avenue,south_to_north,W,21,N,0.2202650326550362,0.2526246719160105,0.21227962279622795,0.8001011592300963,0.49910686548617583,0.8572025925151578,0.7473171050909566,0.8234453686414304,0.11761744966442955,0.22838977578909153,0.5843550401157015,0.7081465541284502,0.4324672773776931,0.5391718515725252,0.5725233160071689,1.0,0.55,0.35,0.1,0.6199948172422101,0.42164988963439126,0.6199948172422101,0.42164988963439126,0.29007316911410197,0.5373995762051351,1.0
"Murray Hill, Manhattan",3rd_avenue/south_to_north/022_n00101_N.jpg,n00101,3rd_avenue,south_to_north,W,22,N,0.18334298936243099,0.21165865384615387,0.21091041780696954,0.8041786670708908,0.5570843917583969,0.8493477627168051,0.8037298464861529,0.8411733778684974,0.09944635955290926,0.20197068700518478,0.5059117855094838,0.6960892177269971,0.45158810301953106,0.6091692508100595,0.3531688403507763,1.0,0.55,0.35,0.1,0.576298717141976,0.3728602998167472,0.576298717141976,0.3728602998167472,0.22933715362781928,0.6074701913413989,1.0
"Murray Hill, Manhattan",3rd_avenue/south_to_north/023_n00102_N.jpg,n00102,3rd_avenue,south_to_north,W,23,N,0.23571134629999663,0.2753945556614765,0.19629629629629627,0.7639743064097307,0.46171271538918596,0.8278609657826688,0.7613453560240454,0.8410108765195137,0.1487691960252936,0.23580073275258978,0.6057802479517105,0.7144241558466862,0.4550572760246695,0.6214857215035682,4.858206709944111,0.6513351105351688,0.15,0.15,0.7,0.6321825363252596,0.570306274760069,0.6321825363252596,0.570306274760069,0.30872277578749036,0.6198067880686922,0.6024258491401467
"Murray Hill, Manhattan",3rd_avenue/south_to_north/024_n00103_N.jpg,n00103,3rd_avenue,south_to_north,W,24,N,0.2382125231490901,0.22745018847603657,0.1736623826451554,0.7821091259098839,0.5474547023295945,0.8489062794644541,0.7351738241308793,0.8223621531499345,0.0751473792131232,0.2131083647567607,0.5392442079981852,0.6856721922434079,0.40516060167200124,0.4371858749554019,4.865715329266514,0.6506019293915833,0.15,0.15,0.7,0.4826714256825722,0.42987038857082566,0.4826714256825722,0.42987038857082566,0.2538078523711119,0.4354320740602454,0.6017477231404058
"Murray Hill, Manhattan",3rd_avenue/south_to_north/025_n00104_N.jpg,n00104,3rd_avenue,south_to_north,W,25,N,0.2602663004025422,0.24477484750627912,0.2202612423970486,0.785309216809933,0.554891650732951,0.864069690992768,0.7301332381632167,0.8442078309347855,0.08306353702954272,0.24176746343529,0.6227435404471982,0.6915417990039225,0.40659838759637973,0.4424994703071361,3.831359658754504,0.7597970287436582,0.15,0.15,0.7,0.49803295215473997,0.4503238318829138,0.49803295215473997,0.4503238318829138,0.3242087869606341,0.4407410460536528,0.7027432773261255
"Murray Hill, Manhattan",3rd_avenue/south_to_north/026_n00105_N.jpg,n00105,3rd_avenue,south_to_north,W,26,N,0.2953122111372822,0.26428175263449805,0.2453762755102041,0.7888782107286388,0.5631613756613757,0.8147603165260611,0.6844277673545967,0.8205527667185968,0.077986869474779,0.26832341309399477,0.6942110700261475,0.6820898672619533,0.3812073184146878,0.3516281329929885,5.057906717749617,0.6321136925982781,0.15,0.15,0.7,0.43008916348392023,0.3943035311673945,0.43008916348392023,0.3943035311673945,0.39751620611347366,0.35000410994148073,0.5846477824659967
"Murray Hill, Manhattan",3rd_avenue/south_to_north/027_n00106_N.jpg,n00106,3rd_avenue,south_to_north,W,27,N,0.3061298712949487,0.24565174424350236,0.22630881378396292,0.7370771958537916,0.5384934461589513,0.8131893534112674,0.622773264928032,0.8197094463413,0.058079511749942934,0.25936347644080465,0.6709228028245345,0.6727643986787134,0.3404263883389875,0.22730280475202758,5.019863910839916,0.6357311109108972,0.15,0.15,0.7,0.314632578421672,0.2868931374738857,0.314632578421672,0.2868931374738857,0.3720705568212258,0.22605279300025669,0.5879935660164707
"Murray Hill, Manhattan",3rd_avenue/south_to_north/028_n00107_N.jpg,n00107,3rd_avenue,south_to_north,W,28,N,0.17755997098580037,0.1958271726630524,0.15237403100775193,0.7646989572822065,0.5068639624724062,0.8427950658816933,0.668139097744361,0.8205314009661836,0.058079511749942934,0.1752537248855349,0.42630195323692793,0.6927887985919946,0.363109304747152,0.2924818997973966,5.033354883227677,0.6344459171085415,0.15,0.15,0.7,0.3522224417380466,0.3077812674023064,0.3522224417380466,0.3077812674023064,0.17760463624445944,0.2910084409062306,0.5868048784189948
"Murray Hill, Manhattan",3rd_avenue/south_to_north/029_n00108_N.jpg,n00108,3rd_avenue,south_to_north,W,29,N,0.1585161521317839,0.1825146707237557,0.17047878012369377,0.7844097102942861,0.5958750181238219,0.8429446778711484,0.7207491582491583,0.8331492051801387,0.10046092604232137,0.1705032009930778,0.4124220770838407,0.6738946324502009,0.41060504214573984,0.4573726379098969,4.227005342288325,0.7160174066572047,0.15,0.15,0.7,0.47728656650302764,0.4165321035149878,0.47728656650302764,0.4165321035149878,0.1694306671943264,0.45560341098909896,0.6622511012037662
"Murray Hill, Manhattan",3rd_avenue/south_to_north/030_n00109_N.jpg,n00109,3rd_avenue,south_to_north,W,30,N,0.17983274469246416,0.1932253370098039,0.21213217559093098,0.8004063110126115,0.5039021164021165,0.8360714285714286,0.7968940781440782,0.859670781893004,0.10664842240824209,0.195063419097733,0.4851945867050279,0.718724992167833,0.45177125027616016,0.6098231154802393,4.219718862314258,0.7168004214600862,0.15,0.15,0.7,0.6039688242196073,0.533519583998697,0.6039688242196073,0.533519583998697,0.21501699582144113,0.6081250699652901,0.6629753188144636
"Murray Hill, Manhattan",3rd_avenue/south_to_north/031_n00110_N.jpg,n00110,3rd_avenue,south_to_north,W,31,N,0.20298716975807357,0.21406223575173344,0.1917415169660678,0.7244652989960717,0.3923746066999814,0.8231496824081744,0.7756944444444445,0.8346542947354855,0.06109849146717927,0.20293030749195826,0.508790016767485,0.7222483290105253,0.41839646795581187,0.48649004403848534,4.4818402712061145,0.6891639789711714,0.15,0.15,0.7,0.5196794443595889,0.46056203274547675,0.5196794443595889,0.46056203274547675,0.23137875292518256,0.4847087949671105,0.6374141183443742
"Murray Hill, Manhattan",3rd_avenue/south_to_north/032_n00111_N.jpg,n00111,3rd_avenue,south_to_north,W,32,N,0.2798952738809383,0.29760563380281685,0.24282807226523717,0.808713606188908,0.5340527094258438,0.8419030732860521,0.7756692784851453,0.8765856073262793,0.11922785768357307,0.27344299331633076,0.707094837770853,0.7170821680297811,0.4474485680843592,0.594289933506077,4.486606466134605,0.6886714515740481,0.15,0.15,0.7,0.6274163764157977,0.5774810028172878,0.6274163764157977,0.5774810028172878,0.41231823943470386,0.5925694523286132,0.6369585752135992
"Murray Hill, Manhattan",3rd_avenue/south_to_north/033_n00112_N.jpg,n00112,3rd_avenue,south_to_north,W,33,N,0.14339073315364864,0.15692060085836912,0.09934985778138967,0.790069938153864,0.44140151515151516,0.8634081079099772,0.7566045606229143,0.8344472426707994,0.06989447548106764,0.13322039726446913,0.30973569609181556,0.7277052218910494,0.41324951805199095,0.46723272333575316,4.183719631453511,0.7206815303775761,0.15,0.15,0.7,0.46947804642623814,0.4037584011851951,0.46947804642623814,0.4037584011851951,0.1153663126391095,0.46545807220050217,0.666564992236649
"Murray Hill, Manhattan",3rd_avenue/south_to_north/034_n00113_N.jpg,n00113,3rd_avenue,south_to_north,W,34,N,0.1412022392500968,0.19713775340644726,0.19476118079310778,0.7875275938189845,0.47388805597201406,0.8662299696838458,0.7623213962741907,0.8584833397165837,0.08956492182188987,0.17770039114988395,0.43349753883274394,0.7240409591878514,0.4259431590480403,0.5147825370627985,4.183719631453511,0.7206815303775761,0.15,0.15,0.7,0.5280184888228516,0.46241752648405104,0.5280184888228516,0.46241752648405104,0.1819336587447584,0.5130011853565257,0.666564992236649
"Murray Hill, Manhattan",Park_Ave_East/north_to_south/005_n00143_S.jpg,n00143,Park_Ave_East,north_to_south,W,5,S,0.4110519431479388,0.641692325236629,0.5539944263817929,0.3549209770114942,0.47131317315658655,0.7307818930041153,0.6783339981385454,0.7358490566037736,0.1890934000476531,0.5355795649221202,0.9824837499380683,0.5398189534862271,0.43371369909309926,0.5438137099581513,2.484790501023126,0.9298624796123384,0.3,0.2,0.5,0.6484437590181991,0.6393078342063949,0.6484437590181991,0.6393078342063949,0.9422010874211348,0.5420441236374437,0.8600383808632082
"Murray Hill, Manhattan",Park_Ave_East/north_to_south/006_n00142_S.jpg,n00142,Park_Ave_East,north_to_south,W,6,S,0.47857233572742264,0.7857575757575758,0.7279429538312788,0.38878171401847306,0.571749654218534,0.8262989349453079,0.7809203022526376,0.8092478344861967,0.5050207039337473,0.6640909551054257,0.9962005469263514,0.5420932980953785,0.6429705030931925,0.9649248576580359,3.9929477131790376,0.7416023047136777,0.15,0.15,0.7,0.8892186611909734,0.8878322636955517,0.8892186611909734,0.8878322636955517,0.9870469386922812,0.9646827108101456,0.6859148093127467
"Murray Hill, Manhattan",Park_Ave_East/north_to_south/007_n00141_S.jpg,n00141,Park_Ave_East,north_to_south,W,7,S,0.3498690640635555,0.39896176247151177,0.38010718454844533,0.6939525244913338,0.5413040324920221,0.8174450019297569,0.6779076124094573,0.790771678599841,0.1613068304244775,0.37631267036117083,0.8924247932629257,0.6478067235330509,0.4196072214169674,0.49102804344190876,2.1840361448697108,0.9727721258268506,0.3,0.2,0.5,0.6208886579896591,0.5778931577496327,0.6208886579896591,0.5778931577496327,0.706831758239369,0.4892460092656055,0.8997259082803026
"Murray Hill, Manhattan",Park_Ave_East/north_to_south/008_n00140_S.jpg,n00140,Park_Ave_East,north_to_south,W,8,S,0.21393616646622313,0.2820445837687217,0.2103408279800143,0.7651911468812878,0.3838639043287855,0.8268927161822749,0.6717997734352874,0.8071171011408643,0.06826664219285365,0.23544052607165303,0.6047475235438132,0.7294814478977889,0.3700332078140705,0.3144272516533391,2.4374318831143387,0.9364915477799268,0.3,0.2,0.5,0.4527257216595289,0.36879175685283117,0.4527257216595289,0.36879175685283117,0.3078010657227431,0.3128921290471261,0.8661696671324008
"Murray Hill, Manhattan",Park_Ave_East/north_to_south/009_n00139_S.jpg,n00139,Park_Ave_East,north_to_south,W,9,S,0.3295250095002868,0.4554522172799569,0.4252414744726986,0.7337346852555978,0.40639923591212984,0.817458019687319,0.5942905449343218,0.8070786066231236,0.20124755662872254,0.4034062337509807,0.9198915768232415,0.7114713519888638,0.39776905078152214,0.4101212309710577,2.5231620869022806,0.924525807888298,0.3,0.2,0.5,0.5834566609551994,0.5518560498768275,0.5834566609551994,0.5518560498768275,0.7694430050137779,0.40839721841876,0.8551024439807396
"Murray Hill, Manhattan",Park_Ave_East/north_to_south/010_n00138_S.jpg,n00138,Park_Ave_East,north_to_south,W,10,S,0.28588696311474815,0.295082309684967,0.2934510393188079,0.7766542980828696,0.4050248245163499,0.8273234599699507,0.6828875681030212,0.7972032396861555,0.033199737495898364,0.291473437372841,0.7498253893338477,0.7229442377508917,0.35804365279945977,0.2770093142929221,2.9480182327227915,0.8674453771989762,0.3,0.2,0.5,0.45243499427995354,0.39114429019931146,0.45243499427995354,0.39114429019931146,0.4655484837830198,0.2755834417543937,0.8023082273461625
"Murray Hill, Manhattan",Park_Ave_East/north_to_south/011_n00137_S.jpg,n00137,Park_Ave_East,north_to_south,W,11,S,0.2942224837641616,0.32612144016526484,0.2935274502798619,0.6768742318721835,0.35191552062868364,0.8187097231074287,0.5287201579608687,0.7912049861495846,0.11762734584450403,0.3046237914030961,0.7782479823455714,0.7053878991310281,0.3231737519026864,0.1850661340298775,2.940700640445563,0.8683980416830644,0.3,0.2,0.5,0.3721212562628813,0.32588134603649177,0.3721212562628813,0.32588134603649177,0.5049447078371492,0.18399308700488984,0.8031893555112034
"Murray Hill, Manhattan",Park_Ave_East/north_to_south/012_n00136_S.jpg,n00136,Park_Ave_East,north_to_south,W,12,S,0.2540738989014901,0.19970803959267966,0.2110334603981364,0.7165066300868771,0.40913140311804,0.8186661877394635,0.6984382177308222,0.7813787123347063,0.13035676588558157,0.22160513296410206,0.5644547669829287,0.6962513131011812,0.41439749180820185,0.47152145022379016,2.2588531188461736,0.9619161754431719,0.3,0.2,0.5,0.5380128841234584,0.4321336011161449,0.5380128841234584,0.4321336011161449,0.27359785684985716,0.46974487216023,0.8896851396769682
"Murray Hill, Manhattan",Park_Ave_East/north_to_south/013_n00135_S.jpg,n00135,Park_Ave_East,north_to_south,W,13,S,0.32882162884284993,0.31961875443997156,0.31115751789976137,0.7563833508219657,0.39716386554621846,0.8429251557795981,0.6963319491632062,0.8155929520269805,0.21216683394669347,0.3198659670608609,0.8082054586430643,0.7249374791009092,0.4542493915549498,0.6186308375730807,2.2463625139586165,0.9637201020579278,0.3,0.2,0.5,0.6918826289507549,0.6157592279407537,0.6918826289507549,0.6157592279407537,0.5504986345278607,0.6169470459486999,0.8913536080354264
"Murray Hill, Manhattan",Park_Ave_East/north_to_south/014_n00134_S.jpg,n00134,Park_Ave_East,north_to_south,W,14,S,0.48718891036781675,0.7325642831983092,0.7563986556359875,0.4899441878367976,0.3125664388762339,0.7870489002775999,0.6838087585375653,0.7522014865083212,0.26920672803727697,0.6587172830673711,0.9959484960872027,0.6431930784896283,0.4765077432874211,0.6937300805987356,1.317434584516426,1.0,0.4,0.25,0.35,0.7866775866453379,0.7829869723433005,0.7866775866453379,0.7829869723433005,0.9861960634872344,0.6922128943003523,1.0
"Murray Hill, Manhattan",Park_Ave_East/north_to_south/015_n00133_S.jpg,n00133,Park_Ave_East,north_to_south,W,15,S,0.4873196703267866,0.7370009285051068,0.7544972773239985,0.49549000487567035,0.3150749063670412,0.76734589541338,0.7141970198675497,0.7502609184328838,0.23020555767034642,0.6596059587186306,0.9959912999251318,0.6435586723138376,0.47220128876894807,0.679836240172064,1.172755652402779,1.0,0.5,0.3,0.2,0.8094407769206222,0.8051410163888155,0.8094407769206222,0.8051410163888155,0.9863404879355899,0.6782821456145276,1.0
"Murray Hill, Manhattan",Park_Ave_East/north_to_south/016_n00132_S.jpg,n00132,Park_Ave_East,north_to_south,W,16,S,0.551304447724669,0.8103289625028754,0.8095648015303682,0.5596599237760188,0.6356697198991106,0.7784056997911071,0.7514402197996987,0.7939340644182358,0.28315925426774485,0.7237327372526374,0.9981390265245464,0.5726414227650479,0.5172997370337218,0.8068227832334384,1.168484413336772,1.0,0.5,0.3,0.2,0.8096847823126312,0.8076289383930919,0.8096847823126312,0.8076289383930919,0.9936257033637108,0.8057089274525766,1.0
"Murray Hill, Manhattan",Park_Ave_East/north_to_south/017_n00131_S.jpg,n00131,Park_Ave_East,north_to_south,W,17,S,0.4385502224043317,0.6702910052910053,0.6515782828282828,0.6750604351329573,0.58140506491837,0.8419764821856077,0.7002943463290014,0.7964789209705843,0.19173881673881676,0.5868065035078732,0.9904505657261755,0.6300447637283906,0.4460165815339091,0.5891006415516515,1.0858792662225274,1.0,0.5,0.3,0.2,0.7794095508046707,0.7700296187136032,0.7794095508046707,0.7700296187136032,0.9678906552957257,0.5873734335321008,1.0
"Murray Hill, Manhattan",Park_Ave_East/north_to_south/018_n00130_S.jpg,n00130,Park_Ave_East,north_to_south,W,18,S,0.550402877802651,0.836739019840597,0.8257434531735464,0.4940610434521125,0.5601278877887789,0.7779383429672447,0.7932456531431119,0.8111122858955381,0.34764081724799634,0.7376284502722648,0.9984243986140243,0.5816818138529571,0.5704432351955542,0.9026171638153602,0.974881002819721,1.0,0.5,0.3,0.2,0.8320778400049894,0.8303667569763179,0.8320778400049894,0.8303667569763179,0.9945994289954365,0.9019885580931685,1.0
"Murray Hill, Manhattan",Park_Ave_East/north_to_south/019_n00129_S.jpg,n00129,Park_Ave_East,north_to_south,W,19,S,0.5299777914500629,0.7857747273411056,0.796093230798443,0.4866362946089598,0.42307147912243454,0.7744627343392776,0.7635327635327634,0.7719245069511801,0.2863826063543349,0.7039485831965371,0.9976415348908888,0.6118297741459018,0.5249576849435491,0.8240984118399447,0.8163814561660667,1.0,0.5,0.3,0.2,0.82922475499143,0.8266402561318257,0.82922475499143,0.8266402561318257,0.9919314241003624,0.8230623221203193,1.0
"Murray Hill, Manhattan",Park_Ave_East/north_to_south/020_n00128_S.jpg,n00128,Park_Ave_East,north_to_south,W,20,S,0.5250749255446334,0.8039277557398726,0.78654888764255,0.6047830374753452,0.5211518858307849,0.8054546613139616,0.7543205027494109,0.7852269410391126,0.2994773915019313,0.7051838563090187,0.9976761565938304,0.6229526975612243,0.5268989471256711,0.8282797423844873,0.9987965958065884,1.0,0.5,0.3,0.2,0.834577603203394,0.8320163479453582,0.834577603203394,0.8320163479453582,0.9920492008262726,0.8272631190420183,1.0
"Murray Hill, Manhattan",Park_Ave_East/north_to_south/021_n00127_S.jpg,n00127,Park_Ave_East,north_to_south,W,21,S,0.4166682827192163,0.5238460554916252,0.5940872648781993,0.7237895539458635,0.6236002604166667,0.8147639597227672,0.7171060444127776,0.8084370677731675,0.1984967543559959,0.5115338676963469,0.9767609164324176,0.6362087871007881,0.45780139938438674,0.6311191525515913,1.1393671516739643,1.0,0.5,0.3,0.2,0.787039098489435,0.7652210636043261,0.787039098489435,0.7652210636043261,0.9243309107830996,0.6294574725874119,1.0
"Murray Hill, Manhattan",Park_Ave_East/north_to_south/022_n00126_S.jpg,n00126,Park_Ave_East,north_to_south,W,22,S,0.4943799933999665,0.7878506409065578,0.7672119027816283,0.5660559305689489,0.49520131086142327,0.806631636788241,0.7775707618187293,0.7944563279857397,0.22038542051471496,0.6831475123627175,0.9969748659287015,0.621770315897755,0.49897809116672215,0.760363126642229,1.267415515497088,1.0,0.4,0.25,0.35,0.805820936309169,0.802971469486518,0.805820936309169,0.802971469486518,0.9896673912688343,0.7590613831212206,1.0
"Murray Hill, Manhattan",Park_Ave_East/north_to_south/023_n00125_S.jpg,n00125,Park_Ave_East,north_to_south,W,23,S,0.5234690161217788,0.7951707891637221,0.7877312987810225,0.4531069244752934,0.4259112519809825,0.7842116677510301,0.7699343931365128,0.7679633300297324,0.29275894209483866,0.7021237013555077,0.9975894440712766,0.5983863341746811,0.5313466676156757,0.83756215155212,1.3018207032989066,1.0,0.4,0.25,0.35,0.8258137696175544,0.8235432557443033,0.8258137696175544,0.8235432557443033,0.9917542579075995,0.8365896403924488,1.0
"Murray Hill, Manhattan",Park_Ave_East/north_to_south/024_n00124_S.jpg,n00124,Park_Ave_East,north_to_south,W,24,S,0.5218880571434592,0.7958123047344389,0.7724425887265136,0.5188644688644689,0.5557409879839786,0.8017445799457995,0.7686631944444445,0.7914583829247005,0.2963552724699221,0.6967143168681372,0.9974281940463209,0.5848606212683969,0.5325092334571833,0.8399207452694226,1.3247718537863014,1.0,0.4,0.25,0.35,0.8218624892403171,0.8194794328314557,0.8218624892403171,0.8194794328314557,0.991206113916967,0.8389596398965381,1.0
"Murray Hill, Manhattan",Park_Ave_East/north_to_south/025_n00123_S.jpg,n00123,Park_Ave_East,north_to_south,W,25,S,0.4639502242906008,0.7346464646464647,0.7180857276337305,0.5796957671957671,0.4289193645083933,0.8091918546899389,0.7879314477468841,0.7889852976620872,0.22191272051996283,0.6388941388569319,0.9948660341904919,0.6465872334498204,0.5049220841334234,0.7762301967319417,1.3461588025765587,1.0,0.4,0.25,0.35,0.8189536250604512,0.8144281078498831,0.8189536250604512,0.8144281078498831,0.9825536355234332,0.7749891390159758,1.0
"Murray Hill, Manhattan",Park_Ave_East/north_to_south/026_n00122_S.jpg,n00122,Park_Ave_East,north_to_south,W,26,S,0.5411791916651364,0.8027777777777777,0.7970449172576832,0.5224447061902892,0.5214197019867549,0.7697572999620781,0.6500607164541591,0.7766933028919331,0.3004118911174785,0.7136672955668657,0.9979006114475719,0.5925727690318223,0.4752363037858188,0.6896630616600813,1.367545751366816,1.0,0.4,0.25,0.35,0.7697386184890035,0.7675703231527425,0.7697386184890035,0.7675703231527425,0.9928132357233967,0.6881347854027469,1.0
"Murray Hill, Manhattan",Park_Ave_East/north_to_south/027_n00121_S.jpg,n00121,Park_Ave_East,north_to_south,W,27,S,0.5143917929341033,0.7757380514079225,0.7718726379440666,0.5386328725038402,0.4315407201359914,0.7825085910652921,0.6792242079610072,0.7660680529300566,0.21776203594385413,0.6873341607620307,0.9971226668682595,0.6243867350993018,0.4484931219524307,0.5980620600116229,1.4209979659479886,1.0,0.4,0.25,0.35,0.7416927620800189,0.738876210427434,0.7416927620800189,0.738876210427434,0.9901686975611789,0.5963467101459071,1.0
"Murray Hill, Manhattan",Park_Ave_East/north_to_south/028_n00120_S.jpg,n00120,Park_Ave_East,north_to_south,W,28,S,0.3723757469280679,0.48552631578947364,0.5190002140869193,0.702197190933111,0.42555301296720066,0.8283728042102269,0.7100895188362552,0.7908570259766824,0.17973231357552585,0.45896742560148696,0.9572055243702682,0.6891670679808641,0.4449109162058905,0.5850802145119861,1.4632560588390715,1.0,0.4,0.25,0.35,0.7421788975509569,0.7125232148020273,0.7421788975509569,0.7125232148020273,0.8666783269069337,0.5833480593797907,1.0
"Murray Hill, Manhattan",Park_Ave_East/north_to_south/029_n00119_S.jpg,n00119,Park_Ave_East,north_to_south,W,29,S,0.44771430436769605,0.7006267981915331,0.6901915413292197,0.6428474207159386,0.39374726716222125,0.8206013363028953,0.7333204034134989,0.7952052370842181,0.20578953096093158,0.6128442146294828,0.9929952025993817,0.6814351302126451,0.46955496718721523,0.6711353379181375,1.1580633930497355,1.0,0.5,0.3,0.2,0.8200927116492033,0.8127884207229118,0.8200927116492033,0.8127884207229118,0.9763030005481729,0.6695595372056948,1.0
"Murray Hill, Manhattan",Park_Ave_East/north_to_south/030_n00118_S.jpg,n00118,Park_Ave_East,north_to_south,W,30,S,0.394360549142671,0.5783150851581508,0.6617302543507363,0.6542293481129585,0.3613566217732884,0.8096057783178074,0.6468593861527481,0.775804735301942,0.21047398077560495,0.5448019628838526,0.9842900067696994,0.6895591538805373,0.4286666834641765,0.524979250312387,1.0847842893396418,1.0,0.5,0.3,0.2,0.7801200214442673,0.7650605396343049,0.7801200214442673,0.7650605396343049,0.9479411461066877,0.5232006607174274,1.0
"Murray Hill, Manhattan",Park_Ave_East/north_to_south/031_n00117_S.jpg,n00117,Park_Ave_East,north_to_south,W,31,S,0.4296422475096611,0.6185953293830603,0.6047974257715372,0.674916163648558,0.4976388210389188,0.8108173076923078,0.7549540433426088,0.8091841586848719,0.24770786234614425,0.5510116675547528,0.9854016384160058,0.6621538337648369,0.5013309528443766,0.7667346779393674,1.1567329331374223,1.0,0.5,0.3,0.2,0.8318084552018822,0.8171010515042163,0.8318084552018822,0.8171010515042163,0.951498066428399,0.7654568693953278,1.0
"Murray Hill, Manhattan",Park_Ave_East/north_to_south/032_n00116_S.jpg,n00116,Park_Ave_East,north_to_south,W,32,S,0.309106793083183,0.31559365901002917,0.33741537236160885,0.7493674257557598,0.4749448580093742,0.8246312111801242,0.6991607122604061,0.8167317103388466,0.17717433508056687,0.32070527481827366,0.8097618213572074,0.6970514260284106,0.4381675236704865,0.5603328096623094,1.1843575605026735,1.0,0.5,0.3,0.2,0.7191960690336532,0.5939559892026285,0.7191960690336532,0.5939559892026285,0.5529895858825263,0.558575288111371,1.0
"Murray Hill, Manhattan",Park_Ave_East/north_to_south/033_n00115_S.jpg,n00115,Park_Ave_East,north_to_south,W,33,S,0.25727350011142386,0.2707925103418245,0.2354737341396893,0.6773751296872685,0.36358024691358026,0.8250733838487269,0.501513138470623,0.7815067120817472,0.13309818600633458,0.25451324819764587,0.6579470659897602,0.6984338649518118,0.3173056622384788,0.17215722878381212,1.675932768975834,1.0,0.4,0.25,0.35,0.41771641894334627,0.32699425513231484,0.41771641894334627,0.32699425513231484,0.3585766969964941,0.17114331115577983,0.9709798118363918
"Murray Hill, Manhattan",Park_Ave_East/north_to_south/034_n00114_S.jpg,n00114,Park_Ave_East,north_to_south,W,34,S,0.2575922269959848,0.17464040025015634,0.14271405677655677,0.42397660818713456,0.22222951106446245,0.8032284193473732,0.2666344916344916,0.6566151202749141,0.09319119669876204,0.1916488946742326,0.47496762989537933,0.619454072465862,0.1799128441666268,0.025798361087930915,2.1675079774489947,0.975186838982432,0.3,0.2,0.5,0.1167339240661646,0.09082849981076858,0.1167339240661646,0.09082849981076858,0.20818193171387325,0.025619745829821256,0.9019592987419127
"Murray Hill, Manhattan",Park_Ave_East/south_to_north/001_n00114_N.jpg,n00114,Park_Ave_East,south_to_north,W,1,N,0.287998491591909,0.18557161731561353,0.14402096911306317,0.7861727966689799,0.36815920398009955,0.7943634489360135,0.4919253684540608,0.8170000479685325,0.19718457821199706,0.20586369267352855,0.5175838236267335,0.7450045468858042,0.3445549733330289,0.23836298954682386,2.1675079774489947,0.975186838982432,0.3,0.2,0.5,0.3777856042935934,0.2983173435178222,0.3777856042935934,0.2983173435178222,0.23769802422455386,0.23707081549382306,0.9019592987419127
"Murray Hill, Manhattan",Park_Ave_East/south_to_north/002_n00115_N.jpg,n00115,Park_Ave_East,south_to_north,W,2,N,0.3416765224649296,0.3262207548707916,0.3095159333994928,0.7129629629629629,0.47971042721724455,0.8419030732860521,0.7525899565045472,0.8232437205651492,0.1673748103186646,0.3258044035784047,0.8190097524915488,0.6854987521036224,0.4599823834116059,0.6387021988757953,1.675932768975834,1.0,0.4,0.25,0.35,0.7180781968892781,0.6197574686214459,0.7180781968892781,0.6197574686214459,0.5680615863140862,0.6370550336962756,0.9709798118363918
"Murray Hill, Manhattan",Park_Ave_East/south_to_north/003_n00116_N.jpg,n00116,Park_Ave_East,south_to_north,W,3,N,0.3858414095293435,0.4054969556641798,0.38063135366506157,0.737060680944536,0.3993135011441648,0.8245503364389234,0.708225984541774,0.8085841792089604,0.17977289610527433,0.3906565729528616,0.9078681851192993,0.7154437863364438,0.4439994403235242,0.5817573341718144,1.1843575605026735,1.0,0.5,0.3,0.2,0.7732722530014863,0.6982754585317078,0.7732722530014863,0.6982754585317078,0.741191928598816,0.5800212645702909,1.0
"Murray Hill, Manhattan",Park_Ave_East/south_to_north/004_n00117_N.jpg,n00117,Park_Ave_East,south_to_north,W,4,N,0.3810756390894886,0.38703527168732127,0.3882605508430202,0.6182498772704959,0.5066261914088002,0.7963432884377643,0.740788662969809,0.8055603797614913,0.1895610005104645,0.3854571538732766,0.9025149169387752,0.6390613552077289,0.4651748317401368,0.6564744932738311,1.1567329331374223,1.0,0.5,0.3,0.2,0.7635430571780734,0.6859146270432942,0.7635430571780734,0.6859146270432942,0.7290444316331993,0.654864569306926,1.0
"Murray Hill, Manhattan",Park_Ave_East/south_to_north/005_n00118_N.jpg,n00118,Park_Ave_East,south_to_north,W,5,N,0.4593724375340038,0.7533974210485677,0.6548323471400396,0.5423050732039497,0.49307331628303497,0.8019466779517562,0.7581086090260403,0.7827328323017978,0.1523621144364178,0.6225340685742036,0.9937593381657984,0.6106548630742374,0.455235361731229,0.6221139137488675,1.0847842893396418,1.0,0.5,0.3,0.2,0.781903829673365,0.775596894609019,0.781903829673365,0.775596894609019,0.9788492607879707,0.6204360649589642,1.0
"Murray Hill, Manhattan",Park_Ave_East/south_to_north/006_n00119_N.jpg,n00119,Park_Ave_East,south_to_north,W,6,N,0.3989925275882693,0.38749169986719795,0.5061549989295654,0.6649972744617062,0.6496817489968175,0.8103893924135616,0.7357796340493238,0.7976540616246499,0.20237681159420293,0.4308797421283442,0.9410638815815603,0.6043231956965128,0.46907822282176337,0.6695550576647671,1.1580633930497355,1.0,0.5,0.3,0.2,0.769746266066956,0.7193786940608969,0.769746266066956,0.7193786940608969,0.8227149482736656,0.6679754309108683,1.0
"Murray Hill, Manhattan",Park_Ave_East/south_to_north/007_n00120_N.jpg,n00120,Park_Ave_East,south_to_north,W,7,N,0.5133858841251587,0.8256653134866938,0.7942623690863128,0.5816731770833333,0.4957519116397621,0.8064117763287887,0.774329456444339,0.7832349155878567,0.2891784604763549,0.7111045222327217,0.9978351872829667,0.6230520603438092,0.531753958460347,0.8383916281017625,1.4632560588390715,1.0,0.4,0.25,0.35,0.8345666703357759,0.8324724160983402,0.8345666703357759,0.8324724160983402,0.9925904486242703,0.8374231190494036,1.0
"Murray Hill, Manhattan",Park_Ave_East/south_to_north/008_n00121_N.jpg,n00121,Park_Ave_East,south_to_north,W,8,N,0.4933299355795398,0.7795852943182594,0.7791666666666667,0.551564027370479,0.446139521558516,0.7895874191908187,0.7718128390596745,0.7898351648351648,0.23618122977346276,0.6840272988548219,0.9970065404943749,0.6317532235490426,0.5039970344165686,0.77381078847771,1.4209979659479886,1.0,0.4,0.25,0.35,0.814025936716767,0.8111996356903328,0.814025936716767,0.8111996356903328,0.9897747937731248,0.772560244050946,1.0
"Murray Hill, Manhattan",Park_Ave_East/south_to_north/009_n00122_N.jpg,n00122,Park_Ave_East,south_to_north,W,9,N,0.5130080170667134,0.7820146014206788,0.73904576436222,0.493966079582518,0.4692490984028852,0.8005971422478141,0.751333688983729,0.7808902841503662,0.22755889520714864,0.678022794283204,0.9967836082005678,0.601869088443333,0.48944629209543883,0.7333516114641767,1.367545751366816,1.0,0.4,0.25,0.35,0.7891783317657224,0.7861889001982132,0.7891783317657224,0.7861889001982132,0.989019222360416,0.7319548631790198,1.0
"Murray Hill, Manhattan",Park_Ave_East/south_to_north/010_n00123_N.jpg,n00123,Park_Ave_East,south_to_north,W,10,N,0.35904608821694367,0.36763003390391136,0.37882882882882885,0.6733751348435814,0.5242991231320242,0.8317767728404771,0.687927181913775,0.7964171595621728,0.17317884528642313,0.36850165031656124,0.8830896996843028,0.6484977237579099,0.43055301360009907,0.532029879638757,1.3461588025765587,1.0,0.4,0.25,0.35,0.6846311417587121,0.6184992029398987,0.6846311417587121,0.6184992029398987,0.6870392808348758,0.5302540675180588,1.0
"Murray Hill, Manhattan",Park_Ave_East/south_to_north/011_n00124_N.jpg,n00124,Park_Ave_East,south_to_north,W,11,N,0.47935818384718815,0.6980304212168487,0.7080114449213162,0.41405294183071956,0.36289878987898794,0.7838796035019174,0.7608054226475279,0.7559568285595684,0.22360749286688994,0.6284666833284509,0.9941856802896434,0.6023703268370999,0.49220645775720895,0.7413691389570298,1.3247718537863014,1.0,0.4,0.25,0.35,0.7915256083136385,0.7865672929617418,0.7915256083136385,0.7865672929617418,0.9802739926015737,0.7399994982545003,1.0
"Murray Hill, Manhattan",Park_Ave_East/south_to_north/012_n00125_N.jpg,n00125,Park_Ave_East,south_to_north,W,12,N,0.45281276832033407,0.6211359404096833,0.5613602759980286,0.5408086216364635,0.44941609545569944,0.7894433129667345,0.7521335341365462,0.7971095334685598,0.18493070237256282,0.5451029949093487,0.9843457681403023,0.6295006865497745,0.4685321182545545,0.6677401536543476,1.3018207032989066,1.0,0.4,0.25,0.35,0.7684590788863239,0.7563900991720703,0.7684590788863239,0.7563900991720703,0.9481191244963986,0.6661561769069075,1.0
"Murray Hill, Manhattan",Park_Ave_East/south_to_north/013_n00126_N.jpg,n00126,Park_Ave_East,south_to_north,W,13,N,0.44611884517835604,0.6191682013505218,0.6326448497854077,0.7126456876456876,0.5188738399799347,0.8380905803544964,0.7433658780823632,0.8215260285474392,0.20018926359256714,0.5659772987714284,0.9877720493694637,0.6717659587377307,0.4717775708374652,0.6784512719659893,1.267415515497088,1.0,0.4,0.25,0.35,0.7864999921996421,0.7766769551677337,0.7864999921996421,0.7766769551677337,0.9591453336591902,0.6768936498009329,1.0
"Murray Hill, Manhattan",Park_Ave_East/south_to_north/014_n00127_N.jpg,n00127,Park_Ave_East,south_to_north,W,14,N,0.4338525120371725,0.5672575599582897,0.5707342605054584,0.7772174472314798,0.7040349417637272,0.8186444810142013,0.7815414555335242,0.797419123869036,0.29947649937407533,0.5239481108336401,0.9799127318584662,0.6235338764455962,0.5405089774537998,0.855404548762577,1.1393671516739643,1.0,0.5,0.3,0.2,0.8326951350884086,0.812835039529351,0.8326951350884086,0.812835039529351,0.9341139260680588,0.8545203052124952,1.0
"Murray Hill, Manhattan",Park_Ave_East/south_to_north/015_n00128_N.jpg,n00128,Park_Ave_East,south_to_north,W,15,N,0.5182439740966862,0.7737636805837048,0.7230280425473131,0.6128839375629406,0.49076855676555264,0.8226107848371597,0.7521902377972466,0.7939985394675695,0.24828490718321228,0.671678565742568,0.9965300627209385,0.6387046400883192,0.5002375724902295,0.7637885467463743,0.9987965958065884,1.0,0.5,0.3,0.2,0.8268559427620383,0.8230984332929834,0.8268559427620383,0.8230984332929834,0.9881608864592603,0.7624995985779278,1.0
"Murray Hill, Manhattan",Park_Ave_East/south_to_north/016_n00129_N.jpg,n00129,Park_Ave_East,south_to_north,W,16,N,0.5531973644279939,0.8310391136478094,0.8162579914218662,0.39283808303981216,0.5520784128483703,0.7560828877005347,0.7775707618187293,0.7880832282471627,0.2146297019393466,0.7334981564992231,0.9983444711572284,0.5429476328128682,0.49610023187903796,0.7524092999835981,0.8163814561660667,1.0,0.5,0.3,0.2,0.7858839562029996,0.7840233027507798,0.7858839562029996,0.7840233027507798,0.994326570205889,0.7510784946349625,1.0
"Murray Hill, Manhattan",Park_Ave_East/south_to_north/017_n00130_N.jpg,n00130,Park_Ave_East,south_to_north,W,17,N,0.48113416827612665,0.7162943599493029,0.6568222330254416,0.5859265489206615,0.49671307037896373,0.8080132134586568,0.7581621576486306,0.7892838742916023,0.2414872660757,0.6180835870836237,0.9934192433659857,0.6261657842777666,0.4998247118621653,0.7626694246193386,0.974881002819721,1.0,0.5,0.3,0.2,0.8204277683870256,0.8136408997246097,0.8204277683870256,0.8136408997246097,0.9777148390752891,0.7613762775611347,1.0
"Murray Hill, Manhattan",Park_Ave_East/south_to_north/018_n00131_N.jpg,n00131,Park_Ave_East,south_to_north,W,18,N,0.39603535681515234,0.5394688644688644,0.5200659703133589,0.7332197829926823,0.4753327844105942,0.8485163485163486,0.7255418331517133,0.8302748829481952,0.1789920332525113,0.4851900638657919,0.968393654539908,0.6960539605100944,0.4522669332021123,0.6115907975434506,1.0858792662225274,1.0,0.5,0.3,0.2,0.8000387610313598,0.7704293993763336,0.8000387610313598,0.7704293993763336,0.8990374237434742,0.6098955237842943,1.0
"Murray Hill, Manhattan",Park_Ave_East/south_to_north/019_n00132_N.jpg,n00132,Park_Ave_East,south_to_north,W,19,N,0.4837659770582349,0.7186590038314176,0.6851102114260009,0.5639186295503212,0.42906367041198507,0.8046539914218039,0.7474583809886898,0.7855075609579626,0.2935157379601825,0.6291783974385511,0.9942348413755875,0.6401208400320996,0.5204870594744362,0.8141653067141442,1.168484413336772,1.0,0.5,0.3,0.2,0.8370773630092516,0.831028353338305,0.8370773630092516,0.831028353338305,0.9804384650334689,0.8130839796270134,1.0
"Murray Hill, Manhattan",Park_Ave_East/south_to_north/020_n00133_N.jpg,n00133,Park_Ave_East,south_to_north,W,20,N,0.4352076092530446,0.5934307716485935,0.6069715656046591,0.607311141510868,0.36908527744826675,0.8079839568841262,0.7110116873630387,0.7660512699905926,0.24812583668005353,0.545203315502099,0.9843643076212013,0.6680923780177312,0.4795687620215461,0.7033979429167733,1.172755652402779,1.0,0.5,0.3,0.2,0.819349330076804,0.8038074187300244,0.819349330076804,0.8038074187300244,0.9481783088981411,0.7019080698232002,1.0
"Murray Hill, Manhattan",Park_Ave_East/south_to_north/021_n00134_N.jpg,n00134,Park_Ave_East,south_to_north,W,21,N,0.39351625603736007,0.6469142545057346,0.6208524757529351,0.6311323017872136,0.4265864332603939,0.8194671758501545,0.752074949698189,0.7914912280701754,0.17406859116703677,0.55376099543201,0.9858687133610191,0.665345698865665,0.4630717704326129,0.6493256975235602,1.317434584516426,1.0,0.4,0.25,0.35,0.772060580403865,0.7609911103943238,0.772060580403865,0.7609911103943238,0.9529981466293642,0.6477002502384609,1.0
"Murray Hill, Manhattan",Park_Ave_East/south_to_north/022_n00135_N.jpg,n00135,Park_Ave_East,south_to_north,W,22,N,0.3480973789069214,0.4078870170145,0.40602284527518173,0.7796911059826025,0.4245625266752027,0.8254869634243146,0.7582726537216828,0.8211736835792252,0.15849307774227903,0.38733574706553436,0.9044803819992413,0.725434087628875,0.45838286573198095,0.6331473684211872,2.2463625139586165,0.9637201020579278,0.3,0.2,0.5,0.7240886504828244,0.6790756569405265,0.7240886504828244,0.6790756569405265,0.7334745070000986,0.6314894901155608,0.8913536080354264
"Murray Hill, Manhattan",Park_Ave_East/south_to_north/023_n00136_N.jpg,n00136,Park_Ave_East,south_to_north,W,23,N,0.30122531656933726,0.32663034077149283,0.30943251533742333,0.693382873319179,0.3749801681738855,0.8315524827152734,0.6382879273504273,0.8111200590564391,0.09863647003745317,0.3124293908927511,0.7939910689768892,0.7098409214005775,0.3684621986939402,0.309369836193546,2.2588531188461736,0.9619161754431719,0.3,0.2,0.5,0.48463622747684865,0.42783124468357975,0.48463622747684865,0.42783124468357975,0.5283312883760283,0.307848317788601,0.8896851396769682
"Murray Hill, Manhattan",Park_Ave_East/south_to_north/024_n00137_N.jpg,n00137,Park_Ave_East,south_to_north,W,24,N,0.2656447723682322,0.29777218493661445,0.2818791946308725,0.6154649947753396,0.3345855550169656,0.8444398167430237,0.6771146773654296,0.7806359602788929,0.058239284085727316,0.28176538397857304,0.7273432051630573,0.6871718000124223,0.3676769807255785,0.30685895615995756,2.940700640445563,0.8683980416830644,0.3,0.2,0.5,0.4670939941782352,0.39982156513114203,0.4670939941782352,0.39982156513114203,0.4367109399580983,0.3053443268584903,0.8031893555112034
"Murray Hill, Manhattan",Park_Ave_East/south_to_north/025_n00138_N.jpg,n00138,Park_Ave_East,south_to_north,W,25,N,0.15154054622771282,0.24160639342798462,0.23112982204705604,0.7776425929530855,0.5496082439107477,0.8909752715507281,0.7558209928285368,0.8399750545681322,0.10265571037275219,0.20809225390091782,0.5242577026342866,0.6893364678701566,0.4292383516006445,0.5271171842873952,2.9480182327227915,0.8674453771989762,0.3,0.2,0.5,0.5552688161919667,0.4399076106812668,0.5552688161919667,0.4399076106812668,0.24257768394004992,0.5253393619549352,0.8023082273461625
"Murray Hill, Manhattan",Park_Ave_East/south_to_north/026_n00139_N.jpg,n00139,Park_Ave_East,south_to_north,W,26,N,0.2610549317491101,0.4965358866573253,0.5540318799812471,0.7811345326791447,0.43836707911511064,0.8457608857185317,0.7695894060492087,0.8049511854951185,0.2236444908858702,0.4372075661292275,0.9451370037171277,0.7159062130197175,0.49661694846753945,0.7538503570161922,2.5231620869022806,0.924525807888298,0.3,0.2,0.5,0.7984766652065028,0.7682569128452217,0.7984766652065028,0.7682569128452217,0.8335203133124472,0.7525247497346659,0.8551024439807396
"Murray Hill, Manhattan",Park_Ave_East/south_to_north/027_n00140_N.jpg,n00140,Park_Ave_East,south_to_north,W,27,N,0.17046824940583447,0.2300585437248445,0.2049032120825356,0.8018887344964233,0.47901585660117196,0.8605529355478095,0.7706345220157376,0.795927750410509,0.12000505816894287,0.20181000173773816,0.5054297917519939,0.7062668761019201,0.44531979009234024,0.5865683150407257,2.4374318831143387,0.9364915477799268,0.3,0.2,0.5,0.5821720064427623,0.45841647656292484,0.5821720064427623,0.45841647656292484,0.22899653420141014,0.5848379640863667,0.8661696671324008
"Murray Hill, Manhattan",Park_Ave_East/south_to_north/028_n00141_N.jpg,n00141,Park_Ave_East,south_to_north,W,28,N,0.4979865116348488,0.7741050808314087,0.7347596293078481,0.4273759713090259,0.5039256198347107,0.7862161728097647,0.5921522422165095,0.7832061542279298,0.25182810214872314,0.6689504072580352,0.9964149982985077,0.5688855019007484,0.42199017218261636,0.4999631456848781,2.1840361448697108,0.9727721258268506,0.3,0.2,0.5,0.6309661282757641,0.6281961584226778,0.6309661282757641,0.6281961584226778,0.9877717024864339,0.4981804239676855,0.8997259082803026
"Murray Hill, Manhattan",Park_Ave_East/south_to_north/029_n00142_N.jpg,n00142,Park_Ave_East,south_to_north,W,29,N,0.3694894310377998,0.611046511627907,0.5103271983640082,0.487565445026178,0.3509996826404316,0.6855402436588776,0.7665163472378804,0.7580833515801766,0.1849237260629666,0.49695438034323824,0.9724402581764533,0.6315497046553076,0.4757200366504235,0.691213905698592,3.9929477131790376,0.7416023047136777,0.15,0.15,0.7,0.7177435469812787,0.7096712666255308,0.7177435469812787,0.7096712666255308,0.9111490738732352,0.6896898303471559,0.6859148093127467
"Murray Hill, Manhattan",Park_Ave_East/south_to_north/030_n00143_N.jpg,n00143,Park_Ave_East,south_to_north,W,30,N,0.3045102951114044,0.25173070266528214,0.25727746929160356,0.7782304303216852,0.49002641089797055,0.8332468879668049,0.6754349627174814,0.819192015815318,0.14280567564571556,0.2711728223560967,0.7014210304362338,0.7024653450796774,0.40912031918159847,0.4518508652748849,2.484790501023126,0.9298624796123384,0.3,0.2,0.5,0.5631397384976848,0.4769189540330962,0.5631397384976848,0.4769189540330962,0.4057333021490029,0.4500852811047961,0.8600383808632082
"Murray Hill, Manhattan",Park_Ave_Tunnel_Segment/north_to_south/001_n00208_S.jpg,n00208,Park_Ave_Tunnel_Segment,north_to_south,W,1,S,0.24392401314729725,0.30014503881921334,0.308941058941059,0.04452196382428938,0.5592961757526443,0.6052717747216766,0.811298076923077,0.14626099706744866,0.012760326107955633,0.2843367036358565,0.7334192774327599,0.21049559504636456,0.4120292015155163,0.46267904845609914,,,0.4,0.25,0.35,0.45687734475764435,0.3733807525472795,0.45687734475764435,0.3733807525472795,0.44431555294769254,0.4609067302133805,
"Murray Hill, Manhattan",Park_Ave_Tunnel_Segment/north_to_south/002_n00207_S.jpg,n00207,Park_Ave_Tunnel_Segment,north_to_south,W,2,S,0.15770343268026493,0.144780239478024,0.09334035580524347,0.06876768795373449,0.5754078444984381,0.6654370934475646,0.8794096472282217,0.3483565234926396,0.017478190302292546,0.1319413426545108,0.3064637805529979,0.2805721223159786,0.44844391876525713,0.5978846324179695,,,0.4,0.25,0.35,0.37877288163805695,0.25460165376049676,0.37877288163805695,0.25460165376049676,0.11380909979842081,0.5961690366359159,
"Murray Hill, Manhattan",Park_Ave_Tunnel_Segment/north_to_south/003_n00206_S.jpg,n00206,Park_Ave_Tunnel_Segment,north_to_south,W,3,S,0.3282721046537559,0.36347225492504515,0.3356631989596879,0.16880698243273295,0.6401296367603645,0.6986757389522973,0.7835231992405364,0.32010434134525817,0.025450480073655135,0.3424691861794963,0.8467883177556712,0.2829272290058755,0.40448683965709575,0.43470074225601335,,,0.4,0.25,0.35,0.5097946380352303,0.44832393003227583,0.5097946380352303,0.44832393003227583,0.6163121435410263,0.43294924169269633,
"Murray Hill, Manhattan",Park_Ave_Tunnel_Segment/north_to_south/004_n00205_S.jpg,n00205,Park_Ave_Tunnel_Segment,north_to_south,W,4,S,0.17879977693301294,0.1703549283728886,0.17539414414414414,0.28230317915131664,0.6199018387944145,0.6947257383966244,0.8493559033322687,0.521901211556384,0.022328446993838957,0.17484961648334854,0.42511639255673594,0.3947675173044287,0.43584217516305385,0.5517224716223126,,,0.4,0.25,0.35,0.4571836903274984,0.3215802450997288,0.4571836903274984,0.3215802450997288,0.1768974484016334,0.549958175360496,
"Murray Hill, Manhattan",Park_Ave_Tunnel_Segment/north_to_south/005_n00204_S.jpg,n00204,Park_Ave_Tunnel_Segment,north_to_south,W,5,S,0.3151404833697168,0.41085515935626377,0.33849206349206346,0.2840737382895134,0.7007385730211818,0.758009731019921,0.7400194311959019,0.7335600907029479,0.03777127529870761,0.35482923540601463,0.8650579211653524,0.4389650853237598,0.38889535324730473,0.3783471397139664,,,0.4,0.25,0.35,0.5466221534730727,0.48702860121623504,0.5466221534730727,0.48702860121623504,0.65072892192793,0.37667140421418,
"Murray Hill, Manhattan",Park_Ave_Tunnel_Segment/north_to_south/006_n00203_S.jpg,n00203,Park_Ave_Tunnel_Segment,north_to_south,W,6,S,0.19595002705172118,0.2125587125587125,0.19634275278738947,0.3660279805352798,0.7845596985323285,0.7570110046148385,0.8449087698646262,0.748445480790584,0.03981619473422756,0.20161716413260772,0.504851340150927,0.4433045875978451,0.4423624822994269,0.5757711529217939,,,0.4,0.25,0.35,0.5117153297520397,0.37232636610147685,0.5117153297520397,0.37232636610147685,0.22858822820899216,0.5740284294464453,
"Murray Hill, Manhattan",Park_Ave_Tunnel_Segment/north_to_south/007_n00202_S.jpg,n00202,Park_Ave_Tunnel_Segment,north_to_south,W,7,S,0.1960457377258879,0.2085281811469358,0.1706023697075151,0.6632227396197128,0.683359830418654,0.7752628009494744,0.7581031307550644,0.7913487475915222,0.04339984650805828,0.1917254295267796,0.4751966642036412,0.590403885597527,0.40075148863156135,0.4209858555500873,,,0.4,0.25,0.35,0.4808728766604418,0.34526766946180953,0.4808728766604418,0.34526766946180953,0.20833336638483405,0.4192486319924008,
"Murray Hill, Manhattan",Park_Ave_Tunnel_Segment/north_to_south/008_n00201_S.jpg,n00201,Park_Ave_Tunnel_Segment,north_to_south,W,8,S,0.20000505572865815,0.27234686609686604,0.22489897419956484,0.6791194523135032,0.7456174271719515,0.7722766364070712,0.8059956129661224,0.7996516280353201,0.12308797864695616,0.2324169653416963,0.5960428094595561,0.5777178843922905,0.4645417958065393,0.6543299295357852,,,0.4,0.25,0.35,0.6110388297604346,0.46398418144163744,0.6110388297604346,0.46398418144163744,0.3001250538926862,0.652715271957634,
"Murray Hill, Manhattan",Park_Ave_Tunnel_Segment/north_to_south/009_n00200_S.jpg,n00200,Park_Ave_Tunnel_Segment,north_to_south,W,9,S,0.17590354439291817,0.1736887026691496,0.13837081733406476,0.6534863945578232,0.6844930417495031,0.7572093409789745,0.771940583265195,0.8274996977390884,0.07674673899005553,0.16265435479871082,0.3898012470304345,0.5988310168491362,0.4243436611276253,0.5087878241978758,,1.0,0.45,0.15,0.4,0.4624766151133148,0.3063651389349184,0.4624766151133148,0.3063651389349184,0.15658584122464686,0.5070055410046973,1.0
"Murray Hill, Manhattan",Park_Ave_Tunnel_Segment/north_to_south/010_n00199_S.jpg,n00199,Park_Ave_Tunnel_Segment,north_to_south,W,10,S,0.1787150873013968,0.2931129476584022,0.22247622531089975,0.7741134091050245,0.7010797442393534,0.7949248696718798,0.8054473806212332,0.860609171800137,0.1318008505645989,0.23143475342356623,0.5932017121184079,0.6445476122219359,0.46862411559291606,0.6680462451679076,,1.0,0.45,0.15,0.4,0.6298714731795086,0.46139160702428816,0.6298714731795086,0.46139160702428816,0.2976551377699371,0.6664629987607925,1.0
"Murray Hill, Manhattan",Park_Ave_Tunnel_Segment/north_to_south/011_n00198_S.jpg,n00198,Park_Ave_Tunnel_Segment,north_to_south,W,11,S,0.17705303161403033,0.2584782608695652,0.2523189263864219,0.6964964119881807,0.7544293603313391,0.7706277056277057,0.7862614913176711,0.8172828159041394,0.10291144359078042,0.2292834062900058,0.5869572463010587,0.5864499558536602,0.44458646745422575,0.5838982731582629,,1.0,0.45,0.15,0.4,0.5856557760612158,0.42743186440688025,0.5856557760612158,0.42743186440688025,0.29228644207593063,0.5821647075812584,1.0
"Murray Hill, Manhattan",Park_Ave_Tunnel_Segment/north_to_south/012_n00197_S.jpg,n00197,Park_Ave_Tunnel_Segment,north_to_south,W,12,S,0.15989272437583174,0.12909803921568627,0.045586618501649134,0.36768911768911766,0.36109649122807014,0.6302660753880266,0.7850695291534521,0.42170364702881913,0.04625706214689266,0.11152579403105571,0.256986535931067,0.4760987578299556,0.41566329565017235,0.4762552330558365,3.8792183842650463,0.7543621225443721,0.15,0.15,0.7,0.43413914368724643,0.37076896047150815,0.43413914368724643,0.37076896047150815,0.09133881205114419,0.4744768324761587,0.6977164824717659
"Murray Hill, Manhattan",Park_Ave_Tunnel_Segment/north_to_south/013_n00196_S.jpg,n00196,Park_Ave_Tunnel_Segment,north_to_south,W,13,S,0.2655741452464501,0.25724081465561355,0.2671465131158029,0.8038315063558231,0.4034661897462102,0.8391809728183118,0.6928605654048874,0.80357466884413,0.04003231419338804,0.2633204910059555,0.6813202743547339,0.7346466618179142,0.3664464397991377,0.3029470363869513,3.3920109887549708,0.8115561932196014,0.15,0.15,0.7,0.39072497238070464,0.3571697699199324,0.39072497238070464,0.3571697699199324,0.38323017094270545,0.30144331864746104,0.7506158057770864
"Murray Hill, Manhattan",Park_Ave_Tunnel_Segment/north_to_south/014_n00195_S.jpg,n00195,Park_Ave_Tunnel_Segment,north_to_south,W,14,S,0.16867262592418164,0.13886012151339408,0.05622660768969038,0.3397030953885028,0.17461419753086424,0.6360860107095047,0.41180270557835535,0.38872379065543994,0.022139556572978947,0.12125311837575536,0.27989901544892015,0.5179375628376928,0.21697113107566715,0.04413206966505628,3.8792183842650463,0.7543621225443721,0.15,0.15,0.7,0.0842402842292198,0.0720057182183295,0.0842402842292198,0.0720057182183295,0.10149993685411135,0.043832231881485766,0.6977164824717659
"Murray Hill, Manhattan",Park_Ave_Tunnel_Segment/north_to_south/015_n00194_S.jpg,n00194,Park_Ave_Tunnel_Segment,north_to_south,W,15,S,0.33486241404843625,0.3883193346508564,0.32063367373658025,0.5634901192226033,0.33948352754999284,0.8078286961265685,0.7272093023255816,0.7792410882508102,0.07464945825366476,0.34793847414529094,0.8551107939225058,0.6677492266411402,0.40092938028962316,0.4216364267563674,2.9439145301162526,0.8679795022522051,0.3,0.2,0.5,0.5714766067632444,0.5207747893194025,0.5714766067632444,0.5207747893194025,0.631709048988676,0.41989846545270937,0.802802244532606
"Murray Hill, Manhattan",Park_Ave_Tunnel_Segment/north_to_south/016_n00193_S.jpg,n00193,Park_Ave_Tunnel_Segment,north_to_south,W,16,S,0.1679790394136827,0.15540969722633924,0.04966466547676999,0.181422315118941,0.1593081039755352,0.5737162974411816,0.3964073473797947,0.4151094074429005,0.017132824797190953,0.12435113403893064,0.2874530235002834,0.4790745395287687,0.20677008608849284,0.038109071673114586,4.079090410958366,0.7320814053982094,0.15,0.15,0.7,0.07543369031675448,0.06454112464579204,0.07543369031675448,0.06454112464579204,0.1049409002698654,0.03784853445039056,0.6771088417517686
"Murray Hill, Manhattan",Park_Ave_Tunnel_Segment/north_to_south/017_n00192_S.jpg,n00192,Park_Ave_Tunnel_Segment,north_to_south,W,17,S,0.3438786688909501,0.38284065004779766,0.3838028169014085,0.6679503191784625,0.31501035196687366,0.8080354102826014,0.6809229864785421,0.8079301626349596,0.1420834581211939,0.37017404528005204,0.885145765847824,0.7202900432821828,0.411503222299868,0.4607182031203326,2.953468086085264,0.8667365494481445,0.3,0.2,0.5,0.6128068440542879,0.5679235651711091,0.6128068440542879,0.5679235651711091,0.6913381065747379,0.4589469804555836,0.8016526260239214
"Murray Hill, Manhattan",Park_Ave_Tunnel_Segment/north_to_south/018_n00191_S.jpg,n00191,Park_Ave_Tunnel_Segment,north_to_south,W,18,S,0.18963654483323375,0.14476145930776427,0.06759464792206187,0.28753629199502284,0.22127598152424946,0.6473221828011488,0.675420528664607,0.5188668086113083,0.03097966132891587,0.13399755068768662,0.31173308584317,0.5283757063606939,0.3532000949967614,0.26269682221120094,2.242673719067127,0.964253494480857,0.3,0.2,0.5,0.3180173742857861,0.235977840489159,0.3180173742857861,0.235977840489159,0.11632149867775414,0.2613179935465081,0.8918469476053508
"Murray Hill, Manhattan",Park_Ave_Tunnel_Segment/north_to_south/019_n00190_S.jpg,n00190,Park_Ave_Tunnel_Segment,north_to_south,W,19,S,0.35662183554465954,0.4216343765524093,0.4087492828456684,0.6720672067206722,0.28050527903469086,0.8028723650683345,0.7168016454557141,0.7899409300089292,0.16841704718417047,0.3956684983142457,0.9127768755088861,0.7271676192316368,0.4426093463199423,0.5766753785739723,1.87127586409875,1.0,0.4,0.25,0.35,0.7343117503547811,0.6790338562748872,0.7343117503547811,0.6790338562748872,0.7525606256444021,0.5749336273582104,0.9429414698702644
"Murray Hill, Manhattan",Park_Ave_Tunnel_Segment/north_to_south/020_n00189_S.jpg,n00189,Park_Ave_Tunnel_Segment,north_to_south,W,20,S,0.35774717594251926,0.34516041326808056,0.3044753718106154,0.5716658756525866,0.4422256357740228,0.7450866604766326,0.7351738241308793,0.7698642372275812,0.10108388312912346,0.3357943203404051,0.8361054960164112,0.633101492368715,0.41812885363000135,0.4854872787151967,2.121140435950461,0.9819930329655849,0.3,0.2,0.5,0.6026455002438613,0.5437786896341842,0.6026455002438613,0.5437786896341842,0.5972033481464467,0.48370624273796275,0.9082544103110474
"Murray Hill, Manhattan",Park_Ave_Tunnel_Segment/north_to_south/021_n00188_S.jpg,n00188,Park_Ave_Tunnel_Segment,north_to_south,W,21,S,0.5025774593683722,0.7468726307808947,0.7499634021373152,0.579048656499637,0.672675026123302,0.795409813018417,0.7871181371501815,0.791316967408029,0.3250207168013259,0.6664711640955273,0.9963071385695117,0.5658968659281214,0.5560694269757537,0.8819514891487196,1.4960876525303308,1.0,0.4,0.25,0.35,0.8287952688529733,0.8255817868767764,0.8287952688529733,0.8255817868767764,0.9874070837752082,0.8812070428838615,0.9975302203909115
"Murray Hill, Manhattan",Park_Ave_Tunnel_Segment/north_to_south/022_n00187_S.jpg,n00187,Park_Ave_Tunnel_Segment,north_to_south,W,22,S,0.27513585893472287,0.2838342172461206,0.24007201646090529,0.46931862175764616,0.3101507345926349,0.6314420218037662,0.8763699338296113,0.7654805914972274,0.06988548437016402,0.26634736421391625,0.6891542623950103,0.6415494928874128,0.47312770909988766,0.6828533066168609,1.999607152833796,1.0,0.4,0.25,0.35,0.6747590467347683,0.5379302720775826,0.6747590467347683,0.5379302720775826,0.3918511434944305,0.6813069918034135,0.9249637239488591
"Murray Hill, Manhattan",Park_Ave_Tunnel_Segment/north_to_south/023_n00186_S.jpg,n00186,Park_Ave_Tunnel_Segment,north_to_south,W,23,S,0.4679156062374895,0.6309223184223184,0.6140570633263743,0.4940422661870503,0.4245202558635395,0.7776143790849673,0.747281184486373,0.7615325577637745,0.212952963762899,0.570964995995394,0.9884742616427555,0.6103515226957618,0.480117074124636,0.7051109769172954,1.1716763616069372,1.0,0.5,0.3,0.2,0.7994810746480934,0.7881350077148956,0.7994810746480934,0.7881350077148956,0.9614272908216667,0.7036260830292493,1.0
"Murray Hill, Manhattan",Park_Ave_Tunnel_Segment/north_to_south/024_n00185_S.jpg,n00185,Park_Ave_Tunnel_Segment,north_to_south,W,24,S,0.4099098394083855,0.6445558176100629,0.6123755765962612,0.3902217741935485,0.3325808878856283,0.6796414538310412,0.8732506809429886,0.7482282966337636,0.19395134779750167,0.5556137445382364,0.9861751316783752,0.6019563943138946,0.5336010143702452,0.8421104196965054,3.727472495352265,0.7717297351120478,0.15,0.15,0.7,0.8199477728404098,0.815231479962578,0.8199477728404098,0.815231479962578,0.953984051628197,0.8411599747794775,0.7137799474675688
"Murray Hill, Manhattan",Park_Ave_Tunnel_Segment/north_to_south/025_n00184_S.jpg,n00184,Park_Ave_Tunnel_Segment,north_to_south,W,25,S,0.5145802870974028,0.8063636885292936,0.7731076210092688,0.6849955757805587,0.5034215028293195,0.8008238017429194,0.784350401371678,0.7951140619679945,0.20014958002531355,0.698017198878655,0.9974679894500295,0.6588960449730779,0.4922499906984958,0.741494324927131,1.1678113251968778,1.0,0.5,0.3,0.2,0.8300726797948949,0.8272136834365265,0.8300726797948949,0.8272136834365265,0.991341352249716,0.7401251147894511,1.0
"Murray Hill, Manhattan",Park_Ave_Tunnel_Segment/north_to_south/026_n00183_S.jpg,n00183,Park_Ave_Tunnel_Segment,north_to_south,W,26,S,0.415963475623431,0.5602687946241075,0.4918093134548132,0.5288870008496177,0.40293773994324816,0.7496558054153281,0.8038988022488388,0.7327638804148872,0.20464532328939114,0.4893471945674505,0.969885356732004,0.6195710471070855,0.504272062769115,0.7745320362456081,3.1575421386202307,0.8406067547677025,0.15,0.15,0.7,0.7747280806780482,0.7656646824317594,0.7747280806780482,0.7656646824317594,0.9034762136505694,0.773284311108935,0.7774849380034043
"Murray Hill, Manhattan",Park_Ave_Tunnel_Segment/north_to_south/027_n00182_S.jpg,n00182,Park_Ave_Tunnel_Segment,north_to_south,W,27,S,0.36993746396101346,0.4044862518089725,0.3962800234329233,0.6595982142857143,0.7260793465577596,0.8218141126908899,0.7222222222222222,0.8052780860771982,0.17601294903926487,0.39023457973430303,0.9074437452855328,0.5795989846017175,0.44911758563074355,0.6003116418087324,1.0850959311588884,1.0,0.5,0.3,0.2,0.7303373203003252,0.6592433596519885,0.7303373203003252,0.6592433596519885,0.7402193492411773,0.5985994488996371,1.0
"Murray Hill, Manhattan",Park_Ave_Tunnel_Segment/north_to_south/028_n00181_S.jpg,n00181,Park_Ave_Tunnel_Segment,north_to_south,W,28,S,0.32821889284477446,0.31008462008200294,0.2726889666796318,0.6734185571960148,0.4260029354207436,0.7808106758010419,0.7826827054017249,0.8026724137931035,0.12800041744938429,0.303664159868803,0.776254279997558,0.6833626785227915,0.4553415614255546,0.6224883352466928,3.040720686629586,0.8554667068595828,0.15,0.15,0.7,0.6525144625432611,0.6100753169790771,0.6525144625432611,0.6100753169790771,0.5020659626847179,0.6208111356217629,0.7912290447041432
"Murray Hill, Manhattan",Park_Ave_Tunnel_Segment/north_to_south/029_n00180_S.jpg,n00180,Park_Ave_Tunnel_Segment,north_to_south,W,29,S,0.43387049103986447,0.6683709700326658,0.6514681555004135,0.6349103277674706,0.4818607764390897,0.7841068178636427,0.7994159033585557,0.7898407623346498,0.1200607902735562,0.5845698721909811,0.9901933399611222,0.6476301045543436,0.45973834681605596,0.6378570562235866,0.8809477465924265,1.0,0.5,0.3,0.2,0.798367375874722,0.7885723132780457,0.798367375874722,0.7885723132780457,0.9670459691244621,0.6362082326235474,1.0
"Murray Hill, Manhattan",Park_Ave_Tunnel_Segment/north_to_south/030_n00179_S.jpg,n00179,Park_Ave_Tunnel_Segment,north_to_south,W,30,S,0.18083732739143787,0.19536959940790086,0.1284246575342466,0.3824132909716706,0.3735343383584589,0.6481001727115716,0.837089342948718,0.7502872801202156,0.06817622824817067,0.1682105281111951,0.40577151677649403,0.5863887442444757,0.45263278559844433,0.6128936062498215,1.5693380905773109,1.0,0.4,0.25,0.35,0.5139771495027421,0.3587804082236277,0.5139771495027421,0.3587804082236277,0.16559419367982392,0.6112004039102324,0.9866297858342112
"Murray Hill, Manhattan",Park_Ave_Tunnel_Segment/north_to_south/031_n00178_S.jpg,n00178,Park_Ave_Tunnel_Segment,north_to_south,W,31,S,0.48633643751905664,0.7646585502378954,0.7086274509803921,0.5056439393939395,0.432010475423046,0.7832957534761368,0.779156626506024,0.8112976741068435,0.19125436378957508,0.6532074795791147,0.9956727644418725,0.6283103793592456,0.48520549514779954,0.7207293751820545,0.893275175730709,1.0,0.5,0.3,0.2,0.8129522337085793,0.8083699069811545,0.8129522337085793,0.8083699069811545,0.9852664329906938,0.7192918175674643,1.0
"Murray Hill, Manhattan",Park_Ave_Tunnel_Segment/north_to_south/032_n00177_S.jpg,n00177,Park_Ave_Tunnel_Segment,north_to_south,W,32,S,0.39748136783597243,0.43775667351129366,0.5175043760940236,0.3184162062615102,0.5923140248465799,0.559635112323075,0.8041527931927489,0.43093043669080533,0.10393559928443648,0.45091413914709655,0.9530672467781063,0.3856775393685785,0.4540441962385927,0.6179044070169402,1.5828798565200548,1.0,0.4,0.25,0.35,0.6531725986358883,0.6248452453291121,0.6531725986358883,0.6248452453291121,0.8551110366803869,0.6162193978159102,0.9846277134474852
"Murray Hill, Manhattan",Park_Ave_Tunnel_Segment/north_to_south/033_n00176_S.jpg,n00176,Park_Ave_Tunnel_Segment,north_to_south,W,33,S,0.4383716953250239,0.6383871989860584,0.5596186681844052,0.6639977285633162,0.38387804187889074,0.8114114114114114,0.7427002583979329,0.78591274311031,0.150855365474339,0.5454591874984958,0.9844114955836907,0.6886774765982451,0.4467778119361359,0.5918617661564141,0.9039396370358392,1.0,0.5,0.3,0.2,0.7987983503184908,0.7835649525732695,0.7987983503184908,0.7835649525732695,0.9483289723910425,0.5901380894607609,1.0
"Murray Hill, Manhattan",Park_Ave_Tunnel_Segment/north_to_south/034_n00175_S.jpg,n00175,Park_Ave_Tunnel_Segment,north_to_south,W,34,S,0.3818501900935215,0.37711777913859973,0.6667173252279636,0.6061093247588425,0.7091067611654854,0.668843537414966,0.7089473684210527,0.6529146141215105,0.0866095430107527,0.4752284314866949,0.9645227296195157,0.5166390592382892,0.3977784557159027,0.4101553602845295,1.3599201363224005,1.0,0.4,0.25,0.35,0.6117214832778811,0.5908628228803303,0.6117214832778811,0.5908628228803303,0.8876576423544551,0.40843130360122193,1.0
"Murray Hill, Manhattan",Park_Ave_Tunnel_Segment/north_to_south/035_n00174_S.jpg,n00174,Park_Ave_Tunnel_Segment,north_to_south,W,35,S,0.4420266181196758,0.7106741573033708,0.6531229454306379,0.6500242512428761,0.6482093663911845,0.8120945804561623,0.7706432748538012,0.7846124905944319,0.18297735760971054,0.6019412402845614,0.9920238782712822,0.5954757918153745,0.4768103162317559,0.6946935408125166,1.209912962057785,1.0,0.4,0.25,0.35,0.770819192053604,0.7643130973309272,0.770819192053604,0.7643130973309272,0.9730797922386758,0.6931790163836791,1.0
"Murray Hill, Manhattan",Park_Ave_Tunnel_Segment/north_to_south/036_n00173_S.jpg,n00173,Park_Ave_Tunnel_Segment,north_to_south,W,36,S,0.5045343100081516,0.7902346130408288,0.7314518586227909,0.4610844870429535,0.503813882532418,0.7905732668257066,0.7814035504834363,0.8120196078431373,0.2544319358178054,0.6754069272239238,0.9966813833750925,0.589763404117891,0.5179177431506209,0.8082635095521357,1.2239493673759627,1.0,0.4,0.25,0.35,0.8123356890597097,0.8093300078804317,0.8123356890597097,0.8093300078804317,0.9886730304862368,0.807155975410998,1.0
"Murray Hill, Manhattan",Park_Ave_Tunnel_Segment/north_to_south/037_n00172_S.jpg,n00172,Park_Ave_Tunnel_Segment,north_to_south,W,37,S,0.507323632653751,0.755204968052265,0.7396158999553372,0.3860781100641813,0.3885062419285407,0.7842116677510301,0.7407295850066934,0.7505174522532694,0.21820897342111686,0.6673815002204511,0.9963471134098218,0.5826964401296366,0.47946927921390514,0.7030865230595177,1.3023069220244,1.0,0.4,0.25,0.35,0.7712193697337556,0.7679152423362098,0.7712193697337556,0.7679152423362098,0.987542196121119,0.701595749289956,1.0
"Murray Hill, Manhattan",Park_Ave_Tunnel_Segment/north_to_south/038_n00171_S.jpg,n00171,Park_Ave_Tunnel_Segment,north_to_south,W,38,S,0.5307430806802058,0.8042856333559937,0.799885091926459,0.5202141608391608,0.5230819245773732,0.779110822885142,0.7642398465515803,0.7849038084020417,0.3071033720287451,0.711637935320886,0.9978489701906997,0.5940120148879431,0.5356716092901627,0.846196285366684,1.3062268722792625,1.0,0.4,0.25,0.35,0.82735066978139,0.8253016857497512,0.82735066978139,0.8253016857497512,0.9926373772939238,0.8452659167231105,1.0
"Murray Hill, Manhattan",Park_Ave_Tunnel_Segment/north_to_south/039_n00170_S.jpg,n00170,Park_Ave_Tunnel_Segment,north_to_south,W,39,S,0.3708767640979235,0.49421476859074365,0.48769923769923773,0.6056049696456304,0.5230304057872726,0.8004771962763044,0.7648327939590076,0.7662487828627068,0.1613199395117736,0.45093025679596827,0.9530758973427701,0.6162744489070215,0.4630763667353906,0.6493413961606571,1.399804962097413,1.0,0.4,0.25,0.35,0.7472400087063638,0.7148946180692073,0.7472400087063638,0.7148946180692073,0.8551349980106062,0.6477159821634042,1.0
"Murray Hill, Manhattan",Park_Ave_Tunnel_Segment/north_to_south/040_n00169_S.jpg,n00169,Park_Ave_Tunnel_Segment,north_to_south,W,40,S,0.42849117926563696,0.5572181441746659,0.5036146161934806,0.3651284771334276,0.6318889776357829,0.6805400372439477,0.7819911067193676,0.5090666666666666,0.10667507810622445,0.4964413132112611,0.9722747737146491,0.41410205538810374,0.444333092412796,0.5829745756297222,1.4332842888056236,1.0,0.4,0.25,0.35,0.6567042378745176,0.639060135275753,0.6567042378745176,0.639060135275753,0.9106493774817883,0.5812399216718966,1.0
"Murray Hill, Manhattan",Park_Ave_Tunnel_Segment/north_to_south/041_n00168_S.jpg,n00168,Park_Ave_Tunnel_Segment,north_to_south,W,41,S,0.5371196543121959,0.8121452089009992,0.7949812049172,0.5623059554050239,0.4932735426008968,0.7891898538504778,0.6347949654892409,0.7958995877502945,0.30308278489781787,0.7147486893767983,0.997927622541997,0.6216440001848071,0.4689388751935294,0.6690924316718841,1.4667636155138344,1.0,0.4,0.25,0.35,0.770806193011153,0.7686155454867534,0.770806193011153,0.7686155454867534,0.9929052365043448,0.6675116916107808,1.0
"Murray Hill, Manhattan",Park_Ave_Tunnel_Segment/north_to_south/042_n00167_S.jpg,n00167,Park_Ave_Tunnel_Segment,north_to_south,W,42,S,0.5419077298094682,0.7897694524495678,0.754031827405746,0.2927498555748122,0.6069057104913678,0.3507194244604317,0.8174470457079153,0.686173853524983,0.10094932477603953,0.6952363365549272,0.9973822946777168,0.4573393328694758,0.4591981852419774,0.635983350746931,1.4443991783846863,1.0,0.4,0.25,0.35,0.7011489879998908,0.6987284781198791,0.7011489879998908,0.6987284781198791,0.9910501646516894,0.6343308868147269,1.0
"Murray Hill, Manhattan",Park_Ave_Tunnel_Segment/north_to_south/043_n00166_S.jpg,n00166,Park_Ave_Tunnel_Segment,north_to_south,W,43,S,0.49225869788736065,0.7579950799507995,0.7260981912144703,0.3215750120598167,0.3292314335060449,0.7649295549151457,0.7642398465515803,0.7502642007926023,0.18925839491767146,0.65878398968421,0.9959517248110513,0.5808692597821247,0.4767491207346259,0.6944988176693435,1.4220347412555383,1.0,0.4,0.25,0.35,0.7671847164721853,0.7635894014442853,0.7671847164721853,0.7635894014442853,0.986206956483774,0.692983754183162,1.0
"Murray Hill, Manhattan",Park_Ave_Tunnel_Segment/north_to_south/044_n00165_S.jpg,n00165,Park_Ave_Tunnel_Segment,north_to_south,W,44,S,0.5111193804465937,0.7603482260183969,0.7122328134026574,0.07118935837245692,0.48838471558836294,0.6706944444444444,0.7806408029337967,0.7022485791944652,0.13769683856232717,0.661233473289216,0.996068526165348,0.428351073992853,0.4591688207480619,0.6358813726789091,1.4426323432668533,1.0,0.4,0.25,0.35,0.6893619177157616,0.6861083007204226,0.6893619177157616,0.6861083007204226,0.986601132640028,0.6342287120593195,1.0
"Murray Hill, Manhattan",Park_Ave_Tunnel_Segment/north_to_south/045_n00164_S.jpg,n00164,Park_Ave_Tunnel_Segment,north_to_south,W,45,S,0.47209644161174913,0.7392600385761879,0.6774580335731416,0.6155863619333083,0.3230494995200877,0.8076633986928105,0.7403376436781609,0.7600212262225488,0.16230568411059687,0.6296048379203596,0.9942640991953455,0.6841860295452564,0.4513216638943789,0.6082173210506232,1.463229945278168,1.0,0.4,0.25,0.35,0.7624560734398201,0.7574849775293284,0.7624560734398201,0.7574849775293284,0.9805363679381942,0.6065167963417241,1.0
"Murray Hill, Manhattan",Park_Ave_Tunnel_Segment/north_to_south/046_n00163_S.jpg,n00163,Park_Ave_Tunnel_Segment,north_to_south,W,46,S,0.40154610408248625,0.38650990099009896,0.35025243418680124,0.43884615384615383,0.43900709219858153,0.7717761274851087,0.7242006312611501,0.7122853239656518,0.16436988216496906,0.37943614641979545,0.8959705728394018,0.5707081285377413,0.4442852567130596,0.5828001214508582,1.3065973438249492,1.0,0.4,0.25,0.35,0.6885775905866749,0.628336646731015,0.6885775905866749,0.628336646731015,0.7145380972529888,0.5810652633044687,1.0
"Murray Hill, Manhattan",Park_Ave_Tunnel_Segment/north_to_south/047_n00162_S.jpg,n00162,Park_Ave_Tunnel_Segment,north_to_south,W,47,S,0.37753271579151865,0.4376112099644129,0.5584630524244051,0.7026396562308165,0.5409510456829069,0.812299763198217,0.688219958772887,0.7987950499348675,0.21819662841762288,0.45786899272677883,0.9566623158809718,0.653494553494259,0.45320829359525494,0.6149397319925756,1.1630120257021783,1.0,0.5,0.3,0.2,0.7811212199168991,0.7424124724831113,0.7811212199168991,0.7424124724831113,0.8651479045981212,0.6132498319013574,1.0
"Murray Hill, Manhattan",Park_Ave_Tunnel_Segment/north_to_south/048_n00161_S.jpg,n00161,Park_Ave_Tunnel_Segment,north_to_south,W,48,S,0.20656988476560387,0.1828984512092775,0.14696158690176322,0.5438934178743962,0.5394736842105262,0.7191894127377999,0.6263180092787852,0.5636833993835316,0.11264518956826652,0.17880997429221485,0.4367702512231001,0.5227010443491338,0.3694815994235259,0.3126464028557889,1.3065973438249492,1.0,0.4,0.25,0.35,0.40638087853740024,0.28703927898564385,0.40638087853740024,0.28703927898564385,0.18392377934801682,0.3111160292041653,1.0
"Murray Hill, Manhattan",Park_Ave_Tunnel_Segment/north_to_south/049_n00160_S.jpg,n00160,Park_Ave_Tunnel_Segment,north_to_south,W,49,S,0.41462551782302615,0.5294255177020708,0.4864243943191311,0.6370252373813093,0.31301622418879055,0.7835942596216569,0.672888250777698,0.7991255144032922,0.1514918574194283,0.47682514328140935,0.9651725733513851,0.7077115091986036,0.41219005409856313,0.4632789387090951,1.1518521057824085,1.0,0.5,0.3,0.2,0.7593253082328475,0.7284145543337285,0.7593253082328475,0.7284145543337285,0.8895542160387627,0.46150629623647127,1.0
"Murray Hill, Manhattan",Park_Ave_Tunnel_Segment/north_to_south/050_n00159_S.jpg,n00159,Park_Ave_Tunnel_Segment,north_to_south,W,50,S,0.16426730648233467,0.13858673259167698,0.05311874583055368,0.22663022992838297,0.1724069675376089,0.61994522313517,0.8247488904461574,0.31180635285112884,0.06219190140845073,0.11865759496818844,0.2736645527404917,0.4553432050806343,0.4434703959273041,0.5798252183387721,2.154871204901658,0.9770370741448183,0.3,0.2,0.5,0.44104396766826504,0.32430396454687066,0.44104396766826504,0.32430396454687066,0.09869451479588955,0.578086945165535,0.9036705983030461
"Murray Hill, Manhattan",Park_Ave_Tunnel_Segment/north_to_south/051_n00158_S.jpg,n00158,Park_Ave_Tunnel_Segment,north_to_south,W,51,S,0.37966393077192,0.38689679778788694,0.34924852388620503,0.6133497288434859,0.26033674339300933,0.7773411918795023,0.6180446194225722,0.7775459664834793,0.10849514563106799,0.37193641748200396,0.8872783271594278,0.7101863173113185,0.3632698825268201,0.29298058924687026,1.1562505910901328,1.0,0.5,0.3,0.2,0.6649812448195953,0.5882927250607246,0.6649812448195953,0.5882927250607246,0.6958326175049476,0.291505653160194,1.0
"Murray Hill, Manhattan",Park_Ave_Tunnel_Segment/north_to_south/052_n00157_S.jpg,n00157,Park_Ave_Tunnel_Segment,north_to_south,W,52,S,0.25670535411871565,0.39004975124378105,0.3460758522415872,0.3279409818711128,0.15265927189988623,0.6890505502704719,0.8058335786478265,0.46342157699971526,0.07396967959742658,0.3309436525346946,0.8279722488740234,0.5462344289903139,0.43990162912262654,0.5667306205603878,2.110723432410805,0.9835286461247701,0.3,0.2,0.5,0.6303313206542863,0.5665269046646498,0.6303313206542863,0.5665269046646498,0.5831256453624666,0.5649788184469703,0.9096747130805584
"Murray Hill, Manhattan",Park_Ave_Tunnel_Segment/north_to_south/053_n00156_S.jpg,n00156,Park_Ave_Tunnel_Segment,north_to_south,W,53,S,0.2993306200751389,0.25636093156868783,0.23710412032623665,0.7614626318202659,0.3419657422512235,0.8272534357316088,0.6452829050548919,0.798941318814277,0.12379487179487181,0.2642652239900211,0.6837766773279191,0.7394794027944398,0.3845388884248819,0.3631040945160944,1.1787795946849942,1.0,0.5,0.3,0.2,0.616795498601152,0.46294984310654563,0.616795498601152,0.46294984310654563,0.3859133136920993,0.3614566169133391,1.0
"Murray Hill, Manhattan",Park_Ave_Tunnel_Segment/north_to_south/054_n00155_S.jpg,n00155,Park_Ave_Tunnel_Segment,north_to_south,W,54,S,0.17703213818880534,0.2117755363432597,0.18709485985574728,0.6742224178403755,0.3792177333938569,0.7780518800926964,0.732178500142572,0.6386479875472538,0.10390161153519932,0.1919675114626041,0.4759211745433863,0.6445508906645908,0.41804005583888565,0.48515457401667245,1.0851797999295776,1.0,0.5,0.3,0.2,0.5232638156549838,0.3463477786049122,0.5232638156549838,0.3463477786049122,0.20881289289803123,0.4833736119087144,1.0
"Murray Hill, Manhattan",Park_Ave_Tunnel_Segment/north_to_south/055_n00154_S.jpg,n00154,Park_Ave_Tunnel_Segment,north_to_south,W,55,S,0.16980880750262461,0.11400032028184803,0.05805065189800388,0.3919707123355672,0.42518978605935126,0.7799272916125681,0.22536255767963084,0.5345674574646537,0.03721600542556799,0.11395325989415885,0.26258792522635666,0.5004494612469566,0.13128928155259942,0.0126089313948109,1.1787795946849942,1.0,0.5,0.3,0.2,0.17361254361709627,0.10360954098489206,0.17361254361709627,0.10360954098489206,0.0937854040652326,0.012520459698975611,1.0
"Murray Hill, Manhattan",Park_Ave_Tunnel_Segment/north_to_south/056_n00153_S.jpg,n00153,Park_Ave_Tunnel_Segment,north_to_south,W,56,S,0.2696098061869734,0.2465216968281767,0.22709941854923268,0.6893157492354741,0.6036264562194663,0.8022183954619124,0.7511394908840728,0.8056172496761058,0.23619233268356074,0.24774364052146092,0.639437526430033,0.6304355142307045,0.4936659117838168,0.7455444660236001,1.0851797999295776,1.0,0.5,0.3,0.2,0.6565774625787483,0.4786760514824534,0.6565774625787483,0.4786760514824534,0.3401148759535482,0.7441893071635115,1.0
"Murray Hill, Manhattan",Park_Ave_Tunnel_Segment/north_to_south/057_n00152_S.jpg,n00152,Park_Ave_Tunnel_Segment,north_to_south,W,57,S,0.14557626951334734,0.16498596335697402,0.07317698321158532,0.7818258689059948,0.26132326820603907,0.8231538992408557,0.4221014492753623,0.7997928215465592,0.1464387858658548,0.12791307202730223,0.29628676809386073,0.773431807415505,0.28427011757060855,0.11245079274800791,1.0851797999295776,1.0,0.5,0.3,0.2,0.32551817438674935,0.19721060796768777,0.32551817438674935,0.19721060796768777,0.10902402848788027,0.11174105144932919,1.0
"Murray Hill, Manhattan",Park_Ave_Tunnel_Segment/south_to_north/001_n00152_N.jpg,n00152,Park_Ave_Tunnel_Segment,south_to_north,W,1,N,0.3639410873741701,0.32680835197613717,0.3288690476190476,0.602021927951018,0.3494019311139935,0.7975699717943154,0.4807855087184696,0.7317906658855692,0.12732002249718788,0.33987282898978494,0.8427023509006156,0.6614702209075312,0.30405276560782873,0.14564078532796343,1.0851797999295776,1.0,0.5,0.3,0.2,0.551628624891058,0.4683384137735302,0.551628624891058,0.4683384137735302,0.6089183744001002,0.14475572851398766,1.0
"Murray Hill, Manhattan",Park_Ave_Tunnel_Segment/south_to_north/002_n00153_N.jpg,n00153,Park_Ave_Tunnel_Segment,south_to_north,W,2,N,0.20711638325033335,0.2526166097838453,0.19936799770180982,0.7143094289508632,0.6467136150234741,0.7734267340376665,0.6948831535695943,0.7959447941253606,0.19450993600538902,0.2197003302453295,0.5588272730855152,0.6211802026842499,0.44469654478749165,0.584299385117517,1.0851797999295776,1.0,0.5,0.3,0.2,0.582010961758252,0.4036212163556987,0.582010961758252,0.4036212163556987,0.2690786672797433,0.5825662959616124,1.0
"Murray Hill, Manhattan",Park_Ave_Tunnel_Segment/south_to_north/003_n00154_N.jpg,n00154,Park_Ave_Tunnel_Segment,south_to_north,W,3,N,0.39249744857897284,0.47894137734775183,0.48409748038000827,0.7375827814569536,0.4969169719169719,0.8232981584936891,0.6659638186040827,0.8036315986521902,0.20237268518518517,0.45184543543557765,0.9535646067070016,0.6814324693973906,0.4341682518946339,0.5455046825866322,1.1787795946849942,1.0,0.5,0.3,0.2,0.7710128302449829,0.7302400988660142,0.7710128302449829,0.7302400988660142,0.8564901575128577,0.5437361522841557,1.0
"Murray Hill, Manhattan",Park_Ave_Tunnel_Segment/south_to_north/004_n00155_N.jpg,n00155,Park_Ave_Tunnel_Segment,south_to_north,W,4,N,0.4511492229518666,0.6887164829181979,0.7913298302344381,0.23654244306418226,0.3451227390180878,0.7046296296296296,0.8630197581834267,0.5121335304262132,0.07466679482250416,0.6437318453681675,0.9951541845434019,0.4678510781574359,0.4688432765029654,0.6687748603590595,1.0851797999295776,1.0,0.5,0.3,0.2,0.7328810038861043,0.7282400133429797,0.7328810038861043,0.7282400133429797,0.9835213885993197,0.6671933578373287,1.0
"Murray Hill, Manhattan",Park_Ave_Tunnel_Segment/south_to_north/005_n00156_N.jpg,n00156,Park_Ave_Tunnel_Segment,south_to_north,W,5,N,0.40135986419259884,0.4101182355616189,0.3685505159587233,0.5190600902080605,0.3781663788140472,0.7644648621802831,0.48735695828719083,0.7553399518652225,0.10955786736020805,0.39334287190431366,0.9105292659034669,0.6320778877530786,0.2984574128236994,0.13550478606867603,1.1787795946849942,1.0,0.5,0.3,0.2,0.5575310522631163,0.504477529987368,0.5575310522631163,0.504477529987368,0.7473273331828099,0.13467161621382448,1.0
"Murray Hill, Manhattan",Park_Ave_Tunnel_Segment/south_to_north/006_n00157_N.jpg,n00157,Park_Ave_Tunnel_Segment,south_to_north,W,6,N,0.341742233192747,0.3396809895833333,0.34793921731890093,0.3234036684595228,0.29275700934579446,0.6205100574712644,0.8473631367575565,0.437257045675413,0.07853257307641892,0.3431208133649937,0.8478000576643812,0.48930123492971367,0.4629478549169877,0.6489023432843388,2.110723432410805,0.9835286461247701,0.3,0.2,0.5,0.6644969105818541,0.6036569277779734,0.6644969105818541,0.6036569277779734,0.618159548882482,0.6472759996362807,0.9096747130805584
"Murray Hill, Manhattan",Park_Ave_Tunnel_Segment/south_to_north/007_n00158_N.jpg,n00158,Park_Ave_Tunnel_Segment,south_to_north,W,7,N,0.4573932935528088,0.6516416249304395,0.6284615384615385,0.504659090909091,0.29559247458655746,0.7873899772856331,0.6623348017621145,0.7553673664122137,0.1883866710656549,0.5791654856482622,0.9895431471219435,0.654811327578249,0.42536073641388467,0.5126000933080589,1.1562505910901328,1.0,0.5,0.3,0.2,0.7664925870653632,0.7563673674942002,0.7664925870653632,0.7563673674942002,0.9649154563925716,0.5108183431393344,1.0
"Murray Hill, Manhattan",Park_Ave_Tunnel_Segment/south_to_north/008_n00159_N.jpg,n00159,Park_Ave_Tunnel_Segment,south_to_north,W,8,N,0.38164977152474466,0.4055555555555556,0.4217080317132023,0.25102040816326526,0.4265864332603939,0.5793567004504504,0.8041573971078977,0.4134499914221994,0.0631169829165928,0.40297111959783416,0.91950596398078,0.4126279887750235,0.43363719001224527,0.54352898966957,2.154871204901658,0.9770370741448183,0.3,0.2,0.5,0.6022675415322846,0.5697845556622219,0.6022675415322846,0.5697845556622219,0.7685154287018001,0.5417592295550794,0.9036705983030461
"Murray Hill, Manhattan",Park_Ave_Tunnel_Segment/south_to_north/009_n00160_N.jpg,n00160,Park_Ave_Tunnel_Segment,south_to_north,W,9,N,0.5032566362249639,0.771540599563232,0.7145939445387662,0.5075757575757575,0.37817477399913907,0.7672917134516056,0.7297660145761412,0.7559568285595684,0.2386823222439661,0.6631303934423206,0.9961566675313692,0.6284526040453955,0.48422416841005367,0.7177569709318112,1.1518521057824085,1.0,0.5,0.3,0.2,0.8125331077600191,0.8084222808761685,0.8125331077600191,0.8084222808761685,0.9868987357201212,0.716310135274793,1.0
"Murray Hill, Manhattan",Park_Ave_Tunnel_Segment/south_to_north/010_n00161_N.jpg,n00161,Park_Ave_Tunnel_Segment,south_to_north,W,10,N,0.38036239785314313,0.37146170595474776,0.3611649857770882,0.30165079365079367,0.7270126548196015,0.7903484923381118,0.7498950902224086,0.45422808378588053,0.07308807767479981,0.37099636319499296,0.8861451486361773,0.3429554075390242,0.41149158394860424,0.4606748289806862,1.3065973438249492,1.0,0.4,0.25,0.35,0.5559035258365255,0.5032866902865129,0.5559035258365255,0.5032866902865129,0.6934398116781413,0.45890363116963373,1.0
"Murray Hill, Manhattan",Park_Ave_Tunnel_Segment/south_to_north/011_n00162_N.jpg,n00162,Park_Ave_Tunnel_Segment,south_to_north,W,11,N,0.3937865082592544,0.6238066012002182,0.5620567375886525,0.6352385238523852,0.6193890637752127,0.7922445318429587,0.7663480684986061,0.7909586742185861,0.23339508714148485,0.5265499490160417,0.9805181785515855,0.6022693780985862,0.4998715778200455,0.7627966455535418,1.1630120257021783,1.0,0.5,0.3,0.2,0.8056507477508139,0.786886022474595,0.8056507477508139,0.786886022474595,0.9360096423347298,0.7615039749169412,1.0
"Murray Hill, Manhattan",Park_Ave_Tunnel_Segment/south_to_north/012_n00163_N.jpg,n00163,Park_Ave_Tunnel_Segment,south_to_north,W,12,N,0.536933153257662,0.7727562739259889,0.715613954203166,0.16383169203222916,0.4504158669225848,0.3838510354041416,0.8181085870791042,0.3689398511365923,0.07333586433814225,0.6751011271289389,0.9966692236408936,0.36078522541541214,0.4457222257086232,0.5880314413397685,1.3065973438249492,1.0,0.4,0.25,0.35,0.6427214541499694,0.6399834464294889,0.6427214541499694,0.6399834464294889,0.9886318620582266,0.5863028951324093,1.0
"Murray Hill, Manhattan",Park_Ave_Tunnel_Segment/south_to_north/013_n00164_N.jpg,n00164,Park_Ave_Tunnel_Segment,south_to_north,W,13,N,0.5192320962316396,0.7840873091300766,0.781556635229113,0.4524614317906049,0.36298040975026175,0.7190669371196754,0.7123138394478751,0.7893121329977885,0.3107363687464868,0.6949586801969431,0.9973735812066451,0.6262643850127105,0.5115251040971809,0.7929625929212448,1.463229945278168,1.0,0.4,0.25,0.35,0.8193529428846774,0.8168379233648516,0.8193529428846774,0.8168379233648516,0.9910205633854502,0.7917894432861119,1.0
"Murray Hill, Manhattan",Park_Ave_Tunnel_Segment/south_to_north/014_n00165_N.jpg,n00165,Park_Ave_Tunnel_Segment,south_to_north,W,14,N,0.5379702400289923,0.7548488949030222,0.6544301931298836,0.601063829787234,0.5484751773049646,0.32892690513219286,0.8389332598916736,0.4286291626252829,0.03263558293661909,0.649083109353966,0.9954542087180063,0.4937392717025174,0.4357844214141463,0.5515082030310956,1.4426323432668533,1.0,0.4,0.25,0.35,0.6794009106035461,0.675650628206147,0.6794009106035461,0.675650628206147,0.9845304506120589,0.5497437516792483,1.0
"Murray Hill, Manhattan",Park_Ave_Tunnel_Segment/south_to_north/015_n00166_N.jpg,n00166,Park_Ave_Tunnel_Segment,south_to_north,W,15,N,0.5207058142447881,0.796681504308623,0.7911485319516407,0.33503201358944207,0.4315614360878985,0.7625070947863456,0.7925432445067789,0.7971979974160207,0.3423712173712174,0.7028452835016838,0.9976101772642701,0.5668895249725214,0.5674572309389981,0.8986085245588955,1.4220347412555383,1.0,0.4,0.25,0.35,0.8350426224172829,0.8328907168372041,0.8350426224172829,0.8328907168372041,0.9918247682467265,0.8979569684053729,1.0
"Murray Hill, Manhattan",Park_Ave_Tunnel_Segment/south_to_north/016_n00167_N.jpg,n00167,Park_Ave_Tunnel_Segment,south_to_north,W,16,N,0.48783168284676365,0.675097547380156,0.5919302514193024,0.22924318308291594,0.5945796460176992,0.7353348090758162,0.7247585601404741,0.4399634560167059,0.08738465001125362,0.5849531605487407,0.9902379024216214,0.3582089976939742,0.4060716050758639,0.4405510568646387,1.4443991783846863,1.0,0.4,0.25,0.35,0.5784004569489093,0.5721772391943432,0.5784004569489093,0.5721772391943432,0.967192230562853,0.43879428123023945,1.0
"Murray Hill, Manhattan",Park_Ave_Tunnel_Segment/south_to_north/017_n00168_N.jpg,n00168,Park_Ave_Tunnel_Segment,south_to_north,W,17,N,0.5111227741540145,0.7779273681303507,0.7218699186991869,0.5050468923859482,0.45532229847934325,0.7990280467685245,0.7670328313996544,0.7873105172683231,0.23396772858916015,0.6703066869945173,0.9964726690912639,0.6123450370583093,0.5005002799944073,0.7644987555635967,1.4667636155138344,1.0,0.4,0.25,0.35,0.8041129959480862,0.8008881945845685,0.8041129959480862,0.8008881945845685,0.9879667361069171,0.7632124813796329,1.0
"Murray Hill, Manhattan",Park_Ave_Tunnel_Segment/south_to_north/018_n00169_N.jpg,n00169,Park_Ave_Tunnel_Segment,south_to_north,W,18,N,0.18098435635862412,0.18963270142180097,0.16499106344950845,0.27538934694411726,0.6933345552297165,0.8219056564391568,0.6926516068307113,0.48303264604810997,0.04660285579789736,0.17853604040997784,0.4359617606042325,0.3550291459208369,0.3696272313143043,0.3131160362822453,1.4332842888056236,1.0,0.4,0.25,0.35,0.3688435724589543,0.26043928642424174,0.3688435724589543,0.26043928642424174,0.18343089592442233,0.31158440589477093,1.0
"Murray Hill, Manhattan",Park_Ave_Tunnel_Segment/south_to_north/019_n00170_N.jpg,n00170,Park_Ave_Tunnel_Segment,south_to_north,W,19,N,0.41527866655606177,0.6502486718661693,0.5508411906082457,0.5502523128679563,0.6069193126209173,0.804427985122483,0.7616740268236833,0.7688584262701363,0.20237268518518517,0.5387895096768255,0.9831344717220541,0.5707304755057251,0.48202335600443424,0.7110214922952814,1.399804962097413,1.0,0.4,0.25,0.35,0.7661466208648371,0.7533381447880495,0.7661466208648371,0.7533381447880495,0.9442633981853602,0.7095541009904263,1.0
"Murray Hill, Manhattan",Park_Ave_Tunnel_Segment/south_to_north/020_n00171_N.jpg,n00171,Park_Ave_Tunnel_Segment,south_to_north,W,20,N,0.48194091697562225,0.7546357132428092,0.74354791938524,0.48183150183150186,0.43344334433443343,0.7883869375088165,0.7658545115411518,0.7384130515387467,0.2755409001504108,0.6600415165345571,0.9960121141755107,0.5956004030119384,0.5206977058457813,0.8146428946766238,1.3062268722792625,1.0,0.4,0.25,0.35,0.8163626746173601,0.8128284749799816,0.8163626746173601,0.8128284749799816,0.9864107281069909,0.8135637102002014,1.0
"Murray Hill, Manhattan",Park_Ave_Tunnel_Segment/south_to_north/021_n00172_N.jpg,n00172,Park_Ave_Tunnel_Segment,south_to_north,W,21,N,0.44427383821187744,0.5752380952380952,0.5389340789696662,0.5661715509166333,0.43584554099203293,0.7959606503447839,0.7207671001926782,0.7871152586771447,0.15908824906367044,0.5194820041398795,0.9788302311290599,0.639147089533915,0.43992767462817434,0.5668265490040129,1.3023069220244,1.0,0.4,0.25,0.35,0.7267595005077166,0.7114890662638231,0.7267595005077166,0.7114890662638231,0.9307377823945685,0.5650748370957098,1.0
"Murray Hill, Manhattan",Park_Ave_Tunnel_Segment/south_to_north/022_n00173_N.jpg,n00173,Park_Ave_Tunnel_Segment,south_to_north,W,22,N,0.44035989337154385,0.650349040139616,0.5690887750746905,0.6603811841038119,0.4591979249800479,0.8278619528619529,0.7200976403580146,0.7946536842856124,0.1696300837931739,0.5532659028619501,0.985785704852389,0.6652789811364588,0.44486386207559425,0.5849088603612574,1.2239493673759627,1.0,0.4,0.25,0.35,0.7442945297623724,0.7334476663795896,0.7442945297623724,0.7334476663795896,0.9527313110045766,0.5831764995101303,1.0
"Murray Hill, Manhattan",Park_Ave_Tunnel_Segment/south_to_north/023_n00174_N.jpg,n00174,Park_Ave_Tunnel_Segment,south_to_north,W,23,N,0.4399687231141147,0.6658493526873284,0.6232662192393735,0.6439836804286933,0.7058031019978969,0.833988421694089,0.7663451855294755,0.7903407095187918,0.2702794819359237,0.5763614316802722,0.9891891700243729,0.5761737626498626,0.5183123337326996,0.8091791032129307,1.209912962057785,1.0,0.4,0.25,0.35,0.8055003643132678,0.7967715644510133,0.8055003643132678,0.7967715644510133,0.9637583353487743,0.808075602012917,1.0
"Murray Hill, Manhattan",Park_Ave_Tunnel_Segment/south_to_north/024_n00175_N.jpg,n00175,Park_Ave_Tunnel_Segment,south_to_north,W,24,N,0.21364716151832203,0.30503053213143355,0.23708214699989458,0.3834187669087284,0.48357457073932175,0.7095207713029916,0.7337837837837838,0.7082243533856438,0.06180138839863514,0.2519199468832167,0.650909488152095,0.5360228498516835,0.3977925860912095,0.41020663924983913,1.3599201363224005,1.0,0.4,0.25,0.35,0.5275395281453139,0.4116731311068474,0.5275395281453139,0.4116731311068474,0.35145113741019196,0.40848251629128435,1.0
"Murray Hill, Manhattan",Park_Ave_Tunnel_Segment/south_to_north/025_n00176_N.jpg,n00176,Park_Ave_Tunnel_Segment,south_to_north,W,25,N,0.5091375498013787,0.7918260315252666,0.7722180886243386,0.5971063435306582,0.4315614360878985,0.7945881888208572,0.7777972300031123,0.794726387286941,0.280685618729097,0.691060556650328,0.9972481512538417,0.6534237649099002,0.5292414243661047,0.8332198931656554,0.9039396370358392,1.0,0.5,0.3,0.2,0.8474459795768642,0.8444127303559147,0.8474459795768642,0.8444127303559147,0.9905945933166459,0.8322265925163072,1.0
"Murray Hill, Manhattan",Park_Ave_Tunnel_Segment/south_to_north/026_n00177_N.jpg,n00177,Park_Ave_Tunnel_Segment,south_to_north,W,26,N,0.17429737413648846,0.2041073331395912,0.17070830425680392,0.45223939754260806,0.4238505747126436,0.6781161997925004,0.8139507229832573,0.7405880736466063,0.08423093494183542,0.18303767051096118,0.4492879814687129,0.5896589654921902,0.4490908289625464,0.6002153389818246,1.5828798565200548,1.0,0.4,0.25,0.35,0.5321911258805188,0.37812627432517026,0.5321911258805188,0.37812627432517026,0.19166090146450054,0.598503009444056,0.9846277134474852
"Murray Hill, Manhattan",Park_Ave_Tunnel_Segment/south_to_north/027_n00178_N.jpg,n00178,Park_Ave_Tunnel_Segment,south_to_north,W,27,N,0.5094767816387462,0.7845411496733202,0.7432527907305356,0.6053281351526966,0.4272146783058519,0.7891898538504778,0.771717996578006,0.7845257619242859,0.26441569183504665,0.6790902406808673,0.9968244153621308,0.6542130729237101,0.5180668442065264,0.8086098715436297,0.893275175730709,1.0,0.5,0.3,0.2,0.8425058140855566,0.839029834443545,0.8425058140855566,0.839029834443545,0.9891574666832186,0.8075038616176532,1.0
"Murray Hill, Manhattan",Park_Ave_Tunnel_Segment/south_to_north/028_n00179_N.jpg,n00179,Park_Ave_Tunnel_Segment,south_to_north,W,28,N,0.3389558030814898,0.38368519508284343,0.3560517799352751,0.6506734006734006,0.4789434523809524,0.7789862914862914,0.7974362428160919,0.7960832042487276,0.19921402660217655,0.35956425936653613,0.8715542093165117,0.6559377175137252,0.49832513470913425,0.758573940213943,1.5693380905773109,1.0,0.4,0.25,0.35,0.7732727119566908,0.6929417897382417,0.7732727119566908,0.6929417897382417,0.6635300036358185,0.7572655802483226,0.9866297858342112
"Murray Hill, Manhattan",Park_Ave_Tunnel_Segment/south_to_north/029_n00180_N.jpg,n00180,Park_Ave_Tunnel_Segment,south_to_north,W,29,N,0.4118578148398159,0.5593310609288453,0.5373951299365665,0.7286460276016412,0.4816610455311973,0.8111729342542849,0.7549556598852374,0.7892664939206697,0.2398507980569049,0.5028613352350759,0.9742776490471765,0.6787504919970377,0.49740322897107114,0.756032332077791,0.8809477465924265,1.0,0.5,0.3,0.2,0.8309262722231315,0.8057282927986771,0.8309262722231315,0.8057282927986771,0.9167227746472498,0.7547146521234747,1.0
"Murray Hill, Manhattan",Park_Ave_Tunnel_Segment/south_to_north/030_n00181_N.jpg,n00181,Park_Ave_Tunnel_Segment,south_to_north,W,30,N,0.3962051359909858,0.3996279384407238,0.39822214500810743,0.6724485679709561,0.42110716400236825,0.8078575813382444,0.7095460534195711,0.7749214189492591,0.21822935668247592,0.39801840647993897,0.9149959609774122,0.6754209409726156,0.4638877050510235,0.6521074260732826,3.040720686629586,0.8554667068595828,0.15,0.15,0.7,0.6897194241023904,0.6693212560483701,0.6897194241023904,0.6693212560483701,0.7577741548460076,0.650487932289817,0.7912290447041432
"Murray Hill, Manhattan",Park_Ave_Tunnel_Segment/south_to_north/031_n00182_N.jpg,n00182,Park_Ave_Tunnel_Segment,south_to_north,W,31,N,0.35592849023358114,0.3405736397000159,0.3200269334359369,0.6675531914893617,0.5457721117833477,0.8341086773922596,0.6599722991689752,0.8030746705710102,0.13965517241379313,0.338843021123178,0.8410573297520102,0.6416185834256747,0.39981373579138413,0.4175609645881408,1.0850959311588884,1.0,0.5,0.3,0.2,0.6741241080388392,0.5717312258256104,0.6741241080388392,0.5717312258256104,0.6059716239855744,0.41582772420921504,1.0
"Murray Hill, Manhattan",Park_Ave_Tunnel_Segment/south_to_north/032_n00183_N.jpg,n00183,Park_Ave_Tunnel_Segment,south_to_north,W,32,N,0.35479422105443126,0.4762909632571996,0.43226013575490735,0.351123595505618,0.2515538109257442,0.7469696969696971,0.8300994368180218,0.6613796576032226,0.13660290628707003,0.4211151066888461,0.9342190883080422,0.5869831473943654,0.4833511715525459,0.715096622465587,3.1575421386202307,0.8406067547677025,0.15,0.15,0.7,0.7226307933541246,0.7056627716210411,0.7226307933541246,0.7056627716210411,0.8049737117422612,0.7136415901701266,0.7774849380034043
"Murray Hill, Manhattan",Park_Ave_Tunnel_Segment/south_to_north/033_n00184_N.jpg,n00184,Park_Ave_Tunnel_Segment,south_to_north,W,33,N,0.47109846309638315,0.714797261716693,0.6248583970546587,0.5190600902080605,0.42790570175438597,0.7828017832647461,0.7712606303151576,0.7628586691086691,0.21971641608605305,0.603584707289245,0.9921784209131839,0.6180043525207812,0.4954885232006053,0.7506960200497476,1.1678113251968778,1.0,0.5,0.3,0.2,0.8141139029590345,0.8061648665745449,0.8141139029590345,0.8061648665745449,0.9735916178514517,0.7493590734385203,1.0
"Murray Hill, Manhattan",Park_Ave_Tunnel_Segment/south_to_north/034_n00185_N.jpg,n00185,Park_Ave_Tunnel_Segment,south_to_north,W,34,N,0.2871848998916629,0.22653052144509692,0.1917464660282718,0.5033718689788055,0.5085118066996156,0.6226663816445774,0.8184820978315682,0.7505145303367087,0.09048188653451812,0.23515396245501052,0.6039252675882142,0.5817915308719661,0.4544819921830432,0.6194536467384121,3.727472495352265,0.7717297351120478,0.15,0.15,0.7,0.6113202176963318,0.5512896814109453,0.6113202176963318,0.5512896814109453,0.30706888890931017,0.6177712433446618,0.7137799474675688
"Murray Hill, Manhattan",Park_Ave_Tunnel_Segment/south_to_north/035_n00186_N.jpg,n00186,Park_Ave_Tunnel_Segment,south_to_north,W,35,N,0.40836581577675274,0.6799075584556823,0.6497503613191432,0.4412163470850281,0.3808121269242853,0.8039626063904004,0.7710131659255385,0.783107167710508,0.13302409895500109,0.5793412451838593,0.9895649486802202,0.6145037959570836,0.4520186324402698,0.6107056823383474,1.1716763616069372,1.0,0.5,0.3,0.2,0.7788358160737191,0.7686750749161059,0.7788358160737191,0.7686750749161059,0.9649867875766255,0.6090090151197662,1.0
"Murray Hill, Manhattan",Park_Ave_Tunnel_Segment/south_to_north/036_n00187_N.jpg,n00187,Park_Ave_Tunnel_Segment,south_to_north,W,36,N,0.17715143369678465,0.22837063318777293,0.1973002754820937,0.6550150978075359,0.6196940726577438,0.7748534673060821,0.7373599757795942,0.7475270301357257,0.09507246376811596,0.20094078078888378,0.5028223123914377,0.5942826850951726,0.4162162197738551,0.4783244179599237,1.999607152833796,1.0,0.4,0.25,0.35,0.5151894710114573,0.3744273728725588,0.5151894710114573,0.3744273728725588,0.22716013609167637,0.47654532106430897,0.9249637239488591
"Murray Hill, Manhattan",Park_Ave_Tunnel_Segment/south_to_north/037_n00188_N.jpg,n00188,Park_Ave_Tunnel_Segment,south_to_north,W,37,N,0.3962943048726732,0.600735294117647,0.5863356428021556,0.7248241912798875,0.4846260590125621,0.8414555206214166,0.6934824030486437,0.7944475690538683,0.16538808664259927,0.5277884139308252,0.9808000504872195,0.6782152337737312,0.4294352448456215,0.5278533027096888,1.4960876525303308,1.0,0.4,0.25,0.35,0.7200351734303669,0.7061305109122935,0.7200351734303669,0.7061305109122935,0.9368940384223422,0.5260757596504948,0.9975302203909115
"Murray Hill, Manhattan",Park_Ave_Tunnel_Segment/south_to_north/038_n00189_N.jpg,n00189,Park_Ave_Tunnel_Segment,south_to_north,W,38,N,0.17252962667987212,0.15606545275590547,0.062983624257693,0.4773094315245478,0.5259379509379509,0.7115520656479909,0.42329611537566875,0.5580379123584441,0.04707579333857851,0.1305262345644902,0.30286642145328735,0.5031364643150136,0.23518595435712364,0.057204831509442666,2.121140435950461,0.9819930329655849,0.3,0.2,0.5,0.14568970097858774,0.10776652540444442,0.14568970097858774,0.10776652540444442,0.11210762331270965,0.056821455804561834,0.9082544103110474
"Murray Hill, Manhattan",Park_Ave_Tunnel_Segment/south_to_north/039_n00190_N.jpg,n00190,Park_Ave_Tunnel_Segment,south_to_north,W,39,N,0.2944231869253909,0.32816523978561984,0.31041955617198336,0.7525579452912926,0.2878133102852203,0.8217038940502075,0.7408126772721667,0.8056172496761058,0.08122845399098384,0.31100266096099805,0.7911765414612868,0.7567872948940593,0.4110205656315753,0.45891993140708803,1.87127586409875,1.0,0.4,0.25,0.35,0.646637282775871,0.5476679043489618,0.646637282775871,0.5476679043489618,0.5240628746170259,0.4571497616491272,0.9429414698702644
"Murray Hill, Manhattan",Park_Ave_Tunnel_Segment/south_to_north/040_n00191_N.jpg,n00191,Park_Ave_Tunnel_Segment,south_to_north,W,40,N,0.1556993570987797,0.08313119062057812,0.028565612701859127,0.07299558080808081,0.21617028888292644,0.6212997022245577,0.16756165473349252,0.26753539253539255,0.015015192770608884,0.08913205347373898,0.20909066837737578,0.37478689482018235,0.0912884237520507,0.006959432080503197,2.242673719067127,0.964253494480857,0.3,0.2,0.5,0.04286908114454578,0.03094039461765098,0.04286908114454578,0.03094039461765098,0.07135087434370084,0.006910323177584013,0.8918469476053508
"Murray Hill, Manhattan",Park_Ave_Tunnel_Segment/south_to_north/041_n00192_N.jpg,n00192,Park_Ave_Tunnel_Segment,south_to_north,W,41,N,0.32697204290221876,0.3924968963376785,0.32302914199465915,0.6505004766444232,0.37409024745269287,0.8165469952778316,0.730564537860415,0.7892026009582477,0.1165174129353234,0.34749936041151874,0.8544567165916022,0.6885376100499927,0.42354097539786917,0.5057784004676817,2.953468086085264,0.8667365494481445,0.3,0.2,0.5,0.6296115599348183,0.5737211678658868,0.6296115599348183,0.5737211678658868,0.6304822683248137,0.5039958429215285,0.8016526260239214
"Murray Hill, Manhattan",Park_Ave_Tunnel_Segment/south_to_north/042_n00193_N.jpg,n00193,Park_Ave_Tunnel_Segment,south_to_north,W,42,N,0.15969946260316722,0.11929759552042163,0.03588534107402034,0.1920132422925719,0.2925591882750846,0.6628632127192983,0.2538966049382716,0.385393152746426,0.02276797134817088,0.1049607997325364,0.24223400486992777,0.42828240225463776,0.13833228814322124,0.013994249688343873,4.079090410958366,0.7320814053982094,0.15,0.15,0.7,0.035855809664748224,0.03049335706609893,0.035855809664748224,0.03049335706609893,0.0850074966368865,0.013896194581507393,0.6771088417517686
"Murray Hill, Manhattan",Park_Ave_Tunnel_Segment/south_to_north/043_n00194_N.jpg,n00194,Park_Ave_Tunnel_Segment,south_to_north,W,43,N,0.2945495683924247,0.32531952703164513,0.27214932356830435,0.7159338267305181,0.34036772368616947,0.8119062587314892,0.6851090220655438,0.7790871501272264,0.1029660122440363,0.29733947299745805,0.7627966471220591,0.7182177510571917,0.3940375171547901,0.396651420858818,2.9439145301162526,0.8679795022522051,0.3,0.2,0.5,0.5434734927147041,0.47285808660773615,0.5434734927147041,0.47285808660773615,0.48309835586912486,0.3949461199297558,0.802802244532606
"Murray Hill, Manhattan",Park_Ave_Tunnel_Segment/south_to_north/044_n00195_N.jpg,n00195,Park_Ave_Tunnel_Segment,south_to_north,W,44,N,0.20998868426760528,0.20724354273608733,0.14498644986449863,0.3682718701515694,0.3202902197617849,0.6488629563135846,0.6375555555555555,0.40906874695270595,0.04631804185585305,0.1874062256227304,0.4622904198635734,0.48568346578083016,0.3419367987057043,0.23130661205123648,3.8792183842650463,0.7543621225443721,0.15,0.15,0.7,0.2868282116655847,0.2519668266014286,0.2868282116655847,0.2519668266014286,0.1999141015087421,0.23004113715589414,0.6977164824717659
"Murray Hill, Manhattan",Park_Ave_Tunnel_Segment/south_to_north/045_n00196_N.jpg,n00196,Park_Ave_Tunnel_Segment,south_to_north,W,45,N,0.15774505112629122,0.30135689491953294,0.26066408143480374,0.7975423630454967,0.4913368513632365,0.9050686250902963,0.7629884746983612,0.8342929385243405,0.12158703071672357,0.23992200916020928,0.6175268536157007,0.7134994834022002,0.4422877527075424,0.575497329362424,3.3920109887549708,0.8115561932196014,0.15,0.15,0.7,0.6006724943814725,0.5429533565923688,0.6006724943814725,0.5429533565923688,0.3193757873301608,0.5737543137650116,0.7506158057770864
"Murray Hill, Manhattan",Park_Ave_Tunnel_Segment/south_to_north/046_n00197_N.jpg,n00197,Park_Ave_Tunnel_Segment,south_to_north,W,46,N,0.3772113048231208,0.40156352324819905,0.3857724706100158,0.7524979608482871,0.3838912133891213,0.7524084778420038,0.7265349329569513,0.752675291486983,0.1964166999069273,0.3881824328937785,0.9053545812286039,0.7070940129820495,0.4614758164319393,0.6438553788824267,3.8792183842650463,0.7543621225443721,0.15,0.15,0.7,0.6872206632001527,0.6649409348160598,0.6872206632001527,0.6649409348160598,0.7354560093653331,0.6422185468485069,0.6977164824717659
"Murray Hill, Manhattan",Park_Ave_Tunnel_Segment/south_to_north/047_n00198_N.jpg,n00198,Park_Ave_Tunnel_Segment,south_to_north,W,47,N,0.20879152892353092,0.31624336618650495,0.2807888762769579,0.5385989437713575,0.760309466462302,0.6396085997794928,0.818660452269981,0.7651441528992549,0.07461779568860745,0.26860792379566456,0.694935347297282,0.5144778767361033,0.44663912397929423,0.5913591453975614,,1.0,0.45,0.15,0.4,0.6227597185377238,0.4842277282968426,0.6227597185377238,0.4842277282968426,0.39833416527699245,0.5896348177676629,1.0
"Murray Hill, Manhattan",Park_Ave_Tunnel_Segment/south_to_north/048_n00199_N.jpg,n00199,Park_Ave_Tunnel_Segment,south_to_north,W,48,N,0.24825163770401415,0.3338386622565233,0.25186900698846104,0.5751245968924069,0.787206186822555,0.7717706520838511,0.7806822152341021,0.7664639182999173,0.13346373031971406,0.2779864356496662,0.7182580304285865,0.518127442789923,0.45707297277690806,0.6285717777847954,,1.0,0.45,0.15,0.4,0.6483860479070676,0.5117905106931108,0.6483860479070676,0.5117905106931108,0.4255895581772057,0.6269054064061415,1.0
"Murray Hill, Manhattan",Park_Ave_Tunnel_Segment/south_to_north/049_n00200_N.jpg,n00200,Park_Ave_Tunnel_Segment,south_to_north,W,49,N,0.20952722123590262,0.2505383656352715,0.25348527568922313,0.6018706619265278,0.786171143876658,0.790280072378255,0.7743013972055888,0.719345884624668,0.048190536745615464,0.23785028752013238,0.611638175861409,0.5116818008915126,0.4112459669756021,0.4597595965554678,,1.0,0.45,0.15,0.4,0.531232797399732,0.39292342925094464,0.531232797399732,0.39292342925094464,0.3139961381211507,0.45798892943012404,1.0
"Murray Hill, Manhattan",Park_Ave_Tunnel_Segment/south_to_north/050_n00201_N.jpg,n00201,Park_Ave_Tunnel_Segment,south_to_north,W,50,N,0.19320626116918713,0.2098942723942724,0.1784924845269673,0.4286782296650717,0.757120196120845,0.722562599893447,0.8284064420428057,0.5733555062823354,0.025775347039184677,0.19386433936347558,0.4816013290491282,0.41497117994218735,0.4270908945409952,0.5190815827797777,,,0.4,0.25,0.35,0.47633448236665693,0.3430351627862004,0.47633448236665693,0.3430351627862004,0.21259832001726872,0.517301214737232,
"Murray Hill, Manhattan",Park_Ave_Tunnel_Segment/south_to_north/051_n00202_N.jpg,n00202,Park_Ave_Tunnel_Segment,south_to_north,W,51,N,0.36501665158314645,0.361807792606228,0.2696869397324506,0.3018096342091705,0.6633234797297297,0.6828214971209213,0.6658348457350272,0.47983606557377056,0.03921496156120637,0.332170461307275,0.8300590100257113,0.37277407335107043,0.3525249036481168,0.26073990330497776,,,0.4,0.25,0.35,0.453082864013741,0.393639266490119,0.453082864013741,0.393639266490119,0.5866999080057685,0.25936773275767155,
"Murray Hill, Manhattan",Park_Ave_Tunnel_Segment/south_to_north/052_n00203_N.jpg,n00203,Park_Ave_Tunnel_Segment,south_to_north,W,52,N,0.17240241112662086,0.17089787722317848,0.1099207677714541,0.35240354206198604,0.7414059482425648,0.74872848200313,0.8185134069400631,0.49583333333333335,0.016955310645512922,0.15107368537375115,0.3572969026276427,0.3689436423842515,0.41773435879278803,0.4840093006361205,,,0.4,0.25,0.35,0.4005442538248533,0.27428618483614897,0.4005442538248533,0.27428618483614897,0.13909562417705745,0.4822286048755791,
"Murray Hill, Manhattan",Park_Ave_Tunnel_Segment/south_to_north/053_n00204_N.jpg,n00204,Park_Ave_Tunnel_Segment,south_to_north,W,53,N,0.3395754332370075,0.3702342673403766,0.26866376180101675,0.20471369475288478,0.7513942271459794,0.7440738924309303,0.7126840696117805,0.5042002688172044,0.04851043492114071,0.3261578207928003,0.8196375583629147,0.31917324547470327,0.38059725226646063,0.34954468015685863,,,0.4,0.25,0.35,0.48048662631893474,0.41457456567539763,0.48048662631893474,0.41457456567539763,0.5691018901626526,0.3479251160861027,
"Murray Hill, Manhattan",Park_Ave_Tunnel_Segment/south_to_north/054_n00205_N.jpg,n00205,Park_Ave_Tunnel_Segment,south_to_north,W,54,N,0.16437698235930484,0.15511551155115513,0.10037818259294766,0.19114959114959115,0.6124031007751939,0.6611604664075514,0.8415543792107796,0.3438312894834634,0.01430787964490532,0.13995689216780255,0.3272790814423483,0.3075259266192869,0.42793112942784245,0.5222270764628031,,,0.4,0.25,0.35,0.3794796731640688,0.2569790685467275,0.3794796731640688,0.2569790685467275,0.12387635310682614,0.520447595186927,
"Murray Hill, Manhattan",Park_Ave_Tunnel_Segment/south_to_north/055_n00206_N.jpg,n00206,Park_Ave_Tunnel_Segment,south_to_north,W,55,N,0.28850881610778295,0.3159560293137908,0.2423946110386789,0.15089962121212122,0.6755601974933536,0.712511825922422,0.775,0.3762248105010168,0.021651880016899033,0.2822864854867509,0.7285815480331349,0.2838547447399281,0.3983259400084495,0.4121435922956243,,,0.4,0.25,0.35,0.4715549412416612,0.384230289191524,0.4715549412416612,0.384230289191524,0.43824980119122314,0.410416993340788,
"Murray Hill, Manhattan",Park_Ave_Tunnel_Segment/south_to_north/056_n00207_N.jpg,n00207,Park_Ave_Tunnel_Segment,south_to_north,W,56,N,0.15644437796120678,0.09322992405881403,0.06426847662141781,0.5010302197802198,0.6187474162877221,0.5774211711711711,0.9310906383770705,0.34516765285996054,0.012360998884143326,0.10464759288047953,0.2415447788464043,0.40915015211748607,0.4717258186306069,0.6782818983596579,,,0.4,0.25,0.35,0.39551532928109545,0.2598962901939994,0.39551532928109545,0.2598962901939994,0.08471561290291646,0.6767238466730789,
"Murray Hill, Manhattan",Park_Ave_Tunnel_Segment/south_to_north/057_n00208_N.jpg,n00208,Park_Ave_Tunnel_Segment,south_to_north,W,57,N,0.15514711317561108,0.1478753628559076,0.12921308197657813,0.23139036083774922,0.38277145359019266,0.5291327913279132,0.751108998732573,0.17788461538461534,0.013026575374260219,0.14407851933603227,0.33826002933036076,0.3421678408773906,0.3820677870534166,0.3545763573555377,,,0.4,0.25,0.35,0.3448724411358351,0.23439989693511581,0.3448724411358351,0.23439989693511581,0.12934486038549234,0.3529461299971564,
"Murray Hill, Manhattan",Park_Ave_West/north_to_south/005_n00241_S.jpg,n00241,Park_Ave_West,north_to_south,W,5,S,0.16821175537843708,0.2880813143971039,0.2595736434108527,0.5719122426868907,0.3602975909305621,0.7780294231513745,0.6821680790960452,0.716331096196868,0.07385428535257625,0.23862223772879787,0.613836287045842,0.6426485826510655,0.3780111822243107,0.3407772915287683,2.493916451762398,0.9285904685567515,0.3,0.2,0.5,0.4615787446890549,0.3773219316235363,0.4615787446890549,0.3773219316235363,0.315994928445876,0.3391771674850452,0.8588618861097657
"Murray Hill, Manhattan",Park_Ave_West/north_to_south/006_n00240_S.jpg,n00240,Park_Ave_West,north_to_south,W,6,S,0.14072866946046406,0.1608540785971505,0.0872213582166926,0.4648182665424045,0.41011443337024733,0.8384451677516274,0.8206608678264348,0.8225651272942569,0.04442981096994111,0.12960136875810238,0.3005282653154021,0.6257563201554713,0.43254533939818796,0.5394627740570284,2.1654803790170383,0.9754834771857198,0.3,0.2,0.5,0.4662591707700945,0.3452654785902459,0.4662591707700945,0.3452654785902459,0.11100764179790536,0.5376906581882256,0.9022336621511818
"Murray Hill, Manhattan",Park_Ave_West/north_to_south/007_n00239_S.jpg,n00239,Park_Ave_West,north_to_south,W,7,S,0.24328748472939926,0.369485294117647,0.3839078642209572,0.7707645497507607,0.24916593072318718,0.812520713196792,0.7098246706089842,0.825284364758049,0.14961542811899106,0.3322268810226678,0.83015449217689,0.7822943279285407,0.42972004936398767,0.5289178770616675,2.822352524507758,0.8839516798194625,0.3,0.2,0.5,0.6548108034380046,0.5891129749419527,0.6548108034380046,0.5891129749419527,0.5868640683108957,0.5271407515651448,0.8175750588304047
"Murray Hill, Manhattan",Park_Ave_West/north_to_south/008_n00238_S.jpg,n00238,Park_Ave_West,north_to_south,W,8,S,0.1676820584774459,0.18630980027868094,0.16032036359605364,0.6296217894439741,0.5147426286856572,0.8523187052598816,0.7688895686754359,0.8151399491094148,0.04596576379103386,0.17143740745072683,0.4151413545803269,0.6433397032892438,0.4074276662332349,0.44557029423950906,3.9117893822897702,0.7506855619705712,0.15,0.15,0.7,0.465840038783054,0.4066852077071518,0.465840038783054,0.4066852077071518,0.17101410085834085,0.44380938143130344,0.6943159976986245
"Murray Hill, Manhattan",Park_Ave_West/north_to_south/009_n00237_S.jpg,n00237,Park_Ave_West,north_to_south,W,9,S,0.15784259891027816,0.33056336827750793,0.34158916295996766,0.5907313707451701,0.2986220472440945,0.7889109895574341,0.7559451095366073,0.8007721176325827,0.06268788682581783,0.2766650433825846,0.715038136620516,0.6976271470445528,0.4093164981812126,0.45257981713905265,3.969067133089409,0.7442635522630606,0.15,0.15,0.7,0.5172250073963469,0.47653498737615796,0.5172250073963469,0.47653498737615796,0.42171782799369883,0.4508137271859061,0.6883762217082675
"Murray Hill, Manhattan",Park_Ave_West/north_to_south/010_n00236_S.jpg,n00236,Park_Ave_West,north_to_south,W,10,S,0.17366212039069445,0.22438991686779297,0.15333007388092135,0.6333333333333333,0.6012982456140351,0.8204141571864079,0.8071194315386717,0.8232365145228216,0.06117626465954836,0.18379403704646957,0.4515347579488937,0.6184238674140399,0.43414784809911006,0.5454288010419934,3.040562416818652,0.8554870162837528,0.15,0.15,0.7,0.5402729960837194,0.47454760955170383,0.5402729960837194,0.47454760955170383,0.19307101732801715,0.5436602224764715,0.7912478290778139
"Murray Hill, Manhattan",Park_Ave_West/north_to_south/011_n00235_S.jpg,n00235,Park_Ave_West,north_to_south,W,11,S,0.1612467671842586,0.28574835241068336,0.27271228902953587,0.6895432889765072,0.3237264428739694,0.7935585873658778,0.7222412807318469,0.800773571745609,0.07344579226686887,0.2399024695414926,0.6174714719398232,0.7221968059493822,0.3978435364993579,0.4103915538805174,3.4856965692022204,0.8002312861739678,0.15,0.15,0.7,0.47493016992774995,0.42893558547044125,0.47493016992774995,0.42893558547044125,0.3193248204184213,0.4086671922407997,0.7401412948332599
"Murray Hill, Manhattan",Park_Ave_West/north_to_south/012_n00234_S.jpg,n00234,Park_Ave_West,north_to_south,W,12,S,0.29872151487702836,0.3108392528282031,0.3393666440063449,0.7956766067999549,0.508902791145332,0.8739930080559356,0.7305342999060276,0.8206281565656566,0.15554588531089839,0.3163091372371921,0.8015021915503039,0.7024673240734265,0.443040092608463,0.5782519045415064,3.244011287258626,0.8297741753617581,0.15,0.15,0.7,0.6252613393015559,0.5880423489662427,0.6252613393015559,0.5880423489662427,0.5399157853254647,0.5765118764037817,0.7674657854328603
"Murray Hill, Manhattan",Park_Ave_West/north_to_south/013_n00233_S.jpg,n00233,Park_Ave_West,north_to_south,W,13,S,0.3269011317930676,0.43479860832329725,0.38906106519742883,0.7910666443402544,0.31301622418879055,0.830290558604193,0.6859687458614753,0.8141130004823927,0.13074179743223965,0.38358693510459785,0.9005224604740606,0.7640544735446188,0.4083552716468575,0.4490101424186938,3.4474601576986004,0.8048341692995512,0.15,0.15,0.7,0.5397866465561031,0.5210330736157426,0.5397866465561031,0.5210330736157426,0.7245884273510997,0.44724660151743695,0.744398543875376
"Murray Hill, Manhattan",Park_Ave_West/north_to_south/014_n00232_S.jpg,n00232,Park_Ave_West,north_to_south,W,14,S,0.34958539887873064,0.44615291847563915,0.38099912739965097,0.6179786797867979,0.36404993652137113,0.7990280467685245,0.7110943775100402,0.798380355276907,0.08434228780426282,0.3922458149180069,0.9094509834403687,0.6841030328474444,0.3977183326571515,0.4099371962593814,2.9937528473260397,0.8615149005598441,0.3,0.2,0.5,0.5767887159794939,0.5421078315053146,0.5767887159794939,0.5421078315053146,0.7448333723107314,0.4082134219594616,0.7968230748227565
"Murray Hill, Manhattan",Park_Ave_West/north_to_south/015_n00231_S.jpg,n00231,Park_Ave_West,north_to_south,W,15,S,0.333024373493039,0.4022304674172637,0.3897204032844819,0.6930049964311206,0.334465877539091,0.8175949123145115,0.7073729613155412,0.8047109421884376,0.15540255355070168,0.3749917480649282,0.8908935538991094,0.7210833536934891,0.4313877574331214,0.5351460329427689,2.924289835868008,0.8705383414890666,0.3,0.2,0.5,0.661882645579299,0.6155991781396464,0.661882645579299,0.6155991781396464,0.7035363551391457,0.5333716744382603,0.8051689385356559
"Murray Hill, Manhattan",Park_Ave_West/north_to_south/016_n00230_S.jpg,n00230,Park_Ave_West,north_to_south,W,16,S,0.3363285273375715,0.37757805494415914,0.3761662425784564,0.6549149878554079,0.38387165320866984,0.8221203915850864,0.6995165489029379,0.7848955969133001,0.24202314165497896,0.36335760828672903,0.8765644742577732,0.6853129771866793,0.47076984527895843,0.6751448081995669,2.249008225364652,0.9633377191486222,0.3,0.2,0.5,0.7323377424754328,0.6759206649860547,0.7323377424754328,0.6759206649860547,0.6736159264464493,0.6735788752831993,0.8909999385569827
"Murray Hill, Manhattan",Park_Ave_West/north_to_south/017_n00229_S.jpg,n00229,Park_Ave_West,north_to_south,W,17,S,0.374392101068269,0.5023971738581882,0.5405913978494624,0.6301488833746899,0.43572266197596016,0.7959419680403701,0.7249594105157987,0.7706097115735671,0.15982707446122082,0.4724602242586398,0.9633683313199276,0.6550119776574322,0.44239324248850975,0.5758838506516659,1.4878606312679696,1.0,0.4,0.25,0.35,0.7306282690272473,0.7052760614358315,0.7306282690272473,0.7052760614358315,0.8843021417180624,0.5741412477162957,0.9987619856164447
"Murray Hill, Manhattan",Park_Ave_West/north_to_south/018_n00228_S.jpg,n00228,Park_Ave_West,north_to_south,W,18,S,0.4593208650437065,0.5958249158249158,0.6279347826086957,0.48353269537480054,0.41270190895741554,0.7859882899252978,0.7573566398390342,0.7600352256901778,0.17000668002672015,0.5610268544924393,0.9870333385119788,0.6102886707025209,0.4636816599328772,0.6514059356232023,1.1872876348644623,1.0,0.5,0.3,0.2,0.7863155162045079,0.7737745204540146,0.7863155162045079,0.7737745204540146,0.9567529520090472,0.6497849300588133,1.0
"Murray Hill, Manhattan",Park_Ave_West/north_to_south/019_n00227_S.jpg,n00227,Park_Ave_West,north_to_south,W,19,S,0.5130503420586987,0.7981218520541296,0.7569579288025889,0.6685411842540523,0.5463319225343081,0.7866969093457254,0.7833879184861717,0.7914928382700598,0.20929192229038854,0.6893767076384724,0.9971921390185632,0.6379006999966013,0.4963399203882801,0.7530784639513413,1.162944460268698,1.0,0.5,0.3,0.2,0.8244862026797282,0.8213852722179467,0.8244862026797282,0.8213852722179467,0.9904044549920658,0.7517500686548805,1.0
"Murray Hill, Manhattan",Park_Ave_West/north_to_south/020_n00226_S.jpg,n00226,Park_Ave_West,north_to_south,W,20,S,0.36484690246877377,0.3790690104166667,0.37273096034884895,0.7528530420779949,0.5445308002302821,0.8452824975825389,0.7223486174308715,0.8139377324005799,0.1914470284237726,0.3722156244114298,0.8876129928331766,0.6740866580827642,0.45689782292732206,0.6279581891873918,1.1697389757307723,1.0,0.5,0.3,0.2,0.7626279018173596,0.6752169597067237,0.7626279018173596,0.6752169597067237,0.6965412802363691,0.6262907016519508,1.0
"Murray Hill, Manhattan",Park_Ave_West/north_to_south/021_n00225_S.jpg,n00225,Park_Ave_West,north_to_south,W,21,S,0.45570522861241386,0.7200761697497279,0.6892387944358579,0.47940302539168017,0.5491556091676718,0.7896752762524574,0.8104914933837429,0.7758511979823455,0.13167490002352392,0.6216733975993332,0.9936949587875974,0.5686995380687846,0.4710831967036334,0.6761748420603985,0.8804077523379663,1.0,0.5,0.3,0.2,0.7782214689133529,0.7719440807481668,0.7782214689133529,0.7719440807481668,0.9786343743247405,0.6746114813363887,1.0
"Murray Hill, Manhattan",Park_Ave_West/north_to_south/022_n00224_S.jpg,n00224,Park_Ave_West,north_to_south,W,22,S,0.4538479498046996,0.6635057471264368,0.6428619392962664,0.6154265702147205,0.4222314392368312,0.7853529918209211,0.7573566398390342,0.7799331103678929,0.1598164663306191,0.5867385454091343,0.9904428494702044,0.6577094137819274,0.45858655308482665,0.6338567416465888,0.8819158886079224,1.0,0.5,0.3,0.2,0.8011671811166641,0.7915686839145414,0.8011671811166641,0.7915686839145414,0.9678653013285344,0.632200206867099,1.0
"Murray Hill, Manhattan",Park_Ave_West/north_to_south/023_n00223_S.jpg,n00223,Park_Ave_West,north_to_south,W,23,S,0.4710545294136393,0.7517945780832379,0.6952166802943581,0.6263620848102928,0.4035462588094167,0.8044256709776109,0.7701567296816934,0.7862170509229333,0.2700701245314956,0.6393552625970784,0.9948942198097231,0.6696776256412698,0.5201134271065945,0.8133158537202072,0.8947574581380753,1.0,0.5,0.3,0.2,0.84859415908328,0.8431302264992436,0.84859415908328,0.8431302264992436,0.9826482376113491,0.8122307238106798,1.0
"Murray Hill, Manhattan",Park_Ave_West/north_to_south/024_n00222_S.jpg,n00222,Park_Ave_West,north_to_south,W,24,S,0.345948332010004,0.38745681032915075,0.4709328028293545,0.7614903629214208,0.47594761365067373,0.8325834637454356,0.7678162382285568,0.8184912603495861,0.18309323026469895,0.4014459817228364,0.9181409295082782,0.7013446698734443,0.4754547342466279,0.69036387879719,1.0937787114521018,1.0,0.5,0.3,0.2,0.7999258589339978,0.7299660390793301,0.7999258589339978,0.7299660390793301,0.7652435867544893,0.68883749663882,1.0
"Murray Hill, Manhattan",Park_Ave_West/north_to_south/025_n00221_S.jpg,n00221,Park_Ave_West,north_to_south,W,25,S,0.4443915993472457,0.7306555615260613,0.6923213021939136,0.6106144881472653,0.4059755219582433,0.7687280902301478,0.7553611042642346,0.7393354486162523,0.15066507503410642,0.6224561543557402,0.9937535370659016,0.6479914716017581,0.45301308964917053,0.6142461672765763,1.1525831482277464,1.0,0.5,0.3,0.2,0.7939234353159584,0.7875052129696369,0.7939234353159584,0.7875052129696369,0.9788298950619965,0.6125551411335528,1.0
"Murray Hill, Manhattan",Park_Ave_West/north_to_south/026_n00220_S.jpg,n00220,Park_Ave_West,north_to_south,W,26,S,0.42032008664414666,0.5759609741784036,0.6042161050466698,0.5577337023370234,0.39259010019440704,0.7867706719775761,0.7663531506425144,0.7619473549706108,0.1765510381698371,0.53349905528974,0.982048881567643,0.6423636523710757,0.47145209440617575,0.6773852800004607,1.2949894534358306,1.0,0.4,0.25,0.35,0.7755164173276914,0.7617123772651467,0.7755164173276914,0.7617123772651467,0.9408263722377195,0.6758249613839142,1.0
"Murray Hill, Manhattan",Park_Ave_West/north_to_south/027_n00219_S.jpg,n00219,Park_Ave_West,north_to_south,W,27,S,0.47754653369309263,0.7603139832055494,0.7355072463768115,0.522405820753434,0.4531359372812543,0.7236038394415357,0.7641502038256506,0.6579789073305671,0.20885102354750926,0.6577892544251511,0.9959033108532066,0.575749596934249,0.48650061368657993,0.7246227512897444,1.3041310086450164,1.0,0.4,0.25,0.35,0.776934611355621,0.7733156390077036,0.776934611355621,0.7733156390077036,0.9860436363880685,0.7231975379508869,1.0
"Murray Hill, Manhattan",Park_Ave_West/north_to_south/028_n00218_S.jpg,n00218,Park_Ave_West,north_to_south,W,28,S,0.3597752090670057,0.3782802903405919,0.4084185637303421,0.6159567901234567,0.3659221525600836,0.8026214069857334,0.7444257598405581,0.7852158744003489,0.16305763594920228,0.3821580210459799,0.8989758208284814,0.6784168373212407,0.4537416978948802,0.6168325441132524,1.315280793994449,1.0,0.4,0.25,0.35,0.7343987120174221,0.6717807192408091,0.7343987120174221,0.6717807192408091,0.7211534335842882,0.6151457521328526,1.0
"Murray Hill, Manhattan",Park_Ave_West/north_to_south/029_n00217_S.jpg,n00217,Park_Ave_West,north_to_south,W,29,S,0.48840454891212093,0.7798296399813669,0.7731112254523625,0.38641043239533285,0.4508104298801972,0.752087593728698,0.8018754423213021,0.7123993184634448,0.1851674335378323,0.6804484714486168,0.9968755935660341,0.5493331069928602,0.4935214379295672,0.745133129798432,1.4425327998631476,1.0,0.4,0.25,0.35,0.7757060602205414,0.7728592964379509,0.7757060602205414,0.7728592964379509,0.9893308841015749,0.7437765331479764,1.0
"Murray Hill, Manhattan",Park_Ave_West/north_to_south/030_n00216_S.jpg,n00216,Park_Ave_West,north_to_south,W,30,S,0.47074260549530367,0.6912672841992213,0.7034293552812071,0.3727150537634409,0.29598992374727656,0.7649295549151457,0.7641768771599121,0.7472470750172059,0.1945652173913043,0.6218130816585773,0.9937054520313708,0.6079907350111233,0.4793710472756082,0.7027788336435582,1.493862520369844,1.0,0.4,0.25,0.35,0.7785093715114473,0.7732006423116458,0.7785093715114473,0.7732006423116458,0.9786693942957528,0.7012871713513289,0.9978632214468395
"Murray Hill, Manhattan",Park_Ave_West/north_to_south/031_n00215_S.jpg,n00215,Park_Ave_West,north_to_south,W,31,S,0.5018880911132569,0.739044470374692,0.706717501815541,0.4026648599819332,0.30080655824408303,0.7808106758010419,0.7200976403580146,0.7075371549893843,0.22511737089201875,0.6492166877678299,0.9954614564719534,0.6031318189090781,0.4726075056250167,0.6811610352526674,1.4898730540308815,1.0,0.4,0.25,0.35,0.7690423718672299,0.765050349801962,0.7690423718672299,0.765050349801962,0.9845548448399984,0.6796103407350805,0.9984605414130342
"Murray Hill, Manhattan",Park_Ave_West/north_to_south/032_n00214_S.jpg,n00214,Park_Ave_West,north_to_south,W,32,S,0.30930624311606286,0.30015881418740076,0.21352115520549328,0.5969631236442517,0.2525973075797483,0.8080299785867239,0.660047785096216,0.7688321638841842,0.12052714753358167,0.2743287375029856,0.7092913582289538,0.7043993266495625,0.3902874663148988,0.3832708556530954,1.160175759562471,1.0,0.5,0.3,0.2,0.6258340282449053,0.4782269197616036,0.6258340282449053,0.4782269197616036,0.41489613404394,0.3815866986229797,1.0
"Murray Hill, Manhattan",Park_Ave_West/north_to_south/033_n00213_S.jpg,n00213,Park_Ave_West,north_to_south,W,33,S,0.4533351105139954,0.7076429499675113,0.678812582345191,0.4520689655172414,0.2783201611653494,0.7729981378026071,0.7171831695641219,0.7527819929185635,0.19768297168076496,0.6132635476088992,0.9930301171164251,0.6421769324234852,0.4574330706224434,0.6298319764106631,1.1701124640254943,1.0,0.5,0.3,0.2,0.795467721719317,0.7883692966478102,0.795467721719317,0.7883692966478102,0.9764191394412166,0.6281679142984163,1.0
"Murray Hill, Manhattan",Park_Ave_West/north_to_south/034_n00212_S.jpg,n00212,Park_Ave_West,north_to_south,W,34,S,0.3875105729857136,0.3636820485929033,0.3107334935347294,0.6389203473008682,0.28815261044176704,0.7990354274239816,0.6263406717471071,0.8039499036608864,0.09424294761082323,0.3539753717044487,0.8638573550023199,0.7182392135066624,0.3602918096789651,0.28381358552975416,1.1562121613992191,1.0,0.5,0.3,0.2,0.6541967578113239,0.566191924680282,0.6541967578113239,0.566191924680282,0.6483965383247637,0.2823663676201098,1.0
"Murray Hill, Manhattan",Park_Ave_West/north_to_south/035_n00211_S.jpg,n00211,Park_Ave_West,north_to_south,W,35,S,0.36325820545195825,0.3281404549950544,0.28178562292146325,0.6051891113728569,0.23431589630039676,0.7981527604815276,0.604691218840035,0.7898099705334055,0.11235817683881066,0.3243947611228253,0.8164887459541126,0.7202277285352885,0.3585246978394228,0.27845675753259486,1.168772824002161,1.0,0.5,0.3,0.2,0.6341143846766253,0.5264397019927586,0.6341143846766253,0.5264397019927586,0.5639063340320001,0.27702628925502043,1.0
"Murray Hill, Manhattan",Park_Ave_West/north_to_south/036_n00210_S.jpg,n00210,Park_Ave_West,north_to_south,W,36,S,0.16968021855751206,0.1854676906046769,0.15969932485476526,0.7257541046200839,0.3483266696283134,0.827287768868525,0.6278236914600551,0.8067724961570297,0.07982006829524561,0.17161574467231808,0.4156610499702459,0.7280666437162667,0.35382187987765035,0.2645072927580707,1.61598678879403,1.0,0.4,0.25,0.35,0.40821757022828165,0.28583729495732535,0.40821757022828165,0.28583729495732535,0.17131770522371328,0.26312235263539097,0.979750134144483
"Murray Hill, Manhattan",Park_Ave_West/north_to_south/037_n00209_S.jpg,n00209,Park_Ave_West,north_to_south,W,37,S,0.15513576994803677,0.1571028114436475,0.07574273587985636,0.7742652923492238,0.2734153933220147,0.8143078512396694,0.3729299739768157,0.8054851964426432,0.10068378453809657,0.1293271057571802,0.2998368825418398,0.7687783651566173,0.23680687925745614,0.05853034325084327,1.61598678879403,1.0,0.4,0.25,0.35,0.21418432531944503,0.14343190401171033,0.21418432531944503,0.14343190401171033,0.11068326981212112,0.05813863202403535,0.979750134144483
"Murray Hill, Manhattan",Park_Ave_West/south_to_north/001_n00209_N.jpg,n00209,Park_Ave_West,south_to_north,W,1,N,0.34510268950828965,0.30999384283845144,0.2935802883003688,0.6084135621598995,0.41245236001172675,0.7975544461326965,0.5,0.7532638084202395,0.11680123604465713,0.31622560688236995,0.8013426707806146,0.6497416701894707,0.30840061802232854,0.15394477127297218,1.61598678879403,1.0,0.4,0.25,0.35,0.42686467625951696,0.3636600754943964,0.42686467625951696,0.3636600754943964,0.5396667813559779,0.15301828937311054,0.979750134144483
"Murray Hill, Manhattan",Park_Ave_West/south_to_north/002_n00210_N.jpg,n00210,Park_Ave_West,south_to_north,W,2,N,0.36062866185406706,0.296070460704607,0.3182369735902926,0.7759338107218889,0.3965877437325905,0.7689168573607933,0.5127434917167303,0.7775681950087058,0.15087501294397845,0.32497869871632223,0.8175363489681792,0.7189714206660014,0.33180925233035435,0.20540299180817212,1.61598678879403,1.0,0.4,0.25,0.35,0.48819474813726066,0.4204757505380421,0.48819474813726066,0.4204757505380421,0.5656287507027863,0.20424158071112047,0.979750134144483
"Murray Hill, Manhattan",Park_Ave_West/south_to_north/003_n00211_N.jpg,n00211,Park_Ave_West,south_to_north,W,3,N,0.4434362562323602,0.6034092300159138,0.578597930091779,0.5202370627348945,0.3795137217140106,0.7336761345086517,0.5761561142147734,0.7275683421516755,0.19258826149905336,0.5418144721133509,0.9837259200283501,0.6227638943908531,0.3843721878569134,0.3625260263178279,1.168772824002161,1.0,0.5,0.3,0.2,0.7024281750869513,0.688252787376767,0.7024281750869513,0.688252787376767,0.9461433215419555,0.36087968538297904,1.0
"Murray Hill, Manhattan",Park_Ave_West/south_to_north/004_n00212_N.jpg,n00212,Park_Ave_West,south_to_north,W,4,N,0.5136219679964781,0.7798911362652317,0.7711604403537268,0.47728626750074477,0.38368136117556073,0.7302123552123553,0.7228781319690412,0.7600212262225488,0.2850908656145385,0.688224514871812,0.9971531583156192,0.6178753775159109,0.5039844987917899,0.7737778755686662,1.1562121613992191,1.0,0.5,0.3,0.2,0.821059183087075,0.8179566887577512,0.821059183087075,0.8179566887577512,0.9902721621297642,0.7725272026664578,1.0
"Murray Hill, Manhattan",Park_Ave_West/south_to_north/005_n00213_N.jpg,n00213,Park_Ave_West,south_to_north,W,5,N,0.4297759076636179,0.531758530183727,0.5607883411580595,0.6411011783827713,0.47496570644718794,0.8046004610065309,0.7158593322386425,0.7830495570321152,0.27205966724039016,0.5074409263351347,0.9756195498231574,0.6497283429892329,0.49395949973951636,0.7463790016486538,1.1701124640254943,1.0,0.5,0.3,0.2,0.8185621767706148,0.7949540965568297,0.8185621767706148,0.7949540965568297,0.9208232269326748,0.7450267672891748,1.0
"Murray Hill, Manhattan",Park_Ave_West/south_to_north/006_n00214_N.jpg,n00214,Park_Ave_West,south_to_north,W,6,N,0.5150942867696574,0.797602110379987,0.7851456401610939,0.4531069244752934,0.29483144495733676,0.7896616936331161,0.7386001783212329,0.7800417972831766,0.36340871540685665,0.6992806791035794,0.9975059946082716,0.646105758933711,0.5510044468640448,0.8738091674784864,1.160175759562471,1.0,0.5,0.3,0.2,0.8527704838595602,0.8500332299089927,0.8527704838595602,0.8500332299089927,0.9914705310963061,0.8730207663039427,1.0
"Murray Hill, Manhattan",Park_Ave_West/south_to_north/007_n00215_N.jpg,n00215,Park_Ave_West,south_to_north,W,7,N,0.5005001260174738,0.751446694858669,0.7484915526950925,0.3022049286640726,0.34473339160839167,0.71508547008547,0.6805867665418227,0.6820347867524422,0.1967435999469426,0.6668127911904117,0.9963221909945305,0.546502107936041,0.43866518324438264,0.5621710240664732,1.4898730540308815,1.0,0.4,0.25,0.35,0.7017975402203862,0.6985280367263225,0.7017975402203862,0.6985280367263225,0.9874579569200429,0.5604150859725696,0.9984605414130342
"Murray Hill, Manhattan",Park_Ave_West/south_to_north/008_n00216_N.jpg,n00216,Park_Ave_West,south_to_north,W,8,N,0.526758177578563,0.7927507541478129,0.799569722514928,0.3722753346080306,0.4346042906075356,0.7619599707102758,0.7678389398572886,0.6928992146596858,0.2674669715447155,0.7063595514137679,0.9977086373822057,0.5435234195533936,0.517652955701002,0.8076472298121836,1.493862520369844,1.0,0.4,0.25,0.35,0.796037736264801,0.7938815370844068,0.796037736264801,0.7938815370844068,0.9921597125473465,0.806536987902883,0.9978632214468395
"Murray Hill, Manhattan",Park_Ave_West/south_to_north/009_n00217_N.jpg,n00217,Park_Ave_West,south_to_north,W,9,N,0.40736666513865566,0.4940767973856209,0.5527708850289496,0.6210179554011005,0.3838656470235418,0.8204229797979798,0.7413424124513619,0.785212293350812,0.16644649933949804,0.48473811585107535,0.9682272368417845,0.6741215339094568,0.45389445589543,0.6173739645948945,1.4425327998631476,1.0,0.4,0.25,0.35,0.7555572496675865,0.7326162781477543,0.7555572496675865,0.7326162781477543,0.8985440821359356,0.6156880710807642,1.0
"Murray Hill, Manhattan",Park_Ave_West/south_to_north/010_n00218_N.jpg,n00218,Park_Ave_West,south_to_north,W,10,N,0.5029930703231007,0.7827866231856256,0.7349264705882352,0.4935388447765841,0.43337097684923775,0.7828017832647461,0.7668983700862896,0.7817194704744906,0.22291666666666665,0.6735687213656538,0.99660761751347,0.6139624461339457,0.4949075183764781,0.7490614201530257,1.315280793994449,1.0,0.4,0.25,0.35,0.7989622009463901,0.7958313095842904,0.7989622009463901,0.7958313095842904,0.9884233234103349,0.7477186535412377,1.0
"Murray Hill, Manhattan",Park_Ave_West/south_to_north/011_n00219_N.jpg,n00219,Park_Ave_West,south_to_north,W,11,N,0.5173552423869112,0.7806904190511353,0.7914808730344989,0.5624010933678608,0.3983467381590706,0.7793619932310794,0.761703431372549,0.7699705815795429,0.19771409075400884,0.6965088448241818,0.9974218613802228,0.6446749789294444,0.4797087610632789,0.7038358741835241,1.3041310086450164,1.0,0.4,0.25,0.35,0.7915926378034323,0.7890239497001961,0.7915926378034323,0.7890239497001961,0.9911845957690367,0.702347270007438,1.0
"Murray Hill, Manhattan",Park_Ave_West/south_to_north/012_n00220_N.jpg,n00220,Park_Ave_West,south_to_north,W,12,N,0.48123648840194366,0.7171036877394635,0.6460890777463016,0.5592076621680454,0.4939613526570048,0.75803916827853,0.7610659439927733,0.7600658149438638,0.16804864566058594,0.614809751295903,0.9931573703082772,0.6084373748183014,0.4645572948266796,0.6543825117029638,1.2949894534358306,1.0,0.4,0.25,0.35,0.7592805735313843,0.7536147660340233,0.7592805735313843,0.7536147660340233,0.9768425964967947,0.6527679694003614,1.0
"Murray Hill, Manhattan",Park_Ave_West/south_to_north/013_n00221_N.jpg,n00221,Park_Ave_West,south_to_north,W,13,N,0.417063062325496,0.5514514024787998,0.578092959671907,0.6610066179031696,0.4785967061385599,0.8167993090258499,0.7177543186180423,0.7764317996591835,0.16324424163407217,0.5155358081587342,0.977826398716015,0.6529472371412643,0.4404992801260572,0.5689305611506085,1.1525831482277464,1.0,0.5,0.3,0.2,0.7773313050592578,0.7566469528484039,0.7773313050592578,0.7566469528484039,0.9276221168788625,0.5671808607779065,1.0
"Murray Hill, Manhattan",Park_Ave_West/south_to_north/014_n00222_N.jpg,n00222,Park_Ave_West,south_to_north,W,14,N,0.5370185012104031,0.7930117168818747,0.7831325301204819,0.531,0.43701799485861176,0.7747127644668628,0.7635327635327634,0.7845257619242859,0.1842974758964359,0.7043875827375865,0.9976538975314715,0.6261692556885581,0.47391511971459965,0.6854056444154086,1.0937787114521018,1.0,0.5,0.3,0.2,0.8047982237652392,0.8021429233113544,0.8047982237652392,0.8021429233113544,0.9919734772794915,0.6838660127680452,1.0
"Murray Hill, Manhattan",Park_Ave_West/south_to_north/015_n00223_N.jpg,n00223,Park_Ave_West,south_to_north,W,15,N,0.49656521691206784,0.7467996061053669,0.6866263150309843,0.6630225522552254,0.4417523250122369,0.7893087983115684,0.7463080168776371,0.7991312741312742,0.21820897342111686,0.643330379349473,0.9951308970006383,0.6734671671247543,0.482258495149377,0.7117456629047584,0.8947574581380753,1.0,0.5,0.3,0.2,0.8277515439518733,0.8225371565571667,0.8277515439518733,0.8225371565571667,0.9834431274095382,0.7102804504734463,1.0
"Murray Hill, Manhattan",Park_Ave_West/south_to_north/016_n00224_N.jpg,n00224,Park_Ave_West,south_to_north,W,16,N,0.49553679624198316,0.7705915141976524,0.7162943599493029,0.6931917825378929,0.4660585490029699,0.7947883806519452,0.7825168225832922,0.8019235810722244,0.22322873863777862,0.6608075567963128,0.9960484605781329,0.6763522715357158,0.5028727806105354,0.770845534151128,0.8819158886079224,1.0,0.5,0.3,0.2,0.842530424003503,0.838221757637259,0.842530424003503,0.838221757637259,0.9865334003285472,0.7695834772292899,1.0
"Murray Hill, Manhattan",Park_Ave_West/south_to_north/017_n00225_N.jpg,n00225,Park_Ave_West,south_to_north,W,17,N,0.407890283128425,0.4602383743649863,0.5710367526055952,0.756486093814861,0.39059633027522933,0.8233174734519376,0.7355576441102757,0.8173278951921888,0.20237268518518517,0.47972180336633546,0.966322303748816,0.7277392195772734,0.4689651646477304,0.6691797361826428,0.8804077523379663,1.0,0.5,0.3,0.2,0.8246360038459142,0.7923243117418145,0.8246360038459142,0.7923243117418145,0.8929233318295599,0.6675992059849156,1.0
"Murray Hill, Manhattan",Park_Ave_West/south_to_north/018_n00226_N.jpg,n00226,Park_Ave_West,south_to_north,W,18,N,0.5271135827117439,0.7938361864003803,0.7644694533762059,0.5878687162442874,0.4865603644646925,0.8012782790636851,0.7701420844433681,0.7824849419715,0.24318775662560657,0.6951397408294433,0.9973792665654201,0.6279310979170316,0.5066649205344873,0.7807382642436417,1.1697389757307723,1.0,0.5,0.3,0.2,0.8266180008068,0.82372845726705,0.8266180008068,0.82372845726705,0.9910398774545986,0.779515107069564,1.0
"Murray Hill, Manhattan",Park_Ave_West/south_to_north/019_n00227_N.jpg,n00227,Park_Ave_West,south_to_north,W,19,N,0.46269363178974504,0.6626267427122939,0.5982560612505315,0.4904218682737839,0.3860015467904099,0.7410868812737972,0.7648327939590076,0.7532747726922485,0.2245999255675475,0.5745254785841902,0.988951009656562,0.6192316980585408,0.49471635976327755,0.7485220586298088,1.162944460268698,1.0,0.5,0.3,0.2,0.8128010642881871,0.8017695063879944,0.8128010642881871,0.8017695063879944,0.9629809050004708,0.7471773800247997,1.0
"Murray Hill, Manhattan",Park_Ave_West/south_to_north/020_n00228_N.jpg,n00228,Park_Ave_West,south_to_north,W,20,N,0.41445538376709384,0.6189859576427256,0.6226681127982646,0.5621994080651129,0.3208661417322834,0.7923552979895542,0.7498948254101809,0.7845502419584401,0.13577261981517305,0.552036484736028,0.9855774934641232,0.6752945027637566,0.442833722612677,0.5774967899152647,1.1872876348644623,1.0,0.5,0.3,0.2,0.790684577619523,0.7766554065330155,0.790684577619523,0.7766554065330155,0.952062463096148,0.5757559320380272,1.0
"Murray Hill, Manhattan",Park_Ave_West/south_to_north/021_n00229_N.jpg,n00229,Park_Ave_West,south_to_north,W,21,N,0.31673948637880456,0.3885029985576558,0.3996310763888889,0.7463171916627488,0.36289700894233734,0.8331083419868467,0.7320235231221598,0.8084087196884031,0.1473496432212029,0.3682911871084497,0.8828287028820158,0.7306096341362716,0.43968658317168136,0.5659383923183421,1.4878606312679696,1.0,0.4,0.25,0.35,0.7206777789204796,0.6509899988952351,0.7206777789204796,0.6509899988952351,0.6864959882215445,0.5641858502675225,0.9987619856164447
"Murray Hill, Manhattan",Park_Ave_West/south_to_north/022_n00230_N.jpg,n00230,Park_Ave_West,south_to_north,W,22,N,0.35924541737119065,0.4706325301204819,0.46669562699102235,0.6828985507246377,0.37409024745269287,0.8145984684861575,0.7345058626465661,0.7898162833729844,0.16608900944343982,0.4321911914942316,0.9419306845662807,0.699541528881643,0.450297436045003,0.604550362911969,2.249008225364652,0.9633377191486222,0.3,0.2,0.5,0.7110246003741855,0.6823406761516273,0.7110246003741855,0.6823406761516273,0.8249986811105894,0.6028443149596544,0.8909999385569827
"Murray Hill, Manhattan",Park_Ave_West/south_to_north/023_n00231_N.jpg,n00231,Park_Ave_West,south_to_north,W,23,N,0.3172370256734807,0.39365656565656565,0.3262030516431926,0.6761317704122877,0.3256443115477716,0.8279804890409223,0.6931406775277993,0.7996641393987763,0.12488422352577955,0.34569888099107965,0.8517491859519795,0.7167171994210975,0.4090124505267894,0.4514501402678764,2.924289835868008,0.8705383414890666,0.3,0.2,0.5,0.599056768729618,0.544977118548289,0.599056768729618,0.544977118548289,0.6254346477210909,0.4496848373654517,0.8051689385356559
"Murray Hill, Manhattan",Park_Ave_West/south_to_north/024_n00232_N.jpg,n00232,Park_Ave_West,south_to_north,W,24,N,0.2932136768499354,0.3381943028078047,0.29487699378210325,0.6812128264804759,0.3752357855025599,0.8056403893872877,0.6592120289303388,0.7812443642921552,0.1337086220169361,0.30876165781328113,0.7866987478339826,0.695740468423357,0.39646032547363746,0.40538060969273665,2.9937528473260397,0.8615149005598441,0.3,0.2,0.5,0.5510150696548628,0.4848803425895081,0.5510150696548628,0.4848803425895081,0.5173514977806568,0.4036628881070966,0.7968230748227565
"Murray Hill, Manhattan",Park_Ave_West/south_to_north/025_n00233_N.jpg,n00233,Park_Ave_West,south_to_north,W,25,N,0.1827147901583914,0.2876150747986191,0.22305060676478186,0.7542117930204572,0.4034519956850055,0.8633127843827976,0.7361275866613944,0.8186715641261095,0.16496989600437875,0.2311268239072641,0.5923097155610306,0.7231437871538536,0.4505487413328866,0.6054511972100795,3.4474601576986004,0.8048341692995512,0.15,0.15,0.7,0.6197569803776701,0.5576603653758029,0.6197569803776701,0.5576603653758029,0.296883219595261,0.6037464883028018,0.744398543875376
"Murray Hill, Manhattan",Park_Ave_West/south_to_north/026_n00234_N.jpg,n00234,Park_Ave_West,south_to_north,W,26,N,0.21425379586991158,0.26053060832853575,0.2080401538605873,0.762710970464135,0.46063202999464375,0.8584877240548275,0.750806900389538,0.7947114598659474,0.04371858007592078,0.2276081860196782,0.5820752231741153,0.6989301334451461,0.3972627402327294,0.4082851796400239,3.244011287258626,0.8297741753617581,0.15,0.15,0.7,0.46675229577390526,0.4187904496907741,0.46675229577390526,0.4187904496907741,0.28814553841457535,0.40656356563735946,0.7674657854328603
"Murray Hill, Manhattan",Park_Ave_West/south_to_north/027_n00235_N.jpg,n00235,Park_Ave_West,south_to_north,W,27,N,0.29200004314872535,0.4119721808246399,0.3902593929669742,0.6679546087440825,0.35556359543334937,0.8096542216260527,0.7544436614204056,0.8123367404883589,0.1602767030132489,0.36474387231344646,0.8783531402740671,0.7082425845996974,0.4573601822168273,0.629577038205356,3.4856965692022204,0.8002312861739678,0.15,0.15,0.7,0.673615226196397,0.6466514718046966,0.673615226196397,0.6466514718046966,0.6772626767473645,0.627912507095931,0.7401412948332599
"Murray Hill, Manhattan",Park_Ave_West/south_to_north/028_n00236_N.jpg,n00236,Park_Ave_West,south_to_north,W,28,N,0.271191353729089,0.32428698752228163,0.34509291521486646,0.6652946556905789,0.5077828397873957,0.8155042735042736,0.7784366044075502,0.7970953483477162,0.0570026103733969,0.31352375215541234,0.7961308233143497,0.6515357214169664,0.4177196073904736,0.48395403965274486,3.040562416818652,0.8554870162837528,0.15,0.15,0.7,0.5452570430705136,0.5118833951523235,0.5452570430705136,0.5118833951523235,0.5316025672269632,0.48217335721674337,0.7912478290778139
"Murray Hill, Manhattan",Park_Ave_West/south_to_north/029_n00237_N.jpg,n00237,Park_Ave_West,south_to_north,W,29,N,0.2734835129730153,0.4130664972469293,0.5119963369963371,0.5931219681219683,0.40418538858379094,0.7872201778595523,0.7372085492227979,0.8110454377539712,0.13021240552514982,0.39951544907209385,0.9163828343368869,0.6666606724307161,0.43371047737397384,0.5438017212542198,3.969067133089409,0.7442635522630606,0.15,0.15,0.7,0.6063252740573188,0.5883229136779664,0.6063252740573188,0.5883229136779664,0.7610562983283924,0.5420321275922481,0.6883762217082675
"Murray Hill, Manhattan",Park_Ave_West/south_to_north/030_n00238_N.jpg,n00238,Park_Ave_West,south_to_north,W,30,N,0.212372895569828,0.20743919885550785,0.19473229706390324,0.6158443733820618,0.4606299212598426,0.7982515637953124,0.8245305164319249,0.791969421737814,0.0529376102292769,0.204848130496413,0.5145402905962462,0.6490612912866778,0.4387340633306009,0.5624253144657049,3.9117893822897702,0.7506855619705712,0.15,0.15,0.7,0.567023641043352,0.503194094099897,0.567023641043352,0.503194094099897,0.23549687762317217,0.5606695992195332,0.6943159976986245
"Murray Hill, Manhattan",Park_Ave_West/south_to_north/031_n00239_N.jpg,n00239,Park_Ave_West,south_to_north,W,31,N,0.1437933741869425,0.23447154471544707,0.20151100690373847,0.5694507148231754,0.2286947904869762,0.8068362480127186,0.6314035697728326,0.7851547929876911,0.07880896380504376,0.193258641935376,0.4797869478102695,0.70863690577463,0.3551062667889382,0.2682722887302634,2.822352524507758,0.8839516798194625,0.3,0.2,0.5,0.38787089230827726,0.30252428548255916,0.38787089230827726,0.30252428548255916,0.2113841347370608,0.26687478835471673,0.8175750588304047
"Murray Hill, Manhattan",Park_Ave_West/south_to_north/032_n00240_N.jpg,n00240,Park_Ave_West,south_to_north,W,32,N,0.15629194132019056,0.17020465926409756,0.15975254730713248,0.732454259576901,0.4211893247358051,0.7840244212668531,0.7851542741527567,0.8122409553916404,0.06855660552158611,0.16208304929714018,0.3881718215136917,0.7078352967442454,0.42685543983717145,0.51819985509483,2.1654803790170383,0.9754834771857198,0.3,0.2,0.5,0.5057574494228838,0.38384832920891676,0.5057574494228838,0.38384832920891676,0.15568256607873285,0.5164192638102623,0.9022336621511818
"Murray Hill, Manhattan",Park_Ave_West/south_to_north/033_n00241_N.jpg,n00241,Park_Ave_West,south_to_north,W,33,N,0.3338309412889755,0.3911203814064362,0.3863565162907268,0.5989750650145326,0.24825830653804934,0.7786900506404528,0.7190299387081565,0.7181589449939269,0.14554186098156782,0.3704359463287128,0.8854648862443565,0.6896252344901367,0.43228589984486215,0.5384957888687993,2.493916451762398,0.9285904685567515,0.3,0.2,0.5,0.6568484625249815,0.6090194905486217,0.6568484625249815,0.6090194905486217,0.6920083469063618,0.5367231475148561,0.8588618861097657
"Murray Hill, Manhattan",Tunnel_Exit_Street/north_to_south/001_n00266_S.jpg,n00266,Tunnel_Exit_Street,north_to_south,W,1,S,0.1488479631084407,0.1755516066933215,0.12194202898550725,0.4791666666666666,0.16283010049076888,0.667670265780731,0.7605215004574566,0.7613234644277508,0.058239284085727316,0.14878053292908983,0.35100293596737714,0.6925533435345494,0.40938039227159195,0.4528172755973707,9.799905987118391,0.3103713180699213,0.15,0.15,0.7,0.46452670722110795,0.4017693117778996,0.46452670722110795,0.4017693117778996,0.13583302601585365,0.451051022518463,0.2870652937523827
"Murray Hill, Manhattan",Tunnel_Exit_Street/north_to_south/002_n00265_S.jpg,n00265,Tunnel_Exit_Street,north_to_south,W,2,S,0.14755554242789778,0.17531887755102046,0.0812266394835202,0.38792838481635167,0.18354353626000486,0.6778914802475011,0.8002925746569814,0.7799160389202763,0.07618032681004976,0.13470035315414614,0.3135454348980431,0.6614336291588743,0.4382364507335156,0.560587506771181,9.71533561710696,0.3143336295771572,0.15,0.15,0.7,0.5267061671393707,0.45342253805165345,0.5267061671393707,0.45342253805165345,0.11719120732566646,0.5588302017392529,0.290730072198524
"Murray Hill, Manhattan",Tunnel_Exit_Street/north_to_south/003_n00264_S.jpg,n00264,Tunnel_Exit_Street,north_to_south,W,3,S,0.14905919669723927,0.1802592785293097,0.116350846971002,0.5590444711538461,0.22928507328746636,0.6698548812664907,0.8349144345238096,0.795192379251321,0.062227524449157544,0.14855644073251698,0.35039060358677643,0.7083172590392335,0.4485709794864836,0.5983427632189671,9.69355917805684,0.3153620684117744,0.15,0.15,0.7,0.5663463047411417,0.49014661701496937,0.5663463047411417,0.49014661701496937,0.1355176812191544,0.5966278033295145,0.29168128475901983
"Murray Hill, Manhattan",Tunnel_Exit_Street/north_to_south/004_n00263_S.jpg,n00263,Tunnel_Exit_Street,north_to_south,W,4,S,0.1753788017884579,0.30242047026279395,0.31431585292344794,0.6382312925170068,0.31821251688428637,0.7956523328945444,0.7265303724591705,0.7892039403620874,0.08877245508982039,0.26403837499156657,0.6831877748984414,0.7030742386649359,0.40765141377449543,0.44639955513523855,9.675040718458154,0.3162392891644278,0.15,0.15,0.7,0.5093752250198331,0.4661431263593732,0.5093752250198331,0.4661431263593732,0.3852683987613426,0.44463799334021253,0.2924926343212542
"Murray Hill, Manhattan",Tunnel_Exit_Street/north_to_south/005_n00262_S.jpg,n00262,Tunnel_Exit_Street,north_to_south,W,5,S,0.36803945794870035,0.6996135265700483,0.6794265910523,0.7069691748037527,0.3853523357086302,0.7564697790387757,0.7758648958845713,0.7915789809323385,0.12287749287749287,0.5823598585236829,0.9899324397748204,0.7043986066758203,0.44937119438103207,0.6012240465623033,9.523366418706786,0.32351656434713777,0.15,0.15,0.7,0.6634971264008738,0.6597680405993869,0.6634971264008738,0.6597680405993869,0.9661902742734828,0.5995131546953033,0.29922345323529737
"Murray Hill, Manhattan",Tunnel_Exit_Street/north_to_south/006_n00261_S.jpg,n00261,Tunnel_Exit_Street,north_to_south,W,6,S,0.33196596059720873,0.40507726269315675,0.3767326732673267,0.5131033768386161,0.2631042516016308,0.6981155163974547,0.9084535256410257,0.817365161661986,0.07475537530578087,0.3712586321858974,0.8864622928310082,0.6891214289663237,0.4916044504734033,0.7396339270721982,6.317946537625393,0.5232520600456988,0.15,0.15,0.7,0.7519780781682751,0.7239429053322046,0.7519780781682751,0.7239429053322046,0.6941084450386217,0.7382583414173443,0.4839606547977438
"Murray Hill, Manhattan",Tunnel_Exit_Street/north_to_south/007_n00260_S.jpg,n00260,Tunnel_Exit_Street,north_to_south,W,7,S,0.3204675966324719,0.5498414136837336,0.3765626641453934,0.5479200286892594,0.23682208455602657,0.7388392857142856,0.8706315289648622,0.7974859353023911,0.08423093494183542,0.4156238914871996,0.9300518899351824,0.7028612931452078,0.4774312319533488,0.696665342488772,6.341701619716582,0.5213908935809888,0.15,0.15,0.7,0.728489782917847,0.710388210756752,0.728489782917847,0.710388210756752,0.7944205946566816,0.6951563072419298,0.4822392447743031
"Murray Hill, Manhattan",Tunnel_Exit_Street/north_to_south/008_n00259_S.jpg,n00259,Tunnel_Exit_Street,north_to_south,W,8,S,0.389978062199413,0.4665509259259259,0.4007679180887372,0.7583482705968266,0.4229719764011799,0.8141472138554217,0.7309087437953418,0.8071129583775498,0.2360034453057709,0.4190989687380253,0.9327165856260115,0.7141630841910654,0.4834560945505563,0.7154171587432063,1.418907628269052,1.0,0.4,0.25,0.35,0.7951425649281391,0.7476887700866752,0.7951425649281391,0.7476887700866752,0.8011474797882598,0.7139631086597865,1.0
"Murray Hill, Manhattan",Tunnel_Exit_Street/north_to_south/009_n00258_S.jpg,n00258,Tunnel_Exit_Street,north_to_south,W,9,S,0.30832306600040815,0.34016549001745994,0.3155933711489267,0.6646996737670312,0.432751687491024,0.7591809775429327,0.7557184750733138,0.7752558479532164,0.1067003488511969,0.3213606423889316,0.8109703647296165,0.6690679447430745,0.4312094119622554,0.5344804797488857,0.8685673993512552,1.0,0.5,0.3,0.2,0.7042549832740248,0.5821819602687596,0.7042549832740248,0.5821819602687596,0.554932786336104,0.5327057991398186,1.0
"Murray Hill, Manhattan",Tunnel_Exit_Street/north_to_south/010_n00257_S.jpg,n00257,Tunnel_Exit_Street,north_to_south,W,10,S,0.20980802942547083,0.28709412248253185,0.2250633494586501,0.5016059957173448,0.516376358493375,0.7078857231823136,0.7545668827342369,0.7536842533789284,0.07059754281459422,0.2406551671222176,0.6196026462939125,0.5796379635342994,0.41258221277441554,0.46474191352300465,1.3637631882638068,1.0,0.4,0.25,0.35,0.5510089532704906,0.4231474968100558,0.5510089532704906,0.4231474968100558,0.32129126048765183,0.46296850184218685,1.0
"Murray Hill, Manhattan",Tunnel_Exit_Street/north_to_south/011_n00256_S.jpg,n00256,Tunnel_Exit_Street,north_to_south,W,11,S,0.28020162637920976,0.29474928072338674,0.2648622184920968,0.360884584890701,0.3394814814814815,0.5625814863102999,0.6592508278145696,0.49792452830188677,0.07351827305434577,0.2799377085315644,0.7229721186890657,0.5064425439037021,0.36638455043445767,0.3027510344787546,1.3409689913941498,1.0,0.4,0.25,0.35,0.48770941280872326,0.39598357353444336,0.48770941280872326,0.39598357353444336,0.43132345689402524,0.3012478691670523,1.0
"Murray Hill, Manhattan",Tunnel_Exit_Street/north_to_south/012_n00255_S.jpg,n00255,Tunnel_Exit_Street,north_to_south,W,12,S,0.4240589163226037,0.5384615384615384,0.5760851135978298,0.6411323051948052,0.46262129287959547,0.778954802259887,0.7274651109585908,0.7921981090170696,0.27659456461453136,0.5128685227939906,0.9771216983747923,0.6569030404440931,0.5020298377865611,0.768604393575185,0.7925829160831487,1.0,0.55,0.35,0.1,0.8301708753860103,0.8055941999648181,0.8301708753860103,0.8055941999648181,0.925443527462384,0.7673337191927267,1.0
"Murray Hill, Manhattan",Tunnel_Exit_Street/north_to_south/013_n00254_S.jpg,n00254,Tunnel_Exit_Street,north_to_south,W,13,S,0.15863811001867748,0.13682266009852218,0.07996785211975084,0.24016706129965795,0.13109184629803186,0.6344754837770988,0.7490946714950854,0.6763194444444446,0.061724057156242663,0.1251428740789835,0.2894029527671181,0.5951315531486903,0.405409364325664,0.43810422626852347,1.057500171657768,1.0,0.5,0.3,0.2,0.39034701305596325,0.2358679140903582,0.39034701305596325,0.2358679140903582,0.10583665729994496,0.4363495975708281,1.0
"Murray Hill, Manhattan",Tunnel_Exit_Street/north_to_south/014_n00253_S.jpg,n00253,Tunnel_Exit_Street,north_to_south,W,14,S,0.16315902211052816,0.17144515898535193,0.13613970995239677,0.2552290836653386,0.188084349593496,0.5780549530007231,0.8291744162016945,0.5219655797101449,0.04997842851749986,0.1569146303494256,0.37354828294161,0.5297034379273291,0.4395764223595972,0.5655324296087203,1.335803228763602,1.0,0.4,0.25,0.35,0.47131040272198843,0.32482716266905765,0.47131040272198843,0.32482716266905765,0.14770313852558595,0.5637795118641408,1.0
"Murray Hill, Manhattan",Tunnel_Exit_Street/north_to_south/015_n00252_S.jpg,n00252,Tunnel_Exit_Street,north_to_south,W,15,S,0.16322090265290337,0.16460732565579014,0.13872104733131926,0.3234398782343988,0.26036866359447003,0.6691130785958372,0.80537873965627,0.5137271214642262,0.06585948364471857,0.15551642521333758,0.3696303601850949,0.5255994453680517,0.43561911165049433,0.5508947921231151,1.3858881780387082,1.0,0.4,0.25,0.35,0.4641355265902452,0.319388022664567,0.4641355265902452,0.319388022664567,0.14560341039534103,0.5491299004018545,1.0
"Murray Hill, Manhattan",Tunnel_Exit_Street/north_to_south/016_n00251_S.jpg,n00251,Tunnel_Exit_Street,north_to_south,W,16,S,0.18633680773927716,0.17966149706111464,0.15011081560283693,0.7379980960152319,0.6667254763585039,0.797647687784015,0.6260835303388496,0.7726304038968946,0.139679012345679,0.17203637346774292,0.41688755239361336,0.6146343411845409,0.3828812713422643,0.3573737988584756,2.0741794495260635,0.9889347577533212,0.3,0.2,0.5,0.41714822223423337,0.3191345185255772,0.41714822223423337,0.3191345185255772,0.17203548421202525,0.3557377987624584,0.9146748755709551
"Murray Hill, Manhattan",Tunnel_Exit_Street/north_to_south/017_n00250_S.jpg,n00250,Tunnel_Exit_Street,north_to_south,W,17,S,0.34748581939407475,0.3293321959541799,0.2662831750669588,0.6575769132977372,0.5794453084499741,0.7957590015029733,0.5071127946127946,0.7240618101545254,0.16451805918189724,0.3143670634717378,0.7977684011590742,0.6007311383340961,0.3358154268973459,0.21538456579655998,1.2426030587470007,1.0,0.4,0.25,0.35,0.4699437420463732,0.39948462631062126,0.4699437420463732,0.39948462631062126,0.5341215672727767,0.21418192881349837,1.0
"Murray Hill, Manhattan",Tunnel_Exit_Street/north_to_south/018_n00249_S.jpg,n00249,Tunnel_Exit_Street,north_to_south,W,18,S,0.3998862079109478,0.527954360228199,0.47756410256410264,0.3127619446772842,0.24509092667827437,0.7202145214521453,0.8029494230561847,0.7051378446115287,0.07785173583920646,0.46846822356774975,0.9616397702788954,0.5909362875368461,0.44040057944769556,0.5685674311437982,1.0745547307551833,1.0,0.5,0.3,0.2,0.7480399656199596,0.7148613989383824,0.7480399656199596,0.7148613989383824,0.8793100453979459,0.5668173790871263,1.0
"Murray Hill, Manhattan",Tunnel_Exit_Street/north_to_south/019_n00248_S.jpg,n00248,Tunnel_Exit_Street,north_to_south,W,19,S,0.30401390132856604,0.25201064093046277,0.29894441695530266,0.44006012777151443,0.26788139429606156,0.8124174372523117,0.7612703662869044,0.7806264501160093,0.05091387352207396,0.2849896530714438,0.7349484132858942,0.650935061197154,0.4060921199044892,0.4406269013133832,0.8372174521270959,1.0,0.5,0.3,0.2,0.639740623576281,0.4981017439416584,0.639740623576281,0.4981017439416584,0.44625094012524913,0.4388700604929366,1.0
"Murray Hill, Manhattan",Tunnel_Exit_Street/north_to_south/020_n00247_S.jpg,n00247,Tunnel_Exit_Street,north_to_south,W,20,S,0.37372798804774127,0.44014830508474573,0.4391659179395028,0.6271509060453785,0.392512077294686,0.809234097208139,0.7099973639119547,0.7911167512690356,0.1394074074074074,0.41768073702399655,0.931640651422772,0.675251860006576,0.42470238565968105,0.5101325588190841,1.073048187513154,1.0,0.5,0.3,0.2,0.7498951771782306,0.693727179929867,0.7498951771782306,0.693727179929867,0.7984223133843309,0.5083504399776424,1.0
"Murray Hill, Manhattan",Tunnel_Exit_Street/north_to_south/021_n00246_S.jpg,n00246,Tunnel_Exit_Street,north_to_south,W,21,S,0.4294758617090323,0.6256422355038271,0.6488461538461539,0.7500350434538828,0.4018186003683241,0.8082075343397253,0.7456729605422416,0.838963116296575,0.2788269208142134,0.5679880836863377,0.9880600906930609,0.7290598531273779,0.5122499406782275,0.7947418859613924,1.073048187513154,1.0,0.5,0.3,0.2,0.8635069841703175,0.8509430492522632,0.8635069841703175,0.8509430492522632,0.9600804530422945,0.7935761938750944,1.0
"Murray Hill, Manhattan",Tunnel_Exit_Street/south_to_north/001_n00246_N.jpg,n00246,Tunnel_Exit_Street,south_to_north,W,1,N,0.28687646296863717,0.2512931463244803,0.21557708996239514,0.6338582677165355,0.5146929099128901,0.7730659906276408,0.7170747150696496,0.6811936228235788,0.04970572498662388,0.2512488997518375,0.6490775169303873,0.6001196602090747,0.3833902200281367,0.35912896170656416,1.073048187513154,1.0,0.5,0.3,0.2,0.5632091806233286,0.41297219771259364,0.5632091806233286,0.41297219771259364,0.34961789291714124,0.357489396500965,1.0
"Murray Hill, Manhattan",Tunnel_Exit_Street/south_to_north/002_n00247_N.jpg,n00247,Tunnel_Exit_Street,south_to_north,W,2,N,0.3523430979696194,0.35600060345477863,0.3086139487955606,0.34368695858549897,0.4166043147524629,0.7400305515356167,0.6995614035087719,0.6328979682964948,0.047084318360914125,0.33898588340665287,0.8412863695639473,0.5199935373765103,0.373322860934843,0.3251602569278413,1.073048187513154,1.0,0.5,0.3,0.2,0.6021307432549978,0.5107085839482646,0.6021307432549978,0.5107085839482646,0.6063808842887936,0.3235974668419983,1.0
"Murray Hill, Manhattan",Tunnel_Exit_Street/south_to_north/003_n00248_N.jpg,n00248,Tunnel_Exit_Street,south_to_north,W,3,N,0.4891888299235856,0.7512617702448211,0.6648465381870093,0.5312190287413281,0.40816252362261957,0.6812637708530059,0.8258293838862559,0.7735296493779286,0.13770472061657033,0.635099046118472,0.994628107044386,0.6321953848322124,0.48176705225141314,0.7102309111711617,0.8372174521270959,1.0,0.5,0.3,0.2,0.8116441713307959,0.8060408717672208,0.8116441713307959,0.8060408717672208,0.9817555698879565,0.70876114975585,1.0
"Murray Hill, Manhattan",Tunnel_Exit_Street/south_to_north/004_n00249_N.jpg,n00249,Tunnel_Exit_Street,south_to_north,W,4,N,0.40619282645670696,0.4270367358004609,0.396519259737465,0.42160263251511915,0.49747381392483064,0.6979069040924711,0.7868098159509204,0.7611363254328459,0.1396461892645099,0.4099162739982109,0.9254627779869037,0.5617550480077114,0.46322800260771513,0.6498591259071759,1.0745547307551833,1.0,0.5,0.3,0.2,0.7423477860017906,0.6824863772463773,0.7423477860017906,0.6824863772463773,0.7830091622889221,0.6482348116947634,1.0
"Murray Hill, Manhattan",Tunnel_Exit_Street/south_to_north/005_n00250_N.jpg,n00250,Tunnel_Exit_Street,south_to_north,W,5,N,0.2878438555104573,0.2689892344497608,0.22618356084809754,0.7622335973214861,0.4553226007737427,0.796769241504431,0.6628200026528717,0.6994029548674358,0.1473496432212029,0.26100555026943856,0.6752586105056625,0.668771317138393,0.4050848229370373,0.43690620960231025,1.2426030587470007,1.0,0.4,0.25,0.35,0.578420049037854,0.4573362993509666,0.578420049037854,0.4573362993509666,0.37668577414685656,0.43515266318363827,1.0
"Murray Hill, Manhattan",Tunnel_Exit_Street/south_to_north/006_n00251_N.jpg,n00251,Tunnel_Exit_Street,south_to_north,W,6,N,0.16673275642433205,0.15580876888778797,0.09334035580524347,0.5874917654808959,0.4443526820827435,0.680028605841614,0.7957591293398093,0.7630243572395129,0.05649478726401802,0.13862729370578783,0.32377599735115375,0.6353878135458884,0.42612695830191366,0.515471153297316,2.0741794495260635,0.9889347577533212,0.3,0.2,0.5,0.4675018721138857,0.34836280167249534,0.4675018721138857,0.34836280167249534,0.12215508730203009,0.5136899414183446,0.9146748755709551
"Murray Hill, Manhattan",Tunnel_Exit_Street/south_to_north/007_n00252_N.jpg,n00252,Tunnel_Exit_Street,south_to_north,W,7,N,0.15302205080812356,0.12690815006468306,0.05878856413825099,0.20019024558976128,0.1641234316717531,0.620429841897233,0.9158390628978864,0.7170388091440723,0.02258946109830044,0.11290625500368587,0.2601623444295267,0.5843685410206934,0.4692142619980934,0.6700063835782404,1.3858881780387082,1.0,0.4,0.25,0.35,0.4435035609618476,0.29330254376039405,0.4435035609618476,0.29330254376039405,0.09272302450700265,0.6684278458900388,1.0
"Murray Hill, Manhattan",Tunnel_Exit_Street/south_to_north/008_n00253_N.jpg,n00253,Tunnel_Exit_Street,south_to_north,W,8,N,0.1561164513478847,0.11509479824987849,0.041027393792090715,0.2124413145539906,0.16457528957528958,0.547532656023222,0.8401580459770116,0.4272260273972603,0.02752119589468986,0.10407954779661796,0.24029818345037784,0.49169735079198706,0.4338396209358507,0.5442822520829181,1.335803228763602,1.0,0.4,0.25,0.35,0.3826159961626538,0.2512286930463748,0.3826159961626538,0.2512286930463748,0.08418855998638666,0.5425129542802506,1.0
"Murray Hill, Manhattan",Tunnel_Exit_Street/south_to_north/009_n00254_N.jpg,n00254,Tunnel_Exit_Street,south_to_north,W,9,N,0.4041565402104372,0.4660822169687418,0.3732285890326556,0.6081757127192983,0.4749448580093742,0.7812571298197581,0.6452968202152097,0.7594507575757575,0.14941479400749058,0.41448911540394484,0.9291608060202817,0.6308938707618938,0.39735580711135016,0.4086224809342751,1.057500171657768,1.0,0.5,0.3,0.2,0.7019348172289035,0.6475876838317611,0.7019348172289035,0.6475876838317611,0.792187745099177,0.40690042269583326,1.0
"Murray Hill, Manhattan",Tunnel_Exit_Street/south_to_north/010_n00255_N.jpg,n00255,Tunnel_Exit_Street,south_to_north,W,10,N,0.3956121910819075,0.4560979971387697,0.4783836895111766,0.46589912280701756,0.45548344150441,0.6115243122200895,0.6704999201405526,0.5571884256094782,0.05946015867540533,0.4433646259106179,0.9488445289257774,0.5225347023040285,0.36498003940797896,0.29832236849723365,0.7925829160831487,1.0,0.55,0.35,0.1,0.6859084637810635,0.6426053442775798,0.6859084637810635,0.6426053442775798,0.8435218590108259,0.29683183072720887,1.0
"Murray Hill, Manhattan",Tunnel_Exit_Street/south_to_north/011_n00256_N.jpg,n00256,Tunnel_Exit_Street,south_to_north,W,11,N,0.17704403952788864,0.19666753562738962,0.152090047856236,0.433868501529052,0.3597277556440903,0.6219779389543669,0.7126960040465352,0.7678547854785479,0.03027812029045074,0.17526720767050474,0.4263415232984603,0.6139985104545032,0.371487062168493,0.3191471183494943,1.3409689913941498,1.0,0.4,0.25,0.35,0.422028428808398,0.29682785758497554,0.422028428808398,0.29682785758497554,0.17762826922292416,0.31759962729632435,1.0
"Murray Hill, Manhattan",Tunnel_Exit_Street/south_to_north/012_n00257_N.jpg,n00257,Tunnel_Exit_Street,south_to_north,W,12,N,0.34359925206734665,0.4724273756770065,0.44614860259032046,0.5602722287504897,0.3982367758186398,0.7652410309101807,0.8269493177387913,0.7539280283831729,0.0512559125754363,0.42072507677822457,0.9339308773391479,0.6386544937716743,0.4391026151571138,0.5637853677367479,1.3637631882638068,1.0,0.4,0.25,0.35,0.7117577698863902,0.6697093490552238,0.7117577698863902,0.6697093490552238,0.8042378883883409,0.5620308600524657,1.0
"Murray Hill, Manhattan",Tunnel_Exit_Street/south_to_north/013_n00258_N.jpg,n00258,Tunnel_Exit_Street,south_to_north,W,13,N,0.3236935309606993,0.4340585549288209,0.4919339442535318,0.7625776808144916,0.6555578626799557,0.805128205128205,0.8108951707891637,0.8056070149438064,0.06579581751340924,0.41656201004768395,0.9307807096437516,0.6375422776927807,0.4383454941512865,0.5609903753498434,0.8685673993512552,1.0,0.5,0.3,0.2,0.7508746905292303,0.6940597621836692,0.7508746905292303,0.6940597621836692,0.7962530248966113,0.5592334146895632,1.0
"Murray Hill, Manhattan",Tunnel_Exit_Street/south_to_north/014_n00259_N.jpg,n00259,Tunnel_Exit_Street,south_to_north,W,14,N,0.37216012668025467,0.720168954593453,0.6994484010613043,0.7288290435335241,0.3341070453304205,0.7706777155306567,0.9265574395122881,0.7809080325960419,0.08805991855730078,0.5972591607783373,0.9915667992277256,0.7252100102663819,0.5073086790347945,0.7823868192418288,1.418907628269052,1.0,0.4,0.25,0.35,0.843999660879492,0.8366932530513771,0.843999660879492,0.8366932530513771,0.971568218747155,0.7811702809252544,1.0
"Murray Hill, Manhattan",Tunnel_Exit_Street/south_to_north/015_n00260_N.jpg,n00260,Tunnel_Exit_Street,south_to_north,W,15,N,0.3471204053369606,0.6379030161206448,0.6530969845150775,0.2627797943133696,0.30661541381928625,0.6548035298035297,0.9277432126696832,0.7524282560706402,0.0504866180048662,0.5460401353242276,0.9845181143377529,0.5695308788549078,0.4891149153372747,0.7323784886430528,6.341701619716582,0.5213908935809888,0.15,0.15,0.7,0.737269136460818,0.7321971947142191,0.737269136460818,0.7321971947142191,0.9486695118829801,0.7309785128935697,0.4822392447743031
"Murray Hill, Manhattan",Tunnel_Exit_Street/south_to_north/016_n00261_N.jpg,n00261,Tunnel_Exit_Street,south_to_north,W,16,N,0.45288938089475356,0.754293688278231,0.7289912690988464,0.4413106364040944,0.3773375747059957,0.7340626688276607,0.8324479571564308,0.7700153964588144,0.0720827039274925,0.6453914460906103,0.9952492814191565,0.6113294860523043,0.45226533054196166,0.6115850869095959,6.317946537625393,0.5232520600456988,0.15,0.15,0.7,0.6578863918321858,0.6554748074691512,0.6578863918321858,0.6554748074691512,0.9838410668312432,0.6098898041241473,0.4839606547977438
"Murray Hill, Manhattan",Tunnel_Exit_Street/south_to_north/017_n00262_N.jpg,n00262,Tunnel_Exit_Street,south_to_north,W,17,N,0.1676285514409278,0.18577118831599915,0.17219360377763474,0.7129924393155592,0.4062950504565112,0.815511584990773,0.6948392880010245,0.8072721289897994,0.10849514563106799,0.17519778117818724,0.42613777647697837,0.7046565059496157,0.4016672168160462,0.42433766477402884,9.523366418706786,0.32351656434713777,0.15,0.15,0.7,0.45817061562555483,0.40061487537087237,0.45817061562555483,0.40061487537087237,0.17750660298557785,0.42259670472915617,0.29922345323529737
"Murray Hill, Manhattan",Tunnel_Exit_Street/south_to_north/018_n00263_N.jpg,n00263,Tunnel_Exit_Street,south_to_north,W,18,N,0.13553189821845893,0.10924006908462869,0.052687725131615425,0.3998699112335476,0.1849005424954792,0.6827127659574468,0.8167088726317764,0.7455368060650525,0.0404569490172603,0.09915323081156767,0.229672524359614,0.6535020582677069,0.4285829108245183,0.5246658771838852,9.675040718458154,0.3162392891644278,0.15,0.15,0.7,0.4790395540877186,0.40777925934414694,0.4790395540877186,0.40777925934414694,0.07974129489577834,0.5228871806061582,0.2924926343212542
"Murray Hill, Manhattan",Tunnel_Exit_Street/south_to_north/019_n00264_N.jpg,n00264,Tunnel_Exit_Street,south_to_north,W,19,N,0.14001470187166018,0.17271692385529977,0.08253172329103564,0.5637353998203055,0.2230104873534855,0.7591647529131581,0.8272451631533353,0.8084571979080649,0.04592476489028211,0.1317544496726652,0.305987312380543,0.7163940367916282,0.4365849640218087,0.5544765074595964,9.69355917805684,0.3153620684117744,0.15,0.15,0.7,0.5270435616819923,0.45323174821936235,0.5270435616819923,0.45323174821936235,0.11358310296972252,0.5527142629586531,0.29168128475901983
"Murray Hill, Manhattan",Tunnel_Exit_Street/south_to_north/020_n00265_N.jpg,n00265,Tunnel_Exit_Street,south_to_north,W,20,N,0.14399861589731763,0.1728426182673725,0.12468893254747877,0.6599936447410233,0.305268875611081,0.7518459915611815,0.8225870058168195,0.7859230942208231,0.051629544710121156,0.14717672223738965,0.3466314319372517,0.7135492877835884,0.43710827526347035,0.5564147904277001,9.71533561710696,0.3143336295771572,0.15,0.15,0.7,0.5379883283466843,0.46525931953746313,0.5379883283466843,0.46525931953746313,0.13358970784263333,0.5546540548806748,0.290730072198524
"Murray Hill, Manhattan",Tunnel_Exit_Street/south_to_north/021_n00266_N.jpg,n00266,Tunnel_Exit_Street,south_to_north,W,21,N,0.3026704488144636,0.2743207712532865,0.2547817199591181,0.6711220221858519,0.3594339622641509,0.8129714172290591,0.7284201453023026,0.7701391817798399,0.08844979647218454,0.2772576466756227,0.7164848943662407,0.6939424139005136,0.40843497088724356,0.4493059243359054,9.799905987118391,0.3103713180699213,0.15,0.15,0.7,0.5143503884785603,0.47402699087343225,0.5143503884785603,0.47402699087343225,0.42345301813592245,0.44754216532332813,0.2870652937523827
"Murray Hill, Manhattan",east_34th_street/east_to_west/001_n00313_W.jpg,n00313,east_34th_street,east_to_west,W,1,W,0.32959960228470425,0.34408658922914465,0.3295538057742782,0.6912719633307868,0.6160906443853652,0.827287768868525,0.7189360119047619,0.7921981090170696,0.16191555987474357,0.33441333242937565,0.8338219365176066,0.6224598093208303,0.44042578588975273,0.568660175277488,0.422451609965888,1.0,0.55,0.35,0.1,0.7244602575446248,0.6005584670664041,0.7244602575446248,0.6005584670664041,0.5932106231687037,0.566910212862529,1.0
"Murray Hill, Manhattan",east_34th_street/east_to_west/002_n00312_W.jpg,n00312,east_34th_street,east_to_west,W,2,W,0.3198487847299401,0.3134266886326194,0.2809217214503558,0.5056736050881758,0.5543913994169096,0.8206013363028953,0.6921138557637706,0.7675428657753608,0.1585281246664532,0.30473239827097176,0.7784728187311919,0.5729416904822089,0.4253209902151119,0.5124511386011119,0.422451609965888,1.0,0.55,0.35,0.1,0.6706374384595519,0.5285557419968969,0.6706374384595519,0.5285557419968969,0.5052704944297477,0.5106693637138274,1.0
"Murray Hill, Manhattan",east_34th_street/east_to_west/003_n00311_W.jpg,n00311,east_34th_street,east_to_west,W,3,W,0.27289512469941407,0.27649527806925495,0.2003189792663477,0.6037308228730822,0.5524594907407407,0.8000790201501383,0.7548711227610311,0.7752697331061897,0.12461443553362121,0.24990312734500555,0.6453903059746996,0.608847021746177,0.4397427791473261,0.5661454507127299,0.4234952088697344,1.0,0.55,0.35,0.1,0.6241270536550642,0.44278883135837993,0.6241270536550642,0.44278883135837993,0.345954763574071,0.5643931011882394,1.0
"Murray Hill, Manhattan",east_34th_street/east_to_west/004_n00310_W.jpg,n00310,east_34th_street,east_to_west,W,4,W,0.262680688451715,0.2776237013558725,0.2110252808988764,0.7010429532043365,0.5305810397553516,0.8076206355433504,0.7718078655578656,0.8036407463060357,0.12800417972831765,0.2504432235688213,0.6468721922235414,0.6580342199183402,0.44990602264309165,0.6031458813649745,0.5391612300013943,1.0,0.55,0.35,0.1,0.64621847401396,0.4589633987790612,0.64621847401396,0.4589633987790612,0.3474227153183057,0.601437768860771,1.0
"Murray Hill, Manhattan",east_34th_street/east_to_west/005_n00309_W.jpg,n00309,east_34th_street,east_to_west,W,5,W,0.34981306078889257,0.3445463154269972,0.26827242524916944,0.6189688143571638,0.5633720248563724,0.7731390882075814,0.7644804775734108,0.790824285536004,0.14739267251067653,0.32087726715501974,0.8100795582182008,0.6154736916789318,0.45593657504204366,0.6245834236397232,0.6831143529456192,1.0,0.55,0.35,0.1,0.7169231238727997,0.5812733541527526,0.7169231238727997,0.5812733541527526,0.5534997116818812,0.6229098934306888,1.0
"Murray Hill, Manhattan",east_34th_street/east_to_west/006_n00308_W.jpg,n00308,east_34th_street,east_to_west,W,6,W,0.36727727897170787,0.36913895993179874,0.3328608551854477,0.6632878615637235,0.60718303521206,0.805638276752035,0.638256061817213,0.7877229080932784,0.169919073960254,0.3564256980296514,0.8672786354062818,0.6146092448149807,0.40408756788873346,0.4332295902442457,0.6854212663917486,1.0,0.55,0.35,0.1,0.7172470135611653,0.6144182150021678,0.7172470135611653,0.6144182150021678,0.6550703961950931,0.43147949288002657,1.0
"Murray Hill, Manhattan",east_34th_street/east_to_west/007_n00307_W.jpg,n00307,east_34th_street,east_to_west,W,7,W,0.3361046255841445,0.2846908889416608,0.24558641091707223,0.6849091146854976,0.6403190145293746,0.8286846038863976,0.712947543713572,0.8232541396688265,0.18089430894308944,0.28879397514762584,0.7437454783919133,0.6226147466083165,0.44692092632833075,0.5923802274444191,0.6888056744165885,1.0,0.55,0.35,0.1,0.6831565435061987,0.5228241295114225,0.6831565435061987,0.5228241295114225,0.4575578003823688,0.5906572259801812,1.0
"Murray Hill, Manhattan",east_34th_street/east_to_west/008_n00306_W.jpg,n00306,east_34th_street,east_to_west,W,8,W,0.1869915344068501,0.19011413982128103,0.18912415784408085,0.7034269048487057,0.6093960863697706,0.8185476144855336,0.6918975159318507,0.7924721734036321,0.1486444855206408,0.18874327735740398,0.46628108830562387,0.6288343306275224,0.42027100072624574,0.4935166161257969,0.6851645241255214,1.0,0.55,0.35,0.1,0.5206839058448938,0.32899248301676437,0.5206839058448938,0.32899248301676437,0.202492774178497,0.49173427607375253,1.0
"Murray Hill, Manhattan",east_34th_street/east_to_west/009_n00305_W.jpg,n00305,east_34th_street,east_to_west,W,9,W,0.31801310864656673,0.27567710882688856,0.2130579553635709,0.5993455861876914,0.7427671779523631,0.7301817012381412,0.7664274322169059,0.7758133443617314,0.11605988262210287,0.26891605761234205,0.6957186749943405,0.5441305841990198,0.4412436574195044,0.5716667888590921,0.7030886789642311,1.0,0.55,0.35,0.1,0.625963352572601,0.4610464044468422,0.625963352572601,0.4610464044468422,0.3992206807371148,0.5699197990302183,1.0
"Murray Hill, Manhattan",east_34th_street/east_to_west/010_n00304_W.jpg,n00304,east_34th_street,east_to_west,W,10,W,0.353398463878052,0.33013319494897075,0.25086609429130896,0.5085784313725491,0.6541875148915892,0.7832919768403639,0.6683168316831684,0.7893248108147821,0.1208791208791209,0.31146591770611054,0.7920935051838153,0.547905242431914,0.3945979762811446,0.39866508691568087,1.328572605713816,1.0,0.4,0.25,0.35,0.5680673337882839,0.48133652220255685,0.5680673337882839,0.48133652220255685,0.5254492370021036,0.3969568245427007,1.0
"Murray Hill, Manhattan",east_34th_street/east_to_west/011_n00303_W.jpg,n00303,east_34th_street,east_to_west,W,11,W,0.4046381005666484,0.44113475177304956,0.35608134532655455,0.6917191719171917,0.6882667710780476,0.8177047942619856,0.7027834351663271,0.8099902424378893,0.12401168786524575,0.4006180658887508,0.9173911252200263,0.6044808810923444,0.41339756151578644,0.46778554202189065,2.18437605232461,0.9727225292166076,0.3,0.2,0.5,0.6026515412832588,0.5692582129227051,0.6026515412832588,0.5692582129227051,0.7634541062256415,0.466010627787493,0.8996800359182009
"Murray Hill, Manhattan",east_34th_street/east_to_west/012_n00302_W.jpg,n00302,east_34th_street,east_to_west,W,12,W,0.30925039278732236,0.2983478423663765,0.2337164750957855,0.7551759834368531,0.7183241614255765,0.8414694280078896,0.7029652351738241,0.8257381258023107,0.2359629270395517,0.2804382367498281,0.724173476290096,0.6208633159378624,0.4694640811066879,0.6708343720691325,1.3094126792753136,1.0,0.4,0.25,0.35,0.678424312293352,0.5517222990666906,0.678424312293352,0.5517222990666906,0.4327973163756013,0.6692578399279141,1.0
"Murray Hill, Manhattan",east_34th_street/east_to_west/013_n00301_W.jpg,n00301,east_34th_street,east_to_west,W,13,W,0.4058641705431779,0.39232905501763865,0.41201159951159955,0.7705623625510524,0.54638515674984,0.8162689933523266,0.6915385472370766,0.8236365176151761,0.24425574425574417,0.40340160835747196,0.9198874865259014,0.6826045744721294,0.4678971457464104,0.665623632304608,0.4344493062260171,1.0,0.55,0.35,0.1,0.8022988734688664,0.727063404368231,0.8022988734688664,0.727063404368231,0.7694331583028944,0.6640346421902196,1.0
"Murray Hill, Manhattan",east_34th_street/east_to_west/014_n00300_W.jpg,n00300,east_34th_street,east_to_west,W,14,W,0.2925868215018495,0.2522178304787001,0.2080710038474991,0.6181934285382562,0.5090605627086314,0.8169384252306372,0.7272319425751458,0.7823594419118662,0.07761024643320362,0.2509585519426829,0.6482834945274761,0.6304974359138302,0.4024210945041747,0.42710230521627013,0.4340061692338997,1.0,0.55,0.35,0.1,0.6157622857360404,0.43772320465037007,0.6157622857360404,0.43772320465037007,0.3488260589933624,0.42535838362553563,1.0
"Murray Hill, Manhattan",east_34th_street/east_to_west/015_n00299_W.jpg,n00299,east_34th_street,east_to_west,W,15,W,0.3428379472829685,0.32679045092838194,0.28486159169550174,0.670961485175949,0.37688010313708636,0.8059230674996938,0.6348940914158305,0.8095816100221782,0.11214800261951537,0.3181633299689507,0.8050184032121864,0.7012209973536803,0.37352104701767297,0.32581291842196614,0.4324516973805383,1.0,0.55,0.35,0.1,0.7007114982167031,0.5653883895619882,0.7007114982167031,0.5653883895619882,0.5454377806533257,0.32424849869642813,1.0
"Murray Hill, Manhattan",east_34th_street/east_to_west/016_n00298_W.jpg,n00298,east_34th_street,east_to_west,W,16,W,0.28345614461190527,0.30275415147833135,0.24444802059864826,0.6256749076442171,0.30985812490858566,0.8044108821764353,0.6902200791295746,0.807553003533569,0.06657321999155963,0.2768861055629616,0.7155783479887962,0.7077899287564,0.3783966495605671,0.3420774025632393,0.5567035821394108,1.0,0.55,0.35,0.1,0.6621256713505516,0.4952258042220584,0.6621256713505516,0.4952258042220584,0.42236489223683593,0.3404743267715154,1.0
"Murray Hill, Manhattan",east_34th_street/east_to_west/017_n00297_W.jpg,n00297,east_34th_street,east_to_west,W,17,W,0.34897594976313423,0.363989921121823,0.3155993431855501,0.6610325948561243,0.3681311018131102,0.7938209547257556,0.7203003003003002,0.8191895356289693,0.15034496962207808,0.34285507135683574,0.8473881205109611,0.7040303428906611,0.43532263496118917,0.5497942766288106,0.574070097737624,1.0,0.55,0.35,0.1,0.760540433125866,0.6387802612171953,0.760540433125866,0.6387802612171953,0.6174065622264873,0.5480286083091241,1.0
"Murray Hill, Manhattan",east_34th_street/east_to_west/018_n00296_W.jpg,n00296,east_34th_street,east_to_west,W,18,W,0.3359240475988557,0.3360765932708379,0.28077362804878053,0.6570724893398029,0.3934590690208668,0.7675397013510311,0.6771983250856489,0.7926102915714385,0.08001511268808725,0.3175914229728247,0.8039389236042074,0.6854079039634582,0.3786067188868681,0.34278692951802237,2.1072034602989045,0.9840480822535964,0.3,0.2,0.5,0.5084741341046963,0.4511275953962436,0.5084741341046963,0.4511275953962436,0.5437357046346282,0.3411822529628826,0.9101551443453879
"Murray Hill, Manhattan",east_34th_street/east_to_west/019_n00295_W.jpg,n00295,east_34th_street,east_to_west,W,19,W,0.324802530725393,0.2767419245729748,0.22892482034273076,0.5325581395348836,0.37269012082444924,0.7072884587182872,0.6778525771793825,0.7650455927051673,0.13579258828094684,0.2768230918803662,0.715424423849625,0.6416378704718672,0.4068225827301647,0.4433292428477365,0.5884771453082882,1.0,0.55,0.35,0.1,0.656499203205071,0.49099312728752914,0.656499203205071,0.49099312728752914,0.4221804195876281,0.4415701329134248,1.0
"Murray Hill, Manhattan",east_34th_street/east_to_west/020_n00294_W.jpg,n00294,east_34th_street,east_to_west,W,20,W,0.34835302794260037,0.3664597640429654,0.31948356807511735,0.6817025440313111,0.34094001236858373,0.7931698890439174,0.6582543606647439,0.7978044269434998,0.3201167870197022,0.344765453353561,0.8503292111028642,0.7128556528687424,0.48918557384222305,0.7325861737290962,0.596326346044944,1.0,0.55,0.35,0.1,0.7876065790245688,0.6635104869101969,0.7876065790245688,0.6635104869101969,0.6228069372576005,0.7311868856498279,1.0
"Murray Hill, Manhattan",east_34th_street/east_to_west/021_n00293_W.jpg,n00293,east_34th_street,east_to_west,W,21,W,0.29724317003046685,0.3398940795194056,0.27774610414291145,0.6577560824422749,0.496253543944917,0.8110236220472441,0.7615015850923993,0.8195073533523458,0.13712636236106612,0.3049611178975946,0.7789457772742657,0.6603366306165679,0.4493139737267327,0.60101824574739,0.5901320476112383,1.0,0.55,0.35,0.1,0.7163670914491255,0.5648655722677765,0.7163670914491255,0.5648655722677765,0.5059565667137037,0.5993070593798493,1.0
"Murray Hill, Manhattan",east_34th_street/east_to_west/022_n00292_W.jpg,n00292,east_34th_street,east_to_west,W,22,W,0.20303924666518658,0.23603692250023425,0.17333869239013935,0.681433659839715,0.5024053677680719,0.8416863983162326,0.715565749235474,0.798380355276907,0.12287749287749287,0.2041382871851867,0.5124123108678295,0.65913621578285,0.4192216210564834,0.4895825867195032,0.5894396713075362,1.0,0.55,0.35,0.1,0.5570762746453173,0.361826470484487,0.5570762746453173,0.361826470484487,0.2339667482847919,0.48780077074893236,1.0
"Murray Hill, Manhattan",east_34th_street/east_to_west/023_n00291_W.jpg,n00291,east_34th_street,east_to_west,W,23,W,0.24069526282271875,0.21185698359611407,0.17772349361446813,0.7604689276874708,0.5900374855824683,0.8457692307692307,0.6738354207866403,0.8257381258023107,0.16649043303121855,0.2100919133444336,0.5302387924034975,0.6653898559691043,0.4201629269089294,0.4931114118004577,2.7167265239992906,0.8980684590172329,0.3,0.2,0.5,0.53509292783177,0.42473476964863727,0.53509292783177,0.42473476964863727,0.24701373209252753,0.491329115534147,0.8306317980692172
"Murray Hill, Manhattan",east_34th_street/east_to_west/024_n00290_W.jpg,n00290,east_34th_street,east_to_west,W,24,W,0.3223424692804227,0.31530958439355383,0.2674637945722283,0.7580108412240977,0.28192616129520354,0.8273426323319027,0.6560185185185184,0.7911231884057971,0.1540519877675841,0.3017052827487349,0.7721450877034407,0.7557359561115636,0.4050352531430513,0.43672329139572547,1.6452684618290123,1.0,0.4,0.25,0.35,0.6291356722170538,0.5263955946135414,0.6291356722170538,0.5263955946135414,0.496189416860119,0.43496991202276186,0.9754562624659392
"Murray Hill, Manhattan",east_34th_street/east_to_west/025_n00289_W.jpg,n00289,east_34th_street,east_to_west,W,25,W,0.2080032388365952,0.1865998747651847,0.17617168818747012,0.6615096108766995,0.2849509588640023,0.8107690144805285,0.6658397233498722,0.8061965386910682,0.07218144174665915,0.1902582672630833,0.47080803850090525,0.7275850635679217,0.3690105825482657,0.3111301030747847,1.6440232436558695,1.0,0.4,0.25,0.35,0.4540860947901216,0.3253351352169156,0.4540860947901216,0.3253351352169156,0.20544451645826797,0.3096038084178151,0.9756384778625229
"Murray Hill, Manhattan",east_34th_street/east_to_west/026_n00288_W.jpg,n00288,east_34th_street,east_to_west,W,26,W,0.26840036765175673,0.22981663929939788,0.20863453815261046,0.5933831805756552,0.24492753623188404,0.8107690144805285,0.6564760712298275,0.795171659143756,0.09762071378586423,0.235617181701255,0.605254118473628,0.7145424344958423,0.3770483925078459,0.3375404571615665,1.6260009723970543,1.0,0.4,0.25,0.35,0.5142758724699542,0.3919809881651658,0.5142758724699542,0.3919809881651658,0.30825290771941666,0.33594778632748873,0.9782795292797768
"Murray Hill, Manhattan",east_34th_street/east_to_west/027_n00287_W.jpg,n00287,east_34th_street,east_to_west,W,27,W,0.19993832862586183,0.2395368441931965,0.1848046309696092,0.7904963713921666,0.3635375923511517,0.8294577292411974,0.6256537823702003,0.8232541396688265,0.14960574486060263,0.20809326792955582,0.5242607375590117,0.7500709729032804,0.38762976361540147,0.37389254983572456,1.6966815011061032,1.0,0.4,0.25,0.35,0.5093964422678264,0.37367957247356304,0.5093964422678264,0.37367957247356304,0.24257991968247883,0.37222473059931593,0.9679625196430749
"Murray Hill, Manhattan",east_34th_street/east_to_west/028_n00286_W.jpg,n00286,east_34th_street,east_to_west,W,28,W,0.3440055652272081,0.3641726231650142,0.31584889539851096,0.7226855443496251,0.4998723838693211,0.8169409009675234,0.7516980483191471,0.8232160063481267,0.16865869853917662,0.34134236126357775,0.8450257773678744,0.6820097222761435,0.46017837342916185,0.639380326716068,1.402306013708576,1.0,0.4,0.25,0.35,0.7264594348987288,0.6383911539348798,0.7264594348987288,0.6383911539348798,0.6131096119823247,0.6377344996122835,1.0
"Murray Hill, Manhattan",east_34th_street/east_to_west/029_n00285_W.jpg,n00285,east_34th_street,east_to_west,W,29,W,0.25724855919926143,0.2224119035575788,0.20192958700067706,0.6203129613227044,0.46920144462279295,0.8183141599204659,0.747167355688256,0.8038497652582159,0.11807653575025179,0.22719668325250575,0.5808734945474812,0.6516537606527091,0.4326219457192539,0.5397482452870374,1.0464316325353402,1.0,0.5,0.3,0.2,0.5924941948348708,0.416293661131443,0.5924941948348708,0.416293661131443,0.28713372102757767,0.537976287102485,1.0
"Murray Hill, Manhattan",east_34th_street/east_to_west/030_n00284_W.jpg,n00284,east_34th_street,east_to_west,W,30,W,0.26034927047717005,0.25103014530470613,0.21213217559093098,0.7296957956665232,0.439592123769339,0.8419764821856077,0.6895888510530962,0.799031007751938,0.2121998883305416,0.24117053045760237,0.6210591883134433,0.6963782265497074,0.4508943696918189,0.6066889735096168,0.6057747224626009,1.0,0.55,0.35,0.1,0.6449344407554175,0.44974501145758344,0.6449344407554175,0.44974501145758344,0.32264132953288105,0.6049861234135557,1.0
"Murray Hill, Manhattan",east_34th_street/east_to_west/031_n00283_W.jpg,n00283,east_34th_street,east_to_west,W,31,W,0.26496629784360537,0.27264670211773484,0.20803698435277376,0.7539975399753996,0.45308370044052865,0.8370028409090908,0.6705822912719465,0.8205395444384025,0.1760426515390272,0.2485499947713713,0.641665432190725,0.7071511279910911,0.42331247140548683,0.5049216088115257,1.0315913494290696,1.0,0.5,0.3,0.2,0.6297276820997445,0.45960879312477054,0.6297276820997445,0.45960879312477054,0.34228993028288723,0.5031389967806302,1.0
"Murray Hill, Manhattan",east_34th_street/east_to_west/032_n00282_W.jpg,n00282,east_34th_street,east_to_west,W,32,W,0.30692145671514853,0.3064495530012772,0.25155889928155073,0.7638689622190339,0.4719348659003832,0.7891908975979772,0.7473171050909566,0.8281096160157532,0.15910689170182843,0.2883099696659921,0.7426369637310541,0.7066812374448012,0.45321199839639253,0.6149528907429794,1.4574079763955383,1.0,0.4,0.25,0.35,0.6866116397740998,0.5644332814943426,0.6866116397740998,0.5644332814943426,0.4561166055566006,0.613263012082408,1.0
"Murray Hill, Manhattan",east_34th_street/east_to_west/033_n00281_W.jpg,n00281,east_34th_street,east_to_west,W,33,W,0.4008654232163756,0.3971867355259581,0.33386449480642116,0.6313106261022927,0.31594336718990457,0.769752805580831,0.7361475922451531,0.8069074778200253,0.19993141289437588,0.37730555118291825,0.8935632885261794,0.7074249122441378,0.4680395025697645,0.6660987269365406,1.9139474344249787,1.0,0.4,0.25,0.35,0.760516648714849,0.6928296705519502,0.760516648714849,0.6928296705519502,0.7092946044831349,0.6645108565897784,0.9369252256178836
"Murray Hill, Manhattan",east_34th_street/east_to_west/034_n00280_W.jpg,n00280,east_34th_street,east_to_west,W,34,W,0.36962075276267226,0.3140018880878819,0.2538493549729505,0.7661827853617894,0.34834070796460176,0.8003347680535629,0.6076275787187839,0.8108947573680986,0.2110455412494039,0.31249066527450153,0.7941113142351268,0.7429122782550954,0.4093365599840939,0.4526543732764718,1.7941717324157451,1.0,0.4,0.25,0.35,0.6415127461318044,0.5443538109522825,0.6415127461318044,0.5443538109522825,0.5285145175046932,0.4508882320193148,0.9539104817992146
"Murray Hill, Manhattan",east_34th_street/east_to_west/035_n00279_W.jpg,n00279,east_34th_street,east_to_west,W,35,W,0.3558394952377944,0.36830188679245285,0.31304347826086953,0.5595076272466395,0.42110716400236825,0.7637934981684982,0.49757142857142855,0.7828865234246666,0.09456355283307809,0.3457282867637056,0.8517937381103172,0.6404289955563125,0.2960674907022533,0.1313599412346641,1.878414933514276,1.0,0.4,0.25,0.35,0.41230020882442825,0.3636080858790062,0.41230020882442825,0.3636080858790062,0.6255173093868506,0.13054840798806425,0.9419322516414043
"Murray Hill, Manhattan",east_34th_street/east_to_west/036_n00278_W.jpg,n00278,east_34th_street,east_to_west,W,36,W,0.364877081850231,0.38948508665860543,0.32870566624275815,0.7529659188955997,0.5293084319526628,0.80645626170918,0.6064400715563506,0.8247030951941419,0.13811756220699603,0.36102261158386484,0.8735006096811115,0.6827868607123595,0.3722788168816733,0.32173327494238035,1.778187956861869,1.0,0.4,0.25,0.35,0.5790288016684163,0.5190629761251345,0.5790288016684163,0.5190629761251345,0.6674258196213353,0.32017914105702044,0.956200289341006
"Murray Hill, Manhattan",east_34th_street/east_to_west/037_n00277_W.jpg,n00277,east_34th_street,east_to_west,W,37,W,0.21519195681523925,0.2364466705951679,0.1663795803319762,0.7381154499151105,0.5152992147305714,0.824175223945816,0.486491739552964,0.796851525246587,0.12906440109083284,0.20600606924746112,0.5180104121706508,0.6732225868103753,0.3077780703218984,0.15273243464505148,1.549998279886391,1.0,0.4,0.25,0.35,0.3607040440272148,0.26371399562473824,0.3607040440272148,0.26371399562473824,0.23800774259634264,0.15181193973059587,0.989496126402344
"Murray Hill, Manhattan",east_34th_street/east_to_west/038_n00276_W.jpg,n00276,east_34th_street,east_to_west,W,38,W,0.3215099210201229,0.30191373893173384,0.3042995559144126,0.6926495393797847,0.4633096833530417,0.8496582315299593,0.5149312070043778,0.8126459793126459,0.13000664388762337,0.30924107195542305,0.7876625258889111,0.6806619451131296,0.3224689254460006,0.1834769466183443,0.9275831962095672,1.0,0.5,0.3,0.2,0.5633338313906773,0.45665116841272,0.5633338313906773,0.45665116841272,0.518787860791632,0.1824110514820518,1.0
"Murray Hill, Manhattan",east_34th_street/east_to_west/039_n00275_W.jpg,n00275,east_34th_street,east_to_west,W,39,W,0.3125098869264268,0.24626865671641793,0.2646358280055159,0.7209763390535621,0.2464223130841122,0.8129296475062162,0.4222994314592545,0.8028641072516759,0.08369968737788203,0.2744714572161202,0.7096443723466866,0.7591393777403752,0.2529995594185683,0.07344023465510309,0.9477462471733412,1.0,0.5,0.3,0.2,0.4600485312997325,0.3514766145122486,0.4600485312997325,0.3514766145122486,0.4153119496296647,0.07295647221513477,1.0
"Murray Hill, Manhattan",east_34th_street/east_to_west/040_n00274_W.jpg,n00274,east_34th_street,east_to_west,W,40,W,0.3617509052202687,0.39734616506270054,0.3609883635292384,0.8143566892030322,0.3952358926919519,0.836578227397086,0.6711959739490823,0.8352506868131867,0.23777737137283586,0.37336181127073587,0.8889777657761004,0.7514571611080889,0.45448667266095905,0.6194701965935073,0.9679092981371156,1.0,0.5,0.3,0.2,0.7863588902192368,0.6971312832775575,0.7863588902192368,0.6971312832775575,0.6994406519000254,0.61778782122172,1.0
"Murray Hill, Manhattan",east_34th_street/east_to_west/041_n00273_W.jpg,n00273,east_34th_street,east_to_west,W,41,W,0.20351836348478827,0.23511722731906218,0.18619691941111394,0.6717718839496949,0.45240549828178694,0.8222970445192668,0.3857753952783192,0.7930732337207157,0.1061689549961861,0.2082775034049881,0.5248121129317309,0.6708132064628745,0.24597217513725267,0.06658209160613436,0.6986273992635299,1.0,0.55,0.35,0.1,0.4652093367614961,0.3043877732044481,0.4652093367614961,0.3043877732044481,0.24298635666949683,0.06614028008032874,1.0
"Murray Hill, Manhattan",east_34th_street/east_to_west/042_n00272_W.jpg,n00272,east_34th_street,east_to_west,W,42,W,0.27440881996593763,0.3215864440078586,0.2591986917416189,0.8024889107934944,0.25440057088487156,0.821350147437104,0.639969777106158,0.8271302348099733,0.19259507081521132,0.28506465190513836,0.7351236928035996,0.7917395249061987,0.41628242396068466,0.47857222240266617,0.7008658316809017,1.0,0.55,0.35,0.1,0.7227644680347504,0.5491921887162953,0.7227644680347504,0.5491921887162953,0.44647334734505373,0.4767930462089088,1.0
"Murray Hill, Manhattan",east_34th_street/east_to_west/043_n00271_W.jpg,n00271,east_34th_street,east_to_west,W,43,W,0.1854689008905027,0.3064509252153151,0.23932367149758452,0.7969335795422752,0.3151390690301196,0.8531698958745223,0.718242883745677,0.8389349149563797,0.24770266868076543,0.2437478325344674,0.6283101141274855,0.7735764751561783,0.4829727762132212,0.7139388352828522,0.6417952185851507,1.0,0.55,0.35,0.1,0.6844440737591344,0.4797647189964159,0.6844440737591344,0.4797647189964159,0.3294371084482942,0.712480267467625,1.0
"Murray Hill, Manhattan",east_34th_street/east_to_west/044_n00270_W.jpg,n00270,east_34th_street,east_to_west,W,44,W,0.2171823964629559,0.2893102250021718,0.21613979118329466,0.807187685981713,0.31253801703163026,0.8263239875389408,0.6898317281080483,0.8727475126974188,0.17973231357552585,0.24087747088280742,0.6202311965479725,0.7891323938825004,0.4347820208417871,0.5477862804185044,1.1707212540674306,1.0,0.5,0.3,0.2,0.6503452835636312,0.4681973972707143,0.6503452835636312,0.4681973972707143,0.3218732527932316,0.5460192396771499,1.0
"Murray Hill, Manhattan",east_34th_street/east_to_west/045_n00269_W.jpg,n00269,east_34th_street,east_to_west,W,45,W,0.17056711669597968,0.20511409942950287,0.17867889045604132,0.785536904312838,0.3249117387466902,0.8418095801301005,0.6829587346890236,0.8593114837398375,0.13965517241379313,0.18478670219384127,0.4544864427346045,0.7733122164353283,0.41130695355140834,0.4599868232391845,1.879227214714084,1.0,0.4,0.25,0.35,0.5212642945754967,0.3710376826802532,0.5212642945754967,0.3710376826802532,0.19493362768359612,0.4582160232455501,0.9418174915539306
"Murray Hill, Manhattan",east_34th_street/east_to_west/046_n00268_W.jpg,n00268,east_34th_street,east_to_west,W,46,W,0.2327229302068874,0.23706605999325917,0.2205558744737849,0.8044708994708994,0.45248226950354603,0.8306310100372007,0.7082300884955752,0.8448608847848392,0.24598242310106713,0.23011495489131045,0.589374321046202,0.7322831715840642,0.47710625579832117,0.6956342332460901,2.1379819413683827,0.9795154276307377,0.3,0.2,0.5,0.668718975368256,0.5423943624482124,0.668718975368256,0.5423943624482124,0.2943548326473702,0.6941223206096508,0.9059628502929591
"Murray Hill, Manhattan",east_34th_street/east_to_west/047_n00267_W.jpg,n00267,east_34th_street,east_to_west,W,47,W,0.2889031605600224,0.3331308221952207,0.26815900686740624,0.8114252769840076,0.28494505494505495,0.803116978364503,0.7416911945057642,0.834183967704729,0.1849335215907754,0.2967309965408831,0.7614729554253973,0.7868880632478938,0.46331235804826976,0.6501469876755059,2.207900794920344,0.9692961211071468,0.3,0.2,0.5,0.7082469514592381,0.616401144177109,0.7082469514592381,0.616401144177109,0.481275245440586,0.6485232866109588,0.8965109194657704
"Murray Hill, Manhattan",east_34th_street/west_to_east/001_n00267_E.jpg,n00267,east_34th_street,west_to_east,W,1,E,0.15456601716439636,0.23698270397536905,0.2102035984848485,0.8140479515828677,0.4116209397666351,0.8588471082267608,0.6727993053294258,0.874032471210119,0.17602790014684286,0.20058410654153797,0.5017523124503627,0.7588198276754505,0.42441360273813433,0.5090500217763909,2.207900794920344,0.9692961211071468,0.3,0.2,0.5,0.5489777957004311,0.43163318209144663,0.5489777957004311,0.43163318209144663,0.22640960772972038,0.5072677686042639,0.8965109194657704
"Murray Hill, Manhattan",east_34th_street/west_to_east/002_n00268_E.jpg,n00268,east_34th_street,west_to_east,W,2,E,0.1894281050605912,0.3594058011827654,0.2901174955737968,0.8134038800705468,0.22274617914490227,0.8228972543173065,0.7022144522144522,0.8712121212121212,0.1381364229765013,0.27965046727238446,0.7222812323942037,0.8206232740459218,0.42017543759547676,0.4931583180305309,2.1379819413683827,0.9795154276307377,0.3,0.2,0.5,0.6122571230894032,0.523264280914865,0.6122571230894032,0.523264280914865,0.4304781912143916,0.4913760165757819,0.9059628502929591
"Murray Hill, Manhattan",east_34th_street/west_to_east/003_n00269_E.jpg,n00269,east_34th_street,west_to_east,W,3,E,0.19697128921522758,0.3267184942716858,0.24532636248415715,0.7977878834592261,0.2630802670392796,0.8393626991565135,0.6801921375300215,0.850197720400093,0.13827361563517915,0.2563387153236902,0.662859788085115,0.7949684456066797,0.4092328765826003,0.4522690752334082,1.879227214714084,1.0,0.4,0.25,0.35,0.6067992770670855,0.4765909790904076,0.6067992770670855,0.4765909790904076,0.3636304283889331,0.4505031999627114,0.9418174915539306
"Murray Hill, Manhattan",east_34th_street/west_to_east/004_n00270_E.jpg,n00270,east_34th_street,west_to_east,W,4,E,0.19874096717131284,0.2900196243341744,0.22129364321341397,0.7749969937469938,0.23870348493797997,0.8234973161092433,0.7349685534591194,0.8135323644428879,0.18739092495636997,0.23668474490630037,0.6083107217237494,0.7832752910839671,0.4611797392077447,0.6428363468974154,1.1707212540674306,1.0,0.5,0.3,0.2,0.6635247827350093,0.4741838799186084,0.6635247827350093,0.4741838799186084,0.3109912739947568,0.6411974413705792,1.0
"Murray Hill, Manhattan",east_34th_street/west_to_east/005_n00271_E.jpg,n00271,east_34th_street,west_to_east,W,5,E,0.31168136954671444,0.37330767188744357,0.3392305532153889,0.8190595852576292,0.3668442077230359,0.8393669551708833,0.7147854203409759,0.8379104795358986,0.2227341214649977,0.34140653154984896,0.8451265933197558,0.7633752856901639,0.4687597709029868,0.6684973355223457,0.6417952185851507,1.0,0.55,0.35,0.1,0.7966641489970886,0.6677017386296374,0.7966641489970886,0.6677017386296374,0.6132922551543883,0.6669151678699757,1.0
"Murray Hill, Manhattan",east_34th_street/west_to_east/006_n00272_E.jpg,n00272,east_34th_street,west_to_east,W,6,E,0.34408103975438026,0.3480840773809524,0.32413592027141647,0.7579752935586778,0.35880594940227967,0.8007315219456584,0.6399598393574296,0.7975472646190567,0.10109504348737293,0.33876701246891633,0.8409353618691092,0.7322388695918182,0.3705274414224013,0.3160275212598589,0.7008658316809017,1.0,0.55,0.35,0.1,0.7264745447471097,0.6062500573982251,0.7264745447471097,0.6062500573982251,0.605753819898221,0.31448816967584914,1.0
"Murray Hill, Manhattan",east_34th_street/west_to_east/007_n00273_E.jpg,n00273,east_34th_street,west_to_east,W,7,E,0.36056655597220044,0.37170099160945846,0.33236707406246735,0.7699730980980982,0.4524691358024691,0.7801300524643464,0.7053419641689551,0.8183645748437924,0.16405740378343117,0.35487820721470875,0.865126505795654,0.7119561790464738,0.43469968397619313,0.5474803194328398,0.6986273992635299,1.0,0.55,0.35,0.1,0.7719501989059571,0.6598939644985318,0.7719501989059571,0.6598939644985318,0.6508624743119783,0.5457130746275095,1.0
"Murray Hill, Manhattan",east_34th_street/west_to_east/008_n00274_E.jpg,n00274,east_34th_street,west_to_east,W,8,E,0.2683059521268321,0.20836260048388353,0.18114035087719302,0.6100661430343117,0.5203004782699105,0.8219864426760979,0.6170329670329671,0.7664532794249775,0.07604928763958414,0.21926963449596953,0.55755268698655,0.6187396480631262,0.3465411273362756,0.2438137507690043,0.9679092981371156,1.0,0.5,0.3,0.2,0.48753632515423045,0.3376867366346079,0.48753632515423045,0.3376867366346079,0.26806339446413774,0.24250143613008224,1.0
"Murray Hill, Manhattan",east_34th_street/west_to_east/009_n00275_E.jpg,n00275,east_34th_street,west_to_east,W,9,E,0.292880884641236,0.2439368693881329,0.1543026706231454,0.6171468240194377,0.5301874563765082,0.7661219783715012,0.46003401360544216,0.7532747726922485,0.07970943198215925,0.23037347488417143,0.5901248923423635,0.613411380111726,0.26987172279380073,0.09263109969762787,0.9477462471733412,1.0,0.5,0.3,0.2,0.4122388137524334,0.29108876175265125,0.4122388137524334,0.29108876175265125,0.2949996099274948,0.09203348039198937,1.0
"Murray Hill, Manhattan",east_34th_street/west_to_east/010_n00276_E.jpg,n00276,east_34th_street,west_to_east,W,10,E,0.37013779095097554,0.348399906563887,0.2945954692556634,0.6826206355433504,0.5051493305870237,0.7923552979895542,0.6821505786595448,0.8013908744341197,0.1988336402701044,0.3377110555901753,0.8392330538889397,0.6596207264634821,0.4404921094648246,0.5689041820380235,0.9275831962095672,1.0,0.5,0.3,0.2,0.7223329125238841,0.6117692905242313,0.7223329125238841,0.6117692905242313,0.6027236454175144,0.567154456054254,1.0
"Murray Hill, Manhattan",east_34th_street/west_to_east/011_n00277_E.jpg,n00277,east_34th_street,west_to_east,W,11,E,0.3871800727143702,0.3593687414884242,0.3040946205571566,0.7366129994036971,0.47439266526512497,0.7909858113106045,0.6700917668346905,0.8123899163364157,0.21102006887543037,0.350214478253317,0.8584619459543738,0.6915367501583293,0.44055591785506043,0.5691389037745795,1.549998279886391,1.0,0.4,0.25,0.35,0.7043177461395175,0.6248149823782757,0.7043177461395175,0.6248149823782757,0.6380401038238975,0.5673894060276994,0.989496126402344
"Murray Hill, Manhattan",east_34th_street/west_to_east/012_n00278_E.jpg,n00278,east_34th_street,west_to_east,W,12,E,0.37238012945654575,0.35844434236717193,0.30335522926326636,0.6428425774877651,0.4422965537214017,0.7721643518518518,0.6560766003518744,0.7689618566512921,0.11242312423124234,0.3447265670289947,0.8502698129029407,0.6565026268058851,0.3842498622915584,0.36210209013839495,1.778187956861869,1.0,0.4,0.25,0.35,0.5911840145752606,0.5210968530749813,0.5911840145752606,0.5210968530749813,0.6226973095932581,0.3604565858185307,0.956200289341006
"Murray Hill, Manhattan",east_34th_street/west_to_east/013_n00279_E.jpg,n00279,east_34th_street,west_to_east,W,13,E,0.3634242368355638,0.3331634194230479,0.2486362750827976,0.7699730980980982,0.44234253065774803,0.7959736361263378,0.6703821656050956,0.806432372912461,0.14739267251067653,0.3150746437804698,0.7991348191417512,0.711354313450937,0.40888741905788606,0.45098573533577063,1.878414933514276,1.0,0.4,0.25,0.35,0.6353696936906748,0.5409088690074739,0.6353696936906748,0.5409088690074739,0.5362337976719844,0.4492207612597263,0.9419322516414043
"Murray Hill, Manhattan",east_34th_street/west_to_east/014_n00280_E.jpg,n00280,east_34th_street,west_to_east,W,14,E,0.3866630251597193,0.5202913279132791,0.3919594924353343,0.6582205029013539,0.3143115942028986,0.7848675034867504,0.7663531506425144,0.8126675194931773,0.2562714776632302,0.4329712818361109,0.942440597104835,0.7188588093972108,0.5113123141528724,0.7924380877108655,1.7941717324157451,1.0,0.4,0.25,0.35,0.8288966101768224,0.786027864148704,0.8288966101768224,0.786027864148704,0.826346086548088,0.7912627483884948,0.9539104817992146
"Murray Hill, Manhattan",east_34th_street/west_to_east/015_n00281_E.jpg,n00281,east_34th_street,west_to_east,W,15,E,0.34264514356039333,0.2993031043533352,0.2869428294573644,0.7643532918610679,0.41437067148449264,0.7809706921637912,0.7770719240598759,0.8274967081940646,0.2129463215911814,0.30963035912369763,0.7884427765827664,0.7258264428568799,0.49500912282552867,0.7493477877958993,1.9139474344249787,1.0,0.4,0.25,0.35,0.7586744671710752,0.6418904906184688,0.7586744671710752,0.6418904906184688,0.5199539688862879,0.7480060380295506,0.9369252256178836
"Murray Hill, Manhattan",east_34th_street/west_to_east/016_n00282_E.jpg,n00282,east_34th_street,west_to_east,W,16,E,0.3370798920639871,0.28031785980611484,0.22682873412176963,0.7623191239734064,0.41985252004581897,0.8202833031946956,0.7082568245807321,0.8085841792089604,0.20338683626085205,0.28140882866395717,0.7264938567827167,0.7170169277121825,0.4558218304207921,0.6241797591719245,1.4574079763955383,1.0,0.4,0.25,0.35,0.6866469877204523,0.5591019795108063,0.6866469877204523,0.5591019795108063,0.4356586987683285,0.6225055170883059,1.0
"Murray Hill, Manhattan",east_34th_street/west_to_east/017_n00283_E.jpg,n00283,east_34th_street,west_to_east,W,17,E,0.2732131858664869,0.26817146000314324,0.2142887691386537,0.7829147313492747,0.6429460580912862,0.8317600786627336,0.7190299387081565,0.8449085866304409,0.1599838969404187,0.2518911383360946,0.6508309313306112,0.6616257532961431,0.4395069178242876,0.5652762474293361,1.0315913494290696,1.0,0.5,0.3,0.2,0.635872378737685,0.46692792957791196,0.635872378737685,0.46692792957791196,0.35137234435305287,0.563523093815048,1.0
"Murray Hill, Manhattan",east_34th_street/west_to_east/018_n00284_E.jpg,n00284,east_34th_street,west_to_east,W,18,E,0.26829141536867734,0.2984094875456132,0.23410347551342806,0.7878643303261623,0.3517945053199936,0.8076206355433504,0.7837733914380928,0.8244393565809558,0.1094263792473511,0.26693479280923954,0.6906623174787866,0.7535030605290414,0.44659988534272194,0.5912169054413228,0.6057747224626009,1.0,0.55,0.35,0.1,0.7010526099327979,0.5143594960795879,0.7010526099327979,0.5143594960795879,0.3935322559136124,0.5894923942546123,1.0
"Murray Hill, Manhattan",east_34th_street/west_to_east/019_n00285_E.jpg,n00285,east_34th_street,west_to_east,W,19,E,0.3028685627315572,0.3128789766591909,0.2706027060270602,0.7148031312069166,0.5588962940523073,0.8185655937576201,0.7230206757438226,0.8233049343272986,0.1599924949072585,0.2954500818059361,0.7586698851838328,0.6597372571606359,0.44150658532554055,0.5726322378999144,1.0464316325353402,1.0,0.5,0.3,0.2,0.687721948080868,0.5452305658389685,0.687721948080868,0.5452305658389685,0.4774390702020242,0.5708862299804891,1.0
"Murray Hill, Manhattan",east_34th_street/west_to_east/020_n00286_E.jpg,n00286,east_34th_street,west_to_east,W,20,E,0.22687680436125707,0.29010643444605705,0.19367283950617287,0.6729166666666667,0.5724811150122354,0.7773411918795023,0.6295943024290983,0.7706743002544529,0.113788929239573,0.23688535943782896,0.6088841740966009,0.623703283969628,0.37169161583433563,0.31981420685045153,1.402306013708576,1.0,0.4,0.25,0.35,0.4889591700614505,0.3733429308101161,0.4889591700614505,0.3733429308101161,0.31150735040157795,0.31826499321217827,1.0
"Murray Hill, Manhattan",east_34th_street/west_to_east/021_n00287_E.jpg,n00287,east_34th_street,west_to_east,W,21,E,0.2797261719730199,0.2612925170068027,0.2681908548707754,0.720094608605495,0.30392383595436323,0.8292731629392972,0.7305795782127142,0.8019235810722244,0.06626760989177094,0.269736514616866,0.6977988816199605,0.739364784574452,0.3984235940522426,0.4124985340700281,1.6966815011061032,1.0,0.4,0.25,0.35,0.5889855517386959,0.4715041482970275,0.5889855517386959,0.4715041482970275,0.40158438259710605,0.4107714871849732,0.9679625196430749
"Murray Hill, Manhattan",east_34th_street/west_to_east/022_n00288_E.jpg,n00288,east_34th_street,west_to_east,W,22,E,0.2585773286944776,0.28197887250287623,0.21727172717271723,0.6202651515151515,0.3123096446700508,0.8135704874835309,0.5580206472106412,0.789906103286385,0.10662592473464139,0.25260930945669036,0.6527868297191036,0.6992872033771618,0.33232328597264127,0.2066643021450621,1.6260009723970543,1.0,0.4,0.25,0.35,0.4440331167906489,0.34667528982695917,0.4440331167906489,0.34667528982695917,0.35333899023021653,0.2054976036400634,0.9782795292797768
"Murray Hill, Manhattan",east_34th_street/west_to_east/023_n00289_E.jpg,n00289,east_34th_street,west_to_east,W,23,E,0.33797072066288547,0.32703737282159767,0.33180227471566054,0.658105996021597,0.42660984848484845,0.8186199412740968,0.7349685534591194,0.7996641393987763,0.10665162260906942,0.3322701227333812,0.830227643585731,0.6770534289785083,0.4208100880340944,0.49553794858552797,1.6440232436558695,1.0,0.4,0.25,0.35,0.6585845419405308,0.5725812692899253,0.6585845419405308,0.5725812692899253,0.5869898724751457,0.49375542508247844,0.9756384778625229
"Murray Hill, Manhattan",east_34th_street/west_to_east/024_n00290_E.jpg,n00290,east_34th_street,west_to_east,W,24,E,0.2196505848335375,0.2424953095684803,0.1779631299468992,0.7392827699917559,0.5125561978163135,0.8572572781724475,0.7243823779968358,0.8290396952686447,0.07366368651322049,0.21336967478297234,0.5400232122276276,0.6852554224813624,0.39902303225502816,0.41467928436178747,1.6452684618290123,1.0,0.4,0.25,0.35,0.5225494686569567,0.3861316433589945,0.5225494686569567,0.3861316433589945,0.2544021829730999,0.41294952476662367,0.9754562624659392
"Murray Hill, Manhattan",east_34th_street/west_to_east/025_n00291_E.jpg,n00291,east_34th_street,west_to_east,W,25,E,0.22270811587444578,0.24660141381185427,0.18924697538589905,0.7969969007160415,0.6740770681756939,0.862137828323856,0.7282546739626082,0.8377434243803744,0.13175287356321838,0.21951883502406636,0.5582902559230802,0.6535544189735739,0.4300037737629133,0.5299781525277975,2.7167265239992906,0.8980684590172329,0.3,0.2,0.5,0.5613624370570361,0.44999994670213855,0.5613624370570361,0.44999994670213855,0.2686505351628739,0.5282014589828787,0.8306317980692172
"Murray Hill, Manhattan",east_34th_street/west_to_east/026_n00292_E.jpg,n00292,east_34th_street,west_to_east,W,26,E,0.32521653897661623,0.4879069460919994,0.429220350181698,0.72708719851577,0.4644861452122062,0.8079844809598331,0.7727798939427889,0.8115657339977003,0.2951131393801103,0.4141146117501045,0.9288644324414358,0.6913889291004214,0.5339465166614497,0.8427982707550521,0.5894396713075362,1.0,0.55,0.35,0.1,0.8295622757920347,0.7595535036897565,0.8295622757920347,0.7595535036897565,0.7914469356782209,0.8418511888667431,1.0
"Murray Hill, Manhattan",east_34th_street/west_to_east/027_n00293_E.jpg,n00293,east_34th_street,west_to_east,W,27,E,0.34060241138823405,0.3800358905338717,0.31537861046057764,0.7511607761607761,0.3681311018131102,0.7884900670794633,0.7704496861852541,0.811626447601118,0.26229809104258445,0.34533897079422776,0.8512029958733935,0.7315520406495947,0.5163738886139193,0.8046490176407766,0.5901320476112383,1.0,0.55,0.35,0.1,0.8027211513469299,0.6768601359031198,0.8027211513469299,0.6768601359031198,0.6244223235653671,0.8035256801760535,1.0
"Murray Hill, Manhattan",east_34th_street/west_to_east/028_n00294_E.jpg,n00294,east_34th_street,west_to_east,W,28,E,0.3681283974764863,0.3460443801254221,0.34315068493150686,0.7388165921106141,0.3210063773526209,0.7622752420470263,0.7426470588235294,0.8194039913700109,0.09340911700539667,0.3524411541778051,0.8616775827945715,0.7457380687093347,0.41802808791446305,0.4851097339832739,0.596326346044944,1.0,0.55,0.35,0.1,0.7734439482722534,0.6588497700718274,0.7734439482722534,0.6588497700718274,0.6441879362759981,0.48332878195167384,1.0
"Murray Hill, Manhattan",east_34th_street/west_to_east/029_n00295_E.jpg,n00295,east_34th_street,west_to_east,W,29,E,0.2634817752962047,0.298042119118131,0.2300644567219153,0.7798642533936652,0.24752727643519937,0.8175949123145115,0.7641598119858989,0.8371545403271292,0.07169634489222121,0.26386278371208366,0.6827315345247168,0.7898305057618649,0.41792807843906005,0.4847350395020713,0.5884771453082882,1.0,0.55,0.35,0.1,0.6942642255075593,0.506276534738581,0.6942642255075593,0.506276534738581,0.3847694821340275,0.48295417279160835,1.0
"Murray Hill, Manhattan",east_34th_street/west_to_east/030_n00296_E.jpg,n00296,east_34th_street,west_to_east,W,30,E,0.31375718624388327,0.3508667388949079,0.33538697545526525,0.7703926052982656,0.33782788093132926,0.8030444818765986,0.7689123936537134,0.8431701030927835,0.1035441830896376,0.33333696686468545,0.8320244790791412,0.7585782758199066,0.43622828837167554,0.5531544691489063,2.1072034602989045,0.9840480822535964,0.3,0.2,0.5,0.6659845039894725,0.599798657964181,0.6659845039894725,0.599798657964181,0.5900900332557912,0.5513912262123556,0.9101551443453879
"Murray Hill, Manhattan",east_34th_street/west_to_east/031_n00297_E.jpg,n00297,east_34th_street,west_to_east,W,31,E,0.2501037299131676,0.25512334887334887,0.2250654186795491,0.6782386534415389,0.3519880174291939,0.8114114114114114,0.752116189967032,0.812389326494474,0.0663588629368097,0.2434308324886885,0.6274213083506269,0.712879987502273,0.40923752645192085,0.45228635339801815,0.574070097737624,1.0,0.55,0.35,0.1,0.6349721708085652,0.44472588622950915,0.6349721708085652,0.44472588622950915,0.32859731903960077,0.4505204661542252,1.0
"Murray Hill, Manhattan",east_34th_street/west_to_east/032_n00298_E.jpg,n00298,east_34th_street,west_to_east,W,32,E,0.27825121088938554,0.338396568497391,0.28082010582010586,0.7647810337020506,0.4778741383144318,0.807648831951771,0.710672148730783,0.8256240181532554,0.10109504348737293,0.2991559617356275,0.7667180886204806,0.7041769711802913,0.405883596109078,0.439856107064945,0.5567035821394108,1.0,0.55,0.35,0.1,0.703994618213037,0.54921536763804,0.703994618213037,0.54921536763804,0.48854338564319955,0.43809993253406143,1.0
"Murray Hill, Manhattan",east_34th_street/west_to_east/033_n00299_E.jpg,n00299,east_34th_street,west_to_east,W,33,E,0.26205639452441964,0.2569840857983048,0.23655450100661488,0.7638242894056848,0.6135612232849215,0.803984496124031,0.7183621241202814,0.827462749434002,0.11234115347018574,0.25186499377644644,0.6507596317336141,0.6592419385182551,0.41535163879523357,0.47508928714432463,0.4324516973805383,1.0,0.55,0.35,0.1,0.6334678029840146,0.45113231190982045,0.6334678029840146,0.45113231190982045,0.35130084446506105,0.47331130580908665,1.0
"Murray Hill, Manhattan",east_34th_street/west_to_east/034_n00300_E.jpg,n00300,east_34th_street,west_to_east,W,34,E,0.32927126671359813,0.2784547461368654,0.2905689548546691,0.4314212171355028,0.6775840668020763,0.7921355185909981,0.7103611876339149,0.7711411203447215,0.08283082077051929,0.29943165590171084,0.7673092991388257,0.5083260902260494,0.3965960042022171,0.405871278615592,0.4340061692338997,1.0,0.55,0.35,0.1,0.6233363104685697,0.4865247956474587,0.6233363104685697,0.4865247956474587,0.4893700644888576,0.4041528910550135,1.0
"Murray Hill, Manhattan",east_34th_street/west_to_east/035_n00301_E.jpg,n00301,east_34th_street,west_to_east,W,35,E,0.3550145332015499,0.34725723890289556,0.3501746085389208,0.532947462154942,0.6890619928594611,0.8117733627667403,0.6308591199895548,0.7799462593692548,0.15553471821504136,0.3508154602144554,0.8593359507313229,0.5412772428882452,0.3931969191022981,0.3936378206882331,0.4344493062260171,1.0,0.55,0.35,0.1,0.6760771226575721,0.5745224784660147,0.6760771226575721,0.5745224784660147,0.6397039650545399,0.3919370595725416,1.0
"Murray Hill, Manhattan",east_34th_street/west_to_east/036_n00302_E.jpg,n00302,east_34th_street,west_to_east,W,36,E,0.3404007751364561,0.33672735984666985,0.28106398809523814,0.5884891034079275,0.6062975226882511,0.7721540953262379,0.6496364332185228,0.7081927259092614,0.14190333831589438,0.3193973743594547,0.8073323124616316,0.5634614355429792,0.3957698857672086,0.40288664783480155,1.3094126792753136,1.0,0.4,0.25,0.35,0.5785634436470244,0.49515894881380274,0.5785634436470244,0.49515894881380274,0.5491068044346196,0.40117236422325026,1.0
"Murray Hill, Manhattan",east_34th_street/west_to_east/037_n00303_E.jpg,n00303,east_34th_street,west_to_east,W,37,E,0.3390528486234043,0.2940226528625785,0.24582295558322956,0.679970238095238,0.6228509585652443,0.7971568430228659,0.6218603661132396,0.7923728813559322,0.1741386467413865,0.2929661523564041,0.7531705024831039,0.6164973869619752,0.397999506427313,0.4109577737420767,2.18437605232461,0.9727225292166076,0.3,0.2,0.5,0.5345063128806378,0.46302344243992866,0.5345063128806378,0.46302344243992866,0.4700080009656117,0.40923268427308346,0.8996800359182009
"Murray Hill, Manhattan",east_34th_street/west_to_east/038_n00304_E.jpg,n00304,east_34th_street,west_to_east,W,38,E,0.24554507274089424,0.21973094170403593,0.1957297726070862,0.6844409649733242,0.7217659688674182,0.808821620920122,0.7099579887094656,0.789647150058162,0.13537117903930138,0.2203352623506721,0.560704851439306,0.5841073820546894,0.4226645838743835,0.5024921688904623,1.328572605713816,1.0,0.4,0.25,0.35,0.5451451510915282,0.40681443579146404,0.5451451510915282,0.40681443579146404,0.27057980700946443,0.500709459303148,1.0
"Murray Hill, Manhattan",east_34th_street/west_to_east/039_n00305_E.jpg,n00305,east_34th_street,west_to_east,W,39,E,0.36025043944245055,0.32011664015753993,0.33068829205906286,0.7267508610792192,0.700372757139247,0.8226107848371597,0.689162989704506,0.8060572551910554,0.2190892469432065,0.33701845721968443,0.8381085376324082,0.6108117863770092,0.45412611832385624,0.6181944902359854,0.7030886789642311,1.0,0.55,0.35,0.1,0.7277718474359075,0.6058093474415102,0.7277718474359075,0.6058093474415102,0.6007318620773908,0.6165099663411097,1.0
"Murray Hill, Manhattan",east_34th_street/west_to_east/040_n00306_E.jpg,n00306,east_34th_street,west_to_east,W,40,E,0.39141177685818257,0.3825309306078537,0.38950362590647664,0.7086204566950411,0.6280004528985508,0.8239901325932779,0.6686666666666666,0.799682264586944,0.2546092796092796,0.38781544445750427,0.9049765504276782,0.6267674227944782,0.4616379731379731,0.6444129351992925,0.6851645241255214,1.0,0.55,0.35,0.1,0.7692264330887617,0.6856788463815651,0.7692264330887617,0.6856788463815651,0.7345983040821249,0.6427772439502524,1.0
"Murray Hill, Manhattan",east_34th_street/west_to_east/041_n00307_E.jpg,n00307,east_34th_street,west_to_east,W,41,E,0.3382353955337349,0.29069865319865323,0.2527611443779109,0.7229592576482529,0.610050432276657,0.7982303732303732,0.6630527210884353,0.8180591338486075,0.2552345870492439,0.29389839770343296,0.755244312862371,0.6436559864067344,0.4591436540688396,0.6357939632173102,0.6888056744165885,1.0,0.55,0.35,0.1,0.7019538809339537,0.5423976527853588,0.7019538809339537,0.5423976527853588,0.4727955803404145,0.6341411341275217,1.0
"Murray Hill, Manhattan",east_34th_street/west_to_east/042_n00308_E.jpg,n00308,east_34th_street,west_to_east,W,42,E,0.305962266341566,0.28442745408208103,0.2186120521507032,0.7852895553257498,0.6000067503712704,0.8172432676201521,0.7361275866613944,0.8198958900792931,0.18309323026469895,0.2696672575247834,0.6976235972432678,0.6683928983445908,0.4596104084630467,0.6374136414237723,0.6854212663917486,1.0,0.55,0.35,0.1,0.6810749607162169,0.5023994595336008,0.6810749607162169,0.5023994595336008,0.4013846772525444,0.6357639517987393,1.0
"Murray Hill, Manhattan",east_34th_street/west_to_east/043_n00309_E.jpg,n00309,east_34th_street,west_to_east,W,43,E,0.29534493147428204,0.2884890798424633,0.2125308290646936,0.7263082920977658,0.6024450341167551,0.8111049519586104,0.7846030042918456,0.8278890237324704,0.14831089503864373,0.265454946793813,0.6868555369010614,0.6505840939044937,0.46645694966524465,0.6607984145626485,0.6831143529456192,1.0,0.55,0.35,0.1,0.6713346689786622,0.49115156487565753,0.6713346689786622,0.49115156487565753,0.38930212223292143,0.6591982347323359,1.0
"Murray Hill, Manhattan",east_34th_street/west_to_east/044_n00310_E.jpg,n00310,east_34th_street,west_to_east,W,44,E,0.36130391391041056,0.3344764210148825,0.30772268805444153,0.6435943534425356,0.640055773110241,0.7990185950413223,0.7676581448705342,0.7805171917709681,0.12000505816894287,0.33450100765991153,0.8339676677470528,0.5946852573677542,0.44383160151973855,0.5811446410474149,0.5391612300013943,1.0,0.55,0.35,0.1,0.7145966921755476,0.5924695738181506,0.7145966921755476,0.5924695738181506,0.5934644830409962,0.5794078668968755,1.0
"Murray Hill, Manhattan",east_34th_street/west_to_east/045_n00311_E.jpg,n00311,east_34th_street,west_to_east,W,45,E,0.3530031305711789,0.3407562658283119,0.3731767097082736,0.5359073098229968,0.6563559785581446,0.8204229797979798,0.7259032038173143,0.791931288937277,0.11996253543944917,0.3556453687025881,0.8661970727881987,0.5571608734007096,0.4229328696283817,0.503498204026046,0.4234952088697344,1.0,0.55,0.35,0.1,0.7030435006467886,0.6016216871109838,0.7030435006467886,0.6016216871109838,0.6529515202758418,0.5017155246249445,1.0
"Murray Hill, Manhattan",east_34th_street/west_to_east/046_n00312_E.jpg,n00312,east_34th_street,west_to_east,W,46,E,0.33369068259348694,0.30134653672849204,0.35495436766623206,0.6470588235294118,0.7280183727034121,0.8511647194576663,0.7126401837589514,0.7957520136307311,0.11878654970760234,0.329997195662737,0.8263485240783037,0.5715974881522436,0.4157133667332769,0.4764425794881553,0.422451609965888,1.0,0.55,0.35,0.1,0.687420463752498,0.5657893305003797,0.687420463752498,0.5657893305003797,0.5803621742248368,0.4746641133504471,1.0
"Murray Hill, Manhattan",east_34th_street/west_to_east/047_n00313_E.jpg,n00313,east_34th_street,west_to_east,W,47,E,0.2591538464208909,0.2813681027966742,0.2709010840108401,0.6820375512362818,0.6014024674115456,0.829608839935042,0.6914124709053043,0.8013687754065041,0.1109114668409017,0.2704743444094684,0.699662688977108,0.6273346197437468,0.401161968873103,0.42248744137343985,0.422451609965888,1.0,0.55,0.35,0.1,0.6403168239050245,0.4730070020839033,0.6403168239050245,0.4730070020839033,0.40371395751613554,0.4207485241185275,1.0
"Murray Hill, Manhattan",east_35th_street/east_to_west/001_n00360_W.jpg,n00360,east_35th_street,east_to_west,W,1,W,0.3621208906614886,0.3216151926376541,0.2459233693477391,0.4842276760953966,0.6527982779827798,0.782881738639571,0.5964602925809822,0.7420787839862985,0.10613634199752449,0.30988648421562726,0.78895498442647,0.5245027273663051,0.35129831728925337,0.2572090933200222,0.4872177512157724,1.0,0.55,0.35,0.1,0.6113910374496045,0.4862313221704744,0.6113910374496045,0.4862313221704744,0.5207210727649606,0.25584907327479345,1.0
"Murray Hill, Manhattan",east_35th_street/east_to_west/002_n00359_W.jpg,n00359,east_35th_street,east_to_west,W,2,W,0.4023480623369158,0.5213981244671783,0.32409696470265076,0.5234365833626656,0.6907646215969779,0.6993225638353309,0.5993217054263567,0.6973546633207862,0.10826601269474896,0.4159477171689149,0.930304267061649,0.5100088750288245,0.35379385906055283,0.2644255319669982,0.4872177512157724,1.0,0.55,0.35,0.1,0.66470095473884,0.609358431868331,0.66470095473884,0.609358431868331,0.7950545015871434,0.2630408668347647,1.0
"Murray Hill, Manhattan",east_35th_street/east_to_west/003_n00358_W.jpg,n00358,east_35th_street,east_to_west,W,3,W,0.39076706297456676,0.502592383107089,0.3123548536925222,0.3825801467748165,0.7401153792036022,0.6914218353282554,0.4971633483194177,0.6278631096739423,0.13019002993622278,0.4019047665913926,0.9185537552594292,0.42344262574838554,0.31367668912782026,0.1645371278677753,0.4872177512157724,1.0,0.55,0.35,0.1,0.5898098341740943,0.5335111520769582,0.5898098341740943,0.5335111520769582,0.7662311676338445,0.16355922195189462,1.0
"Murray Hill, Manhattan",east_35th_street/east_to_west/004_n00357_W.jpg,n00357,east_35th_street,east_to_west,W,4,W,0.42575460775964913,0.5552893649004133,0.44672131147540983,0.265215787532276,0.6626786625829505,0.5652591765873015,0.7106159716544017,0.45581155433287485,0.1407018694653985,0.47592176137849074,0.9648063295427114,0.35278289309406674,0.4256589205599001,0.513717508912056,0.4872177512157724,1.0,0.55,0.35,0.1,0.6370039818613099,0.6085645567783052,0.6370039818613099,0.6085645567783052,0.8884846494385931,0.5119359542682091,1.0
"Murray Hill, Manhattan",east_35th_street/east_to_west/005_n00356_W.jpg,n00356,east_35th_street,east_to_west,W,5,W,0.3825463958591027,0.40175876782183373,0.29265734265734267,0.22290577258279506,0.5535030103995622,0.5682823813354787,0.5663239074550129,0.4470574869347874,0.1546306854174585,0.35898750211275965,0.8707774166679707,0.3721534163726734,0.3604772964362357,0.28437946566842354,0.4872177512157724,1.0,0.55,0.35,0.1,0.5782178085925395,0.4970344217822653,0.5782178085925395,0.4970344217822653,0.6619830713627144,0.2829305021632588,1.0
"Murray Hill, Manhattan",east_35th_street/east_to_west/006_n00355_W.jpg,n00355,east_35th_street,east_to_west,W,6,W,0.4355137236550328,0.4784843329079824,0.3461175916106987,0.3289369856836884,0.6034434095399379,0.6368088056855608,0.7277819738167169,0.5389276711266241,0.24446310812492214,0.42003854939123797,0.9334207186974876,0.4214737490901248,0.4861225409708195,0.7234896753071327,,1.0,0.45,0.15,0.4,0.7482097463230432,0.6986375210075031,0.7482097463230432,0.6986375210075031,0.8029375999295933,0.7220608470465634,1.0
"Murray Hill, Manhattan",east_35th_street/east_to_west/007_n00354_W.jpg,n00354,east_35th_street,east_to_west,W,7,W,0.4249084996427971,0.4666956689868522,0.34837398373983736,0.3255255802649168,0.6518085495067591,0.7422933604336044,0.7510389195236953,0.6427531362007168,0.22804202843840438,0.41332605078982887,0.928236636575778,0.4388233889862915,0.48954047398104983,0.7336277751911483,,1.0,0.45,0.15,0.4,0.755057783323344,0.7016259049578405,0.755057783323344,0.7016259049578405,0.7898807219198772,0.7322319453045671,1.0
"Murray Hill, Manhattan",east_35th_street/east_to_west/008_n00353_W.jpg,n00353,east_35th_street,east_to_west,W,8,W,0.42897613453101524,0.5357737104825292,0.5085369057000264,0.46192406143344716,0.7055209097578871,0.7385808926080893,0.7259032038173143,0.6957501609787508,0.18735543562066312,0.4910955835711902,0.9704921505307594,0.4840511042181036,0.45662931971898874,0.6270167625035601,,1.0,0.45,0.15,0.4,0.7341617518299255,0.7107826890009697,0.7341617518299255,0.7107826890009697,0.9052904491975697,0.6253475729205596,1.0
"Murray Hill, Manhattan",east_35th_street/east_to_west/009_n00352_W.jpg,n00352,east_35th_street,east_to_west,W,9,W,0.364133531831751,0.3486206290634335,0.3018297181643795,0.48740770042194087,0.650890261627907,0.6589361310509848,0.6064319667260843,0.4996839443742099,0.14271083133493204,0.338194626353188,0.8400144393594308,0.4454004610560813,0.3745713990305082,0.32928315713962475,,,0.4,0.25,0.35,0.5164778455733381,0.4519144297446316,0.5164778455733381,0.4519144297446316,0.6041122935316654,0.3277101741723934,
"Murray Hill, Manhattan",east_35th_street/east_to_west/010_n00351_W.jpg,n00351,east_35th_street,east_to_west,W,10,W,0.3188927196097863,0.282584073880467,0.2700417386298215,0.41415410385259627,0.7566773504273504,0.7555483311660165,0.5674039686874203,0.5641748942172073,0.07479449436054293,0.29050617737335827,0.7476417337791547,0.4072172158808177,0.3210992315239816,0.18041896796076273,,,0.4,0.25,0.35,0.39051049938160304,0.3216412755775072,0.39051049938160304,0.3216412755775072,0.46266166715525925,0.1793669354289724,
"Murray Hill, Manhattan",east_35th_street/east_to_west/011_n00350_W.jpg,n00350,east_35th_street,east_to_west,W,11,W,0.29907735224888565,0.2643686502177068,0.14161399072903494,0.3281721178380886,0.6129236216489632,0.7020069808027923,0.43137813211845094,0.39111484325015994,0.061803001109359545,0.2350199977318758,0.6035406718176549,0.3687877798130951,0.24659056661390524,0.06716089986107593,0.7444018111178647,1.0,0.55,0.35,0.1,0.40782329702429204,0.2808717289703524,0.40782329702429204,0.2808717289703524,0.30672693875395096,0.06671552211481106,1.0
"Murray Hill, Manhattan",east_35th_street/east_to_west/012_n00349_W.jpg,n00349,east_35th_street,east_to_west,W,12,W,0.22338141075445964,0.20609974009096818,0.1369688809096349,0.5894722561389228,0.7011288858633992,0.7819595593174795,0.4412163470850281,0.5783671687404497,0.08283172819689673,0.18881667725168758,0.46650029304725565,0.4889035130053244,0.26202403764096244,0.08320019548086653,0.7444018111178647,1.0,0.55,0.35,0.1,0.39912515152376393,0.25214452597710246,0.39912515152376393,0.25214452597710246,0.2026350511553344,0.08265787794651719,1.0
"Murray Hill, Manhattan",east_35th_street/east_to_west/013_n00348_W.jpg,n00348,east_35th_street,east_to_west,W,13,W,0.3624883353757616,0.33075898322171815,0.28827160493827164,0.7966698058912782,0.8023625778499864,0.8275508974822311,0.6862728407672227,0.8223083821279739,0.28745104438642294,0.3271729745119171,0.821431415702317,0.6055385367230885,0.4868619425768228,0.7257029521047204,0.7444018111178647,1.0,0.55,0.35,0.1,0.729188371209804,0.597508842767813,0.729188371209804,0.597508842767813,0.5720866327117722,0.7242812021270599,1.0
"Murray Hill, Manhattan",east_35th_street/east_to_west/014_n00347_W.jpg,n00347,east_35th_street,east_to_west,W,14,W,0.38446619752105166,0.3410856508682596,0.3194905104109084,0.3776315789473684,0.5660157388516467,0.7313679245283019,0.5860040421538906,0.6082820688083846,0.21663279132791327,0.3483474529334065,0.8557177864630807,0.4732993029680354,0.4013184167409019,0.42306012524258013,0.7444018111178647,1.0,0.55,0.35,0.1,0.6482157357990249,0.5488760637891745,0.6482157357990249,0.5488760637891745,0.6328501094843775,0.42132057049178584,1.0
"Murray Hill, Manhattan",east_35th_street/east_to_west/015_n00346_W.jpg,n00346,east_35th_street,east_to_west,W,15,W,0.40523622381299024,0.3528754885538805,0.29072865687873845,0.5515690376569037,0.5030259017187122,0.7488339163751457,0.6389496717724289,0.6917651939431653,0.2664033701948394,0.349613456415203,0.8575833521739842,0.580102776627119,0.45267652098363415,0.61304924132193,0.7356365987901236,1.0,0.55,0.35,0.1,0.7232330336867822,0.6136172492970123,0.7232330336867822,0.6136172492970123,0.6363728157760773,0.6113562880590637,1.0
"Murray Hill, Manhattan",east_35th_street/east_to_west/016_n00345_W.jpg,n00345,east_35th_street,east_to_west,W,16,W,0.45736998943847346,0.6371849738468854,0.5535823637477035,0.5351589615438012,0.4269908056724326,0.6993319451674475,0.6389900461277009,0.6478900503290747,0.1815279229072332,0.5493791090110207,0.9851171248314999,0.5853527354001478,0.41025898451746706,0.456084641972721,0.6869485972133342,1.0,0.55,0.35,0.1,0.760184571232014,0.745121787092445,0.760184571232014,0.745121787092445,0.950585926525814,0.4543162259040038,1.0
"Murray Hill, Manhattan",east_35th_street/east_to_west/017_n00344_W.jpg,n00344,east_35th_street,east_to_west,W,17,W,0.44942450461914496,0.5035460992907801,0.38081805359661497,0.5509491903964266,0.47496216811115693,0.7855875394321766,0.6753992987923647,0.6611910721735503,0.27004931918087277,0.4445962191688466,0.9495571463735066,0.5790593648196067,0.47272430898661877,0.6815414259193897,0.8357136269027362,1.0,0.5,0.3,0.2,0.7660831884096888,0.7225449642096039,0.7660831884096888,0.7225449642096039,0.8454627064098442,0.6799917123042997,1.0
"Murray Hill, Manhattan",east_35th_street/east_to_west/018_n00343_W.jpg,n00343,east_35th_street,east_to_west,W,18,W,0.3874527615598647,0.3807873341891314,0.3477983037062855,0.5252836879432624,0.37936399514268365,0.7789176487093153,0.6167057749967411,0.4951180744777475,0.280685618729097,0.37201279981842716,0.8873699676313238,0.5470125890927754,0.448695696862919,0.5987922778639824,0.8917077589404254,1.0,0.5,0.3,0.2,0.7094255045730696,0.6279402392640531,0.7094255045730696,0.6279402392640531,0.6960265781543596,0.5970779448232678,1.0
"Murray Hill, Manhattan",east_35th_street/east_to_west/019_n00342_W.jpg,n00342,east_35th_street,east_to_west,W,19,W,0.3439179486088672,0.33029821559520894,0.26713648957956876,0.5483333333333333,0.44022044369559105,0.705515587529976,0.6083587952859014,0.5618140735958684,0.20970101781170483,0.3137842179278816,0.796637657350297,0.5566423210778703,0.4090299065488031,0.45151498399344014,0.8590480227361992,1.0,0.5,0.3,0.2,0.6386129426887523,0.5216487954151943,0.6386129426887523,0.5216487954151943,0.5323807654474587,0.44974963542225516,1.0
"Murray Hill, Manhattan",east_35th_street/east_to_west/020_n00341_W.jpg,n00341,east_35th_street,east_to_west,W,20,W,0.25463635025775505,0.266503888587448,0.19447534297367444,0.6972091052185495,0.6898845783905098,0.7925492938982148,0.6882022471910112,0.7444131455399061,0.14203233256351042,0.23853852727295916,0.613598145811014,0.5839125574559819,0.4151172898772608,0.4742127377171999,0.9684063477650092,1.0,0.5,0.3,0.2,0.5741706739138702,0.41158885225997144,0.5741706739138702,0.41158885225997144,0.31577784831034283,0.4724350843266367,1.0
"Murray Hill, Manhattan",east_35th_street/east_to_west/021_n00340_W.jpg,n00340,east_35th_street,east_to_west,W,21,W,0.4181369529721102,0.5098599336527828,0.44350282485875697,0.6146806126260739,0.6130374895197029,0.8016187956664148,0.7364856429463171,0.7808557611438184,0.3129673356946084,0.45716657049455,0.9563115024529386,0.594166294750063,0.5247264893204627,0.8235951341605228,0.8901621317330435,1.0,0.5,0.3,0.2,0.8046645113046594,0.7647210172683442,0.8046645113046594,0.7647210172683442,0.8641614803664024,0.8225567183379918,1.0
"Murray Hill, Manhattan",east_35th_street/east_to_west/022_n00339_W.jpg,n00339,east_35th_street,east_to_west,W,22,W,0.37702252695177774,0.3824053685645381,0.33022408963585437,0.4325359962842545,0.5344289192336191,0.7485294117647059,0.7137723387723388,0.7503184713375797,0.22274298630501263,0.36321732838405674,0.8763822206980977,0.5494751827960717,0.46825766253867573,0.6668261492526691,0.9116604700341636,1.0,0.5,0.3,0.2,0.721329557300062,0.6319269771592567,0.721329557300062,0.6319269771592567,0.673245719256497,0.6652399996535329,1.0
"Murray Hill, Manhattan",east_35th_street/east_to_west/023_n00338_W.jpg,n00338,east_35th_street,east_to_west,W,23,W,0.20189907159701645,0.3428424001179419,0.30482613908872896,0.6347982523772809,0.5465790719696969,0.797188149339768,0.6920262186585212,0.7944036751983772,0.17631330607109152,0.28318920360122907,0.7307183912628935,0.6275409518686537,0.43416976236480637,0.545510299928569,0.8981179241413015,1.0,0.5,0.3,0.2,0.6584582322318535,0.5111522504389262,0.6584582322318535,0.5111522504389262,0.4409184088009373,0.5437417732021661,1.0
"Murray Hill, Manhattan",east_35th_street/east_to_west/024_n00337_W.jpg,n00337,east_35th_street,east_to_west,W,24,W,0.3481025181230724,0.3298480576441103,0.3898750276487502,0.5987642212632406,0.4633989726027397,0.7836109235501537,0.7117653931534057,0.7956272474387679,0.14739267251067653,0.35594186780531095,0.8666089056647691,0.6436641653664229,0.42957903283204113,0.5283908018856174,0.7957831159216394,1.0,0.55,0.35,0.1,0.7432399100975091,0.6362958353465629,0.7432399100975091,0.6362958353465629,0.6537573420095729,0.5266134676306846,1.0
"Murray Hill, Manhattan",east_35th_street/east_to_west/025_n00336_W.jpg,n00336,east_35th_street,east_to_west,W,25,W,0.44752806314437427,0.5469263642340566,0.5516619183285849,0.5553143093465674,0.5947931358721203,0.7503266372693124,0.7224489795918368,0.785948020892329,0.2928372185694361,0.515372115235672,0.9777837685697227,0.5821563981222586,0.5076430990806364,0.783239673093165,0.6934483077019773,1.0,0.55,0.35,0.1,0.7976032353228775,0.7746511122638037,0.7976032353228775,0.7746511122638037,0.9274901232600543,0.7820265742423944,1.0
"Murray Hill, Manhattan",east_35th_street/east_to_west/026_n00335_W.jpg,n00335,east_35th_street,east_to_west,W,26,W,0.4576810760358312,0.6153604358759429,0.5511312724014337,0.647080129276719,0.6213510479041916,0.8079791901717438,0.7166544967749787,0.8060572551910554,0.2981934169615095,0.5413909281044026,0.9836443522822386,0.6105954455211943,0.5074239568682442,0.782681079537585,0.760263200980212,1.0,0.55,0.35,0.1,0.8136416769422047,0.7961877834867875,0.8136416769422047,0.7961877834867875,0.945883747510546,0.7814657267612051,1.0
"Murray Hill, Manhattan",east_35th_street/east_to_west/027_n00334_W.jpg,n00334,east_35th_street,east_to_west,W,27,W,0.38410453044013604,0.36945556111389033,0.34510456829068814,0.6897754338210276,0.6234918993450534,0.8090303709235748,0.740788662969809,0.7898383371824481,0.3396364702433304,0.36622155328157147,0.8802351277188712,0.6187072905528074,0.5402125666065697,0.8548537440713511,0.8935723147371282,1.0,0.5,0.3,0.2,0.7872692374700824,0.6923848883318805,0.7872692374700824,0.6923848883318805,0.6811262927965994,0.8539667072254485,1.0
"Murray Hill, Manhattan",east_35th_street/east_to_west/028_n00333_W.jpg,n00333,east_35th_street,east_to_west,W,28,W,0.4074304020938615,0.35365423609274443,0.31178107606679034,0.712063934208781,0.5797210181171502,0.8139600602863601,0.6281159964925468,0.8060572551910554,0.2712104755008448,0.3576219047511321,0.8689222346240033,0.6461333904275621,0.4496632359966958,0.6022738502101714,0.8734689033022448,1.0,0.5,0.3,0.2,0.7388323656164258,0.642721280576185,0.7388323656164258,0.642721280576185,0.6583065774733968,0.6005644700298386,1.0
"Murray Hill, Manhattan",east_35th_street/east_to_west/029_n00332_W.jpg,n00332,east_35th_street,east_to_west,W,29,W,0.4275212216160568,0.6013156276896594,0.5492946194225722,0.6991967132695609,0.6005335844318895,0.7938029805851792,0.7569725061405593,0.78243523686847,0.3275846082522021,0.5260438229094295,0.9804018213768413,0.6270327885687137,0.5422785571963807,0.8586568031053412,1.0960523774912836,1.0,0.5,0.3,0.2,0.8349357427469636,0.815490135202663,0.8349357427469636,0.815490135202663,0.9356449009082657,0.8577891415857336,1.0
"Murray Hill, Manhattan",east_35th_street/east_to_west/030_n00331_W.jpg,n00331,east_35th_street,east_to_west,W,30,W,0.4095830023070404,0.43224354418384275,0.41257635253054104,0.6892832880434782,0.6366857210908657,0.7950206652233812,0.7510389195236953,0.7877229080932784,0.32262934919776454,0.418134299673808,0.9319864671250627,0.6134401583486302,0.5368341343607299,0.8484521169069259,1.467330345856661,1.0,0.4,0.25,0.35,0.812318719528805,0.7636266913488999,0.812318719528805,0.7636266913488999,0.7992968696514549,0.847532935266959,1.0
"Murray Hill, Manhattan",east_35th_street/east_to_west/031_n00330_W.jpg,n00330,east_35th_street,east_to_west,W,31,W,0.27734745413557577,0.31050510036196116,0.2328071272272585,0.6881875159887438,0.7135130179684634,0.827287768868525,0.7279557137208382,0.7987194877951179,0.26441569183504665,0.2735532272415985,0.7073687315638423,0.5911313286051327,0.49618570277794244,0.7526480577111367,1.4713435465153937,1.0,0.4,0.25,0.35,0.691172608212534,0.5567848027146274,0.691172608212534,0.5567848027146274,0.41263880848373713,0.7513181115324462,1.0
"Murray Hill, Manhattan",east_35th_street/east_to_west/032_n00329_W.jpg,n00329,east_35th_street,east_to_west,W,32,W,0.40900420616327837,0.39229733039431786,0.3847448618001417,0.7063539989264628,0.5999112885340431,0.7987853444842692,0.7492956021070684,0.8160318311874106,0.34325101656253104,0.3953487994525793,0.9124709565780063,0.6408248471932767,0.5462733093347997,0.865774079249302,0.6993612470396625,1.0,0.55,0.35,0.1,0.8020837271019002,0.7209884018320686,0.8020837271019002,0.7209884018320686,0.7518455481587673,0.8649432364093469,1.0
"Murray Hill, Manhattan",east_35th_street/east_to_west/033_n00328_W.jpg,n00328,east_35th_street,east_to_west,W,33,W,0.44975084053331826,0.6141429669485011,0.5807466804621487,0.5842994131959353,0.6111956276763579,0.8079839568841262,0.7571925754060325,0.763566341538938,0.42682291666666666,0.5482134959813227,0.9849106533044325,0.5788900423528384,0.5920077460363495,0.9275813200348917,0.8299671202485772,1.0,0.5,0.3,0.2,0.8297507241303105,0.8147958736824619,0.8297507241303105,0.8147958736824619,0.9499247516286394,0.9271008431898311,1.0
"Murray Hill, Manhattan",east_35th_street/east_to_west/034_n00327_W.jpg,n00327,east_35th_street,east_to_west,W,34,W,0.37345612882508783,0.4372241835834069,0.3835757575757576,0.6581772982122077,0.5937659520163349,0.8264773692513044,0.7646702609782778,0.7825355272999253,0.3464396906698805,0.3980853566614174,0.9150584274448683,0.6156489578319326,0.5555549758240792,0.8811457018913572,0.8080981201891881,1.0,0.5,0.3,0.2,0.806369146945523,0.733749437550969,0.806369146945523,0.733749437550969,0.7579215907708942,0.880396863225257,1.0
"Murray Hill, Manhattan",east_35th_street/east_to_west/035_n00326_W.jpg,n00326,east_35th_street,east_to_west,W,35,W,0.3746544076916866,0.48326424074927066,0.5068609775641025,0.6036309523809523,0.5711623573258793,0.8386578259995981,0.7135209912185734,0.7960333006856023,0.36689093097035336,0.4549265420016866,0.9551745698603947,0.6095006319135584,0.5402059610944634,0.8548414495768422,0.839003493618956,1.0,0.5,0.3,0.2,0.8164145541113185,0.7749514112461968,0.8164145541113185,0.7749514112461968,0.8609750943733276,0.8539543504316133,1.0
"Murray Hill, Manhattan",east_35th_street/east_to_west/036_n00325_W.jpg,n00325,east_35th_street,east_to_west,W,36,W,0.34406623825082466,0.31419446742027385,0.27588168373151306,0.7507434301521437,0.569952774498229,0.8256452498627128,0.7054524502668608,0.8073535233570862,0.354109796784956,0.3113807964675372,0.7919252403941599,0.6627147263370002,0.5297811235259084,0.8343418458649668,0.8697945778087675,1.0,0.5,0.3,0.2,0.7585930929608019,0.617623733354586,0.7585930929608019,0.617623733354586,0.5251945282465118,0.8333538908545152,1.0
"Murray Hill, Manhattan",east_35th_street/east_to_west/037_n00324_W.jpg,n00324,east_35th_street,east_to_west,W,37,W,0.33808203070435433,0.3364427860696517,0.29374931038287544,0.7001887711606382,0.4836016096579477,0.7649295549151457,0.740788662969809,0.776428932726353,0.26815050344462105,0.32275804238562716,0.8135275839085746,0.6643386980763478,0.504469583207215,0.7750490166775607,0.9187027732026108,1.0,0.5,0.3,0.2,0.7581739189823863,0.6283133130453391,0.7581739189823863,0.6283133130453391,0.5590704761922672,0.7738033169606747,1.0
"Murray Hill, Manhattan",east_35th_street/east_to_west/038_n00323_W.jpg,n00323,east_35th_street,east_to_west,W,38,W,0.3604220119114783,0.39634628695738156,0.3756570966437525,0.6441358024691358,0.5925357873210634,0.8165232974910395,0.5978384527872583,0.7762506191183755,0.22082327239277913,0.37747513183753745,0.8937566751747458,0.6092835447554825,0.4093308625900187,0.45263319970426896,1.1983207609975022,1.0,0.5,0.3,0.2,0.6953520910718213,0.6191519331430895,0.6953520910718213,0.6191519331430895,0.7097140274637729,0.4508670730091439,1.0
"Murray Hill, Manhattan",east_35th_street/east_to_west/039_n00322_W.jpg,n00322,east_35th_street,east_to_west,W,39,W,0.44875574399466445,0.7103913373860182,0.6690420560747663,0.5955364601981143,0.5459537572254335,0.8000335795836131,0.7553550832097544,0.7722977277553621,0.17090264941466415,0.6093963791518163,0.9927014665471321,0.6072934769093477,0.4631288663122093,0.6495206851242552,1.1983207609975022,1.0,0.5,0.3,0.2,0.7869506780781623,0.7796427651528317,0.7869506780781623,0.7796427651528317,0.9753266933743638,0.647895651546617,1.0
"Murray Hill, Manhattan",east_35th_street/east_to_west/040_n00321_W.jpg,n00321,east_35th_street,east_to_west,W,40,W,0.3913240221602719,0.37645439204192205,0.3868975701436435,0.6993022732388026,0.38663883089770357,0.810434267081666,0.6836956521739129,0.8101817392383079,0.23619731057667445,0.3848919947819458,0.9019166017656381,0.7076150605264689,0.4599464813752937,0.6385779173715382,3.524237376675128,0.7956183988613766,0.15,0.15,0.7,0.682958390015965,0.6601263834363315,0.682958390015965,0.6601263834363315,0.7277026633728829,0.6369305076741093,0.7358747928263402
"Murray Hill, Manhattan",east_35th_street/east_to_west/041_n00320_W.jpg,n00320,east_35th_street,east_to_west,W,41,W,0.3400895662682618,0.3073714442013129,0.22069055036344754,0.5213543802104689,0.4339414040906578,0.77415611814346,0.40888766384907504,0.4855091383812011,0.10507708665603403,0.2893838536110074,0.7450922352072848,0.5243073715003375,0.2569823752525545,0.07761053486411389,3.524237376675128,0.7956183988613766,0.15,0.15,0.7,0.14511552377553938,0.13433798926854004,0.14511552377553938,0.13433798926854004,0.45931520554752786,0.07710158788697803,0.7358747928263402
"Murray Hill, Manhattan",east_35th_street/east_to_west/042_n00319_W.jpg,n00319,east_35th_street,east_to_west,W,42,W,0.39123668392442135,0.3738720806794055,0.31172703180212014,0.5506376037959669,0.4872279723991508,0.748435054773083,0.6043649151841125,0.6225455820476858,0.09874587458745876,0.358945265468649,0.8707203742614321,0.5619850711481673,0.35155539488578563,0.25794651286337394,1.5943074069383818,1.0,0.4,0.25,0.35,0.5098213971607286,0.4560059364040895,0.5098213971607286,0.4560059364040895,0.661869650843095,0.25658394053864236,0.9829413767369201
"Murray Hill, Manhattan",east_35th_street/east_to_west/043_n00318_W.jpg,n00318,east_35th_street,east_to_west,W,43,W,0.4123112240644197,0.42112217305801375,0.3824404761904762,0.5115162503357508,0.4727986741605419,0.6908186632317159,0.6792663153627888,0.6614707046714171,0.1115376238701949,0.4052912911043032,0.9215427656117844,0.5667294269488753,0.3954019696164919,0.40155972406939794,0.5952491592796717,1.0,0.55,0.35,0.1,0.7153853689903354,0.6493860257613737,0.7153853689903354,0.6493860257613737,0.7734314461081732,0.39984730572623123,1.0
"Murray Hill, Manhattan",east_35th_street/east_to_west/044_n00317_W.jpg,n00317,east_35th_street,east_to_west,W,44,W,0.4459593452944173,0.403285209192693,0.3346450954671331,0.5385604113110539,0.5008753501400561,0.7572420869839767,0.5804459843638948,0.525528811086798,0.15413793103448273,0.3946298833180811,0.9117794821107331,0.5210712907525986,0.36729195769918876,0.3056319322952157,0.9117313127875556,1.0,0.5,0.3,0.2,0.6195178108218525,0.5614049950454699,0.6195178108218525,0.5614049950454699,0.7502324823509644,0.3041207021509922,1.0
"Murray Hill, Manhattan",east_35th_street/east_to_west/045_n00316_W.jpg,n00316,east_35th_street,east_to_west,W,45,W,0.47855258313339244,0.7591929824561404,0.7790357362908195,0.5657914591821337,0.557043487786176,0.7913520316432937,0.7765151515151515,0.7788919706990968,0.378905844492889,0.6722604339601174,0.9965541236873452,0.5958799806983515,0.5777104980040202,0.9117874346777864,0.990862129926324,1.0,0.5,0.3,0.2,0.8390286762765151,0.8354169110887906,0.8390286762765151,0.8354169110887906,0.9882422956006374,0.9112122002631716,1.0
"Murray Hill, Manhattan",east_35th_street/east_to_west/046_n00315_W.jpg,n00315,east_35th_street,east_to_west,W,46,W,0.3730113142987265,0.5725567620927937,0.5854078597150463,0.6650345260514752,0.5107660455486543,0.7854827506367216,0.7450058326042578,0.7799280418665503,0.15383950190245596,0.5103253120355222,0.9764294337966839,0.6447321741231237,0.4494226672533569,0.6014091442548843,0.9509128021299744,1.0,0.5,0.3,0.2,0.7824709801956785,0.7604562514726141,0.7824709801956785,0.7604562514726141,0.9233102836667322,0.5996985177793632,1.0
"Murray Hill, Manhattan",east_35th_street/east_to_west/047_n00314_W.jpg,n00314,east_35th_street,east_to_west,W,47,W,0.16877614332400662,0.18009487124616594,0.14799266550858906,0.7604145149073882,0.5815469474739876,0.8082024076719038,0.7246487650124632,0.8208416109806754,0.15238177029657618,0.16562122669292054,0.3983019681506107,0.6665697261380252,0.4385152676545197,0.5616174553330318,2.7981120218524835,0.8871716452466608,0.3,0.2,0.5,0.5242677600121143,0.39915009805612117,0.5242677600121143,0.39915009805612117,0.1613454314128116,0.5598610353115979,0.8205532345425784
"Murray Hill, Manhattan",east_35th_street/west_to_east/001_n00314_E.jpg,n00314,east_35th_street,west_to_east,W,1,E,0.3513292904457445,0.36799161613893255,0.3587882612811612,0.7405913978494624,0.5598206141684402,0.8189435723377175,0.7416911945057642,0.8084118016321407,0.2546262478694911,0.35936972262194605,0.8712926478088654,0.6630608617710543,0.4981587211876276,0.7581164918096607,2.7981120218524835,0.8871716452466608,0.3,0.2,0.5,0.7695340936138093,0.7083678520854744,0.7695340936138093,0.7083678520854744,0.6630086223653632,0.7568064475605712,0.8205532345425784
"Murray Hill, Manhattan",east_35th_street/west_to_east/002_n00315_E.jpg,n00315,east_35th_street,west_to_east,W,2,E,0.4029328437673381,0.5453939855348305,0.551575816047596,0.5765151515151515,0.4887355920363255,0.795160154875044,0.6407867494824017,0.785212293350812,0.2454721001464908,0.49996754844992153,0.9733929226750196,0.6243306176098793,0.4431294248144462,0.5785786608030132,0.9509128021299744,1.0,0.5,0.3,0.2,0.7677873714611159,0.7435604404063798,0.7677873714611159,0.7435604404063798,0.914033108953583,0.5768389942385448,1.0
"Murray Hill, Manhattan",east_35th_street/west_to_east/003_n00316_E.jpg,n00316,east_35th_street,west_to_east,W,3,E,0.3880960826396462,0.38773678068049194,0.37761100687929955,0.5746099647710117,0.34338508492569003,0.803049421661409,0.5761494252873564,0.7649426596795018,0.26806212018906145,0.3844812900664792,0.9014797510456967,0.6653891798416078,0.42210577273820893,0.5003966476850777,0.990862129926324,1.0,0.5,0.3,0.2,0.7315829689402731,0.6563880211965863,0.7315829689402731,0.6563880211965863,0.7267249871305788,0.4986139215692389,1.0
"Murray Hill, Manhattan",east_35th_street/west_to_east/004_n00317_E.jpg,n00317,east_35th_street,west_to_east,W,4,E,0.4052792382975572,0.4005352582989589,0.5177366493155967,0.24742676167854313,0.36149847094801224,0.6017964071856287,0.465565509518477,0.3635453736654804,0.04626733395891983,0.44118371530403755,0.947559204111506,0.4164912214653371,0.25591642173869844,0.07647360910895254,0.9117313127875556,1.0,0.5,0.3,0.2,0.4475970857530502,0.4208825690484596,0.4475970857530502,0.4208825690484596,0.8400363500273387,0.07597150368180075,1.0
"Murray Hill, Manhattan",east_35th_street/west_to_east/005_n00318_E.jpg,n00318,east_35th_street,west_to_east,W,5,E,0.298781706190661,0.301279207335108,0.2970345868152275,0.5101648351648351,0.36540701907674394,0.6904355598894849,0.405297619047619,0.49098238913643116,0.07654702174192718,0.2990318334469988,0.7664515615770302,0.5452467350748407,0.2409223203947731,0.06202619687810603,0.5952491592796717,1.0,0.55,0.35,0.1,0.5290925951948348,0.4125620062740475,0.5290925951948348,0.4125620062740475,0.48817120270549075,0.06161262092868352,1.0
"Murray Hill, Manhattan",east_35th_street/west_to_east/006_n00319_E.jpg,n00319,east_35th_street,west_to_east,W,6,E,0.30594757102803266,0.3124015584846224,0.2865613901572806,0.4896201702685003,0.5543372319688108,0.6769856931425754,0.653282031044462,0.5181549503905424,0.1740502761808139,0.3016368398899786,0.7720005557893,0.4844792962300773,0.413666153612638,0.4687887101700081,1.5943074069383818,1.0,0.4,0.25,0.35,0.5770425671312119,0.48280432786193006,0.5770425671312119,0.48280432786193006,0.4959841008638964,0.4670133296277299,0.9829413767369201
"Murray Hill, Manhattan",east_35th_street/west_to_east/007_n00320_E.jpg,n00320,east_35th_street,west_to_east,W,7,E,0.36027567562418883,0.3139375,0.28676279553130685,0.6087373322377431,0.6162087589526829,0.7727949723917465,0.6891412111468381,0.7693330673582021,0.22360594795539032,0.32032532371849853,0.809058462474902,0.587287213547754,0.45637357955111424,0.6261191894643491,3.524237376675128,0.7956183988613766,0.15,0.15,0.7,0.6444429508680323,0.6073650134106225,0.6444429508680323,0.6073650134106225,0.5518622645327299,0.6244483889211625,0.7358747928263402
"Murray Hill, Manhattan",east_35th_street/west_to_east/008_n00321_E.jpg,n00321,east_35th_street,west_to_east,W,8,E,0.42691438657205305,0.5699985386526377,0.5472481827622014,0.5986321094312456,0.36039972899728995,0.7685365457937859,0.7333656957928802,0.7716395694985115,0.2068042813455658,0.514720369328964,0.9776132402830084,0.6699573166441557,0.47008498856922304,0.672887681206681,3.524237376675128,0.7956183988613766,0.15,0.15,0.7,0.7112003074387441,0.7043935333811283,0.7112003074387441,0.7043935333811283,0.9269623854123947,0.6713161649162569,0.7358747928263402
"Murray Hill, Manhattan",east_35th_street/west_to_east/009_n00322_E.jpg,n00322,east_35th_street,west_to_east,W,9,E,0.33696881799683187,0.3339515331355094,0.3374730021598272,0.743879472693032,0.587528441410694,0.8028596491228069,0.68562734082397,0.7984421681604781,0.24032557061754148,0.33613111776405613,0.8366585726901892,0.6515977331476053,0.46297645572075574,0.6490000780378083,1.1983207609975022,1.0,0.5,0.3,0.2,0.7377631376592276,0.6235037979128896,0.7377631376592276,0.6235037979128896,0.5981751705815156,0.6473739410947376,1.0
"Murray Hill, Manhattan",east_35th_street/west_to_east/010_n00323_E.jpg,n00323,east_35th_street,west_to_east,W,10,E,0.4138562579374178,0.4521653543307087,0.4312119584675976,0.6389752446747266,0.5927313080871134,0.8007934886255278,0.7635553986189579,0.78243523686847,0.33088816439438845,0.43241119024524133,0.942074916181979,0.609559724485361,0.5472217815066732,0.8674188121186865,1.1983207609975022,1.0,0.5,0.3,0.2,0.813192504145148,0.761018323493074,0.813192504145148,0.761018323493074,0.8253795042456622,0.8665965812826759,1.0
"Murray Hill, Manhattan",east_35th_street/west_to_east/011_n00324_E.jpg,n00324,east_35th_street,west_to_east,W,11,E,0.34461317696840044,0.349752380952381,0.31114115128985015,0.6792879622344611,0.6644691186675918,0.8139527578841563,0.7425194494314781,0.791759203176526,0.3748335893497184,0.3351689030702105,0.8350744657340246,0.6021926822477983,0.5586765193905983,0.8859625513123665,0.9187027732026108,1.0,0.5,0.3,0.2,0.7660662287360739,0.6467494521333418,0.7660662287360739,0.6467494521333418,0.5953966978356277,0.8852401085276144,1.0
"Murray Hill, Manhattan",east_35th_street/west_to_east/012_n00325_E.jpg,n00325,east_35th_street,west_to_east,W,12,E,0.4319101264255213,0.5202459922609176,0.5339615233608167,0.5497400756143667,0.5679914127133731,0.8250767656090071,0.7320235231221598,0.7728172097330975,0.41057271328836825,0.4953725473490852,0.9719269489706468,0.5848552908780303,0.571298118205264,0.9037385148757511,0.8697945778087675,1.0,0.5,0.3,0.2,0.8225075577329181,0.7955886370719164,0.8225075577329181,0.7955886370719164,0.909600318426278,0.9031163705347173,1.0
"Murray Hill, Manhattan",east_35th_street/west_to_east/013_n00326_E.jpg,n00326,east_35th_street,west_to_east,W,13,E,0.48143537427250244,0.6935390295358649,0.6442414174972314,0.5615284974093265,0.621091592089272,0.8187428243398392,0.7838876026099769,0.7935912465806956,0.3893725607925547,0.6064052737685328,0.9924367574658469,0.5780093839669167,0.5866300817012658,0.9219722955145276,0.839003493618956,1.0,0.5,0.3,0.2,0.8315252883935458,0.8238628054708098,0.8315252883935458,0.8238628054708098,0.9744480423088006,0.9214577555136072,1.0
"Murray Hill, Manhattan",east_35th_street/west_to_east/014_n00327_E.jpg,n00327,east_35th_street,west_to_east,W,14,E,0.46221616727327836,0.6043686303753417,0.5981311975591153,0.5511904761904761,0.6095668485675306,0.8209521112579448,0.7688116540490938,0.8012434061793519,0.43352788586251617,0.5549053317359117,0.9860587515829748,0.5809556779340991,0.601169769955805,0.936287782610672,0.8080981201891881,1.0,0.5,0.3,0.2,0.8326762303792864,0.81878607013083,0.8326762303792864,0.81878607013083,0.9536094291545246,0.9358610763766521,1.0
"Murray Hill, Manhattan",east_35th_street/west_to_east/015_n00328_E.jpg,n00328,east_35th_street,west_to_east,W,15,E,0.3839802964115307,0.47051114023591084,0.38670199343931366,0.6724485679709561,0.5945764660789575,0.8055613126079447,0.7521400445129259,0.7643390530664124,0.3593734631651421,0.4137311433622517,0.9285597782940539,0.6140703849861369,0.555756753839034,0.8814623133857081,0.8299671202485772,1.0,0.5,0.3,0.2,0.8117291263745959,0.74891869701589,0.8117291263745959,0.74891869701589,0.7906863795690043,0.8807151994769643,1.0
"Murray Hill, Manhattan",east_35th_street/west_to_east/016_n00329_E.jpg,n00329,east_35th_street,west_to_east,W,16,E,0.269235778443552,0.27988110137672084,0.2481774338268282,0.7813464837049743,0.6740427927927928,0.8221203915850864,0.6980220492866408,0.8079312519709871,0.20237268518518517,0.26576477121570036,0.687654643894179,0.6384116476277228,0.45019736723591297,0.6041914560704098,0.6993612470396625,1.0,0.55,0.35,0.1,0.6613882083674566,0.48414958696918764,0.6613882083674566,0.48414958696918764,0.39018639927911486,0.6024848778523425,1.0
"Murray Hill, Manhattan",east_35th_street/west_to_east/017_n00330_E.jpg,n00330,east_35th_street,west_to_east,W,17,E,0.3960988238619243,0.4483382691674893,0.4355716878402904,0.7441846941149105,0.51489417989418,0.797179326655537,0.7290919952210274,0.794470554724774,0.2863328745125029,0.42666959362323464,0.938198570297761,0.6745870229818348,0.5077124348667652,0.7834161936233424,1.4713435465153937,1.0,0.4,0.25,0.35,0.8111007311071244,0.7663595754180574,0.8111007311071244,0.7663595754180574,0.8152255758298598,0.7822038079640433,1.0
"Murray Hill, Manhattan",east_35th_street/west_to_east/018_n00331_E.jpg,n00331,east_35th_street,west_to_east,W,18,E,0.4528828778827632,0.6031012326252294,0.5662418494368703,0.6576057989553353,0.560968606431853,0.7850725887595228,0.6960392441860465,0.7863158627410037,0.3289998146088246,0.5407419866482877,0.9835185961487192,0.6276510184214954,0.5125195293974355,0.7954007586394957,1.467330345856661,1.0,0.4,0.25,0.35,0.816108103380603,0.8029229794129842,0.816108103380603,0.8029229794129842,0.9454837469181464,0.7942378396131275,1.0
"Murray Hill, Manhattan",east_35th_street/west_to_east/019_n00332_E.jpg,n00332,east_35th_street,west_to_east,W,19,E,0.30106021624953927,0.25203252032520324,0.2088235294117647,0.5259426489226869,0.3114835382784609,0.7996432818073722,0.47210515753562105,0.7521843867385268,0.25183898651409886,0.253972088662169,0.6564840974386776,0.6555478324609176,0.3619720720248599,0.2889644168711445,1.0960523774912836,1.0,0.5,0.3,0.2,0.5568808636066673,0.4102936701355629,0.5568808636066673,0.4102936701355629,0.3570844759404931,0.28750147759751665,1.0
"Murray Hill, Manhattan",east_35th_street/west_to_east/020_n00333_E.jpg,n00333,east_35th_street,west_to_east,W,20,E,0.37480282102699397,0.3485071806500378,0.3238038683406854,0.6581189151599444,0.49859747545582045,0.8034320366427973,0.6091051271589828,0.7752739483916579,0.33684666474155356,0.34903795667257237,0.8567378094557448,0.6449317960319272,0.4729758959502682,0.6823599409302498,0.8734689033022448,1.0,0.5,0.3,0.2,0.7517627594716896,0.6467983894671079,0.7517627594716896,0.6467983894671079,0.6347732510385468,0.6808123450212106,1.0
"Murray Hill, Manhattan",east_35th_street/west_to_east/021_n00334_E.jpg,n00334,east_35th_street,west_to_east,W,21,E,0.41933937716167,0.46330463304633046,0.5117340843147296,0.5797029702970297,0.4559335002782415,0.7835942596216569,0.7560661764705882,0.762222742892846,0.2898968280100977,0.4647926981742433,0.9599792030539838,0.6286640709705447,0.5229815022403429,0.819760031802126,0.8935723147371282,1.0,0.5,0.3,0.2,0.8192073731859055,0.7817059382515658,0.8192073731859055,0.7817059382515658,0.8745504566101355,0.8187040099564862,1.0
"Murray Hill, Manhattan",east_35th_street/west_to_east/022_n00335_E.jpg,n00335,east_35th_street,west_to_east,W,22,E,0.37523919091066776,0.317993907745866,0.34267125134843585,0.5326881218905473,0.5505189255189255,0.7834347690387017,0.6575306708431219,0.7517472798030339,0.27787878787878784,0.34530145000165646,0.8511459598480877,0.5779721587248852,0.46770472936095486,0.6649809372268904,0.760263200980212,1.0,0.55,0.35,0.1,0.7251879251871741,0.6113882327367095,0.7251879251871741,0.6113882327367095,0.6243167255479479,0.6633904374622954,1.0
"Murray Hill, Manhattan",east_35th_street/west_to_east/023_n00336_E.jpg,n00336,east_35th_street,west_to_east,W,23,E,0.3449499363643773,0.29344248094248093,0.27059773828756056,0.7034269048487057,0.6876213003396409,0.8264650155636758,0.7355684948660155,0.8035811423390752,0.2797138861998494,0.3029967185314729,0.7748601195746994,0.6064622489493801,0.5076411905329324,0.7832348126902243,0.6934483077019773,1.0,0.55,0.35,0.1,0.7119399087143097,0.5594575100656347,0.7119399087143097,0.5594575100656347,0.5000636504297651,0.7820216942084143,1.0
"Murray Hill, Manhattan",east_35th_street/west_to_east/024_n00337_E.jpg,n00337,east_35th_street,west_to_east,W,24,E,0.3470462935691346,0.32222222222222224,0.32510797764227645,0.7682789470296711,0.6345082090676306,0.824478761978762,0.7291144527986634,0.8221426439868695,0.32859698979054835,0.33145883114454444,0.8288510129805781,0.6519711273163034,0.5288557212946059,0.8324143569188798,0.7957831159216394,1.0,0.55,0.35,0.1,0.7623878093689624,0.6291373771984066,0.7623878093689624,0.6291373771984066,0.5846276866924646,0.8314172293747358,1.0
"Murray Hill, Manhattan",east_35th_street/west_to_east/025_n00338_E.jpg,n00338,east_35th_street,west_to_east,W,25,E,0.3710377743896461,0.3588135894699395,0.3821040276748208,0.49104826154644526,0.4041625124626121,0.7400392156862745,0.7214768948515079,0.7422698524244554,0.2582474858964925,0.37065179717813546,0.8857273149643209,0.6097185338360962,0.4898621903740002,0.7345697492684354,0.8981179241413015,1.0,0.5,0.3,0.2,0.7627732354850603,0.6742319612316543,0.7627732354850603,0.6742319612316543,0.6925601309098697,0.7331770601949053,1.0
"Murray Hill, Manhattan",east_35th_street/west_to_east/026_n00339_E.jpg,n00339,east_35th_street,west_to_east,W,26,E,0.3560632670029388,0.3565538194444444,0.3583514624123761,0.6045054812673172,0.5597919837645865,0.8014264264264265,0.7517762369457285,0.7884079708592243,0.3794652128764278,0.35698951628658643,0.8680554911070008,0.6110404894539849,0.5656207249110782,0.8960709251673852,0.9116604700341636,1.0,0.5,0.3,0.2,0.7862546342062577,0.6837140799998653,0.7862546342062577,0.6837140799998653,0.6565975464012616,0.8954049601143282,1.0
"Murray Hill, Manhattan",east_35th_street/west_to_east/027_n00340_E.jpg,n00340,east_35th_street,west_to_east,W,27,E,0.30703818037237823,0.3386032444322244,0.32411489645958586,0.639819674337236,0.6074903371984539,0.7717761274851087,0.719117465032801,0.7327638804148872,0.2557785888077859,0.3232521070880628,0.814425310629891,0.5883644058512231,0.4874480269202935,0.7274494486509149,0.8901621317330435,1.0,0.5,0.3,0.2,0.7222376300775686,0.5989426344265518,0.7222376300775686,0.5989426344265518,0.5605314669531861,0.7260333336991304,1.0
"Murray Hill, Manhattan",east_35th_street/west_to_east/028_n00341_E.jpg,n00341,east_35th_street,west_to_east,W,28,E,0.3648249778262348,0.34977772289454184,0.307187696170747,0.629656357388316,0.38387165320866984,0.7769682132587238,0.5548327137546468,0.7090745732255166,0.21060120953397368,0.3405967989638412,0.8438505162120711,0.6516197591350542,0.38271696164431024,0.35680797307138257,0.9684063477650092,1.0,0.5,0.3,0.2,0.6573822049934663,0.5588582393057003,0.6573822049934663,0.5588582393057003,0.6109852522387039,0.3551731316243204,1.0
"Murray Hill, Manhattan",east_35th_street/west_to_east/029_n00342_E.jpg,n00342,east_35th_street,west_to_east,W,29,E,0.3704496352269377,0.34746131107633454,0.3328179358330112,0.6615273336378865,0.35940629470672386,0.78660178090702,0.5981094334752871,0.7367218732153056,0.2409868340100898,0.3502429607120945,0.8585034700117308,0.6796143040488227,0.41954813374268846,0.4908065377840974,0.8590480227361992,1.0,0.5,0.3,0.2,0.7157013700472389,0.6165889435457567,0.7157013700472389,0.6165889435457567,0.6381190346524137,0.48902453511337307,1.0
"Murray Hill, Manhattan",east_35th_street/west_to_east/030_n00343_E.jpg,n00343,east_35th_street,west_to_east,W,30,E,0.44471793637415546,0.5453535353535354,0.5389387539598732,0.5927210312456214,0.45917893619843486,0.7825457370911916,0.6957206372730641,0.7010434134525806,0.36941354410616706,0.509670075229188,0.9762477910236692,0.6115285028332557,0.5325670906896156,0.8400373977960615,0.8917077589404254,1.0,0.5,0.3,0.2,0.823312610527938,0.800253864920902,0.823312610527938,0.800253864920902,0.9227516719814777,0.8390768586103613,1.0
"Murray Hill, Manhattan",east_35th_street/west_to_east/031_n00344_E.jpg,n00344,east_35th_street,west_to_east,W,31,E,0.41713278497544803,0.47010613999731293,0.4174280879864636,0.5326812606738085,0.6014025777103867,0.7245252431681334,0.6100850190559953,0.6309162621359223,0.21689497716894976,0.4348890043197415,0.9436763134341548,0.520731648366448,0.41348999811247256,0.4681307557030792,0.8357136269027362,1.0,0.5,0.3,0.2,0.6862291370830234,0.6429366695387155,0.6862291370830234,0.6429366695387155,0.8296236048588976,0.4663556793826535,1.0
"Murray Hill, Manhattan",east_35th_street/west_to_east/032_n00345_E.jpg,n00345,east_35th_street,west_to_east,W,32,E,0.4247402214869947,0.4156227721763927,0.3870863911420111,0.49327628361858183,0.6272749937671405,0.7817124024751143,0.7041146979701639,0.6496586629001883,0.30285754504504503,0.4091497949351328,0.9248258160425091,0.5052199842505432,0.5034861215076045,0.7724666161392797,0.6869485972133342,1.0,0.55,0.35,0.1,0.7350876454901611,0.6699290524678021,0.7350876454901611,0.6699290524678021,0.7814423438423957,0.7712108373819443,1.0
"Murray Hill, Manhattan",east_35th_street/west_to_east/033_n00346_E.jpg,n00346,east_35th_street,west_to_east,W,33,E,0.36560288555989523,0.3217234808384501,0.3089977338277709,0.5613646312103304,0.6034977812581571,0.7291666666666666,0.5847609561752988,0.6960831334932055,0.24925515433202242,0.3321080334087054,0.8299533101564598,0.5513166611484596,0.4170080552536606,0.48128894895187846,0.7356365987901236,1.0,0.55,0.35,0.1,0.6810993939111705,0.5625030774180826,0.6810993939111705,0.5625030774180826,0.58651824367128,0.4795089608025783,1.0
"Murray Hill, Manhattan",east_35th_street/west_to_east/034_n00347_E.jpg,n00347,east_35th_street,west_to_east,W,34,E,0.3441812176389871,0.27942961165048547,0.23757730859458315,0.6426005747126436,0.6945909517112049,0.7806914056914057,0.6891955412301907,0.7499123729407641,0.10084692597239649,0.2870627126280186,0.7397659726285046,0.5659739986474009,0.3950212336012936,0.40018808163929753,0.7444018111178647,1.0,0.55,0.35,0.1,0.6334423214191562,0.48312536949129364,0.6334423214191562,0.48312536949129364,0.4524061636479022,0.3984776177648408,1.0
"Murray Hill, Manhattan",east_35th_street/west_to_east/035_n00348_E.jpg,n00348,east_35th_street,west_to_east,W,35,E,0.34430971802250154,0.27768010626660417,0.2283089862771138,0.27079322294955716,0.8074673351564874,0.7615768167456557,0.5096777018742337,0.5249881291547958,0.06118272078035184,0.2834329368554065,0.7312935126124775,0.3294380056492885,0.28543021132729274,0.11419929838535492,0.7444018111178647,1.0,0.55,0.35,0.1,0.45944929032805404,0.3479365594552629,0.45944929032805404,0.3479365594552629,0.4416395232550389,0.11347993228074899,1.0
"Murray Hill, Manhattan",east_35th_street/west_to_east/036_n00349_E.jpg,n00349,east_35th_street,west_to_east,W,36,E,0.3553164706912468,0.3128576737272389,0.21698070271254322,0.17805432255337142,0.6597472924187726,0.6821598404663293,0.5398903305529812,0.40906874695270595,0.1004909641700616,0.29505161571034294,0.7577933413312952,0.3091252590291016,0.3201906473615214,0.17841248090767248,0.7444018111178647,1.0,0.55,0.35,0.1,0.47911804452355683,0.370887632373305,0.47911804452355683,0.370887632373305,0.4762462366771282,0.17736961626727132,1.0
"Murray Hill, Manhattan",east_35th_street/west_to_east/037_n00350_E.jpg,n00350,east_35th_street,west_to_east,W,37,E,0.3568572630320325,0.280510961505265,0.24639724310776945,0.3328203374373005,0.5951604132680804,0.7052901546470678,0.5548327137546468,0.549029022620572,0.11899955136832663,0.29458848921502234,0.7567718392084737,0.42889631559659736,0.3369161325614867,0.2181878659887502,0.7444018111178647,1.0,0.55,0.35,0.1,0.5478190108945808,0.42371635214853204,0.5478190108945808,0.42371635214853204,0.4748601795157698,0.2169739048222108,1.0
"Murray Hill, Manhattan",east_35th_street/west_to_east/038_n00351_E.jpg,n00351,east_35th_street,west_to_east,W,38,E,0.2844166196489122,0.28604700854700854,0.2227349883301506,0.483476668259277,0.5282535244087149,0.7292136520823936,0.7342032137247795,0.6450201088242252,0.1703734671125976,0.2643995388420238,0.6841250826247476,0.5334144175582625,0.45228834041868854,0.6116670732693651,,,0.4,0.25,0.35,0.6181596862835832,0.49135165656705754,0.6181596862835832,0.49135165656705754,0.38629534987727965,0.6099719201171825,
"Murray Hill, Manhattan",east_35th_street/west_to_east/039_n00352_E.jpg,n00352,east_35th_street,west_to_east,W,39,E,0.3944393797811014,0.3612261627405298,0.3205705705705706,0.5634818989071038,0.5121418910611091,0.7450843783867471,0.7069295322719981,0.7455823293172692,0.2800998948475289,0.3587453710307339,0.8704501172855659,0.5989741123877546,0.4935147135597635,0.7451139739741199,,,0.4,0.25,0.35,0.7508056226468921,0.6722346978162851,0.7508056226468921,0.6722346978162851,0.6613326103539349,0.7437573104252425,
"Murray Hill, Manhattan",east_35th_street/west_to_east/040_n00353_E.jpg,n00353,east_35th_street,west_to_east,W,40,E,0.43150703306217886,0.4098067632850242,0.3919138693728858,0.2344251766217084,0.49423910563540957,0.7504193625688953,0.7607758620689656,0.6370743571924948,0.2806900389538119,0.4110758885733629,0.9264170154347116,0.4590868093929312,0.5207329505113888,0.8147227104857049,,1.0,0.45,0.15,0.4,0.7920472430077078,0.7349198057060123,0.7920472430077078,0.7349198057060123,0.7853641530143918,0.8136438844076463,1.0
"Murray Hill, Manhattan",east_35th_street/west_to_east/041_n00354_E.jpg,n00354,east_35th_street,west_to_east,W,41,E,0.37596426143879663,0.33987485779294646,0.30553370049829526,0.4742773150416462,0.4999081557678178,0.7616306669831475,0.7444215906257791,0.7295312162454094,0.3170391061452514,0.34045760657667945,0.8436302985213439,0.567966791839746,0.5307303483855152,0.8363004531149743,,1.0,0.45,0.15,0.4,0.7922492749055746,0.6846628421417695,0.7922492749055746,0.6846628421417695,0.6105881759642795,0.8353218733889597,1.0
"Murray Hill, Manhattan",east_35th_street/west_to_east/042_n00355_E.jpg,n00355,east_35th_street,west_to_east,W,42,E,0.37015662846053193,0.3259968324948761,0.28519915310308325,0.49011489107729034,0.43744001096942275,0.7228783902012248,0.668139097744361,0.7444863609982587,0.2571040276748209,0.32711753801949706,0.8213338165125795,0.5990537470353754,0.4626215627095909,0.6477864543021609,,1.0,0.45,0.15,0.4,0.712404214781087,0.6047243564761444,0.712404214781087,0.6047243564761444,0.5719237723278169,0.6461577602825367,1.0
"Murray Hill, Manhattan",east_35th_street/west_to_east/043_n00356_E.jpg,n00356,east_35th_street,west_to_east,W,43,E,0.34666256429090025,0.3596455990001785,0.2851946519858435,0.2791142898425083,0.3344676346037508,0.7235723452037215,0.6952463018813729,0.6634412385643912,0.1200607902735562,0.33050093842564077,0.8272142383374819,0.5360292979343829,0.40765354607746457,0.44640745939308063,0.4872177512157724,1.0,0.55,0.35,0.1,0.6681577798539453,0.5503725561374234,0.6681577798539453,0.5503725561374234,0.5818336446914206,0.44464589145924477,1.0
"Murray Hill, Manhattan",east_35th_street/west_to_east/044_n00357_E.jpg,n00357,east_35th_street,west_to_east,W,44,E,0.3540120041762601,0.37699915824915825,0.32576046837215217,0.4622467771639042,0.34063692591130407,0.7794535267480236,0.6800419883516186,0.7517584097859328,0.14192357577571582,0.3522572102658568,0.8614142828875802,0.6244560870128444,0.4109827820636672,0.45877920274507183,0.4872177512157724,1.0,0.55,0.35,0.1,0.7226910494967668,0.6154422989008625,0.7226910494967668,0.6154422989008625,0.6436818343510865,0.45700911732932176,1.0
"Murray Hill, Manhattan",east_35th_street/west_to_east/045_n00358_E.jpg,n00358,east_35th_street,west_to_east,W,45,E,0.2670175636131779,0.20622804647392598,0.1863951557769313,0.4113724113724114,0.2926706827309237,0.7662191015849552,0.4810258092738408,0.7140753828032981,0.09808488612836437,0.21988025528801172,0.5593595085184562,0.6109257038149285,0.2895553477011026,0.12060962890794069,0.4872177512157724,1.0,0.55,0.35,0.1,0.4948393196574212,0.33095742136967715,0.4948393196574212,0.33095742136967715,0.26950352076236783,0.11985534646246505,1.0
"Murray Hill, Manhattan",east_35th_street/west_to_east/046_n00359_E.jpg,n00359,east_35th_street,west_to_east,W,46,E,0.2363441518293772,0.2212593150799632,0.13816189896530737,0.6542194928684627,0.4178749610227627,0.8163148068361338,0.5520770316596088,0.7808557611438184,0.10320858441695742,0.19858845529154923,0.49576546711973407,0.6724000976631728,0.3276428080382831,0.19539035330794027,0.4872177512157724,1.0,0.55,0.35,0.1,0.5025299850070449,0.32304705923807053,0.5025299850070449,0.32304705923807053,0.22224268905235792,0.1942717149890129,1.0
"Murray Hill, Manhattan",east_35th_street/west_to_east/047_n00360_E.jpg,n00360,east_35th_street,west_to_east,W,47,E,0.353850892161621,0.3133475139590534,0.24703264094955482,0.5315007785363517,0.3700980392156863,0.6402601473123335,0.7642256102641006,0.7782445839238713,0.07091868404717568,0.3047436823567431,0.7784961695289734,0.6465491077481789,0.4175721471556382,0.4834016531077822,0.4872177512157724,1.0,0.55,0.35,0.1,0.6955564912263249,0.5481952257159451,0.6955564912263249,0.5481952257159451,0.5053043429014461,0.48162110625600885,1.0
"Murray Hill, Manhattan",east_36th_street/east_to_west/001_n00407_W.jpg,n00407,east_36th_street,east_to_west,W,1,W,0.3893301556514703,0.4282642413987592,0.39344066785927256,0.3959160052910053,0.6942522106881969,0.7829780282610471,0.4717676767676768,0.6360520904729268,0.08066165314334721,0.40367835496983395,0.9201318819434048,0.445905295025245,0.276214664955512,0.10094394470075793,,,0.4,0.25,0.35,0.3542246535629096,0.32912820554303546,0.3542246535629096,0.32912820554303546,0.7700217884304433,0.10029862247715685,
"Murray Hill, Manhattan",east_36th_street/east_to_west/002_n00406_W.jpg,n00406,east_36th_street,east_to_west,W,2,W,0.4423631947620269,0.6057482993197278,0.5669031615633556,0.06802125568251631,0.6812218468468468,0.702260778128286,0.44133109619686794,0.676194310252281,0.16640243096842386,0.53833821854837,0.9830444416425911,0.35433123969598346,0.3038667635826459,0.14529396622765778,,,0.4,0.25,0.35,0.3900931053025191,0.3829982530757376,0.3900931053025191,0.3829982530757376,0.9439776939021103,0.14441066078210943,
"Murray Hill, Manhattan",east_36th_street/east_to_west/003_n00405_W.jpg,n00405,east_36th_street,east_to_west,W,3,W,0.43170056378037674,0.41978387364921027,0.3782589342490144,0.1766773317820438,0.7254202610042025,0.6739004629629629,0.5325807090512974,0.4497395833333333,0.11170212765957448,0.40991445722620046,0.9254612740906979,0.3003322180370582,0.3221414183554359,0.18274211765473278,,1.0,0.45,0.15,0.4,0.40854223696162534,0.3780566258365397,0.40854223696162534,0.3780566258365397,0.7830054581045389,0.18167954159657848,1.0
"Murray Hill, Manhattan",east_36th_street/east_to_west/004_n00404_W.jpg,n00404,east_36th_street,east_to_west,W,4,W,0.45522557116545614,0.4450039032006245,0.3687428353076041,0.08003169572107767,0.698462249971095,0.6227415191740412,0.47614010343206403,0.3860677083333333,0.0711685644950532,0.4229907698912282,0.9355888425462506,0.25587905136110534,0.2736543339635586,0.09751155609582522,,,0.4,0.25,0.35,0.30662836481816447,0.2885812491921587,0.30662836481816447,0.2885812491921587,0.8084830221976758,0.09688581206399544,
"Murray Hill, Manhattan",east_36th_street/east_to_west/005_n00403_W.jpg,n00403,east_36th_street,east_to_west,W,5,W,0.48996800593685097,0.6428207090028054,0.5748706338939199,0.1890313390313391,0.7544394281414597,0.5932819854514334,0.6579120589784097,0.4399813482547295,0.09235777930089102,0.5692197829445254,0.9882332081363568,0.29152441971486964,0.37513491913965036,0.3311526937420282,,,0.4,0.25,0.35,0.49673231566178544,0.4903177653530249,0.49673231566178544,0.4903177653530249,0.9606430897004221,0.3295751683887651,
"Murray Hill, Manhattan",east_36th_street/east_to_west/006_n00402_W.jpg,n00402,east_36th_street,east_to_west,W,6,W,0.4646555525840862,0.4918166405842463,0.40459170530654304,0.047925608011444965,0.7391646277525341,0.6070956160241874,0.6862766109444206,0.30577539099302803,0.07134180527004297,0.45368796615829177,0.9545338752065257,0.2048454570839796,0.3788092081072318,0.3434715197660162,,,0.4,0.25,0.35,0.4542917798364771,0.434851346357501,0.4542917798364771,0.434851346357501,0.8591864856888105,0.3418653054899408,
"Murray Hill, Manhattan",east_36th_street/east_to_west/007_n00401_W.jpg,n00401,east_36th_street,east_to_west,W,7,W,0.44355044432997576,0.5157226806701676,0.40219166038683757,0.10187159440890785,0.7765813355004741,0.6461996873778819,0.6705822912719465,0.37986242884250476,0.11472213996643969,0.45382159512899367,0.9546034167993734,0.23505089591697947,0.39265221561919306,0.39168931953570874,,,0.4,0.25,0.35,0.4923220381651686,0.4713396502487469,0.4923220381651686,0.4713396502487469,0.8593803792919368,0.3899915625128162,
"Murray Hill, Manhattan",east_36th_street/east_to_west/008_n00400_W.jpg,n00400,east_36th_street,east_to_west,W,8,W,0.3749328985810412,0.3341125779244591,0.27774631936579847,0.13719775474956822,0.7812521082102138,0.6615646258503401,0.7616570073761855,0.43204320432043203,0.06182748538011695,0.3289305986237662,0.824504208464454,0.2626629502865955,0.4117422463781512,0.461609135512049,,,0.4,0.25,0.35,0.5056184273649924,0.4378288147465626,0.5056184273649924,0.4378288147465626,0.5772418742777855,0.459837408267333,
"Murray Hill, Manhattan",east_36th_street/east_to_west/009_n00399_W.jpg,n00399,east_36th_street,east_to_west,W,9,W,0.32198835338955034,0.31083964811427583,0.26590518300171945,0.262155537890832,0.7641566695229934,0.8203926818384649,0.7516969507101087,0.6663916391639165,0.06325301204819274,0.2995777281685152,0.7676221194535375,0.3881301691772517,0.4074749813791507,0.44574563016989455,,,0.4,0.25,0.35,0.5351602225451229,0.4465123676360959,0.5351602225451229,0.4465123676360959,0.4898080912726533,0.4439845793256111,
"Murray Hill, Manhattan",east_36th_street/east_to_west/010_n00398_W.jpg,n00398,east_36th_street,east_to_west,W,10,W,0.38307948397014546,0.38543911637931033,0.3378787878787879,0.4119758110093817,0.7736675078381893,0.8107692877239745,0.7456714383094751,0.7534231350582378,0.15016417572463767,0.36879912940941456,0.8834577450236151,0.46391047940981006,0.4479178070170564,0.5959858697886574,,,0.4,0.25,0.35,0.6552626982662768,0.5922277423324195,0.6552626982662768,0.5922277423324195,0.687806322152628,0.59426767047306,
"Murray Hill, Manhattan",east_36th_street/east_to_west/011_n00397_W.jpg,n00397,east_36th_street,east_to_west,W,11,W,0.3290488251809049,0.3068422445738486,0.23534919585811856,0.5509959901694477,0.7006878306878307,0.7973990761197028,0.7058976357495453,0.7664532794249775,0.14147223135064083,0.2904134218709573,0.7474316697552748,0.5389204796355315,0.42368493355009307,0.5063181644925094,,,0.4,0.25,0.35,0.6009772028700823,0.49533019442704823,0.6009772028700823,0.49533019442704823,0.4623849639586452,0.5045356466467308,
"Murray Hill, Manhattan",east_36th_street/east_to_west/012_n00396_W.jpg,n00396,east_36th_street,east_to_west,W,12,W,0.34802493820425595,0.31315208285736046,0.28574861812064406,0.6294135248354279,0.6680240793201134,0.8340765154452631,0.6793393136836109,0.7750545743203016,0.18497454230310906,0.31564187972742014,0.8002252161157434,0.5788146732785386,0.43215692799336,0.5380149756686122,,,0.4,0.25,0.35,0.6422406695589365,0.547268253013592,0.6422406695589365,0.547268253013592,0.5379261449746454,0.5362420779961542,
"Murray Hill, Manhattan",east_36th_street/east_to_west/013_n00395_W.jpg,n00395,east_36th_street,east_to_west,W,13,W,0.2786305760737942,0.23135485047410645,0.2309846698113207,0.6389003863134657,0.556117203564085,0.7941108468754129,0.6363834830339322,0.7873092226379238,0.15034496962207808,0.24699003211974047,0.6373499103236403,0.6233641351291015,0.39336422632800516,0.39423699142345786,0.5783371110039258,1.0,0.55,0.35,0.1,0.6027583457311239,0.4251224057739689,0.6027583457311239,0.4251224057739689,0.3380881711371844,0.3925353173992682,1.0
"Murray Hill, Manhattan",east_36th_street/east_to_west/014_n00394_W.jpg,n00394,east_36th_street,east_to_west,W,14,W,0.3725124740749296,0.31537832310838443,0.24354634894846106,0.4973087274125336,0.4098031059345535,0.6381999688036188,0.7135209912185734,0.7541898405635892,0.14784535452322736,0.3104790487105917,0.7901365312667334,0.6138984873471898,0.43068317287090035,0.5325159433722808,0.5783371110039258,1.0,0.55,0.35,0.1,0.6953496437045329,0.5536909016264006,0.6953496437045329,0.5536909016264006,0.5224954442301978,0.5307403488670678,1.0
"Murray Hill, Manhattan",east_36th_street/east_to_west/015_n00393_W.jpg,n00393,east_36th_street,east_to_west,W,15,W,0.22308417048763657,0.2948826518267602,0.2511635220125786,0.5579555555555556,0.4105765699596034,0.7873740716229135,0.6258006898250801,0.7789010989010988,0.1457178065311152,0.2563767814423251,0.662961863171701,0.642093361499017,0.38575924817809765,0.367347907725371,0.5783371110039258,1.0,0.55,0.35,0.1,0.617996222547689,0.4440209737306183,0.617996222547689,0.4440209737306183,0.363736138495953,0.36569223091759967,1.0
"Murray Hill, Manhattan",east_36th_street/east_to_west/016_n00392_W.jpg,n00392,east_36th_street,east_to_west,W,16,W,0.24991222750630365,0.24747251668629758,0.20942355889724315,0.6462443372789712,0.502100073046019,0.7821666300928974,0.6831319592513623,0.7905803052076917,0.21500454486430334,0.23560276769661476,0.6052127919218386,0.644908189813548,0.4490682520578328,0.6001340739684041,0.5783371110039258,1.0,0.55,0.35,0.1,0.6182990014960614,0.4264767499609897,0.6182990014960614,0.4264767499609897,0.30821602643620183,0.5984216292398286,1.0
"Murray Hill, Manhattan",east_36th_street/east_to_west/017_n00391_W.jpg,n00391,east_36th_street,east_to_west,W,17,W,0.3248598796131045,0.3254496612940902,0.2529889538661469,0.5053102525505938,0.5045115845849342,0.7789176487093153,0.639969777106158,0.7503169371196754,0.19873324244489887,0.3010994982577805,0.7708635988878924,0.5837052016951116,0.41935150977552843,0.4900694677061917,0.964334769267952,1.0,0.5,0.3,0.2,0.6477364956853654,0.5183465785766844,0.6477364956853654,0.5183465785766844,0.49437222728288055,0.4882875749088712,1.0
"Murray Hill, Manhattan",east_36th_street/east_to_west/018_n00390_W.jpg,n00390,east_36th_street,east_to_west,W,18,W,0.3571853122270986,0.34410681399631676,0.29086666666666666,0.5144703981195828,0.5363175675675675,0.7178944748631159,0.6770190095653227,0.7309881602914391,0.151133659025429,0.33071959763002734,0.8275889541296142,0.5697136636144848,0.4140763342953758,0.47032118355334795,0.9773571304302604,1.0,0.5,0.3,0.2,0.6608200954891099,0.5539681147683443,0.6608200954891099,0.5539681147683443,0.5824719132264436,0.46854511835396656,1.0
"Murray Hill, Manhattan",east_36th_street/east_to_west/019_n00389_W.jpg,n00389,east_36th_street,east_to_west,W,19,W,0.35691503206450625,0.316641206797785,0.27110034385745546,0.5398021308980212,0.3946698488464599,0.691151744430433,0.6437814521926671,0.7196452286093721,0.13037422474508564,0.3148855275732489,0.7987702923562625,0.6215925035536445,0.3870778384688764,0.37195652258178713,1.0865652553570189,1.0,0.5,0.3,0.2,0.6358594329294481,0.5202463747922204,0.6358594329294481,0.5202463747922204,0.5356693823423742,0.3702922318536439,1.0
"Murray Hill, Manhattan",east_36th_street/east_to_west/020_n00388_W.jpg,n00388,east_36th_street,east_to_west,W,20,W,0.18402099663311566,0.18201848667239898,0.13522513687995427,0.5718918918918918,0.3272011909825607,0.7550873832894421,0.6348883129705047,0.7076261597646526,0.11812541918175719,0.16708820672848962,0.4025282986683896,0.6507722868913278,0.376506866076131,0.3357265252011566,1.8942252348887127,1.0,0.4,0.25,0.35,0.42596195249630914,0.29675295408294877,0.42596195249630914,0.29675295408294877,0.16374167405602266,0.3341380962734435,0.9397010634530429
"Murray Hill, Manhattan",east_36th_street/east_to_west/021_n00387_W.jpg,n00387,east_36th_street,east_to_west,W,21,W,0.2741771879092827,0.23652461568398522,0.18451373212942057,0.653191489361702,0.49750092558311737,0.759530088707744,0.6900517707965643,0.7832417222876588,0.14593114241001562,0.23173851190756284,0.5940810244758143,0.6463107620220812,0.41799145660328996,0.4849724895211544,2.046333000609999,0.993074144959523,0.3,0.2,0.5,0.5458842116013016,0.4431954965818046,0.5458842116013016,0.4431954965818046,0.29841773182315207,0.4831915685089833,0.918503432963734
"Murray Hill, Manhattan",east_36th_street/east_to_west/022_n00386_W.jpg,n00386,east_36th_street,east_to_west,W,22,W,0.20644299643579783,0.14571257705400684,0.16702087465759896,0.6628191675410983,0.6449088407292741,0.8386230928611792,0.524264442052386,0.7966514748702367,0.15842115534738488,0.17305881604913453,0.41987313471884574,0.6048539338940202,0.34134279869988543,0.22972617373078938,2.0511800832368547,0.9923523805099301,0.3,0.2,0.5,0.33409560897397256,0.2557108635800707,0.33409560897397256,0.2557108635800707,0.17379015459332706,0.22846677550845032,0.9178358663695306
"Murray Hill, Manhattan",east_36th_street/east_to_west/023_n00385_W.jpg,n00385,east_36th_street,east_to_west,W,23,W,0.23591681673346326,0.2621174135589679,0.20865808200609962,0.7987751531058618,0.5972281601824142,0.8365776081424937,0.5358445217967844,0.8479119831051162,0.1849335215907754,0.23556410409951026,0.6051019316685902,0.6831529920095212,0.3603890216937799,0.2841100736614175,1.4206602577749965,1.0,0.4,0.25,0.35,0.4787196241514719,0.36480382844295506,0.4787196241514719,0.36480382844295506,0.3081171095204643,0.2826619405947799,1.0
"Murray Hill, Manhattan",east_36th_street/east_to_west/024_n00384_W.jpg,n00384,east_36th_street,east_to_west,W,24,W,0.24882533914783622,0.2649267655564885,0.2036147501213003,0.6939822518025514,0.4668362258128865,0.7934104789456766,0.36361044588892694,0.7766923228734952,0.1523364485981308,0.23912228494187499,0.6152576939389465,0.66794611628772,0.2579734472435289,0.07868145991141075,0.7901404323131382,1.0,0.55,0.35,0.1,0.5154993481592645,0.3579026033302962,0.5154993481592645,0.3579026033302962,0.3172933334225664,0.07816608525823047,1.0
"Murray Hill, Manhattan",east_36th_street/east_to_west/025_n00383_W.jpg,n00383,east_36th_street,east_to_west,W,25,W,0.24357430999531315,0.22787534435261714,0.21920579864816792,0.741920405982906,0.5435653134493235,0.8012028502320717,0.5580556936847341,0.8029912325941208,0.3118604651162791,0.2302184843320327,0.5896749523178518,0.6671154417092344,0.43495807940050657,0.548440386565516,0.7450054202533136,1.0,0.55,0.35,0.1,0.6112519601759886,0.41718787611174096,0.6112519601759886,0.41718787611174096,0.29461294784098213,0.546673786569936,1.0
"Murray Hill, Manhattan",east_36th_street/east_to_west/026_n00382_W.jpg,n00382,east_36th_street,east_to_west,W,26,W,0.35318879541298354,0.45353302611367136,0.5817455439459126,0.7648889314438913,0.5093882495457299,0.8114157993061116,0.762415670974559,0.812387522495501,0.39621403066582656,0.4628224551575225,0.9590609189238098,0.6892960681312207,0.5793148508201927,0.9137039480839507,0.6893613090454969,1.0,0.55,0.35,0.1,0.8502330590668699,0.8067920617674345,0.8502330590668699,0.8067920617674345,0.8719334935189332,0.9131400206962371,1.0
"Murray Hill, Manhattan",east_36th_street/east_to_west/027_n00381_W.jpg,n00381,east_36th_street,east_to_west,W,27,W,0.3804565498986688,0.4002357182473655,0.37592729970326405,0.6156188605108056,0.3845556455969746,0.7984451297866872,0.7219232149264442,0.7518102526125237,0.2806532663316583,0.3855398559497661,0.9026021973387971,0.6609578225087849,0.5012882406290513,0.7666200704888793,0.7553153258325368,1.0,0.55,0.35,0.1,0.7962360607530089,0.707986965615108,0.7962360607530089,0.707986965615108,0.7292404293418445,0.7653418262750613,1.0
"Murray Hill, Manhattan",east_36th_street/east_to_west/028_n00380_W.jpg,n00380,east_36th_street,east_to_west,W,28,W,0.35165438743673183,0.3271022309389557,0.2513986468904501,0.5339802587701747,0.3507989963021658,0.7511331106870229,0.7233449477351916,0.7553881807647741,0.23908802731041212,0.3100517550887125,0.7892850163412108,0.6461898144109277,0.4812164875228019,0.7085283470847827,0.8933914040140251,1.0,0.5,0.3,0.2,0.7274387095740907,0.5908909851059151,0.7274387095740907,0.5908909851059151,0.5212160133482764,0.7070535118985153,1.0
"Murray Hill, Manhattan",east_36th_street/east_to_west/029_n00379_W.jpg,n00379,east_36th_street,east_to_west,W,29,W,0.3635239996742817,0.3692602616147947,0.2547195810941161,0.5417383820998279,0.49313687223523295,0.7752686984687869,0.7551020408163266,0.6615461301431939,0.29087584025306445,0.32916794746106415,0.8249159516628899,0.5700492133359296,0.5229889405346955,0.8197765167268065,1.2751840581544005,1.0,0.4,0.25,0.35,0.7504735390633666,0.650620458295675,0.7504735390633666,0.650620458295675,0.5779367742896936,0.8187205701074723,1.0
"Murray Hill, Manhattan",east_36th_street/east_to_west/030_n00378_W.jpg,n00378,east_36th_street,east_to_west,W,30,W,0.376871944840958,0.3811720021703744,0.37910206718346257,0.6658268010451661,0.6339711492608489,0.8082763045337895,0.7301332381632167,0.7824263282426328,0.280685618729097,0.3790486713982649,0.8955363881927736,0.6047606600089833,0.5054094284461569,0.7774973850579346,0.9319214116010428,1.0,0.5,0.3,0.2,0.7738494276018266,0.6905587671567971,0.7738494276018266,0.6905587671567971,0.7135887367472381,0.7762613296076034,1.0
"Murray Hill, Manhattan",east_36th_street/east_to_west/031_n00377_W.jpg,n00377,east_36th_street,east_to_west,W,31,W,0.3880279690393307,0.3675421126877438,0.40000585617240575,0.7296968562874252,0.6533137583892618,0.8334369602763386,0.698112669631657,0.8147122800079099,0.34458657167530227,0.3851919792998267,0.9022345918738411,0.6303651259686911,0.5213496206534796,0.8161149393127313,0.858473913924433,1.0,0.5,0.3,0.2,0.7941227833995971,0.7133509556315197,0.7941227833995971,0.7133509556315197,0.7284153869686258,0.8150423794978261,1.0
"Murray Hill, Manhattan",east_36th_street/east_to_west/032_n00376_W.jpg,n00376,east_36th_street,east_to_west,W,32,W,0.4391591508743981,0.5918693982074265,0.570655354008192,0.6769144589429287,0.4711190078037904,0.8231665736780113,0.767167051578137,0.7968540829986613,0.40740107195803404,0.5338946343633388,0.9821323737311597,0.6675498447125998,0.5872840617680856,0.9226750845641782,0.8233632186648216,1.0,0.5,0.3,0.2,0.8638530716307317,0.8455171430212736,0.8638530716307317,0.8455171430212736,0.941090092544804,0.922164787733013,1.0
"Murray Hill, Manhattan",east_36th_street/east_to_west/033_n00375_W.jpg,n00375,east_36th_street,east_to_west,W,33,W,0.4304380613092376,0.6009394052507154,0.5894567436018213,0.6475650713685978,0.42970777003960126,0.7976142742582196,0.7526294498381877,0.792279411764706,0.41152231777231774,0.5402780700539247,0.983428113064961,0.6700455710312341,0.5820758838052527,0.9169140601269207,0.8216789318767402,1.0,0.5,0.3,0.2,0.8643076129329129,0.8472398130566633,0.8643076129329129,0.8472398130566633,0.9451960875731453,0.9163691901242831,1.0
"Murray Hill, Manhattan",east_36th_street/east_to_west/034_n00374_W.jpg,n00374,east_36th_street,east_to_west,W,34,W,0.4092763736689344,0.6119906185869247,0.6150633855331842,0.6630911188004615,0.45722455648926236,0.8064335572237588,0.7723406804024916,0.8166268462206777,0.45374015748031504,0.5454434592630144,0.9844085990266679,0.6741644695106256,0.6130404189414034,0.9461198075495642,0.8388252568778332,1.0,0.5,0.3,0.2,0.871779564322438,0.8555844666318404,0.871779564322438,0.8555844666318404,0.9483197231922172,0.9457551352890072,1.0
"Murray Hill, Manhattan",east_36th_street/east_to_west/035_n00373_W.jpg,n00373,east_36th_street,east_to_west,W,35,W,0.43799934677720537,0.610445836403832,0.5516993087557603,0.6106679035250463,0.47278770253427504,0.7902310498581273,0.7661728115810903,0.7824116567232675,0.3893725607925547,0.5333814973122659,0.9820239956689731,0.6400972859046795,0.5777726861868225,0.9118624338306299,0.8574676514002526,1.0,0.5,0.3,0.2,0.8509826594659855,0.8328014918053054,0.8509826594659855,0.8328014918053054,0.9407477869735955,0.9112876409016878,1.0
"Murray Hill, Manhattan",east_36th_street/east_to_west/036_n00372_W.jpg,n00372,east_36th_street,east_to_west,W,36,W,0.37828203717803877,0.45536303630363034,0.37566666666666665,0.4974160206718347,0.2923764195056781,0.7853450840398631,0.7696221519500527,0.6484897518878102,0.29955116696588874,0.4031039133827786,0.9196238295429368,0.6178431176846555,0.5345866594579707,0.8440662687758946,0.8765589773960152,1.0,0.5,0.3,0.2,0.8023130959683676,0.733412395802463,0.8023130959683676,0.733412395802463,0.7687987947122873,0.843125404175009,1.0
"Murray Hill, Manhattan",east_36th_street/east_to_west/037_n00371_W.jpg,n00371,east_36th_street,east_to_west,W,37,W,0.4010583295989214,0.45778016983614395,0.3684895833333333,0.40461115374776163,0.5237901475694445,0.740004816955684,0.7449283284742468,0.649586597040905,0.2833227210018041,0.40910936092279954,0.9247920759496608,0.5101358677397407,0.5141255247380254,0.7992932273621633,1.3006161468633215,1.0,0.4,0.25,0.35,0.757331901974409,0.7076048337061476,0.757331901974409,0.7076048337061476,0.7813594637259893,0.7981468180716111,1.0
"Murray Hill, Manhattan",east_36th_street/east_to_west/038_n00370_W.jpg,n00370,east_36th_street,east_to_west,W,38,W,0.3653789777221521,0.44984126984126976,0.47087378640776695,0.7508004268943437,0.6342609544733309,0.8234676308539944,0.7699343931365128,0.803648387576163,0.12551903114186858,0.4286980113237296,0.9395949482098599,0.6400626199990586,0.4477267121391907,0.5952954836990973,2.7441508073961494,0.8943817146009683,0.3,0.2,0.5,0.6926167477782686,0.6636610451473994,0.6926167477782686,0.6636610451473994,0.8188640343618983,0.5935763505168998,0.8272218941662846
"Murray Hill, Manhattan",east_36th_street/east_to_west/039_n00369_W.jpg,n00369,east_36th_street,east_to_west,W,39,W,0.3366284728234585,0.3555911680911681,0.3522001205545509,0.7141801075268818,0.5174445605480088,0.8207187346910211,0.7388869645537467,0.8079043484253324,0.22377598926894704,0.3481399204897258,0.8554100384353396,0.6682132984680684,0.48133147691134687,0.7088844260277466,2.854009068952633,0.879764201424055,0.3,0.2,0.5,0.74117889311308,0.6762228701085313,0.74117889311308,0.6762228701085313,0.6322712742044181,0.7074106485496688,0.8137020214533214
"Murray Hill, Manhattan",east_36th_street/east_to_west/040_n00368_W.jpg,n00368,east_36th_street,east_to_west,W,40,W,0.3667024000563745,0.5518100935726338,0.5650271831464492,0.5842367736339983,0.48358737799171014,0.7685250667923936,0.7767439138576778,0.7824116567232675,0.35051046452271567,0.4945132255918191,0.9716442169119045,0.6276870174551852,0.5636271891901967,0.8932529552896085,2.9638673305091165,0.8653855926075384,0.3,0.2,0.5,0.8536661111608486,0.8363791460743253,0.8536661111608486,0.8363791460743253,0.908748810046623,0.8925710978816859,0.8004031135860227
"Murray Hill, Manhattan",east_36th_street/east_to_west/041_n00367_W.jpg,n00367,east_36th_street,east_to_west,W,41,W,0.42571201814664417,0.5798611111111112,0.5933589990375361,0.551944197091125,0.5411667842860504,0.7456120441821757,0.7635918003565063,0.6958767864040171,0.2959927140255009,0.5329773760984304,0.9819381884788575,0.5688847330696971,0.5297922571910036,0.8343649272574702,2.329032770738712,0.9518432457149562,0.3,0.2,0.5,0.811536618434453,0.8006267039208692,0.811536618434453,0.8006267039208692,0.94047689316986,0.8333770824100855,0.8803685940974377
"Murray Hill, Manhattan",east_36th_street/east_to_west/042_n00366_W.jpg,n00366,east_36th_street,east_to_west,W,42,W,0.4070563263745257,0.5045281582952815,0.4436502659574469,0.5959192941481771,0.6666960197252555,0.7824905137186223,0.7100785340314136,0.7703712002390022,0.2806900389538119,0.45174491687575136,0.9535111669629047,0.5665314915539745,0.4953842864926128,0.7504032845116174,2.308501050105208,0.9547792113675211,0.3,0.2,0.5,0.7622367950152947,0.7373926363584958,0.7622367950152947,0.7373926363584958,0.8563418311645019,0.7490652927980445,0.8830840957995332
"Murray Hill, Manhattan",east_36th_street/east_to_west/043_n00365_W.jpg,n00365,east_36th_street,east_to_west,W,43,W,0.41937172867905975,0.5682281858129317,0.5338845654993515,0.6145356234096693,0.7297093898344332,0.814102564102564,0.7610441767068273,0.7675374939525882,0.2926944444444444,0.5071614933304476,0.9755396632228666,0.5507879091759413,0.5268693105756359,0.8282165039873955,1.558054215708555,1.0,0.4,0.25,0.35,0.7985358718653197,0.7798912015657187,0.7985358718653197,0.7798912015657187,0.9205784075101254,0.8271995843655934,0.9883011509525816
"Murray Hill, Manhattan",east_36th_street/east_to_west/044_n00364_W.jpg,n00364,east_36th_street,east_to_west,W,44,W,0.3242697593593628,0.3362495803961061,0.28033346725592606,0.5534323432343234,0.6789811066126856,0.7508964857757591,0.727920792079208,0.7577331226010386,0.2575157773952954,0.31361760233713165,0.796313552328521,0.5440614530742254,0.4927182847372517,0.742838481702104,1.8996768585276316,1.0,0.4,0.25,0.35,0.7065756551085582,0.600858187412356,0.7065756551085582,0.600858187412356,0.5318829829990568,0.7414739088162937,0.9389329430789303
"Murray Hill, Manhattan",east_36th_street/east_to_west/045_n00363_W.jpg,n00363,east_36th_street,east_to_west,W,45,W,0.1858759050479259,0.19787003879438977,0.15657171414292856,0.6072367510723676,0.5996955859969558,0.7733713290588143,0.6404648609077599,0.7549477429397377,0.1903024232016791,0.1801058859950814,0.44059950171835033,0.5874963026717164,0.4153836420547195,0.4752090029054271,1.92326370290928,1.0,0.4,0.25,0.35,0.48615920824235936,0.3440707220163532,0.48615920824235936,0.3440707220163532,0.18626939262861342,0.47343097763078545,0.9356168429813639
"Murray Hill, Manhattan",east_36th_street/east_to_west/046_n00362_W.jpg,n00362,east_36th_street,east_to_west,W,46,W,0.21315534310404274,0.21196613596158706,0.20540848701169936,0.7038721963605585,0.5717953476862162,0.7990063742032246,0.6481448448091331,0.7902630734680782,0.14291429142914294,0.2101766553591097,0.5304920807956085,0.6407799740474736,0.39552956811913803,0.4020197576137059,2.52422514010138,0.9243783966239026,0.3,0.2,0.5,0.4795889369515613,0.38058729865506097,0.4795889369515613,0.38058729865506097,0.24720292283828782,0.4003066897595398,0.8549661019431467
"Murray Hill, Manhattan",east_36th_street/east_to_west/047_n00361_W.jpg,n00361,east_36th_street,east_to_west,W,47,W,0.21554632158763584,0.1869816536818297,0.15890441339543135,0.7108936428463056,0.5201750482124314,0.7944431634770579,0.4887747336377473,0.7866346877351392,0.14639776763064435,0.18714412955496562,0.46150869746523165,0.6591177607896711,0.3175862506341958,0.17275789487359727,1.1045123483676682,1.0,0.5,0.3,0.2,0.42195528423414314,0.27703772036141094,0.42195528423414314,0.27703772036141094,0.1994115139446566,0.17174117353124452,1.0
"Murray Hill, Manhattan",east_36th_street/west_to_east/001_n00361_E.jpg,n00361,east_36th_street,west_to_east,W,1,E,0.2674583075514132,0.28336845802599225,0.2506529209621993,0.7016457100591715,0.7799210067052448,0.8306310100372007,0.6948831535695943,0.8022408391227352,0.17111762889780802,0.2671598955132016,0.6912391326425166,0.574655180825554,0.43300039123370115,0.5411581253357622,1.1045123483676682,1.0,0.5,0.3,0.2,0.622732014050172,0.4699460442719456,0.622732014050172,0.4699460442719456,0.39417712959756773,0.5393869629782504,1.0
"Murray Hill, Manhattan",east_36th_street/west_to_east/002_n00362_E.jpg,n00362,east_36th_street,west_to_east,W,2,E,0.2616349741772011,0.30512596050967805,0.2425322997416021,0.6888973095869648,0.6826833797585886,0.7870259481037923,0.7695894060492087,0.80357466884413,0.32864255765199163,0.2697644114761604,0.6978694701493542,0.6032628662241687,0.5491159818506002,0.8706524299815296,2.52422514010138,0.9243783966239026,0.3,0.2,0.5,0.7571047775952754,0.6411829385914145,0.7571047775952754,0.6411829385914145,0.4016648334396163,0.8698472441041781,0.8549661019431467
"Murray Hill, Manhattan",east_36th_street/west_to_east/003_n00363_E.jpg,n00363,east_36th_street,west_to_east,W,3,E,0.3319986477989074,0.3617992992992993,0.29034624413145543,0.5126156433978132,0.6908371786420567,0.7398049645390071,0.7684645901916096,0.7600212262225488,0.17730861654651564,0.3280480637432207,0.8229665364247436,0.527266563659435,0.47288660336906263,0.6820695644395598,1.92326370290928,1.0,0.4,0.25,0.35,0.6894463284297079,0.5967124896801113,0.6894463284297079,0.5967124896801113,0.5746553636734516,0.6805212161550086,0.9356168429813639
"Murray Hill, Manhattan",east_36th_street/west_to_east/004_n00364_E.jpg,n00364,east_36th_street,west_to_east,W,4,E,0.42217052296394036,0.5280275779376499,0.4545852803738318,0.5004724523913359,0.616921768707483,0.7178444331469241,0.7727779104002547,0.724367364746946,0.2311817720233562,0.4682611270918073,0.9615479907390979,0.5359726828102662,0.5019798412118055,0.7684709870860699,1.8996768585276316,1.0,0.4,0.25,0.35,0.7681458104934079,0.7406419138287346,0.7681458104934079,0.7406419138287346,0.879046062088942,0.7671998020112432,0.9389329430789303
"Murray Hill, Manhattan",east_36th_street/west_to_east/005_n00365_E.jpg,n00365,east_36th_street,west_to_east,W,5,E,0.3366177890522592,0.3297664543524416,0.30754453370590284,0.5184573002754821,0.6429536549114986,0.726806784660767,0.7965226995734308,0.744500594530321,0.15731292517006804,0.32464292570353454,0.8169345299784428,0.5400014132981015,0.4769178123717494,0.6950354233908322,1.558054215708555,1.0,0.4,0.25,0.35,0.6961070852363319,0.600036926976933,0.6961070852363319,0.600036926976933,0.5646385257806054,0.6935218467184373,0.9883011509525816
"Murray Hill, Manhattan",east_36th_street/west_to_east/006_n00366_E.jpg,n00366,east_36th_street,west_to_east,W,6,E,0.37844940876481087,0.39151752880607993,0.36269456236102693,0.5045994495147038,0.5085285655569255,0.7596595777829712,0.7510381728158442,0.6918659165494608,0.18342660603940772,0.3775538333106392,0.8938463196553789,0.5626456001690797,0.46723238942762596,0.6634006691547543,2.308501050105208,0.9547792113675211,0.3,0.2,0.5,0.7019623107490828,0.6542944212014556,0.7019623107490828,0.6542944212014556,0.7099085578761435,0.6618064825781869,0.8830840957995332
"Murray Hill, Manhattan",east_36th_street/west_to_east/007_n00367_E.jpg,n00367,east_36th_street,west_to_east,W,7,E,0.25962398673466164,0.20672079386558417,0.16568806541405703,0.3961149801993718,0.43712308114035087,0.7066544566544567,0.6785813823857302,0.47408351541636323,0.1740486780331109,0.21067761533810092,0.5319890925038054,0.4776918048251281,0.4263150302094205,0.5161757164885548,2.329032770738712,0.9518432457149562,0.3,0.2,0.5,0.5128603934037393,0.4073643667914226,0.5128603934037393,0.4073643667914226,0.24832332771588544,0.5143946546767896,0.8803685940974377
"Murray Hill, Manhattan",east_36th_street/west_to_east/008_n00368_E.jpg,n00368,east_36th_street,west_to_east,W,8,E,0.3948028826582755,0.4219251336898396,0.35444845205891196,0.6047415468324914,0.6972178477690288,0.799719730941704,0.736495758483034,0.7362758014931928,0.1908521719858156,0.3903921561356757,0.9076024403094114,0.5479331668522185,0.4636739652344248,0.6513797259170132,2.9638673305091165,0.8653855926075384,0.3,0.2,0.5,0.6950744631067353,0.6531209931011934,0.6950744631067353,0.6531209931011934,0.7405827972564922,0.6497586640045757,0.8004031135860227
"Murray Hill, Manhattan",east_36th_street/west_to_east/009_n00369_E.jpg,n00369,east_36th_street,west_to_east,W,9,E,0.3788221688978892,0.5814550119113066,0.5351553767046724,0.6638359569179785,0.6653846153846154,0.8105148249876751,0.7838572210493392,0.7759755805602108,0.24149794892152965,0.49847751917128935,0.9729258962681179,0.5914756406978579,0.5126775849854344,0.7957863141196971,2.854009068952633,0.879764201424055,0.3,0.2,0.5,0.7965435670228165,0.7808275992658246,0.7965435670228165,0.7808275992658246,0.9126176913034604,0.7946250207069282,0.8137020214533214
"Murray Hill, Manhattan",east_36th_street/west_to_east/010_n00370_E.jpg,n00370,east_36th_street,west_to_east,W,10,E,0.39575067120762764,0.39059850796880297,0.34649267701794956,0.4856882334284809,0.6294786261428218,0.7486248624862486,0.7561993323795898,0.676343421865349,0.20929192229038854,0.37761395206479337,0.8939147526795344,0.5108510097170027,0.48274562733498916,0.713242468520845,2.7441508073961494,0.8943817146009683,0.3,0.2,0.5,0.7139475043721961,0.6656106601886933,0.7139475043721961,0.6656106601886933,0.7100571044933577,0.711781783468809,0.8272218941662846
"Murray Hill, Manhattan",east_36th_street/west_to_east/011_n00371_E.jpg,n00371,east_36th_street,west_to_east,W,11,E,0.36991414029937175,0.39456021777902944,0.31387297039159506,0.5310189293108548,0.5125991302123305,0.7876887093344673,0.7320523085134774,0.6657475490196078,0.23336769759450182,0.3594491094899987,0.871399441033527,0.5613891160393774,0.4827100030539896,0.7131331638113346,1.3006161468633215,1.0,0.4,0.25,0.35,0.727800969302383,0.6520447586376332,0.727800969302383,0.6520447586376332,0.6632214364715399,0.7116721470595815,1.0
"Murray Hill, Manhattan",east_36th_street/west_to_east/012_n00372_E.jpg,n00372,east_36th_street,west_to_east,W,12,E,0.4026741281519092,0.4317257593086796,0.38332807072939695,0.6149252735521751,0.44660794313089175,0.7930318016347276,0.7695951765719208,0.753960436674054,0.26806212018906145,0.40590931939666197,0.9220773059561588,0.6407592556984457,0.5188286483804911,0.8103720895048029,0.8765589773960152,1.0,0.5,0.3,0.2,0.805617753241461,0.7382480549497543,0.805617753241461,0.7382480549497543,0.7747284141587139,0.8092738611418047,1.0
"Murray Hill, Manhattan",east_36th_street/west_to_east/013_n00373_E.jpg,n00373,east_36th_street,west_to_east,W,13,E,0.3889763430088735,0.38268369175627237,0.3316715702299226,0.5910663841807909,0.4702780106174909,0.7856745325022262,0.7588652482269503,0.7707190357439734,0.3198070058009817,0.3677772016650228,0.8821891815351627,0.6305024697690911,0.539336127013966,0.8532149084524037,0.8574676514002526,1.0,0.5,0.3,0.2,0.7923162962502146,0.6981114472906759,0.7923162962502146,0.6981114472906759,0.6851670290490881,0.8523195863630806,1.0
"Murray Hill, Manhattan",east_36th_street/west_to_east/014_n00374_E.jpg,n00374,east_36th_street,west_to_east,W,14,E,0.4093674681640339,0.4180131004366812,0.38490023258660794,0.571619496855346,0.5576388888888889,0.804427985122483,0.4991049051199427,0.7536681258106356,0.2939676203149257,0.40409360039577435,0.9204973088269718,0.5892162445923641,0.3965362627174342,0.40565520612507233,0.8388252568778332,1.0,0.5,0.3,0.2,0.6834788592405815,0.6249496636449523,0.6834788592405815,0.6249496636449523,0.7709030218529135,0.4039371114130489,1.0
"Murray Hill, Manhattan",east_36th_street/west_to_east/015_n00375_E.jpg,n00375,east_36th_street,west_to_east,W,15,E,0.4789152630600582,0.6463750171963131,0.49457956259426855,0.5694320214669052,0.5022141706924316,0.7949829261886,0.776268890789849,0.7611296605453534,0.4289295836058426,0.5399566142835466,0.9833651295134769,0.6094491704399423,0.6025992371978458,0.9375549592810583,0.8216789318767402,1.0,0.5,0.3,0.2,0.8437970372412265,0.8270975895246638,0.8437970372412265,0.8270975895246638,0.9449959254588233,0.9371361700202895,1.0
"Murray Hill, Manhattan",east_36th_street/west_to_east/016_n00376_E.jpg,n00376,east_36th_street,west_to_east,W,16,E,0.3708232113305878,0.3491510277033066,0.3087342079689018,0.5351031154014919,0.4865603644646925,0.7950957927566673,0.403979929296385,0.5491355199593185,0.2422833399287693,0.3429028156675987,0.8474621981523043,0.5325594236320392,0.32313163461257716,0.18497087315100144,0.8233632186648216,1.0,0.5,0.3,0.2,0.5437399702501758,0.4636167883238994,0.5437399702501758,0.4636167883238994,0.6175418885888954,0.18389825382467323,1.0
"Murray Hill, Manhattan",east_36th_street/west_to_east/017_n00377_E.jpg,n00377,east_36th_street,west_to_east,W,17,E,0.3294626132155652,0.34191028428767006,0.36581525542337295,0.7281026400197385,0.6666666666666666,0.8174844552581778,0.7591189674523008,0.7908753658702606,0.2110455412494039,0.3457293843088694,0.8517954007671859,0.617437113074444,0.48508225435085234,0.7203571374784963,0.858473913924433,1.0,0.5,0.3,0.2,0.7479198114821197,0.640670131513394,0.7479198114821197,0.640670131513394,0.6255203945206878,0.7189184110293835,1.0
"Murray Hill, Manhattan",east_36th_street/west_to_east/018_n00378_E.jpg,n00378,east_36th_street,west_to_east,W,18,E,0.3662727597167606,0.3624511371712864,0.2913702239789196,0.6063158624514697,0.3803838951310861,0.7873899772856331,0.7306645826097024,0.7368235767451217,0.17900601585999457,0.34003137362232216,0.8429543772954715,0.6542518480218351,0.45483529923484844,0.6207021339013086,0.9319214116010428,1.0,0.5,0.3,0.2,0.734855874313132,0.6244615428202052,0.734855874313132,0.6244615428202052,0.6093713441126213,0.6190218554227942,1.0
"Murray Hill, Manhattan",east_36th_street/west_to_east/019_n00379_E.jpg,n00379,east_36th_street,west_to_east,W,19,E,0.27126469898114347,0.22112520418948786,0.1964567966280295,0.5752804141501294,0.3039565670087758,0.7845809743482212,0.6948397435897435,0.7379406307977736,0.236197592361976,0.2296155665995536,0.5879232513166023,0.669754825979709,0.4655186679758598,0.6576366600119402,1.2751840581544005,1.0,0.4,0.25,0.35,0.6316875575292179,0.47776609249732527,0.6316875575292179,0.47776609249732527,0.29311163274414415,0.6560293287451983,1.0
"Murray Hill, Manhattan",east_36th_street/west_to_east/020_n00380_E.jpg,n00380,east_36th_street,west_to_east,W,20,E,0.3336874122540437,0.3248180658714082,0.2708628005657709,0.5449412827461607,0.302490339201374,0.8057991738163329,0.6068478260869564,0.7547486972600437,0.2052008563153255,0.30978942623040756,0.7887609914633842,0.6657332136016101,0.40602434120114095,0.4403763302892853,0.8933914040140251,1.0,0.5,0.3,0.2,0.6671562718158833,0.5414882290265663,0.6671562718158833,0.5414882290265663,0.520430391904068,0.43861970513897935,1.0
"Murray Hill, Manhattan",east_36th_street/west_to_east/021_n00381_E.jpg,n00381,east_36th_street,west_to_east,W,21,E,0.34386498310489855,0.3431245585118908,0.25650524033249006,0.5241405608353866,0.36457040408219554,0.7670217439051176,0.7105806365694499,0.7143685431161712,0.27579132473622514,0.3144982606497598,0.7980222808423242,0.6246462332897874,0.49318598065283753,0.7441763525492915,0.7553153258325368,1.0,0.55,0.35,0.1,0.7273572797692625,0.5833608494673882,0.7273572797692625,0.5833608494673882,0.5345133046767222,0.7428164209494758,1.0
"Murray Hill, Manhattan",east_36th_street/west_to_east/022_n00382_E.jpg,n00382,east_36th_street,west_to_east,W,22,E,0.28196204532733155,0.28011485042735046,0.2237065309584394,0.6640823970037454,0.2339207940848779,0.7559773327123117,0.6418955304254174,0.740894958916278,0.2595058075827306,0.2619278089043738,0.6776807312179051,0.7236855206117151,0.450700669004074,0.6059954535159124,0.6893613090454969,1.0,0.55,0.35,0.1,0.6857301128795203,0.4981957085980614,0.6857301128795203,0.4981957085980614,0.3792877837520563,0.6042915592393839,1.0
"Murray Hill, Manhattan",east_36th_street/west_to_east/023_n00383_E.jpg,n00383,east_36th_street,west_to_east,W,23,E,0.2564281596724037,0.18798492573708714,0.14855419761961822,0.5056058645968089,0.26027239150507847,0.7664409330323552,0.6050403225806451,0.7508972387021168,0.20122861407739112,0.197655761009703,0.4929677467682887,0.6654102372646158,0.4031344683290181,0.42972261220777325,0.7450054202533136,1.0,0.55,0.35,0.1,0.5400703265937178,0.34665424174232856,0.5400703265937178,0.34665424174232856,0.22031410040217123,0.4279759841447067,1.0
"Murray Hill, Manhattan",east_36th_street/west_to_east/024_n00384_E.jpg,n00384,east_36th_street,west_to_east,W,24,E,0.1815142060494919,0.1803289694528365,0.14402096911306317,0.6360868963608689,0.49449769258075965,0.81552734375,0.66401332839689,0.7602235446707866,0.13073481819912428,0.16862138153846384,0.4069608515316756,0.6339375828169653,0.3973740732980071,0.40868869299251004,0.7901404323131382,1.0,0.55,0.35,0.1,0.4754550728357027,0.2904886630049351,0.4754550728357027,0.2904886630049351,0.16627654229441616,0.40696654774097424,1.0
"Murray Hill, Manhattan",east_36th_street/west_to_east/025_n00385_E.jpg,n00385,east_36th_street,west_to_east,W,25,E,0.2392782561108351,0.20901885658477956,0.19100085910652917,0.7120497707924035,0.5886646629454702,0.7978144811478144,0.698029679511161,0.793033038565463,0.15480299108426807,0.21309932393404796,0.5392172525014133,0.638806048804132,0.42641633529771455,0.5165552035658267,1.4206602577749965,1.0,0.4,0.25,0.35,0.55416440385299,0.40944548938936515,0.55416440385299,0.40944548938936515,0.2537873060851721,0.5147742255167468,1.0
"Murray Hill, Manhattan",east_36th_street/west_to_east/026_n00386_E.jpg,n00386,east_36th_street,west_to_east,W,26,E,0.33814679964198174,0.24333794375288154,0.18831987891019172,0.5887984496124031,0.30394560855996433,0.7369622407923243,0.729305828421742,0.7668861870989531,0.14187629116539072,0.2566015407683516,0.6635642499815264,0.6839130093837973,0.4355910597935663,0.5507906853640858,2.0511800832368547,0.9923523805099301,0.3,0.2,0.5,0.6082167280543145,0.5072895642378096,0.6082167280543145,0.5072895642378096,0.36436056604209827,0.5490257194375324,0.9178358663695306
"Murray Hill, Manhattan",east_36th_street/west_to_east/027_n00387_E.jpg,n00387,east_36th_street,west_to_east,W,27,E,0.23643517565089703,0.25262447510497893,0.18359227871939732,0.5004098877538151,0.3604716059718153,0.7010744750656168,0.4906663516068053,0.6947050938337801,0.15908824906367044,0.22421730982509105,0.5721449058217064,0.6115477918719265,0.3248773003352379,0.18895103898143562,2.046333000609999,0.993074144959523,0.3,0.2,0.5,0.33320578531610334,0.2680968299347703,0.33320578531610334,0.2680968299347703,0.279871660487869,0.18786065918227526,0.918503432963734
"Murray Hill, Manhattan",east_36th_street/west_to_east/028_n00388_E.jpg,n00388,east_36th_street,west_to_east,W,28,E,0.37731554347202423,0.3913253012048193,0.4307522820270695,0.5404586906220227,0.38542713567839204,0.7072884587182872,0.6347949654892409,0.6851021425012457,0.16400564787661562,0.39979770890130434,0.9166420076157968,0.6133778991482921,0.39940030668292825,0.4160535270953839,1.8942252348887127,1.0,0.4,0.25,0.35,0.6288023501266932,0.58305227035665,0.6288023501266932,0.58305227035665,0.7616716996599485,0.414322092805793,0.9397010634530429
"Murray Hill, Manhattan",east_36th_street/west_to_east/029_n00389_E.jpg,n00389,east_36th_street,west_to_east,W,29,E,0.21445199030635845,0.2154994850669413,0.2526768474635774,0.6087162482235907,0.5494824897206861,0.78660178090702,0.6023317881724961,0.7037538350478253,0.198219766728054,0.22754277427895903,0.5818842632898039,0.5876625311835766,0.40027577745027504,0.4192474757780637,1.0865652553570189,1.0,0.5,0.3,0.2,0.5465763017258625,0.384199546198033,0.5465763017258625,0.384199546198033,0.2879845599328813,0.4175122531015837,1.0
"Murray Hill, Manhattan",east_36th_street/west_to_east/030_n00390_E.jpg,n00390,east_36th_street,west_to_east,W,30,E,0.367998387001912,0.32930629755544766,0.2586515513126492,0.6479060996228378,0.5270426381012392,0.8102387115329307,0.5961612284069098,0.7249759846301633,0.2555986218776917,0.3186520786233363,0.805937346652583,0.6152798153839206,0.4258799251423008,0.5145456138833752,0.9773571304302604,1.0,0.5,0.3,0.2,0.6794495527572688,0.5593143210524651,0.6794495527572688,0.5593143210524651,0.5468915262397498,0.5127642156327054,1.0
"Murray Hill, Manhattan",east_36th_street/west_to_east/031_n00391_E.jpg,n00391,east_36th_street,west_to_east,W,31,E,0.21043096552545196,0.23626588465298148,0.15901993202902545,0.6155333876221499,0.5146170956466477,0.7776022372339653,0.5438234214390603,0.7151360544217688,0.15,0.20190559406915293,0.5057165331090407,0.6053507821324237,0.34691171071953014,0.24484006880565848,0.964334769267952,1.0,0.5,0.3,0.2,0.46167058740387246,0.3104680894357634,0.46167058740387246,0.3104680894357634,0.22919912724183508,0.24352400905918392,1.0
"Murray Hill, Manhattan",east_36th_street/west_to_east/032_n00392_E.jpg,n00392,east_36th_street,west_to_east,W,32,E,0.30485846770550745,0.32333029058268675,0.27150735294117645,0.4491471385302088,0.5236642945894047,0.7586227689339121,0.5945126751692648,0.6983089930822444,0.15396283655669327,0.29989870374312355,0.7683084724287973,0.5412639456743494,0.374237755862979,0.3281787977567773,0.5783371110039258,1.0,0.55,0.35,0.1,0.6242360257538088,0.48761735940410084,0.6242360257538088,0.48761735940410084,0.4907706544970087,0.3266085213696879,1.0
"Murray Hill, Manhattan",east_36th_street/west_to_east/033_n00393_E.jpg,n00393,east_36th_street,west_to_east,W,33,E,0.3850944420485443,0.33551103368176544,0.3107134420033073,0.577865831183192,0.5189995587910876,0.7800703440590612,0.6970646032915746,0.7816859740906826,0.1423782833278382,0.3437729725778723,0.8488071287326568,0.6135174154942623,0.4197214433097064,0.49145624410110295,0.5783371110039258,1.0,0.55,0.35,0.1,0.7173529013445069,0.6033196982218606,0.7173529013445069,0.6033196982218606,0.6200050477072501,0.4896741510036604,1.0
"Murray Hill, Manhattan",east_36th_street/west_to_east/034_n00394_E.jpg,n00394,east_36th_street,west_to_east,W,34,E,0.26352161867634755,0.19962745098039214,0.15774035620832275,0.5289855072463768,0.550990675990676,0.7668671447297402,0.687927181913775,0.6972,0.0932896474652037,0.2069631419550208,0.52087728037238,0.5583982770852336,0.39060841468948937,0.3844094525441454,0.5783371110039258,1.0,0.55,0.35,0.1,0.5177430864134033,0.33801154378489945,0.5177430864134033,0.33801154378489945,0.24009690293702757,0.38272339715290526,1.0
"Murray Hill, Manhattan",east_36th_street/west_to_east/035_n00395_E.jpg,n00395,east_36th_street,west_to_east,W,35,E,0.3575760873373468,0.33126506024096386,0.34375822152065244,0.46230446702144806,0.7510283531658587,0.8242283950617284,0.7513432835820896,0.7489974050483604,0.06487796123474514,0.34419978969965437,0.8494632547810238,0.4867578396346499,0.40811062240841733,0.44810241983975324,0.5783371110039258,1.0,0.55,0.35,0.1,0.655732624696993,0.5518329078948375,0.655732624696993,0.5518329078948375,0.6212109950062494,0.44633955607995257,1.0
"Murray Hill, Manhattan",east_36th_street/west_to_east/036_n00396_E.jpg,n00396,east_36th_street,west_to_east,W,36,E,0.3871263778903207,0.40789606713173593,0.3871100164203612,0.3263302752293578,0.6820964749536178,0.7629569747597235,0.7553611042642346,0.6697626418988648,0.06536299485707457,0.39404415381413926,0.9112124668196026,0.43799881405820157,0.4103620495606546,0.4564681803427601,,,0.4,0.25,0.35,0.5956755479107291,0.5499768086947583,0.5956755479107291,0.5499768086947583,0.7489130932381168,0.4546995203478383,
"Murray Hill, Manhattan",east_36th_street/west_to_east/037_n00397_E.jpg,n00397,east_36th_street,west_to_east,W,37,E,0.3856080829917464,0.48131803471609297,0.38510189739985945,0.3503043535794627,0.6960645693413455,0.8049742024562169,0.7677431707939749,0.715965965965966,0.10945057071000193,0.4173426717025663,0.9313818368258698,0.4567352500680277,0.43859687075198844,0.5619187968325227,,,0.4,0.25,0.35,0.6530598503949212,0.6131642962030206,0.6530598503949212,0.6131642962030206,0.7977686073620041,0.5601626386111707,
"Murray Hill, Manhattan",east_36th_street/west_to_east/038_n00398_E.jpg,n00398,east_36th_street,west_to_east,W,38,E,0.32452003578393324,0.3385928003740066,0.31075392269422125,0.26349449987209006,0.662761355443403,0.7591788056904335,0.7808591253537843,0.4479844961240309,0.037945339189848694,0.32462225295072034,0.8168974271181956,0.349572546850906,0.4094022322718165,0.45289844754593267,,,0.4,0.25,0.35,0.5374667871898874,0.4629990373693865,0.5374667871898874,0.4629990373693865,0.5645775430282335,0.45113213888894305,
"Murray Hill, Manhattan",east_36th_street/west_to_east/039_n00399_E.jpg,n00399,east_36th_street,west_to_east,W,39,E,0.3903018151102104,0.47370892018779337,0.3955182589450388,0.30811827956989246,0.6528438911265715,0.6544883127087017,0.746973536036036,0.40296546546546547,0.0448926396201094,0.4198429980810141,0.9332747363814747,0.3527466179695955,0.3959330878280727,0.40347570792264176,,,0.4,0.25,0.35,0.5456392531521801,0.5129164135104973,0.5456392531521801,0.5129164135104973,0.8025660337472083,0.40176060429544524,
"Murray Hill, Manhattan",east_36th_street/west_to_east/040_n00400_E.jpg,n00400,east_36th_street,west_to_east,W,40,E,0.4133846276444441,0.4862988806512574,0.3755020080321285,0.221762610594048,0.6377676377676379,0.6239750445632799,0.685134607881389,0.3896638929678577,0.09686631676443351,0.42506183877594333,0.9370704173217215,0.3245529552647559,0.39100046232291125,0.3858020004941547,,,0.4,0.25,0.35,0.526935974598058,0.4969002886167948,0.526935974598058,0.4969002886167948,0.8123017165156156,0.38411364840618795,
"Murray Hill, Manhattan",east_36th_street/west_to_east/041_n00401_E.jpg,n00401,east_36th_street,west_to_east,W,41,E,0.4344980269888929,0.4588888888888889,0.31293657446214024,0.06079234972677594,0.6161381799432842,0.6114180478821362,0.7383549984524915,0.29149679673849743,0.06318940600483687,0.40210783011330736,0.9187358703228841,0.2453836555073297,0.4007722022286642,0.42106159360016004,,,0.4,0.25,0.35,0.5026418528063187,0.466870789419179,0.5026418528063187,0.466870789419179,0.7666673596508471,0.41932428384580256,
"Murray Hill, Manhattan",east_36th_street/west_to_east/042_n00402_E.jpg,n00402,east_36th_street,west_to_east,W,42,E,0.46339623014047954,0.47673507196807746,0.33259462501758835,0.06880663727651237,0.5397414741474148,0.5334751102709515,0.6559413238979803,0.2653743315508021,0.04999196270696027,0.4242419757087151,0.9364877540447956,0.26481316489329987,0.3529666433024703,0.26201913696685974,,,0.4,0.25,0.35,0.43727262352058,0.41201749417996353,0.43727262352058,0.41201749417996353,0.8107970745632934,0.260642607872176,
"Murray Hill, Manhattan",east_36th_street/west_to_east/043_n00403_E.jpg,n00403,east_36th_street,west_to_east,W,43,E,0.44126342213907777,0.5277448657187994,0.36083363063384466,0.05464526556317225,0.5242365312590032,0.6375180766449747,0.6106067483734301,0.3287719298245613,0.05893715659340659,0.4432806394972406,0.9487955878069543,0.2863935547095768,0.33477195248341834,0.2127512360228818,,,0.4,0.25,0.35,0.4167399206655264,0.39678313881661836,0.4167399206655264,0.39678313881661836,0.843388785796061,0.21155933808119023,
"Murray Hill, Manhattan",east_36th_street/west_to_east/044_n00404_E.jpg,n00404,east_36th_street,west_to_east,W,44,E,0.42277080881135626,0.27838686431953885,0.21294336960902868,0.1538351131013894,0.4374294980259448,0.5735186806771746,0.4094502465912388,0.36699857752489334,0.02589763848652445,0.30470034757997455,0.7784064848162807,0.3611347308667793,0.21767394253888162,0.044578928573643185,,,0.4,0.25,0.35,0.23609960561514348,0.19813145792614556,0.23609960561514348,0.19813145792614556,0.5051743528467469,0.044276195414060124,
"Murray Hill, Manhattan",east_36th_street/west_to_east/045_n00405_E.jpg,n00405,east_36th_street,west_to_east,W,45,E,0.3395216522204899,0.3466316292403249,0.29659262048192775,0.45795107033639143,0.4749242997728993,0.7313965341488279,0.6964285714285715,0.7315995525727069,0.06705953460259899,0.3275819673142475,0.8221501821900313,0.5715421077120663,0.3817440530155852,0.353465836207872,,1.0,0.45,0.15,0.4,0.5554234774771935,0.471370036326337,0.5554234774771935,0.471370036326337,0.5732876798956046,0.351837931347129,1.0
"Murray Hill, Manhattan",east_36th_street/west_to_east/046_n00406_E.jpg,n00406,east_36th_street,west_to_east,W,46,E,0.22103943178941973,0.2431273946360153,0.19029022620571912,0.5878536016331292,0.5213901991614257,0.8003524134985049,0.558562348102449,0.7590412265258215,0.06189100881031565,0.21815235087705137,0.5542427411520837,0.6085015429991749,0.3102266784563823,0.1575462334717809,,,0.4,0.25,0.35,0.36529038005638526,0.2715387127184812,0.36529038005638526,0.2715387127184812,0.26544098347398776,0.15660208887986363,
"Murray Hill, Manhattan",east_36th_street/west_to_east/047_n00407_E.jpg,n00407,east_36th_street,west_to_east,W,47,E,0.22853842525652826,0.30649647156496473,0.2604166666666667,0.7551227321237993,0.5834988085782368,0.8005971422478141,0.6738723872387239,0.789044289044289,0.09403015484922576,0.26515052116271987,0.686069272395867,0.6535560708632838,0.3839512710439748,0.3610681826790386,,,0.4,0.25,0.35,0.5414073256056898,0.43053689609263296,0.5414073256056898,0.43053689609263296,0.388433962635054,0.3594247294356778,
"Murray Hill, Manhattan",east_37th_street/east_to_west/001_n00454_W.jpg,n00454,east_37th_street,east_to_west,W,1,W,0.4802298667372393,0.6834745302487238,0.6262203626220363,0.4359965635738832,0.8103112840466925,0.7987566533599467,0.7279557137208382,0.733343776106934,0.16405740378343117,0.5966415865359997,0.9915046024560829,0.45300968521137486,0.4460065587521347,0.589064249184161,2.849514835485121,0.8803574812345689,0.3,0.2,0.5,0.6534182357523445,0.6484546585215832,0.6534182357523445,0.6484546585215832,0.9713627876433681,0.5873369953481821,0.8142507514201934
"Murray Hill, Manhattan",east_37th_street/east_to_west/002_n00452_W.jpg,n00452,east_37th_street,east_to_west,W,2,W,0.4889185333151422,0.7622418565041515,0.617474302496329,0.3681380871533673,0.6977789376014846,0.6550527299425978,0.6826426542731733,0.665513437625351,0.17977289610527433,0.6228782307718742,0.9937848987607003,0.4452908623924112,0.4312077751892238,0.5344743710343236,,1.0,0.45,0.15,0.4,0.6874623183587514,0.6819125744163064,0.6874623183587514,0.6819125744163064,0.9789345957779431,0.5326996874981309,1.0
"Murray Hill, Manhattan",east_37th_street/east_to_west/003_n00451_W.jpg,n00451,east_37th_street,east_to_west,W,3,W,0.484781425231918,0.7372601347058075,0.652585210860774,0.488244176013805,0.6768154311649016,0.7631103783953525,0.7349685534591194,0.742194313622885,0.16860593971631208,0.6248755902661665,0.9939311999166209,0.5178743528239295,0.45178724658771574,0.6098802061431706,,1.0,0.45,0.15,0.4,0.7413816310741493,0.7356713392481501,0.7413816310741493,0.7356713392481501,0.9794232294869177,0.6081822494493272,1.0
"Murray Hill, Manhattan",east_37th_street/east_to_west/004_n00449_W.jpg,n00449,east_37th_street,east_to_west,W,4,W,0.4422729125382499,0.5631592827004219,0.5301906779661018,0.5784549293723605,0.7861481481481482,0.68885582010582,0.7582726537216828,0.778049992898736,0.13826375298978041,0.5118742910682579,0.9768534634166978,0.5234522580409828,0.44826820335573164,0.5972507904672121,,1.0,0.45,0.15,0.4,0.730663636818926,0.7119949952823393,0.730663636818926,0.7119949952823393,0.9246161398820327,0.5955343198486186,1.0
"Murray Hill, Manhattan",east_37th_street/east_to_west/005_n00448_W.jpg,n00448,east_37th_street,east_to_west,W,5,W,0.44810557814251467,0.5236363636363636,0.4852966173720891,0.6296371239714017,0.7808055125654064,0.7095344430910814,0.7466738973246566,0.7725540679711638,0.11128398296757291,0.4856795197169891,0.968572932374489,0.5404618931257197,0.42897894014611476,0.5261471515421511,,1.0,0.45,0.15,0.4,0.6952119023155547,0.6715604926757092,0.6952119023155547,0.6715604926757092,0.8995693054325845,0.5243689730009895,1.0
"Murray Hill, Manhattan",east_37th_street/east_to_west/006_n00447_W.jpg,n00447,east_37th_street,east_to_west,W,6,W,0.3674613847435759,0.32845205592785637,0.3438289806234203,0.5375489769264258,0.793564126394052,0.7486181483187471,0.7521539345203906,0.7641554004942579,0.05572855299332328,0.3465808070982842,0.8530805735801273,0.5027134170088772,0.4039412437568569,0.4326907392616132,,1.0,0.45,0.15,0.4,0.6006405312625115,0.5224193818207528,0.6006405312625115,0.5224193818207528,0.6279106030037762,0.43094116357104334,1.0
"Murray Hill, Manhattan",east_37th_street/east_to_west/007_n00446_W.jpg,n00446,east_37th_street,east_to_west,W,7,W,0.4155000384111784,0.509412013536379,0.5173250173250173,0.6308208793588911,0.8160849402001465,0.7474860714771028,0.7856853696056999,0.784535412605588,0.14422007120605254,0.48074568975752485,0.9667198711441438,0.5330904505881109,0.4649527204058762,0.6557227580684052,0.3669950832306962,1.0,0.55,0.35,0.1,0.7550360654451975,0.7231123816869085,0.7550360654451975,0.7231123816869085,0.8940924138954381,0.6541111673348167,1.0
"Murray Hill, Manhattan",east_37th_street/east_to_west/008_n00445_W.jpg,n00445,east_37th_street,east_to_west,W,8,W,0.46156481201943306,0.6423085186378773,0.6256589983225497,0.5208428419291039,0.6876213003396409,0.771354852876592,0.7133240482822655,0.7685576342788171,0.15677248677248679,0.57651077632662,0.989208318252921,0.5339263919560934,0.43504826752737613,0.5487753956791976,0.3669950832306962,1.0,0.55,0.35,0.1,0.751564428831615,0.7406549278744992,0.751564428831615,0.7406549278744992,0.9638208794381015,0.5470090237827199,1.0
"Murray Hill, Manhattan",east_37th_street/east_to_west/009_n00444_W.jpg,n00444,east_37th_street,east_to_west,W,9,W,0.47992181637735365,0.7021727058170207,0.6925574425574426,0.530026690391459,0.6712381976813672,0.7668657501314703,0.7779979793269605,0.7799392640228654,0.33558224594701463,0.6248839882506056,0.9939318077630213,0.5462425855776524,0.5567901126369875,0.8830723420682857,0.3840706001223501,1.0,0.55,0.35,0.1,0.7965823814200184,0.7901007284475772,0.7965823814200184,0.7901007284475772,0.9794252603607482,0.8823340211744258,1.0
"Murray Hill, Manhattan",east_37th_street/east_to_west/010_n00443_W.jpg,n00443,east_37th_street,east_to_west,W,10,W,0.4021588795833685,0.4076799633195782,0.42993393009377656,0.59952636968766,0.646985071145323,0.7920037336652147,0.7670328313996544,0.7570769350085311,0.24645012424565138,0.4132575909989077,0.9281818932605956,0.569872744516956,0.5067414778226529,0.7809347839363477,0.4073781804521107,1.0,0.55,0.35,0.1,0.7690984526224613,0.7036120897578397,0.7690984526224613,0.7036120897578397,0.7897443428762428,0.7797124137309155,1.0
"Murray Hill, Manhattan",east_37th_street/east_to_west/011_n00442_W.jpg,n00442,east_37th_street,east_to_west,W,11,W,0.46026943587048735,0.6310692853246045,0.6488576562700552,0.5471377101681344,0.6753576807228915,0.7891898538504778,0.7610550496349168,0.7645281516862065,0.19259507081521132,0.5800654591550489,0.9896543081303175,0.5454360603771498,0.47682506022506405,0.6947404455744612,0.4073781804521107,1.0,0.55,0.35,0.1,0.7754584638456546,0.7647279508259749,0.7754584638456546,0.7647279508259749,0.9652792346644096,0.6932260510744993,1.0
"Murray Hill, Manhattan",east_37th_street/east_to_west/012_n00441_W.jpg,n00441,east_37th_street,east_to_west,W,12,W,0.43478959153821095,0.4393604841347727,0.5202793834296725,0.5331293591262009,0.5341254752851712,0.7081857536402992,0.7663990092681368,0.7260515100982027,0.2816152232544202,0.4648098197008853,0.959987095838497,0.5750184646464107,0.5240071162612785,0.8220219315861506,0.4073781804521107,1.0,0.55,0.35,0.1,0.7899924388900064,0.7504288501184188,0.7899924388900064,0.7504288501184188,0.874572996109559,0.8209762680229394,1.0
"Murray Hill, Manhattan",east_37th_street/east_to_west/013_n00440_W.jpg,n00440,east_37th_street,east_to_west,W,13,W,0.43511374766576594,0.5568060021436226,0.5088361431529133,0.4421565070149976,0.6227653100038038,0.6859504132231405,0.6696712018140589,0.7109073359073359,0.11214800261951537,0.5002519643207672,0.9734811735238199,0.5100995109728432,0.39090960221678717,0.385479099251921,1.0866643964877634,1.0,0.5,0.3,0.2,0.6662855854179772,0.6451490594841688,0.6662855854179772,0.6451490594841688,0.9143009113975421,0.3837912772605411,1.0
"Murray Hill, Manhattan",east_37th_street/east_to_west/014_n00439_W.jpg,n00439,east_37th_street,east_to_west,W,14,W,0.3518743461379132,0.3806202490700307,0.31346801346801345,0.5543057996485062,0.5965455014178912,0.7723381187378496,0.6851055512118842,0.764984997557742,0.24601096983295934,0.3486542028919858,0.8561716657174704,0.5742484319294523,0.4655582605224218,0.6577703618247921,1.0866643964877634,1.0,0.5,0.3,0.2,0.7204854771228623,0.6195493340742542,0.7204854771228623,0.6195493340742542,0.6337049738298411,0.6561633300756485,1.0
"Murray Hill, Manhattan",east_37th_street/east_to_west/015_n00438_W.jpg,n00438,east_37th_street,east_to_west,W,15,W,0.20107586674649325,0.21076839826839824,0.16111111111111112,0.5824915824915825,0.5437153181055621,0.7183098591549296,0.6167602620671212,0.6465713693805677,0.07508912655971482,0.19098512537533419,0.47298171963610475,0.5617825445888627,0.345924694313418,0.242113028146484,1.0866643964877634,1.0,0.5,0.3,0.2,0.4356084364256901,0.2877763560650483,0.4356084364256901,0.2877763560650483,0.20687197707835317,0.24080695245690345,1.0
"Murray Hill, Manhattan",east_37th_street/east_to_west/016_n00437_W.jpg,n00437,east_37th_street,east_to_west,W,16,W,0.1661840988970809,0.1732218786238887,0.14093933766635713,0.6404543032240874,0.4691115086463924,0.7101974592653963,0.7926396186028409,0.7275683421516755,0.07217625673812211,0.16011510506244225,0.38257834284709996,0.6329703789097901,0.4324079376704815,0.5389506857666885,1.0480613975075683,1.0,0.5,0.3,0.2,0.4765242567615401,0.3007607216095254,0.4765242567615401,0.3007607216095254,0.15260361556013916,0.5371782899531768,1.0
"Murray Hill, Manhattan",east_37th_street/east_to_west/017_n00436_W.jpg,n00436,east_37th_street,east_to_west,W,17,W,0.20704886773665088,0.20135899888410647,0.1678260869565217,0.7541640962368907,0.5233747044917259,0.7894838347710218,0.7129397858434153,0.7577379651882601,0.110221316249272,0.19207798452575967,0.476251835625464,0.6628424523111416,0.41158055104634367,0.46100640917624597,1.0958293143913087,1.0,0.5,0.3,0.2,0.5224958177776325,0.34588878037690035,0.5224958177776325,0.34588878037690035,0.2090319925909878,0.4592350220482089,1.0
"Murray Hill, Manhattan",east_37th_street/east_to_west/018_n00435_W.jpg,n00435,east_37th_street,east_to_west,W,18,W,0.30306981227212126,0.2605394270384209,0.23701854493580607,0.6886075066275987,0.5051493305870237,0.793568997624093,0.5921522422165095,0.7716698841698841,0.1304085276202479,0.2668759280821161,0.6905113812666902,0.6517093534034863,0.3612803849183787,0.28683734149427503,1.1435972312750489,1.0,0.5,0.3,0.2,0.5692836940759886,0.4292381171947717,0.5692836940759886,0.4292381171947717,0.39336368146609957,0.2853808488239339,1.0
"Murray Hill, Manhattan",east_37th_street/east_to_west/019_n00434_W.jpg,n00434,east_37th_street,east_to_west,W,19,W,0.18031628260322588,0.12806386762545427,0.06595324833029752,0.3409200822149679,0.22868271954674224,0.7144504860767836,0.2568762278978389,0.35077332044465925,0.07343109429202148,0.12477779951965921,0.28850285852967783,0.4876702277042949,0.1651536610949302,0.02078142985735414,1.3028101890969117,1.0,0.4,0.25,0.35,0.13100202468630925,0.08736355135573586,0.13100202468630925,0.08736355135573586,0.10542278552383025,0.020636813584346606,1.0
"Murray Hill, Manhattan",east_37th_street/east_to_west/020_n00433_W.jpg,n00433,east_37th_street,east_to_west,W,20,W,0.16992392417898275,0.16136043233082706,0.07574273587985636,0.6398750821827744,0.3104609929078013,0.7788065843621399,0.4037422839506173,0.7666315789473684,0.13178706326723325,0.13567569746322206,0.3160700507394474,0.6986818894074471,0.26776467360892525,0.09000860259890983,1.2155223087048488,1.0,0.4,0.25,0.35,0.24830337161070667,0.16727626414209665,0.24830337161070667,0.16727626414209665,0.11840752243969757,0.08942623511735415,1.0
"Murray Hill, Manhattan",east_37th_street/east_to_west/021_n00432_W.jpg,n00432,east_37th_street,east_to_west,W,21,W,0.2030847447166363,0.19686892259821084,0.18729440789473686,0.6072952568521255,0.6780853291453998,0.8247076341977192,0.651449605343048,0.7649401631221892,0.10942492012779552,0.19574935840319463,0.48725083930471175,0.5647166969429716,0.3804372627354217,0.3489992413914342,1.1534711141275216,1.0,0.5,0.3,0.2,0.4764204369989257,0.3172112583817619,0.4764204369989257,0.3172112583817619,0.2164095672289204,0.34738085485429615,1.0
"Murray Hill, Manhattan",east_37th_street/east_to_west/022_n00431_W.jpg,n00431,east_37th_street,east_to_west,W,22,W,0.2555316129145983,0.25821307952103173,0.2131996117761242,0.7546844181459567,0.5437780877111421,0.8172432676201521,0.6489231522271169,0.8220496539099594,0.18143866409762363,0.24231476807058475,0.6242852578287383,0.6776519947815913,0.4151809081623703,0.4744506775474841,1.170396253235469,1.0,0.5,0.3,0.2,0.6056640136968787,0.43710855400499277,0.6056640136968787,0.43710855400499277,0.32564940161981076,0.47267293405321564,1.0
"Murray Hill, Manhattan",east_37th_street/east_to_west/023_n00430_W.jpg,n00430,east_37th_street,east_to_west,W,23,W,0.3264489131188731,0.25924787375755715,0.20883002207505527,0.5027800945232138,0.4651702786377709,0.6899434156378601,0.40334830979888747,0.6292609940150925,0.08177539114293286,0.2648422696504952,0.6852720366226529,0.5556236033001785,0.24256185047091017,0.0634724941710695,1.1873213923434165,1.0,0.5,0.3,0.2,0.39983685612604586,0.3002881080086838,0.39983685612604586,0.3002881080086838,0.3875556131888171,0.0630499228884083,1.0
"Murray Hill, Manhattan",east_37th_street/east_to_west/024_n00429_W.jpg,n00429,east_37th_street,east_to_west,W,24,W,0.3968390022832205,0.35551543289485,0.3275911324420066,0.5213983668708079,0.5144251166737378,0.7619826937547027,0.426633318174928,0.7510642135642135,0.1901311866428146,0.35998185587335907,0.8721141520446626,0.5860124879204278,0.3083822524088713,0.1539088940390918,0.9613696133096992,1.0,0.5,0.3,0.2,0.5471563852443657,0.4770855578214628,0.5471563852443657,0.4770855578214628,0.6646478660564672,0.15298258901607764,1.0
"Murray Hill, Manhattan",east_37th_street/east_to_west/025_n00428_W.jpg,n00428,east_37th_street,east_to_west,W,25,W,0.3752600493330599,0.35473262796682875,0.3122608910280143,0.4873835125448029,0.38153660498793246,0.7825190682333539,0.6128290848307564,0.6885245901639344,0.26491169610129955,0.347417856109301,0.8543350434932627,0.5981238325736016,0.43887039046602794,0.5629285079746861,0.8154726355198129,1.0,0.5,0.3,0.2,0.7062233802316897,0.6061982216600468,0.7062233802316897,0.6061982216600468,0.6302543782909973,0.5611732364244397,1.0
"Murray Hill, Manhattan",east_37th_street/east_to_west/026_n00427_W.jpg,n00427,east_37th_street,east_to_west,W,26,W,0.44879079854186005,0.5290611028315947,0.4817667193259611,0.6333968253968254,0.4778048780487805,0.7930318016347276,0.7444215906257791,0.7707261292166953,0.3581982840800763,0.48653954023313856,0.9688855599736375,0.64210602552158,0.5513099373529277,0.8743135840173103,0.8396875741954128,1.0,0.5,0.3,0.2,0.8389801978869577,0.808683750023696,0.8389801978869577,0.808683750023696,0.9004978443605751,0.8735278781525578,1.0
"Murray Hill, Manhattan",east_37th_street/east_to_west/027_n00426_W.jpg,n00426,east_37th_street,east_to_west,W,27,W,0.4046089294522501,0.5437425098442047,0.39624361779722833,0.5548545390816684,0.33119404949973674,0.7693696776155718,0.7289719626168224,0.75878587196468,0.24781321491051003,0.44819835236456096,0.9515878054644512,0.6608154538488704,0.4883925887636662,0.7302495064195582,0.8522478508408348,1.0,0.5,0.3,0.2,0.8089892406583212,0.7647549889730078,0.8089892406583212,0.7647549889730078,0.8510264210883556,0.7288425170049257,1.0
"Murray Hill, Manhattan",east_37th_street/east_to_west/028_n00425_W.jpg,n00425,east_37th_street,east_to_west,W,28,W,0.34879203686913185,0.3181675204457626,0.24180098500111927,0.5564035087719299,0.29911591355599215,0.7845707494407158,0.6906079234972676,0.6707317073170732,0.1063675832127351,0.30292018077200455,0.7746998532231415,0.6426731008443369,0.39848775335500136,0.41273178253752224,1.0210626187905505,1.0,0.5,0.3,0.2,0.6457989823564275,0.5182976664337066,0.6457989823564275,0.5182976664337066,0.4998340371577987,0.4110044422735182,1.0
"Murray Hill, Manhattan",east_37th_street/east_to_west/029_n00424_W.jpg,n00424,east_37th_street,east_to_west,W,29,W,0.1971993865992452,0.17637404846707172,0.19243498817966906,0.5856921716054843,0.6160828705681333,0.8187063875469672,0.6859687458614753,0.7572946400253726,0.11605988262210287,0.18866947441532866,0.4660606930117425,0.5756346470209078,0.40101431424178907,0.4219471365555546,1.1062032683851155,1.0,0.5,0.3,0.2,0.48676228919279935,0.3204708201177561,0.48676228919279935,0.3204708201177561,0.20234979110263193,0.42020882503408374,1.0
"Murray Hill, Manhattan",east_37th_street/east_to_west/030_n00423_W.jpg,n00423,east_37th_street,east_to_west,W,30,W,0.35013032495819346,0.3572173006774362,0.3107330141358869,0.7556115591397848,0.5144652684813327,0.7591860273521173,0.7884600702397312,0.7925523539600063,0.31483828143857107,0.33936021325717214,0.8418852329663713,0.6778995482061527,0.5516491758391511,0.8748717001604936,1.1097858265785665,1.0,0.5,0.3,0.2,0.7949959623746701,0.675175855213255,0.7949959623746701,0.675175855213255,0.6074525249375147,0.8740889808078381,1.0
"Murray Hill, Manhattan",east_37th_street/east_to_west/031_n00422_W.jpg,n00422,east_37th_street,east_to_west,W,31,W,0.42222088639117966,0.5117749966357152,0.5107062959411953,0.5694132614878012,0.5449399890889253,0.7650876414466384,0.7432432432432433,0.7699684115523465,0.2700868621064061,0.4815673929893634,0.9670356509241077,0.5981472279837408,0.5066650526748246,0.7807386035521432,0.98796719161116,1.0,0.5,0.3,0.2,0.8021670181984382,0.7714794236806678,0.8021670181984382,0.7714794236806678,0.8950224886379621,0.7795154477363583,1.0
"Murray Hill, Manhattan",east_37th_street/east_to_west/032_n00421_W.jpg,n00421,east_37th_street,east_to_west,W,32,W,0.4755671634131989,0.6791945627916413,0.6456269113149847,0.5803522478070176,0.6132785041473358,0.7654232159988194,0.752324886955038,0.7800543397350007,0.3561687051058047,0.6001295458399416,0.9918500047786697,0.5823760277982275,0.5542467960304214,0.879075238210999,1.0152614430361402,1.0,0.5,0.3,0.2,0.8252570749863826,0.817027941794615,0.8252570749863826,0.817027941794615,0.9725043978979808,0.878315156119196,1.0
"Murray Hill, Manhattan",east_37th_street/east_to_west/033_n00420_W.jpg,n00420,east_37th_street,east_to_west,W,33,W,0.4499723963898318,0.6276349789201686,0.5977052005012532,0.5886021075096705,0.6220922677063028,0.8046004610065309,0.6739970678395308,0.7937621411612347,0.3726867915799214,0.5584375252704178,0.9866295857696621,0.5867573269882007,0.5233419297097262,0.8205574677095893,0.8892271419005087,1.0,0.5,0.3,0.2,0.8136477430014033,0.8004820879050321,0.8136477430014033,0.8004820879050321,0.955448893409078,0.8195050893059237,1.0
"Murray Hill, Manhattan",east_37th_street/east_to_west/034_n00419_W.jpg,n00419,east_37th_street,east_to_west,W,34,W,0.4061143215441712,0.4049352750809061,0.39789054336468127,0.5462251356238698,0.6616791354945969,0.7750991656408153,0.5626055581145403,0.6460661080074487,0.22193436960276344,0.4029800466632528,0.9195138924382453,0.5102040360455738,0.39226996385865187,0.39032399118093514,0.9067392626875964,1.0,0.5,0.3,0.2,0.6492132332703644,0.5930096318998769,0.6492132332703644,0.5930096318998769,0.7685344855955125,0.3886283713353734,1.0
"Murray Hill, Manhattan",east_37th_street/east_to_west/035_n00418_W.jpg,n00418,east_37th_street,east_to_west,W,35,W,0.4350385757380266,0.5906994619523444,0.5782750342935529,0.6045224541429475,0.6968159775395609,0.7794358135731807,0.792125830402501,0.7886935539469149,0.26709832940912664,0.5346710239946413,0.9822951339652003,0.5654666768501004,0.5296120799058138,0.8339910818804183,1.221848940709744,1.0,0.4,0.25,0.35,0.8079882470668182,0.7940999665615486,0.8079882470668182,0.7940999665615486,0.9416044870407597,0.8330014536824198,1.0
"Murray Hill, Manhattan",east_37th_street/east_to_west/036_n00417_W.jpg,n00417,east_37th_street,east_to_west,W,36,W,0.41934214654643376,0.46249178172255095,0.4008958566629339,0.5986111111111111,0.7658739988440262,0.7863438407299875,0.7572446171280557,0.7562591479855173,0.22671007861081774,0.4275765949773062,0.938826645750872,0.5296654200842007,0.4919773478694367,0.7407096463820556,1.3085833369852646,1.0,0.4,0.25,0.35,0.7488785100717383,0.7078713668520018,0.7488785100717383,0.7078713668520018,0.8168594442666367,0.7393377411288033,1.0
"Murray Hill, Manhattan",east_37th_street/east_to_west/037_n00416_W.jpg,n00416,east_37th_street,east_to_west,W,37,W,0.44581474955598366,0.6999281890586238,0.6509513742071881,0.746167008898015,0.7400883838383838,0.8187721160651097,0.765642410216851,0.8050412557858725,0.24198267790262173,0.5988981042739318,0.9917296790444691,0.6037066269485012,0.5038125440597363,0.7733260577813116,1.3085833369852646,1.0,0.4,0.25,0.35,0.8029541285187667,0.7961090718514469,0.8029541285187667,0.7961090718514469,0.9721064878263643,0.7720736227805806,1.0
"Murray Hill, Manhattan",east_37th_street/east_to_west/038_n00415_W.jpg,n00415,east_37th_street,east_to_west,W,38,W,0.43403613638603145,0.6133870606671143,0.6202180172768408,0.7932397817128857,0.7001590668080594,0.8120178238893323,0.6921935033181977,0.8173278951921888,0.2720689655172414,0.5558804047766621,0.9862186907958775,0.6368028700323383,0.48213123441771955,0.7113538652774203,2.222785098703012,0.9671344404501724,0.3,0.2,0.5,0.7674247810272733,0.7590619964330563,0.7674247810272733,0.7590619964330563,0.9541243194919209,0.7098874730785459,0.894511561095119
"Murray Hill, Manhattan",east_37th_street/east_to_west/039_n00414_W.jpg,n00414,east_37th_street,east_to_west,W,39,W,0.459046659866865,0.6140462357782619,0.6083766984677653,0.5848459845984598,0.5416991173416408,0.7514416829109812,0.7444174151696606,0.7548540007584377,0.3028466741826381,0.5604898647042974,0.9869506070143425,0.5993336226717523,0.5236320446761493,0.8211973346775,2.222785098703012,0.9671344404501724,0.3,0.2,0.5,0.8147908055310988,0.8066466527679484,0.8147908055310988,0.8066466527679484,0.9564855392214852,0.8201478863950014,0.894511561095119
"Murray Hill, Manhattan",east_37th_street/east_to_west/040_n00413_W.jpg,n00413,east_37th_street,east_to_west,W,40,W,0.39709427650044027,0.37208578038796936,0.40537044048971344,0.6134927177796098,0.5589786289203441,0.7945946835109883,0.6531436599929751,0.7699564858579038,0.2874032908357851,0.3915168324593743,0.9087280190209777,0.6081568582390564,0.4702734754143801,0.6735096939162454,1.5113953835402156,1.0,0.4,0.25,0.35,0.7401126335743012,0.6823451864767169,0.7401126335743012,0.6823451864767169,0.7431672391898717,0.6719397089968409,0.9952423593999632
"Murray Hill, Manhattan",east_37th_street/east_to_west/041_n00412_W.jpg,n00412,east_37th_street,east_to_west,W,41,W,0.2891060642441526,0.187361049355269,0.16780821917808217,0.49462781502492686,0.5503465280554445,0.7599186164801628,0.6504629629629629,0.7560325797366217,0.13168252849253906,0.2147584442591679,0.5441599703830229,0.5667712889020347,0.39107274572775097,0.386058955136321,0.8811122957967003,1.0,0.5,0.3,0.2,0.514299822279008,0.35352908443199554,0.514299822279008,0.35352908443199554,0.2575761906188066,0.38437018227405345,1.0
"Murray Hill, Manhattan",east_37th_street/east_to_west/042_n00411_W.jpg,n00411,east_37th_street,east_to_west,W,42,W,0.3423579570293605,0.47557538750587125,0.5859336908824962,0.7288066616579013,0.6335448219402373,0.8188580619219944,0.7107142857142857,0.8120713935831496,0.31336215771052084,0.467955678472576,0.9614122393543935,0.6357777444336045,0.5120382217124033,0.7942233441261785,1.0052021696398588,1.0,0.5,0.3,0.2,0.8174005945714259,0.7811990389247289,0.8174005945714259,0.7811990389247289,0.8786558017866084,0.7930554739848777,1.0
"Murray Hill, Manhattan",east_37th_street/east_to_west/043_n00410_W.jpg,n00410,east_37th_street,east_to_west,W,43,W,0.3773397502617157,0.35551046561298594,0.3039613381410257,0.5530920060331826,0.6058116106283843,0.7459857958931604,0.6152242953552998,0.7796836747841773,0.11799100449775113,0.34560385133857574,0.8516051325918557,0.5756546900629919,0.36660764992652545,0.3034579210288123,1.1335331991597912,1.0,0.5,0.3,0.2,0.61600954983284,0.5272718672601902,0.61600954983284,0.5272718672601902,0.6251674627629064,0.3019527659346962,1.0
"Murray Hill, Manhattan",east_37th_street/east_to_west/044_n00409_W.jpg,n00409,east_37th_street,east_to_west,W,44,W,0.303995019724692,0.27644992082343617,0.2556360708534621,0.6453513749454386,0.6380873103958565,0.7649295549151457,0.6399906517094017,0.7805608065532451,0.12338858195211788,0.27869367046719673,0.7199722664126436,0.5959416237009423,0.3816896168307598,0.3532792558693999,1.1701376145623834,1.0,0.5,0.3,0.2,0.589987251061215,0.45429275942806435,0.589987251061215,0.45429275942806435,0.4276655704081792,0.3516517429353626,1.0
"Murray Hill, Manhattan",east_37th_street/east_to_west/045_n00408_W.jpg,n00408,east_37th_street,east_to_west,W,45,W,0.2751050177081883,0.26719480728914685,0.20121902478017586,0.7579938900203667,0.7263764880952381,0.8216897233201581,0.7047385026089067,0.8152384524032752,0.14733190490766246,0.24783961659250364,0.6397030194277322,0.6156186181094678,0.4260352037582846,0.5151273959240784,2.5222042775153737,0.9246586453551273,0.3,0.2,0.5,0.5696566782052326,0.4706024415722296,0.5696566782052326,0.4706024415722296,0.3403734102181443,0.513346113397674,0.8552253065785913
"Murray Hill, Manhattan",east_37th_street/west_to_east/001_n00408_E.jpg,n00408,east_37th_street,west_to_east,W,1,E,0.37310096245115415,0.39368225898459785,0.4917505592841163,0.6695646812183993,0.558985234055922,0.798764458464774,0.6180422264875239,0.7757901013714967,0.2594933245786824,0.4195112602399561,0.9330264086547672,0.6287898495113247,0.4387677755331032,0.5625497606877051,2.5222042775153737,0.9246586453551273,0.3,0.2,0.5,0.6694987299644152,0.6387700007441031,0.6694987299644152,0.6387700007441031,0.8019344924687039,0.5607941548366869,0.8552253065785913
"Murray Hill, Manhattan",east_37th_street/west_to_east/002_n00409_E.jpg,n00409,east_37th_street,west_to_east,W,2,E,0.41087922705684177,0.39148896889135054,0.4647435897435897,0.5817868504772004,0.4709021345147,0.7734704035531051,0.42525072242053374,0.7540322580645161,0.12196048632218837,0.42237059523059395,0.9351389078063534,0.6216389913423388,0.27360560437136106,0.09744724972447132,1.1701376145623834,1.0,0.5,0.3,0.2,0.526324340350287,0.48840622812089046,0.526324340350287,0.48840622812089046,0.8073280550768787,0.09682187408306099,1.0
"Murray Hill, Manhattan",east_37th_street/west_to_east/003_n00410_E.jpg,n00410,east_37th_street,west_to_east,W,3,E,0.3564899609194452,0.3785812317721737,0.3832214049674874,0.6484593837535014,0.4607073426050545,0.786646701988789,0.7397174138186121,0.7986910290059895,0.3716426137502506,0.37276419921970205,0.8882680037783548,0.6621476900514788,0.5556800137844313,0.8813419860633581,1.1335331991597912,1.0,0.5,0.3,0.2,0.812058584619725,0.7196939370181895,0.812058584619725,0.7196939370181895,0.6979309144206056,0.8805942164955546,1.0
"Murray Hill, Manhattan",east_37th_street/west_to_east/004_n00411_E.jpg,n00411,east_37th_street,west_to_east,W,4,E,0.4685540058037684,0.613032717614391,0.5525000000000001,0.6117869964100519,0.4930436643835616,0.80261493040911,0.7648327939590076,0.7847786811201445,0.4085557725694445,0.5446955744727198,0.9842702533095861,0.6345073377155448,0.586694283264226,0.9220415466789013,1.0052021696398588,1.0,0.5,0.3,0.2,0.8516051375368702,0.8356201310972319,0.8516051375368702,0.8356201310972319,0.9478781084707478,0.92152742447416,1.0
"Murray Hill, Manhattan",east_37th_street/west_to_east/005_n00412_E.jpg,n00412,east_37th_street,west_to_east,W,5,E,0.4228241948247956,0.49656390494540775,0.500940170940171,0.513144963144963,0.39658346972176756,0.7804882407605976,0.6352857570317175,0.6619261477045907,0.20712744351358214,0.47344275690345805,0.9637821461767402,0.592829213709262,0.42120660027264983,0.4970247861382339,0.8811122957967003,1.0,0.5,0.3,0.2,0.7296992954094501,0.6989360096104932,0.7296992954094501,0.6989360096104932,0.8855029836592194,0.4952421648846945,1.0
"Murray Hill, Manhattan",east_37th_street/west_to_east/006_n00413_E.jpg,n00413,east_37th_street,west_to_east,W,6,E,0.4871103924844158,0.7009148486981,0.6474564926372156,0.694705618983658,0.6359424530602292,0.7847688292319165,0.6678984971667897,0.7641779788838612,0.26982089892767513,0.6118272446065771,0.9929098046470657,0.6076470482690967,0.46885969804723243,0.6688294223775996,1.5113953835402156,1.0,0.4,0.25,0.35,0.7647811010248483,0.7589212611831236,0.7647811010248483,0.7589212611831236,0.9760190166493846,0.6672480507517484,0.9952423593999632
"Murray Hill, Manhattan",east_37th_street/west_to_east/007_n00414_E.jpg,n00414,east_37th_street,west_to_east,W,7,E,0.4569262495754874,0.500036469730124,0.5410396716826265,0.5596393897364771,0.6596981263011797,0.74981765134938,0.6981164383561644,0.7604697882861999,0.1741456320764517,0.49933413032941254,0.9731953528964925,0.5534703505738323,0.4361310352163081,0.5527938636007608,2.222785098703012,0.9671344404501724,0.3,0.2,0.5,0.6551797813803155,0.6418148773899879,0.6551797813803155,0.6418148773899879,0.9134339642952414,0.5510303526578094,0.894511561095119
"Murray Hill, Manhattan",east_37th_street/west_to_east/008_n00415_E.jpg,n00415,east_37th_street,west_to_east,W,8,E,0.49257602705527775,0.7820592286501378,0.7615551162571778,0.690985289086555,0.7073401068125569,0.8318598559266536,0.7596138010540184,0.8056088820630959,0.2670275146594497,0.678730123987531,0.9968107065569627,0.596418021445698,0.5133206578567341,0.797349433122914,2.222785098703012,0.9671344404501724,0.3,0.2,0.5,0.8044856552940167,0.8020349970569305,0.8044856552940167,0.8020349970569305,0.9891110216771031,0.7961947521313845,0.894511561095119
"Murray Hill, Manhattan",east_37th_street/west_to_east/009_n00416_E.jpg,n00416,east_37th_street,west_to_east,W,9,E,0.3465170078624103,0.360432733504713,0.3328129065833984,0.7337101872112813,0.6490963855421686,0.8145984684861575,0.7289927657206455,0.7991255144032922,0.2670275146594497,0.34658754931684055,0.8530907136498848,0.6279131053574682,0.49801014019004763,0.757707564175626,1.3085833369852646,1.0,0.4,0.25,0.35,0.7580512018448385,0.6701954494611876,0.7580512018448385,0.6701954494611876,0.6279295057406606,0.7563960168324737,1.0
"Murray Hill, Manhattan",east_37th_street/west_to_east/010_n00417_E.jpg,n00417,east_37th_street,west_to_east,W,10,E,0.4107158913126999,0.48942215854823307,0.4501,0.5592133854845719,0.5997093936537857,0.8041684078562473,0.7723406804024916,0.796851525246587,0.2753635071608178,0.4500793499536443,0.9526171254795727,0.585451839025791,0.5238520937816546,0.8216814756099804,1.3085833369852646,1.0,0.4,0.25,0.35,0.8009148961754092,0.7662684623489333,0.8009148961754092,0.7662684623489333,0.8538654902743459,0.820634248244888,1.0
"Murray Hill, Manhattan",east_37th_street/west_to_east/011_n00418_E.jpg,n00418,east_37th_street,west_to_east,W,11,E,0.4370752056762521,0.5192741367159971,0.4892270531400966,0.384847409510291,0.4829140461215933,0.7037323701410388,0.7489588153632578,0.43937287611986403,0.18666430008283044,0.48185879851078184,0.9671469411120442,0.4471020798361872,0.4678115577230441,0.6653378332033436,1.221848940709744,1.0,0.4,0.25,0.35,0.6996219625197491,0.6777976994745245,0.6996219625197491,0.6777976994745245,0.8953505909618187,0.6637481710349662,1.0
"Murray Hill, Manhattan",east_37th_street/west_to_east/012_n00419_E.jpg,n00419,east_37th_street,west_to_east,W,12,E,0.4495155276882625,0.5775047956322856,0.5015481528934443,0.5502440106477374,0.5709750566893423,0.7884549678830122,0.7039734253226012,0.732252627404323,0.35004236839317865,0.5095228254046642,0.9762067833045778,0.5705071937875726,0.52700789685789,0.8285120604424461,0.9067392626875964,1.0,0.5,0.3,0.2,0.8040980612358767,0.7815276171795116,0.8040980612358767,0.7815276171795116,0.9226256244375709,0.8274965260304988,1.0
"Murray Hill, Manhattan",east_37th_street/west_to_east/013_n00420_E.jpg,n00420,east_37th_street,west_to_east,W,13,E,0.4515211979619559,0.6141513056835638,0.5887424760045551,0.5964875746216854,0.5535441101478837,0.7721540953262379,0.7865659483077835,0.7281039936733887,0.33777012214218605,0.5514716598833582,0.9854808312803107,0.5903491527157301,0.5621680352249847,0.8911479195473592,0.8892271419005087,1.0,0.5,0.3,0.2,0.8282219445515168,0.8137986134891427,0.8282219445515168,0.8137986134891427,0.9517521734602038,0.8904542650040566,1.0
"Murray Hill, Manhattan",east_37th_street/west_to_east/014_n00421_E.jpg,n00421,east_37th_street,west_to_east,W,14,E,0.29161700904469173,0.2737767775277153,0.22260132340777505,0.6065248226950355,0.34449977365323675,0.7498224116497957,0.7027474011070609,0.7718276196878034,0.24187164263500147,0.2626650366600607,0.6796100739041078,0.677950889576534,0.4723095218710312,0.680189505466421,1.0152614430361402,1.0,0.5,0.3,0.2,0.6792276545843067,0.5085828725809985,0.6792276545843067,0.5085828725809985,0.3813727703635965,0.6786363150950157,1.0
"Murray Hill, Manhattan",east_37th_street/west_to_east/015_n00422_E.jpg,n00422,east_37th_street,west_to_east,W,15,E,0.32284189082074144,0.3502837858567265,0.2896631823461091,0.6638359569179785,0.3745980707395498,0.7504599431343034,0.7925432445067789,0.7711587089097129,0.2724932249322493,0.32092961967452566,0.8101761930313328,0.6867988650293806,0.5325182347195141,0.839938898256866,0.98796719161116,1.0,0.5,0.3,0.2,0.7765834807948159,0.6418278717392669,0.7765834807948159,0.6418278717392669,0.5536549658845712,0.8389778809788638,1.0
"Murray Hill, Manhattan",east_37th_street/west_to_east/016_n00423_E.jpg,n00423,east_37th_street,west_to_east,W,16,E,0.31954116303523383,0.2794336118848653,0.21807038355081065,0.7319140919366993,0.4713011053402583,0.8092841163310962,0.7413424124513619,0.8066499022073205,0.1599838969404187,0.2723483861569699,0.7043669847846313,0.6890876296012538,0.4506631546958903,0.6058610889687077,1.1097858265785665,1.0,0.5,0.3,0.2,0.6789791590583292,0.517187233170708,0.6789791590583292,0.517187233170708,0.40913911042346834,0.6041569931846914,1.0
"Murray Hill, Manhattan",east_37th_street/west_to_east/017_n00424_E.jpg,n00424,east_37th_street,west_to_east,W,17,E,0.3261619414102048,0.2865629984051037,0.2520521056388294,0.7559903587126046,0.42792898482715463,0.7624544349939247,0.7818917851500791,0.8034488531726102,0.22360594795539032,0.2882590151513793,0.7425200808058314,0.7105034090193534,0.5027488665527347,0.7705170411748,1.1062032683851155,1.0,0.5,0.3,0.2,0.7382108109978797,0.5782950671007618,0.7382108109978797,0.5782950671007618,0.4559649235968117,0.7692537166509492,1.0
"Murray Hill, Manhattan",east_37th_street/west_to_east/018_n00425_E.jpg,n00425,east_37th_street,west_to_east,W,18,E,0.3597200120853907,0.3410930378752161,0.2763614290669441,0.6801064668769716,0.4297541576283442,0.7976142742582196,0.6695718654434252,0.7653503851619176,0.3047977645164346,0.3257248263425169,0.818868157911496,0.6719008981368484,0.4871848149799299,0.7266659534482688,1.0210626187905505,1.0,0.5,0.3,0.2,0.7534692290601674,0.6271868028497314,0.7534692290601674,0.6271868028497314,0.5678272629781616,0.7252473051631007,1.0
"Murray Hill, Manhattan",east_37th_street/west_to_east/019_n00426_E.jpg,n00426,east_37th_street,west_to_east,W,19,E,0.5071977523403127,0.7761711972238289,0.7326798763350197,0.5344508186924823,0.591354556803995,0.8111611995651895,0.7964853753875185,0.7929009575104727,0.5829131652661065,0.6720162752997204,0.9965440477388329,0.5786657397996533,0.6896992703268126,0.9822853358907726,0.8522478508408348,1.0,0.5,0.3,0.2,0.8441587239392846,0.8405994081400947,0.8441587239392846,0.8405994081400947,0.9882082029516263,0.9821608241192907,1.0
"Murray Hill, Manhattan",east_37th_street/west_to_east/020_n00427_E.jpg,n00427,east_37th_street,west_to_east,W,20,E,0.42615238478802353,0.39126016260162605,0.3584340720841728,0.7189549472483604,0.6147031601216448,0.7969947067836746,0.7246487650124632,0.7672934602023863,0.3541298803217579,0.39194887315794075,0.9091571175387635,0.6238484157763673,0.5393893226671106,0.8533148130280993,0.8396875741954128,1.0,0.5,0.3,0.2,0.8017981529318255,0.7252476194886267,0.8017981529318255,0.7252476194886267,0.7441555527215721,0.8524199949083877,1.0
"Murray Hill, Manhattan",east_37th_street/west_to_east/021_n00428_E.jpg,n00428,east_37th_street,west_to_east,W,21,E,0.4177284393596821,0.36826756018863244,0.37559485182781743,0.7551883296273836,0.5137596114933226,0.7844534962661235,0.7417117117117117,0.8026595439140675,0.3626888767522301,0.3871969504587106,0.904336387998011,0.6813627540160427,0.5522002942319709,0.8757738731529515,0.8154726355198129,1.0,0.5,0.3,0.2,0.825385655329882,0.7430375946976591,0.825385655329882,0.7430375946976591,0.7331487808029744,0.8749959908508171,1.0
"Murray Hill, Manhattan",east_37th_street/west_to_east/022_n00429_E.jpg,n00429,east_37th_street,west_to_east,W,22,E,0.30939874457224104,0.19853451266042313,0.1739647893649511,0.6366265060240964,0.5405662856392065,0.7434491163924437,0.44004461795872835,0.7809485045827304,0.09943802684982828,0.22729934886587175,0.5811734036275852,0.6256695749892067,0.2697413224042783,0.09246682722118432,0.9613696133096992,1.0,0.5,0.3,0.2,0.4113898457569176,0.28891572469106364,0.4113898457569176,0.28891572469106364,0.28738596010888007,0.09187016043094878,1.0
"Murray Hill, Manhattan",east_37th_street/west_to_east/023_n00430_E.jpg,n00430,east_37th_street,west_to_east,W,23,E,0.2808720545846956,0.20030635792154058,0.1744477911646586,0.7615353616764055,0.6781360597719229,0.8003561253561253,0.6139160332971408,0.8063690190430469,0.20713197374589778,0.21854206789029829,0.5553978372159206,0.6299227736491765,0.4105240035215193,0.45707096755738635,1.1873213923434165,1.0,0.5,0.3,0.2,0.5547342905109106,0.38386239592950555,0.5547342905109106,0.38386239592950555,0.26635383710466665,0.4553019284320324,1.0
"Murray Hill, Manhattan",east_37th_street/west_to_east/024_n00431_E.jpg,n00431,east_37th_street,west_to_east,W,24,E,0.25773459730248466,0.22702632937532266,0.18931313131313132,0.7478217821782178,0.76046783625731,0.8279720069682225,0.7475943745373798,0.7975471698113208,0.18275231332042177,0.2246913526636462,0.573536851257816,0.5949670385774095,0.46517334392890075,0.6564694603836352,1.170396253235469,1.0,0.5,0.3,0.2,0.5957601376198625,0.41681735202010745,0.5957601376198625,0.41681735202010745,0.28101957793268756,0.6548595252307884,1.0
"Murray Hill, Manhattan",east_37th_street/west_to_east/025_n00432_E.jpg,n00432,east_37th_street,west_to_east,W,25,E,0.17382888594286405,0.18650234741784036,0.1487236996689095,0.7690903367957193,0.4463352739214808,0.7766425346411334,0.6869902120717781,0.7996764065103165,0.18310441307389036,0.16968497767653795,0.4100447786903537,0.7074771564615183,0.43504731257283424,0.5487718486753022,1.1534711141275216,1.0,0.5,0.3,0.2,0.5119266449582099,0.32751843153070775,0.5119266449582099,0.32751843153070775,0.16805342537439408,0.5470054743553682,1.0
"Murray Hill, Manhattan",east_37th_street/west_to_east/026_n00433_E.jpg,n00433,east_37th_street,west_to_east,W,26,E,0.3363511756814403,0.30411611054937643,0.24644780566059357,0.5524720893141946,0.30059044551798175,0.7650872998623487,0.6831490985656008,0.7050549915397631,0.1803713527851459,0.2956383639638034,0.7590833141015947,0.6523122117786586,0.43176022567537337,0.5365356110412905,1.2155223087048488,1.0,0.4,0.25,0.35,0.647275469731215,0.537331405751104,0.647275469731215,0.537331405751104,0.4780027951536718,0.5347619454234805,1.0
"Murray Hill, Manhattan",east_37th_street/west_to_east/027_n00434_E.jpg,n00434,east_37th_street,west_to_east,W,27,E,0.25972831340749003,0.18324491600353668,0.13160193789214517,0.5241720085470085,0.4687034781431858,0.7539243387489208,0.5132690541781452,0.7220422366210704,0.12408946342464348,0.19152505576772394,0.47459705822779674,0.5925035890082977,0.3186792588013943,0.17511355027006367,1.3028101890969117,1.0,0.4,0.25,0.35,0.35388705501224116,0.25387080464538975,0.35388705501224116,0.25387080464538975,0.20793707138949225,0.17408588280700443,1.0
"Murray Hill, Manhattan",east_37th_street/west_to_east/028_n00435_E.jpg,n00435,east_37th_street,west_to_east,W,28,E,0.17635292393994173,0.15782559295554607,0.163624824929972,0.5349696489839008,0.6836270807105889,0.7433695859568785,0.6831825927382357,0.7025696445725265,0.10243788091889361,0.16593444727515327,0.3992030995235056,0.5179707376152793,0.39281023682856464,0.39225423715361973,1.1435972312750489,1.0,0.5,0.3,0.2,0.4301322923464161,0.2736470456523869,0.4301322923464161,0.2736470456523869,0.16185467313075058,0.3905556036108428,1.0
"Murray Hill, Manhattan",east_37th_street/west_to_east/029_n00436_E.jpg,n00436,east_37th_street,west_to_east,W,29,E,0.2036703065124197,0.2208684580259923,0.16490532804931748,0.5079936873885001,0.6207450224791266,0.6649181703734789,0.70864020731042,0.611855460820138,0.07570659488559894,0.19648136419590984,0.48944566059485894,0.4997013752431705,0.39217340109800947,0.3899793586878525,1.0958293143913087,1.0,0.5,0.3,0.2,0.47062362942022495,0.31374338641395,0.47062362942022495,0.31374338641395,0.21790284897748272,0.38828428249523955,1.0
"Murray Hill, Manhattan",east_37th_street/west_to_east/030_n00437_E.jpg,n00437,east_37th_street,west_to_east,W,30,E,0.3263930695212207,0.2767084877863321,0.2162879837443429,0.4732104355325572,0.7214447806354009,0.6285937243305405,0.658594587352626,0.5302449414270501,0.056117574326982535,0.2731298470172986,0.7063159572994755,0.42733686544140215,0.35735608083980425,0.2749485183423807,1.0480613975075683,1.0,0.5,0.3,0.2,0.5030149511320327,0.38350251962731224,0.5030149511320327,0.38350251962731224,0.411407991490674,0.2735292402916151,1.0
"Murray Hill, Manhattan",east_37th_street/west_to_east/031_n00438_E.jpg,n00438,east_37th_street,west_to_east,W,31,E,0.3595209566350868,0.3978014592933947,0.3524810159727678,0.41674710424710426,0.7397724283083399,0.7009555930297919,0.533142021156876,0.5340481565086531,0.1112565445026178,0.36993447730041645,0.8848531804480338,0.4036742774824725,0.3221992828297469,0.18287178201537616,1.0866643964877634,1.0,0.5,0.3,0.2,0.5101222546076565,0.45017833290731424,0.5101222546076565,0.45017833290731424,0.6907243132182465,0.18180861973300125,1.0
"Murray Hill, Manhattan",east_37th_street/west_to_east/032_n00439_E.jpg,n00439,east_37th_street,west_to_east,W,32,E,0.45927979020338955,0.6344254198221929,0.5838757167209051,0.3814190513524109,0.7834099081102677,0.6813210848643919,0.6633079847908744,0.6787383177570093,0.22672989111345268,0.5591936422488292,0.9867487519199487,0.42558248699971746,0.4450189379521635,0.5854735127925617,1.0866643964877634,1.0,0.5,0.3,0.2,0.6907165589720577,0.6794076249622489,0.6907165589720577,0.6794076249622489,0.9558335225766579,0.5837418314204154,1.0
"Murray Hill, Manhattan",east_37th_street/west_to_east/033_n00440_E.jpg,n00440,east_37th_street,west_to_east,W,33,E,0.4110727689798761,0.37236182967890286,0.36785803393213573,0.3292989417989418,0.7130428825866556,0.6396911898274297,0.5745421245421244,0.46074646074646064,0.1502447632058288,0.3837642108636382,0.9007128662609878,0.35900083998624893,0.3623934438739766,0.2902647981518856,1.0866643964877634,1.0,0.5,0.3,0.2,0.5449801657505559,0.48845018971347676,0.5449801657505559,0.48845018971347676,0.725012750349866,0.28879794940501524,1.0
"Murray Hill, Manhattan",east_37th_street/west_to_east/034_n00441_E.jpg,n00441,east_37th_street,west_to_east,W,34,E,0.41719832695000264,0.4070164075993092,0.4600326966098778,0.5145079899074853,0.7952971083571656,0.7606191061910619,0.7473171050909566,0.7350871313672922,0.15840401676903582,0.4280824770530632,0.9391743592213033,0.4847660043058706,0.4528605609299962,0.613703905575765,0.4073781804521107,1.0,0.55,0.35,0.1,0.714072927847946,0.6615431619524195,0.714072927847946,0.6615431619524195,0.8177658580404686,0.6120120038225236,1.0
"Murray Hill, Manhattan",east_37th_street/west_to_east/035_n00442_E.jpg,n00442,east_37th_street,west_to_east,W,35,E,0.4062815808795803,0.38703266430539157,0.3545211342964152,0.559623107815879,0.708644510828977,0.7592853483606558,0.7320523085134774,0.7049498746867169,0.15677696468342348,0.38261179316046234,0.8994692772744186,0.5186428238912063,0.44441463659845043,0.5832719149045483,0.4073781804521107,1.0,0.55,0.35,0.1,0.7103682147909531,0.629417636578072,0.7103682147909531,0.629417636578072,0.7222471085597764,0.5815376099673168,1.0
"Murray Hill, Manhattan",east_37th_street/west_to_east/036_n00443_E.jpg,n00443,east_37th_street,west_to_east,W,36,E,0.48246715282691544,0.6226344958096783,0.5884821737625477,0.4264338177840287,0.7149503722084368,0.6485423858841579,0.7729705976350272,0.46305351806574285,0.23999386126457947,0.5645279407997138,0.9875601857820776,0.3915123212137782,0.5064822294498034,0.7802687909452769,0.4073781804521107,1.0,0.55,0.35,0.1,0.6977426825627738,0.6862500182284645,0.6977426825627738,0.6862500182284645,0.9584583380201945,0.7790437559951476,1.0
"Murray Hill, Manhattan",east_37th_street/west_to_east/037_n00444_E.jpg,n00444,east_37th_street,west_to_east,W,37,E,0.43886917690436494,0.4003280343174363,0.353037522334723,0.3977112676056338,0.7076365663322185,0.6295235497363157,0.661550759392486,0.4148003894839338,0.17317884528642313,0.39741157785217474,0.9144278691571648,0.36829169691911634,0.41736480233945455,0.4826250076348479,0.3840706001223501,1.0,0.55,0.35,0.1,0.623965182285461,0.5619427231567846,0.623965182285461,0.5619427231567846,0.7564350282613541,0.4808446587697326,1.0
"Murray Hill, Manhattan",east_37th_street/west_to_east/038_n00445_E.jpg,n00445,east_37th_street,west_to_east,W,38,E,0.3947179493065006,0.37480282274802823,0.33167149136914337,0.43222497590527337,0.661439448875997,0.7042168674698795,0.7288277012932833,0.7441546762589928,0.1344296339225345,0.3670640878078907,0.881296889398578,0.5049800677627563,0.4316286676079089,0.5360448672217707,0.3669950832306962,1.0,0.55,0.35,0.1,0.6900543967513996,0.5997424280348024,0.6900543967513996,0.5997424280348024,0.6833181741231377,0.5342709537560919,1.0
"Murray Hill, Manhattan",east_37th_street/west_to_east/039_n00446_E.jpg,n00446,east_37th_street,west_to_east,W,39,E,0.4238517491750197,0.6199200172935582,0.5096070248652408,0.4417823070251518,0.789451261077028,0.7078472546274693,0.576150873655914,0.6942200124300807,0.0839162780368643,0.5177929304446062,0.9784061256427926,0.4488503527927348,0.33003357584638915,0.20108989835156055,0.3669950832306962,1.0,0.55,0.35,0.1,0.6358579637745767,0.6177937483817285,0.6358579637745767,0.6177937483817285,0.929419686914034,0.19994673809081268,1.0
"Murray Hill, Manhattan",east_37th_street/west_to_east/040_n00447_E.jpg,n00447,east_37th_street,west_to_east,W,40,E,0.5157654871554344,0.7499397880539499,0.6583255378858747,0.2935371745021798,0.7581365425370875,0.6101982263954094,0.7287827504074214,0.6282991202346041,0.14467452640064493,0.6413436043650862,0.995014002133642,0.38789991739989876,0.43672863840403314,0.5550088279756665,,1.0,0.45,0.15,0.4,0.6839920375039154,0.6794143012370372,0.6839920375039154,0.6794143012370372,0.983050417928661,0.5532469925432479,1.0
"Murray Hill, Manhattan",east_37th_street/west_to_east/041_n00448_E.jpg,n00448,east_37th_street,west_to_east,W,41,E,0.49281330018789493,0.7416362025036003,0.6169527896995709,0.36541415573673636,0.7582870798643232,0.6295136998729814,0.7802594212909663,0.7420998980632008,0.13826375298978041,0.6171340974636887,0.993344336157084,0.4497423246452046,0.45926158714037335,0.636203493463448,,1.0,0.45,0.15,0.4,0.7380366056722555,0.7319423804618654,0.7380366056722555,0.7319423804618654,0.9774652273073692,0.6345514546325731,1.0
"Murray Hill, Manhattan",east_37th_street/west_to_east/042_n00449_E.jpg,n00449,east_37th_street,west_to_east,W,42,E,0.5264862245123659,0.7896293027360989,0.7457976530288614,0.31315513626834385,0.6198696616749862,0.6204853273137698,0.7811947879858657,0.674845269672856,0.2806900389538119,0.6873043934257754,0.9971216418370767,0.4560435814220712,0.5309424134698388,0.8367354694127532,,1.0,0.45,0.15,0.4,0.8266523180817541,0.8236672969182555,0.8266523180817541,0.8236672969182555,0.9901652196578026,0.8357589794621431,1.0
"Murray Hill, Manhattan",east_37th_street/west_to_east/043_n00451_E.jpg,n00451,east_37th_street,west_to_east,W,43,E,0.5152782328405876,0.7788535645472061,0.7085455020237629,0.3608555993575704,0.6204406729194579,0.7309350885156604,0.63558352402746,0.7726304038968946,0.15731022052586938,0.6675590998038522,0.9963548617864272,0.5043484434450023,0.3964468722766647,0.4053319677956067,,1.0,0.45,0.15,0.4,0.6277984881508577,0.6242398030911862,0.6277984881508577,0.6242398030911862,0.9875683881509809,0.4036143124173085,1.0
"Murray Hill, Manhattan",east_37th_street/west_to_east/044_n00452_E.jpg,n00452,east_37th_street,west_to_east,W,44,E,0.43879864179791833,0.5746655157531291,0.542082239720035,0.4903625680710806,0.6435963777490298,0.7887067395264116,0.6600766024557846,0.7065118397085609,0.07508440028027263,0.5185154657570274,0.9785885528570749,0.5177593433435372,0.3675805013680286,0.30655122984790867,,1.0,0.45,0.15,0.4,0.5591012663212299,0.5453494930706542,0.5591012663212299,0.5453494930706542,0.9299863423719112,0.3050374510149363,1.0
"Murray Hill, Manhattan",east_37th_street/west_to_east/045_n00454_E.jpg,n00454,east_37th_street,west_to_east,W,45,E,0.4422406796874132,0.5097752808988765,0.47543381759483466,0.6104746930218629,0.6061940408043447,0.8185447808866743,0.47449865782409595,0.7733507853403142,0.10275490816972765,0.47581659272704147,0.9647634522820897,0.5925438125192775,0.2886267829969118,0.1191401233880852,2.849514835485121,0.8803574812345689,0.3,0.2,0.5,0.3075384131494206,0.29907850039508005,0.3075384131494206,0.29907850039508005,0.8883595472080824,0.11839379381911051,0.8142507514201934
"Murray Hill, Manhattan",east_38th_street/east_to_west/001_n00501_W.jpg,n00501,east_38th_street,east_to_west,W,1,W,0.37293113535135713,0.4126302083333333,0.4733316044260028,0.6888568521031208,0.593613496008435,0.7910904638432728,0.6533368031459634,0.7761165913138787,0.12491882363855648,0.41963098270356436,0.9331161276173331,0.6237866491361881,0.38912781339225994,0.37916760833790836,2.6381276945144334,0.9087191902234355,0.3,0.2,0.5,0.5487866504508948,0.5232857615959082,0.5487866504508948,0.5232857615959082,0.8021625877041632,0.37749044556243516,0.8404827575631528
"Murray Hill, Manhattan",east_38th_street/east_to_west/002_n00500_W.jpg,n00500,east_38th_street,east_to_west,W,2,W,0.3299463817085114,0.32570141877889364,0.3012129380053908,0.70720823798627,0.5560904143993303,0.8139403853144311,0.7048373287671232,0.8241427247451344,0.1590962441314554,0.3189535794975986,0.8065025856883394,0.6584201827773579,0.4319667864492893,0.5373059902009778,2.6381276945144334,0.9087191902234355,0.3,0.2,0.5,0.6321107808311568,0.5619237237210735,0.6321107808311568,0.5619237237210735,0.5477879204712416,0.5355327205928635,0.8404827575631528
"Murray Hill, Manhattan",east_38th_street/east_to_west/003_n00499_W.jpg,n00499,east_38th_street,east_to_west,W,3,W,0.3350758468193121,0.3597828597828598,0.3384365378036264,0.7654272411305659,0.5329442530935068,0.8333851360685177,0.6458165457964008,0.8393997445721584,0.15238177029657618,0.34443174813526606,0.8498188500789748,0.6906275775364058,0.3990991580464885,0.4149564705472857,2.6381276945144334,0.9087191902234355,0.3,0.2,0.5,0.5697022855814563,0.5176685607649824,0.5697022855814563,0.5176685607649824,0.6218657534875834,0.41322637100004883,0.8404827575631528
"Murray Hill, Manhattan",east_38th_street/east_to_west/004_n00498_W.jpg,n00498,east_38th_street,east_to_west,W,4,W,0.3146234503572642,0.2986657411692118,0.2553373437131399,0.7412260536398468,0.6057739861523244,0.8267770546197039,0.646727010363374,0.8128527590552906,0.13605551969012272,0.2895421784132053,0.7454529143175646,0.6494349421809377,0.39139126502674837,0.3871919892136807,2.3262457488827275,0.9522412500920688,0.3,0.2,0.5,0.5226324569350309,0.4511148473375605,0.5226324569350309,0.4511148473375605,0.45978707147568326,0.3855013721623473,0.8807367120154885
"Murray Hill, Manhattan",east_38th_street/east_to_west/005_n00497_W.jpg,n00497,east_38th_street,east_to_west,W,5,W,0.2717163772641937,0.22326545005730405,0.18336660843523842,0.7043194948273546,0.5049141749723146,0.7866825331125828,0.6557322730284957,0.7902697495183043,0.17317004504504507,0.22611614525224538,0.5777134184234474,0.6632250231244481,0.4144511590367704,0.4717220540348134,3.819853949678455,0.7611094614885291,0.15,0.15,0.7,0.5117835593771485,0.45897779291261914,0.5117835593771485,0.45897779291261914,0.28448698615661666,0.46994539225753956,0.7039571584726808
"Murray Hill, Manhattan",east_38th_street/east_to_west/006_n00496_W.jpg,n00496,east_38th_street,east_to_west,W,6,W,0.3018193195627136,0.28173510265398094,0.19952625743372643,0.5701026856240127,0.3992514512679499,0.7753548925833144,0.4216550864065562,0.721864406779661,0.14472953459957794,0.26102689321680694,0.6753147700944271,0.6309052137119079,0.28319231050306704,0.11084730648653077,3.853589721716486,0.7572676977582183,0.15,0.15,0.7,0.18868099416537018,0.17210012931090576,0.18868099416537018,0.17210012931090576,0.3767459102955906,0.11014642973279505,0.700403875776886
"Murray Hill, Manhattan",east_38th_street/east_to_west/007_n00495_W.jpg,n00495,east_38th_street,east_to_west,W,7,W,0.360344276492855,0.40658747300215986,0.39398256788467984,0.5608174253548702,0.6192618675013041,0.8123465392527706,0.6049305555555556,0.7664532794249775,0.14476317545030024,0.3869714391265649,0.9041020182288138,0.5693362790928478,0.37484686550292795,0.3301963753808375,4.224624126237421,0.7162732011583519,0.15,0.15,0.7,0.41675282820128995,0.4024611191619237,0.41675282820128995,0.4024611191619237,0.7326190139806905,0.32862116737550323,0.6624876878963404
"Murray Hill, Manhattan",east_38th_street/east_to_west/008_n00494_W.jpg,n00494,east_38th_street,east_to_west,W,8,W,0.4359159582234533,0.6233144953400753,0.5934716128174444,0.6901206001963259,0.39582391074928386,0.7748456125233377,0.7641608250745308,0.8013680257510729,0.21103716028840816,0.5509006887936576,0.9853824685409242,0.6985549050660382,0.48759899268146945,0.7278981896909216,3.718835653381913,0.7727301791878214,0.15,0.15,0.7,0.7570424876020322,0.7520472004597142,0.7570424876020322,0.7520472004597142,0.9514365700942401,0.726483529649207,0.7147052674174943
"Murray Hill, Manhattan",east_38th_street/east_to_west/009_n00493_W.jpg,n00493,east_38th_street,east_to_west,W,9,W,0.4038716063907077,0.5245532245532246,0.4879073062133172,0.5350993377483443,0.5174006580612502,0.7532360458405475,0.6778754428999728,0.7856943928704047,0.19259507081521132,0.47211071238574986,0.9632200329241627,0.6011310241858329,0.43523525685759207,0.5494698373833606,0.866162576946935,1.0,0.5,0.3,0.2,0.7473813689341691,0.7154753695892349,0.7473813689341691,0.7154753695892349,0.8838723390505382,0.5477039434175032,1.0
"Murray Hill, Manhattan",east_38th_street/east_to_west/010_n00492_W.jpg,n00492,east_38th_street,east_to_west,W,10,W,0.38966278821363287,0.40208760245901637,0.3783714578354387,0.5569218870843001,0.5155644379844961,0.7815848287648722,0.608326036193812,0.775375816993464,0.2129463215911814,0.39004061616936264,0.9072480687500185,0.6055777553644226,0.4106361788924967,0.45748855434092583,1.0548130909863178,1.0,0.5,0.3,0.2,0.7007934709286722,0.6323234006139724,0.7007934709286722,0.6323234006139724,0.7397715211480327,0.4557192556048312,1.0
"Murray Hill, Manhattan",east_38th_street/east_to_west/011_n00491_W.jpg,n00491,east_38th_street,east_to_west,W,11,W,0.311775385256376,0.24188327144625346,0.22894277578763664,0.6115373044524669,0.5728406326034063,0.8034423796618918,0.40816558626179916,0.7691740412979352,0.15731292517006804,0.260867144163422,0.6748943009140556,0.6026235710489986,0.2827392557159336,0.11017927830485491,1.0440930293250952,1.0,0.5,0.3,0.2,0.4539956581798567,0.33856900785154403,0.4539956581798567,0.33856900785154403,0.37629589167048794,0.10948210533893327,1.0
"Murray Hill, Manhattan",east_38th_street/east_to_west/012_n00490_W.jpg,n00490,east_38th_street,east_to_west,W,12,W,0.35049157545044607,0.3151686293358968,0.28537705342129094,0.7877478675085854,0.6734809200904136,0.8231665736780113,0.6910982582103444,0.8275611495009323,0.302641738363115,0.3170124194025446,0.8028414520307711,0.647276032306368,0.49686999828672973,0.7545540170109641,1.0209520142252544,1.0,0.5,0.3,0.2,0.7433268472037319,0.6105436625302629,0.7433268472037319,0.6105436625302629,0.5420114672019966,0.7532309587362448,1.0
"Murray Hill, Manhattan",east_38th_street/east_to_west/013_n00489_W.jpg,n00489,east_38th_street,east_to_west,W,13,W,0.3642443404843224,0.3363194599005861,0.3185955114282759,0.8028005895978101,0.6314515140370234,0.7961523881728582,0.7060478199718706,0.8236365176151761,0.2933662630125345,0.3397197706043948,0.8424587335936656,0.6649951977253209,0.4997070414922026,0.7623497930330545,1.0332667953065915,1.0,0.5,0.3,0.2,0.7692202851219533,0.6535100764855819,0.7692202851219533,0.6535100764855819,0.6084809010195773,0.7610554500310285,1.0
"Murray Hill, Manhattan",east_38th_street/east_to_west/014_n00488_W.jpg,n00488,east_38th_street,east_to_west,W,14,W,0.36089000877506894,0.2976968565203859,0.2972198337632559,0.6120799795579405,0.5820904356060606,0.7934890656063618,0.6342861088097211,0.7924633376647484,0.18014196675900282,0.31860223301957025,0.8058437779039386,0.6074842938722094,0.407214037784362,0.4447788196911145,1.0431072521459015,1.0,0.5,0.3,0.2,0.6573773923053094,0.5410490398452781,0.6573773923053094,0.5410490398452781,0.5467433004907041,0.4430185354343436,1.0
"Murray Hill, Manhattan",east_38th_street/east_to_west/015_n00487_W.jpg,n00487,east_38th_street,east_to_west,W,15,W,0.450672419710602,0.6265685850281263,0.5598840952994205,0.6034176214934809,0.7097013223894209,0.7799197606419148,0.5835027789074149,0.7971213267751293,0.22082327239277913,0.5457083666793829,0.9844573145407363,0.5636125419597298,0.402163025650097,0.4261553863608151,0.6218477864785951,1.0,0.55,0.35,0.1,0.7448319794662455,0.7294345896261784,0.7448319794662455,0.7294345896261784,0.9484752968684256,0.42441246687681045,1.0
"Murray Hill, Manhattan",east_38th_street/east_to_west/016_n00486_W.jpg,n00486,east_38th_street,east_to_west,W,16,W,0.39101398146342653,0.3410295758928572,0.31029323758228605,0.6204914783987316,0.596817248459959,0.7783174938401971,0.5275247682965803,0.788001196888091,0.16495154089077646,0.3474455983128566,0.8543764677069886,0.6038918089422878,0.3462381545936784,0.24297684665307562,0.8646125395232932,1.0,0.5,0.3,0.2,0.5987221963383063,0.5137077149831598,0.5987221963383063,0.5137077149831598,0.6303319533787887,0.24166759699545382,1.0
"Murray Hill, Manhattan",east_38th_street/east_to_west/017_n00485_W.jpg,n00485,east_38th_street,east_to_west,W,17,W,0.3845098091559423,0.3347399829497016,0.3066461818595652,0.5509062253743106,0.5318061568061568,0.7363712501903455,0.4964877255249925,0.775062893081761,0.13489527866524678,0.3419653246550697,0.8460022328810123,0.5980543205499715,0.31569150209511965,0.16873384022516175,3.875393399056244,0.7547950603251632,0.15,0.15,0.7,0.25981149071748894,0.24664265681318687,0.25981149071748894,0.24664265681318687,0.6148813550833931,0.16773599940910927,0.69811691061697
"Murray Hill, Manhattan",east_38th_street/east_to_west/018_n00484_W.jpg,n00484,east_38th_street,east_to_west,W,18,W,0.38177715171967797,0.39127277528386584,0.3194701741385699,0.5850752508361204,0.6706419840987303,0.7745214450201496,0.6903525641025641,0.7996092749167306,0.22556179775280896,0.3641733670473712,0.8776197491571561,0.5713475138847068,0.4579571809276865,0.6316629929778014,1.545082442775903,1.0,0.4,0.25,0.35,0.7026152024605022,0.6322851466679791,0.7026152024605022,0.6322851466679791,0.6757644660297877,0.6300023266075525,0.9902260257410692
"Murray Hill, Manhattan",east_38th_street/east_to_west/019_n00483_W.jpg,n00483,east_38th_street,east_to_west,W,19,W,0.40987802624084196,0.43324572044749976,0.40140771089400146,0.4469951923076923,0.4230004418912947,0.754506128334535,0.6180249009620827,0.6765160293549634,0.15821432041193043,0.41484381919411434,0.929440458266468,0.5668369265904536,0.38811961068700657,0.3756142126784433,0.7602233061768618,1.0,0.55,0.35,0.1,0.7140134851301683,0.6539692319489198,0.7140134851301683,0.6539692319489198,0.7928875966132384,0.3739433004076717,1.0
"Murray Hill, Manhattan",east_38th_street/east_to_west/020_n00482_W.jpg,n00482,east_38th_street,east_to_west,W,20,W,0.40106121017982205,0.34246954595791806,0.33802552552552556,0.676203814859277,0.592415804826306,0.794797212910011,0.5378286449715021,0.796588042011383,0.23170659039447025,0.3605187605544219,0.87283100947952,0.626792017348118,0.3847676176829862,0.36389790382086373,0.8382306142734054,1.0,0.5,0.3,0.2,0.6634344685761865,0.5790318100481793,0.6634344685761865,0.5790318100481793,0.6660823945146845,0.362248873076652,1.0
"Murray Hill, Manhattan",east_38th_street/east_to_west/021_n00481_W.jpg,n00481,east_38th_street,east_to_west,W,21,W,0.4383751856764525,0.43810028248587574,0.39295500052692595,0.5318012999071495,0.6550882463387158,0.758145221971407,0.5462541704579921,0.7785220125786164,0.20240152038700762,0.4231434895630847,0.9356991933995382,0.5517450220490168,0.37432784542249986,0.32847680768456217,0.8551531988550932,1.0,0.5,0.3,0.2,0.6477249063493755,0.6016136235757156,0.6477249063493755,0.6016136235757156,0.8087666239027159,0.3269057992231134,1.0
"Murray Hill, Manhattan",east_38th_street/east_to_west/022_n00480_W.jpg,n00480,east_38th_street,east_to_west,W,22,W,0.24284131578862697,0.2841400400717073,0.2250915122397621,0.5509237328280436,0.6693881769326168,0.8131893534112674,0.6859635210150673,0.7572844518748507,0.0895996370647613,0.25069095603336544,0.6475509653967991,0.5462733359234258,0.3877815790399143,0.3744257955694142,0.4390425851937661,1.0,0.55,0.35,0.1,0.5776047451896569,0.4103658816909908,0.5776047451896569,0.4103658816909908,0.3480970120335776,0.37275701382945187,1.0
"Murray Hill, Manhattan",east_38th_street/east_to_west/023_n00479_W.jpg,n00479,east_38th_street,east_to_west,W,23,W,0.31094516634574076,0.32259328943242394,0.2579908675799087,0.7683918015934207,0.4585289514866979,0.8467057050886925,0.7175846732808758,0.8422097525759664,0.18955420102784748,0.2971764411193578,0.7624424813560728,0.717357534227563,0.45356943715436165,0.6162216522390476,1.7119870019350647,1.0,0.4,0.25,0.35,0.6969870104618329,0.5799137647111758,0.6969870104618329,0.5799137647111758,0.4826098354152373,0.6145338515395056,0.9657427959946943
"Murray Hill, Manhattan",east_38th_street/east_to_west/024_n00478_W.jpg,n00478,east_38th_street,east_to_west,W,24,W,0.3350373266860363,0.346234309623431,0.3348694316436252,0.649386845039019,0.6110745614035088,0.7776966292134831,0.751781798245614,0.797046148321063,0.14305049165838027,0.3387136893176975,0.8408497511687735,0.6117861439855243,0.4474161449519971,0.5941726652967932,2.984931418676364,0.8626556239380334,0.3,0.2,0.5,0.6632721795284998,0.6002089910505898,0.6632721795284998,0.6002089910505898,0.6056009964188523,0.5924520278556749,0.7978781403928822
"Murray Hill, Manhattan",east_38th_street/east_to_west/025_n00477_W.jpg,n00477,east_38th_street,east_to_west,W,25,W,0.47685123502325116,0.7066777963272121,0.662328353704542,0.6538263995891115,0.7116333792470156,0.7690698912464827,0.7990118725578599,0.7816690987422694,0.32363420427553447,0.615285795018335,0.9931960823658936,0.574620706361455,0.5613230384166972,0.8899122979007378,0.7689295434199229,1.0,0.55,0.35,0.1,0.8111243044041951,0.8037463224151382,0.8111243044041951,0.8037463224151382,0.9769714689109107,0.8892117483136741,1.0
"Murray Hill, Manhattan",east_38th_street/east_to_west/026_n00476_W.jpg,n00476,east_38th_street,east_to_west,W,26,W,0.44795855151038133,0.6498829039812647,0.5301830341429076,0.6345297187221585,0.6544246239944037,0.7909858113106045,0.7936548745372275,0.8019216918745499,0.32506006989951947,0.5426748298781845,0.9838903812554505,0.5940089288674348,0.5593574722183735,0.8869904696536098,0.7293483766988822,1.0,0.55,0.35,0.1,0.8160938951731683,0.7989007073330475,0.8160938951731683,0.7989007073330475,0.9466669909033388,0.8862737029605484,1.0
"Murray Hill, Manhattan",east_38th_street/east_to_west/027_n00475_W.jpg,n00475,east_38th_street,east_to_west,W,27,W,0.499705815737019,0.7520796847635727,0.7254920163386558,0.5748308404558404,0.6439043209876543,0.7964607724397793,0.7676439319594374,0.8059993084370678,0.3250207168013259,0.6590925056130824,0.995966624252134,0.5789752759684179,0.5463323243803816,0.8658769174217097,0.721589335064407,1.0,0.55,0.35,0.1,0.8122902763312457,0.8078478368278645,0.8122902763312457,0.8078478368278645,0.98625722608845,0.8650466119142375,1.0
"Murray Hill, Manhattan",east_38th_street/east_to_west/028_n00474_W.jpg,n00474,east_38th_street,east_to_west,W,28,W,0.42650197191511785,0.6201688555347092,0.6005552873008209,0.6391840348726331,0.6201433421350434,0.7888910917261432,0.7588652482269503,0.8092575894198978,0.2928706030150754,0.5490753715835492,0.9850635917340611,0.6094327607191624,0.5258679256210128,0.8260688919558145,0.7406175813508942,1.0,0.55,0.35,0.1,0.8181463605182968,0.8020912810423447,0.8181463605182968,0.8020912810423447,0.9504144380471601,0.8250419446146003,1.0
"Murray Hill, Manhattan",east_38th_street/east_to_west/029_n00473_W.jpg,n00473,east_38th_street,east_to_west,W,29,W,0.2978755366127017,0.3228324202104531,0.26715499746321664,0.6478387695571467,0.6312603017623939,0.7663828411295538,0.5871228526057456,0.7653211338356657,0.16301525478740667,0.29595431809545714,0.7597759973610397,0.5939665338768061,0.3750690536965761,0.3309339016233872,0.8104419881533783,1.0,0.5,0.3,0.2,0.5976124401794639,0.47403077504348673,0.5976124401794639,0.47403077504348673,0.4789489007263707,0.329356905300058,1.0
"Murray Hill, Manhattan",east_38th_street/east_to_west/030_n00472_W.jpg,n00472,east_38th_street,east_to_west,W,30,W,0.2566854438374108,0.25804017183327527,0.19936008468052346,0.7120582805907172,0.7213345302214242,0.7945958399157451,0.6228127734033246,0.7684919822586148,0.12287749287749287,0.2380285667837365,0.612146229208774,0.5864052442093026,0.37284513314040874,0.32358980646991564,0.8666217439776506,1.0,0.5,0.3,0.2,0.531968491044676,0.38090757716673784,0.531968491044676,0.38090757716673784,0.31445714311642814,0.3220309624665998,1.0
"Murray Hill, Manhattan",east_38th_street/east_to_west/031_n00471_W.jpg,n00471,east_38th_street,east_to_west,W,31,W,0.22042717541932305,0.2736141790259808,0.2121473805411629,0.7033120510774142,0.6694027834076476,0.8110033294916122,0.646609868654597,0.7626694059976932,0.19600460202907652,0.2353962449954889,0.604620503495201,0.5988595578891532,0.4213072353418368,0.4974021559086858,0.4175655298299757,1.0,0.55,0.35,0.1,0.5909491196891544,0.40741713070841296,0.5909491196891544,0.40741713070841296,0.30768786320232094,0.49561951486151384,1.0
"Murray Hill, Manhattan",east_38th_street/east_to_west/032_n00470_W.jpg,n00470,east_38th_street,east_to_west,W,32,W,0.34197112680595176,0.322484501669051,0.2481738102911161,0.764724690360797,0.6857456140350876,0.8133781911735602,0.6740156956637403,0.7994466206553503,0.24594339622641512,0.30420981292203964,0.7773894741867942,0.6261418989936864,0.45997954594507773,0.6386923771388174,0.9469221681403328,1.0,0.5,0.3,0.2,0.700453814017918,0.5635378481268529,0.700453814017918,0.5635378481268529,0.5037028659051894,0.6370451926274604,1.0
"Murray Hill, Manhattan",east_38th_street/east_to_west/033_n00469_W.jpg,n00469,east_38th_street,east_to_west,W,33,W,0.39605758336952923,0.3930244078177069,0.38221468523146496,0.792570813317873,0.5923877255366786,0.824478761978762,0.531183368869936,0.8160059835452506,0.33828551912568305,0.3904322254729003,0.9076427551033643,0.6720630237754817,0.4347344439978095,0.5476094908783286,0.9597466513563668,1.0,0.5,0.3,0.2,0.7496778277879165,0.6767843919130874,0.7496778277879165,0.6767843919130874,0.7406751639829586,0.5458423320622793,1.0
"Murray Hill, Manhattan",east_38th_street/east_to_west/034_n00468_W.jpg,n00468,east_38th_street,east_to_west,W,34,W,0.3973403647347978,0.4067642132229777,0.39183087027914615,0.7343462246777164,0.5484726482617587,0.8099793840999872,0.6658386327503975,0.8028641072516759,0.33641491695393294,0.39864514941230716,0.9155791025483803,0.6629125612225445,0.5011267748521652,0.7661864640137936,0.9794159069690296,1.0,0.5,0.3,0.2,0.8019581500746239,0.7300000870227052,0.8019581500746239,0.7300000870227052,0.7591519598772449,0.7649065731892343,1.0
"Murray Hill, Manhattan",east_38th_street/east_to_west/035_n00467_W.jpg,n00467,east_38th_street,east_to_west,W,35,W,0.37438876193774234,0.3525919305413687,0.3200078771169752,0.7660164467393383,0.504317952597075,0.8029167447379927,0.638256061817213,0.77823142800239,0.2963488124778448,0.34899618986536207,0.8566762818956377,0.6799766407148844,0.46730243714752884,0.6636352539282194,1.072300250379701,1.0,0.5,0.3,0.2,0.7595256750933054,0.6534235891006653,0.7595256750933054,0.6534235891006653,0.634657046511724,0.6620416123858962,1.0
"Murray Hill, Manhattan",east_38th_street/east_to_west/036_n00466_W.jpg,n00466,east_38th_street,east_to_west,W,36,W,0.37602034869185275,0.28842341177484704,0.24752758692483864,0.49462781502492686,0.5938155136268345,0.7631072914213956,0.44576719576719576,0.6946858288770054,0.15166761148904007,0.30399044913051276,0.7769335973522371,0.5318327100916992,0.29871740362811794,0.1359622782795373,1.5573054060783151,1.0,0.4,0.25,0.35,0.3839668879020183,0.3219925902345144,0.3839668879020183,0.3219925902345144,0.5030448045892164,0.13512673515542162,0.9884121645999832
"Murray Hill, Manhattan",east_38th_street/east_to_west/037_n00465_W.jpg,n00465,east_38th_street,east_to_west,W,37,W,0.3622515662526137,0.3776041666666667,0.34273709483793513,0.5895744680851064,0.7110215053763441,0.767919029615627,0.7698245224344736,0.7717704728950404,0.23537264258123147,0.36086427591907183,0.8732905126954341,0.5501078118679341,0.5025985825078525,0.77011819855514,2.272345686584438,0.959971336299215,0.3,0.2,0.5,0.7476801971595007,0.689048567025398,0.7476801971595007,0.689048567025398,0.6670039390017467,0.7688533370418286,0.8878863400210176
"Murray Hill, Manhattan",east_38th_street/east_to_west/038_n00464_W.jpg,n00464,east_38th_street,east_to_west,W,38,W,0.3474949660540448,0.36471306471306475,0.34066358024691357,0.7678951441284582,0.7042017931219055,0.8534458208742702,0.7616744224018287,0.8148566409435974,0.18649105584642234,0.350957203671341,0.8595414285266425,0.6261833306500499,0.4740827391241255,0.6859475349118387,2.020359120380206,0.9969507902548609,0.3,0.2,0.5,0.720718706490358,0.6589793066945074,0.720718706490358,0.6589793066945074,0.640095904974685,0.6844093341808662,0.9220889779406358
"Murray Hill, Manhattan",east_38th_street/east_to_west/039_n00463_W.jpg,n00463,east_38th_street,east_to_west,W,39,W,0.29202668843252505,0.27793128856958643,0.24006961506961502,0.690247955010225,0.7404492023509656,0.8156663935545542,0.7391001267427123,0.8045841347554933,0.15740417103576834,0.27000919735724216,0.6984884603302284,0.5847942958049175,0.4482521488892403,0.5971928624403242,2.216548198328372,0.9680396519858084,0.3,0.2,0.5,0.623312304912247,0.5274980628762261,0.623312304912247,0.5274980628762261,0.4023709901696107,0.5954763121550959,0.8953487995906132
"Murray Hill, Manhattan",east_38th_street/east_to_west/040_n00462_W.jpg,n00462,east_38th_street,east_to_west,W,40,W,0.3243713659153302,0.33008547008547007,0.24818550539011638,0.7660133843212238,0.6435557341907825,0.7784469039351851,0.761370865139949,0.8138943301773861,0.2227541782729805,0.30088078046363886,0.7703996762184214,0.6454506601026091,0.49206252170646475,0.7409549467693209,2.412737276276538,0.9399669241219462,0.3,0.2,0.5,0.7292615870563967,0.6375430763761417,0.7292615870563967,0.6375430763761417,0.4937161670938561,0.7395838830947552,0.8693840747546191
"Murray Hill, Manhattan",east_38th_street/east_to_west/041_n00461_W.jpg,n00461,east_38th_street,east_to_west,W,41,W,0.3609588685819953,0.39022820103001243,0.49588553181036604,0.6728441282915263,0.5657142857142857,0.7940915300546448,0.7456643452137103,0.792290066046637,0.21689497716894976,0.4156908671407912,0.930104157379537,0.6331399695412925,0.48127966119133003,0.7087240039400128,1.426213819290765,1.0,0.4,0.25,0.35,0.7681650907393199,0.7207328297284343,0.7681650907393199,0.7207328297284343,0.794551822360211,0.7072497497142541,1.0
"Murray Hill, Manhattan",east_38th_street/east_to_west/042_n00460_W.jpg,n00460,east_38th_street,east_to_west,W,42,W,0.4177517217094255,0.5316957787481805,0.527876984126984,0.6658160050409578,0.591494104112741,0.804427985122483,0.7802594212909663,0.7995907892911638,0.323913290205425,0.49244149486153,0.9709511690628505,0.6246375634064603,0.5520863557481956,0.8755878163629658,0.9807902626463848,1.0,0.5,0.3,0.2,0.8331957878049205,0.8049979635836133,0.8331957878049205,0.8049979635836133,0.9066661895282777,0.8748089355492692,1.0
"Murray Hill, Manhattan",east_38th_street/east_to_west/043_n00459_W.jpg,n00459,east_38th_street,east_to_west,W,43,W,0.41611005848239857,0.4744690465431541,0.5200851749539596,0.7006765067650677,0.6025457153101469,0.8099793840999872,0.7678404949571997,0.8099655198261,0.3902418542156534,0.47022142665983735,0.9624083583331668,0.6360321037603403,0.5790411745864266,0.9133797112450459,1.0276350162216097,1.0,0.5,0.3,0.2,0.841111704257496,0.8048917317018128,0.841111704257496,0.8048917317018128,0.8815249691832738,0.91281386721386,1.0
"Murray Hill, Manhattan",east_38th_street/east_to_west/044_n00458_W.jpg,n00458,east_38th_street,east_to_west,W,44,W,0.4270796214216248,0.30410539215686266,0.29982046678635554,0.8125908618899272,0.6753580609621741,0.7860926464478605,0.7604056902002108,0.82740664019794,0.2019945909398242,0.34366849345494765,0.8486461601922327,0.6548798137085643,0.4812001405700175,0.7084777059036722,1.107429857622702,1.0,0.5,0.3,0.2,0.7573158461100442,0.6468846079022983,0.7573158461100442,0.6468846079022983,0.619709621439769,0.7070027204387627,1.0
"Murray Hill, Manhattan",east_38th_street/east_to_west/045_n00457_W.jpg,n00457,east_38th_street,east_to_west,W,45,W,0.38434833576591637,0.2935869953554841,0.25649243918474696,0.7714684702873679,0.5474551971326166,0.7752686984687869,0.6260379596678529,0.7943277923592884,0.08961516694963216,0.31147592343538244,0.7921132775785085,0.6727803551713465,0.3578265633087425,0.27635762361549143,1.1895311911665778,1.0,0.5,0.3,0.2,0.6110122635479849,0.49714764008571705,0.6110122635479849,0.49714764008571705,0.5254791763342315,0.2749338299514316,1.0
"Murray Hill, Manhattan",east_38th_street/east_to_west/046_n00456_W.jpg,n00456,east_38th_street,east_to_west,W,46,W,0.17768614334300484,0.20180373247611394,0.1850334878928388,0.7722431077694236,0.6043259859049331,0.8361875637104994,0.6266911593188711,0.7977498931428223,0.14864102564102563,0.18817445457065252,0.46458277820344257,0.6552223383357709,0.3876660924799484,0.3740201257241619,4.336551945914868,0.7043479541399252,0.15,0.15,0.7,0.4202853487070698,0.36960046623944814,0.4202853487070698,0.36960046623944814,0.2013927058580766,0.37235207584641683,0.6514579169764542
"Murray Hill, Manhattan",east_38th_street/east_to_west/047_n00455_W.jpg,n00455,east_38th_street,east_to_west,W,47,W,0.24737637437557547,0.16020867271739972,0.1369029813540732,0.7812461632903621,0.44035793125197104,0.7935493037794829,0.3758870882321788,0.7864132178376644,0.09597205096588575,0.18149600948234945,0.4447149954790826,0.7091004832920185,0.23592956959903227,0.05780938591133242,3.551903185658021,0.7923235262417234,0.15,0.15,0.7,0.11434502729789683,0.10008435694552804,0.11434502729789683,0.10008435694552804,0.18881109970688315,0.05742220536843866,0.7328273347612095
"Murray Hill, Manhattan",east_38th_street/west_to_east/001_n00455_E.jpg,n00455,east_38th_street,west_to_east,W,1,E,0.19027822682991857,0.21799071799071798,0.18184079601990052,0.7348401323042998,0.5121798316317392,0.830827563468513,0.659211337030191,0.7943117744610282,0.13847894529712712,0.19670324694684566,0.49011103055564426,0.6723240250445295,0.39884514116365904,0.41403176527728985,3.551903185658021,0.7923235262417234,0.15,0.15,0.7,0.45667215277145434,0.40333252951970044,0.45667215277145434,0.40333252951970044,0.21835695207966574,0.41230280408694864,0.7328273347612095
"Murray Hill, Manhattan",east_38th_street/west_to_east/002_n00456_E.jpg,n00456,east_38th_street,west_to_east,W,2,E,0.34440157297232415,0.2654567743310947,0.16414988814317674,0.7315507354774371,0.41882872720436165,0.7838988825292995,0.5115826158261583,0.7979330007127583,0.07717784671061134,0.2580027451488652,0.6673076382125885,0.7035516696619446,0.2943802312683848,0.12849892824191153,4.336551945914868,0.7043479541399252,0.15,0.15,0.7,0.21231123074150582,0.19335603745975363,0.21231123074150582,0.19335603745975363,0.3682636357272609,0.12770247164952025,0.6514579169764542
"Murray Hill, Manhattan",east_38th_street/west_to_east/003_n00457_E.jpg,n00457,east_38th_street,west_to_east,W,3,E,0.4137471854246938,0.3751656726308814,0.2951028992038456,0.7812653411880216,0.6418971714330364,0.756672210342916,0.6478531855955678,0.8261166289132834,0.0948110422202539,0.36133858575314026,0.8739189881631666,0.6551615995560894,0.3713321139079109,0.31864229496728774,1.1895311911665778,1.0,0.5,0.3,0.2,0.6550897473519371,0.5722920273126357,0.6550897473519371,0.5722920273126357,0.6682669207687096,0.3170961116935008,1.0
"Murray Hill, Manhattan",east_38th_street/west_to_east/004_n00458_E.jpg,n00458,east_38th_street,west_to_east,W,4,E,0.3437120257227374,0.31579348157173315,0.2843974515385658,0.642001488095238,0.5150401724475798,0.8059849385652001,0.7649401532765006,0.764320924698283,0.3166390270867883,0.3146343196110121,0.7982853170365518,0.6304274134486471,0.5407895901816444,0.8559243950736863,1.107429857622702,1.0,0.5,0.3,0.2,0.7541481647012458,0.6172090956481247,0.7541481647012458,0.6172090956481247,0.5349195137510118,0.8550427918193371,1.0
"Murray Hill, Manhattan",east_38th_street/west_to_east/005_n00459_E.jpg,n00459,east_38th_street,west_to_east,W,5,E,0.4077562082521647,0.5612734565248533,0.48760617091350317,0.6479011377010592,0.5098584428715873,0.8245094229648339,0.7780089988751406,0.7628664754620779,0.33915431912105637,0.48554527856350704,0.9685238606913936,0.6336363900971832,0.5585816589980985,0.885818712020742,1.0276350162216097,1.0,0.5,0.3,0.2,0.8376761790330486,0.8071090470462376,0.8376761790330486,0.8071090470462376,0.8994236765385144,0.885095476177536,1.0
"Murray Hill, Manhattan",east_38th_street/west_to_east/006_n00460_E.jpg,n00460,east_38th_street,west_to_east,W,6,E,0.3685492419298734,0.3535222251104757,0.3009276100400145,0.7187540642476264,0.47905282331511834,0.8055555555555555,0.7646404310142891,0.7777271346095412,0.1704157522555474,0.3409996923601212,0.8444865134694977,0.6724761251806831,0.46752809163491826,0.6643904057266194,0.9807902626463848,1.0,0.5,0.3,0.2,0.7517684417612519,0.6397385682706119,0.7517684417612519,0.6397385682706119,0.6121337611537849,0.6627985240522137,1.0
"Murray Hill, Manhattan",east_38th_street/west_to_east/007_n00461_E.jpg,n00461,east_38th_street,west_to_east,W,7,E,0.2951227049756309,0.26166373239436624,0.21844660194174756,0.764422448712923,0.6448452741338716,0.775760326827054,0.711447874054791,0.7994410120623713,0.158336003417708,0.2584110131039149,0.6683944110184799,0.6396727288804742,0.43489193873624954,0.548194675243574,1.426213819290765,1.0,0.4,0.25,0.35,0.6167792682033298,0.4859892609245357,0.6167792682033298,0.4859892609245357,0.36940415011853567,0.5464279089680114,1.0
"Murray Hill, Manhattan",east_38th_street/west_to_east/008_n00462_E.jpg,n00462,east_38th_street,west_to_east,W,8,E,0.38923644139813846,0.38517566409597254,0.36444487881157156,0.7096459343026386,0.7934463761894541,0.8392346208869813,0.7529043232926728,0.8015033216902951,0.19421906693711968,0.3796189947685608,0.8961749088467306,0.5725676266011599,0.4735616951148962,0.6842614160804152,2.412737276276538,0.9399669241219462,0.3,0.2,0.5,0.7159689986445916,0.6683061243994922,0.7159689986445916,0.6683061243994922,0.7149854408962715,0.6827187767951155,0.8693840747546191
"Murray Hill, Manhattan",east_38th_street/west_to_east/009_n00463_E.jpg,n00463,east_38th_street,west_to_east,W,9,E,0.380477362973998,0.3462687146070902,0.39145435244161364,0.6475391498881432,0.6501924001924002,0.836578227397086,0.7070725050433131,0.7855061780398764,0.19257246376811596,0.37273347667423395,0.888231408741899,0.5942843092452065,0.44982248440571454,0.6028459057832939,2.216548198328372,0.9680396519858084,0.3,0.2,0.5,0.6752426234141585,0.6272128257122442,0.6752426234141585,0.6272128257122442,0.6978531843888024,0.6011373559767021,0.8953487995906132
"Murray Hill, Manhattan",east_38th_street/west_to_east/010_n00464_E.jpg,n00464,east_38th_street,west_to_east,W,10,E,0.41171194840463377,0.4195203005346048,0.3660950661853189,0.47819989801121876,0.6647734956051385,0.7626918536009445,0.7457047791893526,0.7295312162454094,0.14864102564102563,0.3991091050415191,0.9160084399613404,0.5143192062171631,0.44717290241518914,0.5932925622683203,2.020359120380206,0.9969507902548609,0.3,0.2,0.5,0.6568267672563238,0.6201872727446528,0.6568267672563238,0.6201872727446528,0.7601684478661711,0.5915707583335856,0.9220889779406358
"Murray Hill, Manhattan",east_38th_street/west_to_east/011_n00465_E.jpg,n00465,east_38th_street,west_to_east,W,11,E,0.4139879202201976,0.4248167438271606,0.49637943519188993,0.6322140360819873,0.4902170468948035,0.7532360458405475,0.6970003680529997,0.7774336582724072,0.1741386467413865,0.4450613664130827,0.9498238340252559,0.6398102158198636,0.4355695073971931,0.5507106965436968,2.272345686584438,0.959971336299215,0.3,0.2,0.5,0.6682899174817633,0.6444888003527474,0.6682899174817633,0.6444888003527474,0.8461905896008328,0.548945673707772,0.8878863400210176
"Murray Hill, Manhattan",east_38th_street/west_to_east/012_n00466_E.jpg,n00466,east_38th_street,west_to_east,W,12,E,0.4207600379418815,0.39005887681159424,0.3477725744476465,0.694497033951786,0.6005859375,0.7622452902729719,0.6785113268608414,0.7971213267751293,0.2182379554903399,0.38619716306704077,0.9032934167436606,0.6303441410756383,0.4483746411755906,0.5976347727097097,1.5573054060783151,1.0,0.4,0.25,0.35,0.714460986039524,0.6557346774726809,0.714460986039524,0.6557346774726809,0.7307950245195733,0.5959188313826095,0.9884121645999832
"Murray Hill, Manhattan",east_38th_street/west_to_east/013_n00467_E.jpg,n00467,east_38th_street,west_to_east,W,13,E,0.3668342920807221,0.34158055874473786,0.3080584402362045,0.6593425605536333,0.5206084396467124,0.8062228742588178,0.6316177456105079,0.7823503669292399,0.26196793808734103,0.33882443035388815,0.8410275049372073,0.6403614959453868,0.4467928418489244,0.591916224733555,1.072300250379701,1.0,0.5,0.3,0.2,0.7224116010764197,0.6128206237089027,0.7224116010764197,0.6128206237089027,0.6059183557073469,0.5901926187828898,1.0
"Murray Hill, Manhattan",east_38th_street/west_to_east/014_n00468_E.jpg,n00468,east_38th_street,west_to_east,W,14,E,0.3076592257885383,0.32417131604857236,0.2939624005784527,0.7797137158277602,0.5471897335932424,0.8296181339352896,0.6878949447077409,0.7913165266106442,0.23485439417576703,0.3085976474718545,0.7863683027266596,0.6746135029483873,0.461374669441754,0.6435073993852867,0.9794159069690296,1.0,0.5,0.3,0.2,0.7215064496002606,0.5846451950937536,0.7215064496002606,0.5846451950937536,0.5168600426838018,0.6418698576238309,1.0
"Murray Hill, Manhattan",east_38th_street/west_to_east/015_n00469_E.jpg,n00469,east_38th_street,west_to_east,W,15,E,0.17753527855317172,0.14957569989689903,0.11072761194029852,0.5867939538583928,0.48020833333333335,0.7920788530465949,0.37036418309388575,0.5784990791896868,0.07043779800606849,0.14594619679678975,0.34329480447720917,0.5616948999049154,0.2204009905499771,0.04635399131241941,0.9597466513563668,1.0,0.5,0.3,0.2,0.2666251952841967,0.16503743249872924,0.2666251952841967,0.16503743249872924,0.13188983212840408,0.04603978466993604,1.0
"Murray Hill, Manhattan",east_38th_street/west_to_east/016_n00470_E.jpg,n00470,east_38th_street,west_to_east,W,16,E,0.21654611702721244,0.24630228229993145,0.20839987224528903,0.64502442002442,0.5052190280629706,0.810205728116176,0.5871113989637307,0.7818147846174752,0.18110719624172536,0.22374942385747765,0.5707699180942507,0.6405400588596415,0.384109297602728,0.36161520861911084,0.9469221681403328,1.0,0.5,0.3,0.2,0.5393165703712772,0.3765460556765703,0.5393165703712772,0.3765460556765703,0.2787414677212374,0.35997066828634877,1.0
"Murray Hill, Manhattan",east_38th_street/west_to_east/017_n00471_E.jpg,n00471,east_38th_street,west_to_east,W,17,E,0.2893150972607214,0.21361149637848667,0.2006806830997261,0.7468151005142589,0.5336801387221555,0.8191177509359328,0.4949021542509456,0.8220177664974618,0.19602690177461288,0.234535758912978,0.6021494185921229,0.6783842427631883,0.3454645280127792,0.24084871525780094,0.4175655298299757,1.0,0.55,0.35,0.1,0.5728333518075183,0.39419043475965376,0.5728333518075183,0.39419043475965376,0.3054926738025406,0.23954730417195833,1.0
"Murray Hill, Manhattan",east_38th_street/west_to_east/018_n00472_E.jpg,n00472,east_38th_street,west_to_east,W,18,E,0.36004199045597085,0.32755213588967375,0.26560150375939856,0.7141414141414142,0.5914316884860692,0.7670963122090941,0.5992922281203211,0.707331195439159,0.16077359905710917,0.317731876701681,0.8042044492266104,0.6100136403648346,0.38003291358871516,0.34762249207811086,0.8666217439776506,1.0,0.5,0.3,0.2,0.6259024814510927,0.5143748224764213,0.6259024814510927,0.5143748224764213,0.5441538109631827,0.34600709657919215,1.0
"Murray Hill, Manhattan",east_38th_street/west_to_east/019_n00473_E.jpg,n00473,east_38th_street,west_to_east,W,19,E,0.4510766619253914,0.5654553924994176,0.5084832702020202,0.625,0.6828500292911541,0.8178825186818571,0.6925316034597472,0.7834557081951682,0.32189119170984454,0.5083384415422764,0.975874421807962,0.5752018929680047,0.5072113975847958,0.7821382731527318,0.8104419881533783,1.0,0.5,0.3,0.2,0.7967090806503494,0.7739980597762554,0.7967090806503494,0.7739980597762554,0.9216049069710077,0.7809207344410046,1.0
"Murray Hill, Manhattan",east_38th_street/west_to_east/020_n00474_E.jpg,n00474,east_38th_street,west_to_east,W,20,E,0.46345085598482033,0.6350288120567376,0.5835243771970045,0.6139100126742713,0.5791553133514986,0.793275610403397,0.7309551061935647,0.7738657667791525,0.31186475834889027,0.5606680150795207,0.9869781113831758,0.6028734887006417,0.5214099322712276,0.8162506661722125,0.7406175813508942,1.0,0.55,0.35,0.1,0.8149494232633849,0.8009396076488798,0.8149494232633849,0.8009396076488798,0.9565744299008967,0.8151787187372713,1.0
"Murray Hill, Manhattan",east_38th_street/west_to_east/021_n00475_E.jpg,n00475,east_38th_street,west_to_east,W,21,E,0.45738105655353484,0.5919814584198145,0.5634648370497427,0.6156694658269185,0.6371891214886385,0.7802341903073287,0.761703431372549,0.7587708228167592,0.2700868621064061,0.5376091173410307,0.9828979911422305,0.579083722385013,0.5158951467394776,0.8035177534332741,0.721589335064407,1.0,0.55,0.35,0.1,0.8004582201275006,0.7825451221244061,0.8004582201275006,0.7825451221244061,0.9435132007888776,0.8023895083764397,1.0
"Murray Hill, Manhattan",east_38th_street/west_to_east/022_n00476_E.jpg,n00476,east_38th_street,west_to_east,W,22,E,0.3780205829485372,0.3863988897052821,0.3562464985994398,0.4084473242140629,0.5039069944730322,0.7063452201573748,0.7706370298783926,0.6345011268182749,0.14203233256351042,0.3735553237510863,0.8892067464275878,0.5130138188531018,0.4563346812209515,0.6259825914599625,0.7293483766988822,1.0,0.55,0.35,0.1,0.7081950874121452,0.620675874062373,0.7081950874121452,0.620675874062373,0.6999285959786755,0.6243115467613373,1.0
"Murray Hill, Manhattan",east_38th_street/west_to_east/023_n00477_E.jpg,n00477,east_38th_street,west_to_east,W,23,E,0.3897451478301437,0.3715965965965966,0.3392333472978634,0.5233502208365809,0.7418650793650793,0.7481663771472689,0.7820006581112208,0.6593105670103093,0.1665295150318192,0.3668583639082012,0.8810383902568387,0.4802652361606036,0.47426508657152,0.686536463930924,0.7689295434199229,1.0,0.55,0.35,0.1,0.6949153771718946,0.6038696270984449,0.6949153771718946,0.6038696270984449,0.6827837224115055,0.6849998230941532,1.0
"Murray Hill, Manhattan",east_38th_street/west_to_east/024_n00478_E.jpg,n00478,east_38th_street,west_to_east,W,24,E,0.3755893955581906,0.3751513775355737,0.37593311436249627,0.6529729378090033,0.7527986633249791,0.8366863717264175,0.7054644808743169,0.7869293712316968,0.12685907436297447,0.37555796248542017,0.8915522495478129,0.5623678819052402,0.4161617776186457,0.4781206471752222,2.984931418676364,0.8626556239380334,0.3,0.2,0.5,0.595411051285795,0.5538742142305556,0.595411051285795,0.5538742142305556,0.7049515567107127,0.47634161614270804,0.7978781403928822
"Murray Hill, Manhattan",east_38th_street/west_to_east/025_n00479_E.jpg,n00479,east_38th_street,west_to_east,W,25,E,0.3516557351399825,0.327147554459515,0.3163527934714376,0.6677114060963619,0.6245199692780338,0.7773411918795023,0.6242430099214019,0.7725727981684195,0.09804986550796609,0.3317186943569783,0.829292920481056,0.6052547449955825,0.361146437714684,0.28642651060914104,1.7119870019350647,1.0,0.4,0.25,0.35,0.5283507863895954,0.4588190990581462,0.5283507863895954,0.4588190990581462,0.5853847427279111,0.284971270459849,0.9657427959946943
"Murray Hill, Manhattan",east_38th_street/west_to_east/026_n00480_E.jpg,n00480,east_38th_street,west_to_east,W,26,E,0.4831874378680291,0.63209155101047,0.5499820208558072,0.5547230791831937,0.5435344032466335,0.7702120609675281,0.5884508716323297,0.7841333615281596,0.15880251652804434,0.5550870032447688,0.9860886888674857,0.5984406791549066,0.373626694080187,0.3261611091627166,0.4390425851937661,1.0,0.55,0.35,0.1,0.7412323965351284,0.7273938205995926,0.7412323965351284,0.7273938205995926,0.9537057763086945,0.324595822510556,1.0
"Murray Hill, Manhattan",east_38th_street/west_to_east/027_n00481_E.jpg,n00481,east_38th_street,west_to_east,W,27,E,0.39374193446604905,0.34805756592629566,0.2987743239828153,0.6081757127192983,0.5248593721647614,0.7817252052213699,0.49191374663072773,0.7566622251832111,0.17603318722604885,0.34685794145838666,0.8534968970013728,0.6133261885792493,0.3339734669283883,0.21075208492356542,0.8551531988550932,1.0,0.5,0.3,0.2,0.5843362134246568,0.5009448842155756,0.5843362134246568,0.5009448842155756,0.6286872642411746,0.20956840539960522,1.0
"Murray Hill, Manhattan",east_38th_street/west_to_east/028_n00482_E.jpg,n00482,east_38th_street,west_to_east,W,28,E,0.3714583943188714,0.3120299198280849,0.235430364614465,0.47312223858615615,0.477951984321411,0.7651969495039243,0.40746488075792225,0.6376164596273292,0.10781786941580751,0.3063062262538071,0.7817126178125788,0.5442622379640247,0.2576413750868649,0.07832113475741183,0.8382306142734054,1.0,0.5,0.3,0.2,0.44263098918726157,0.35704948628702454,0.44263098918726157,0.35704948628702454,0.5099908436043553,0.07780792096094917,1.0
"Murray Hill, Manhattan",east_38th_street/west_to_east/029_n00483_E.jpg,n00483,east_38th_street,west_to_east,W,29,E,0.3773210838959555,0.4131386209360486,0.39102785451197053,0.6646545319465081,0.3702609050142683,0.7426481240040562,0.7433897243107769,0.7799106543060593,0.23170659039447025,0.3938291864479915,0.9110035438871068,0.6914347604127664,0.4875481573526236,0.7277471349279849,0.7602233061768618,1.0,0.55,0.35,0.1,0.8088109273523548,0.7257864587137903,0.8088109273523548,0.7257864587137903,0.7484277064179515,0.7263319848136714,1.0
"Murray Hill, Manhattan",east_38th_street/west_to_east/030_n00484_E.jpg,n00484,east_38th_street,west_to_east,W,30,E,0.37149841182538035,0.3593599615014437,0.3266506739776103,0.6854115099009901,0.5405553126366419,0.7874894555836741,0.6592245153220763,0.8000884248958867,0.18838922764227642,0.35250301576814475,0.8617660379365895,0.6483148740534116,0.42380687148217633,0.5067753533119483,1.545082442775903,1.0,0.4,0.25,0.35,0.6664808356994659,0.5925803443302561,0.6664808356994659,0.5925803443302561,0.6443580694797183,0.5049928723436508,0.9902260257410692
"Murray Hill, Manhattan",east_38th_street/west_to_east/031_n00485_E.jpg,n00485,east_38th_street,west_to_east,W,31,E,0.4020507267229401,0.36768228418127813,0.3851129216695255,0.6395463510848126,0.5000451671183379,0.7857706093189964,0.5161764705882352,0.7672413793103449,0.12595577598677413,0.3849486441912479,0.9019767218883845,0.6355808544256065,0.32106612328750467,0.1803455449025803,3.875393399056244,0.7547950603251632,0.15,0.15,0.7,0.2773503467915611,0.26747090118047034,0.2773503467915611,0.26747090118047034,0.7278373445034675,0.17929384684478386,0.69811691061697
"Murray Hill, Manhattan",east_38th_street/west_to_east/032_n00486_E.jpg,n00486,east_38th_street,west_to_east,W,32,E,0.42925224750432805,0.4626297016861219,0.36656504065040657,0.6229717199814558,0.6119430785277902,0.7938209547257556,0.6022518984027232,0.7870004847981162,0.13709590225970378,0.41948232994695217,0.9330047117945588,0.5993430420839273,0.3696739003312135,0.3132666156267215,0.8646125395232932,1.0,0.5,0.3,0.2,0.6567912856457663,0.6082948654534371,0.6567912856457663,0.6082948654534371,0.8018793447763747,0.3117345829532439,1.0
"Murray Hill, Manhattan",east_38th_street/west_to_east/033_n00487_E.jpg,n00487,east_38th_street,west_to_east,W,33,E,0.3202413116427095,0.2504952947003467,0.1827857269033739,0.6170965608465608,0.49595736861448,0.7624005703136726,0.6029906542056075,0.7574352179034158,0.19259012016021368,0.2511741110821434,0.6488730689175013,0.6261914700451655,0.3977903871829106,0.41019865930929195,0.6218477864785951,1.0,0.55,0.35,0.1,0.6121174881180285,0.43531242704228057,0.6121174881180285,0.43531242704228057,0.34941385040990963,0.4084745466619131,1.0
"Murray Hill, Manhattan",east_38th_street/west_to_east/034_n00488_E.jpg,n00488,east_38th_street,west_to_east,W,34,E,0.32459640788955474,0.24053409632808775,0.2270718232044199,0.554389721627409,0.5417454316320102,0.7773167358229599,0.6100691379817592,0.7782385865533752,0.13476771569257118,0.2640674424740208,0.6832632672457478,0.5969609588495912,0.3724184268371652,0.3221904327487129,1.0431072521459015,1.0,0.5,0.3,0.2,0.5645473114345558,0.42355933054377,0.5645473114345558,0.42355933054377,0.38535101301208263,0.3206351344854564,1.0
"Murray Hill, Manhattan",east_38th_street/west_to_east/035_n00489_E.jpg,n00489,east_38th_street,west_to_east,W,35,E,0.24257541150910494,0.20410043768716882,0.1794451725644386,0.6960571682793905,0.7729836435420192,0.8140035173669995,0.5459934978007267,0.7949291573452647,0.11371900826446284,0.20870700725357078,0.5260972842393655,0.572667560694212,0.32985625303259475,0.20066292710024275,1.0332667953065915,1.0,0.5,0.3,0.2,0.44503814161778354,0.30269580816593356,0.44503814161778354,0.30269580816593356,0.2439356678876135,0.19952158790682042,1.0
"Murray Hill, Manhattan",east_38th_street/west_to_east/036_n00490_E.jpg,n00490,east_38th_street,west_to_east,W,36,E,0.3492706870441847,0.33634786917740334,0.28166599435256146,0.7993836873852609,0.5412319920516642,0.8174450019297569,0.6348940914158305,0.8170460855080511,0.1827731092436974,0.32242818352471647,0.812926361685841,0.6917325936138825,0.40883360032976396,0.4507858624349801,1.0209520142252544,1.0,0.5,0.3,0.2,0.6883370288394469,0.5698868995930885,0.6883370288394469,0.5698868995930885,0.5580944844804537,0.4490210308266402,1.0
"Murray Hill, Manhattan",east_38th_street/west_to_east/037_n00491_E.jpg,n00491,east_38th_street,west_to_east,W,37,E,0.3384276753929903,0.3006619937694704,0.22474883387154643,0.45925925925925926,0.3975773001508296,0.7555313954375524,0.6491705546915499,0.76724905789654,0.14067629678266577,0.28794616767800235,0.7418016903674407,0.6096436723349898,0.39492342573710787,0.3998359698174925,1.0440930293250952,1.0,0.5,0.3,0.2,0.6180777398830499,0.48366957382235753,0.6180777398830499,0.48366957382235753,0.45503381586166813,0.39812601198999803,1.0
"Murray Hill, Manhattan",east_38th_street/west_to_east/038_n00492_E.jpg,n00492,east_38th_street,west_to_east,W,38,E,0.3902567267474311,0.33670540967140195,0.3220582776540461,0.6181267806267806,0.4990176817288802,0.7661232275246527,0.5725250626566415,0.7571195652173913,0.1555282909930716,0.34967347135762633,0.8576712880096435,0.6254095547050972,0.36402667682485657,0.29533757220836315,1.0548130909863178,1.0,0.5,0.3,0.2,0.6303380581281388,0.5424863819575757,0.6303380581281388,0.5424863819575757,0.6365394506634284,0.29385570215699003,1.0
"Murray Hill, Manhattan",east_38th_street/west_to_east/039_n00493_E.jpg,n00493,east_38th_street,west_to_east,W,39,E,0.22070895440623509,0.21355820105820103,0.17922404087641808,0.5873178041138809,0.5162850550230741,0.8061699049193881,0.7903312629399585,0.7944475690538683,0.0712305295950156,0.2044970654469514,0.5134879232077353,0.6218267727148916,0.43078089626748706,0.5328808388274119,0.866162576946935,1.0,0.5,0.3,0.2,0.547888219841928,0.3701943936930628,0.547888219841928,0.3701943936930628,0.23473926194355643,0.5311054099051925,1.0
"Murray Hill, Manhattan",east_38th_street/west_to_east/040_n00494_E.jpg,n00494,east_38th_street,west_to_east,W,40,E,0.37745766709699047,0.40597943722943725,0.4116325646855039,0.636869151710385,0.4450108459869848,0.7665945165945166,0.7474612845899974,0.7914740086871235,0.16495154089077646,0.3983565563373105,0.9153110388285984,0.6611107714701745,0.4562064127403869,0.6255320129952874,3.718835653381913,0.7727301791878214,0.15,0.15,0.7,0.667807232727397,0.6480329882929671,0.667807232727397,0.6480329882929671,0.7585181945227609,0.6238601648238462,0.7147052674174943
"Murray Hill, Manhattan",east_38th_street/west_to_east/041_n00495_E.jpg,n00495,east_38th_street,west_to_east,W,41,E,0.3139624564524188,0.28913712158005506,0.19886221555388847,0.48188986901897896,0.4383568350959656,0.6770833333333334,0.6658808401200171,0.6975731176104542,0.10852462549843737,0.26732059786212076,0.6916505605725648,0.5803687171778225,0.38720273280922723,0.3723942663472828,4.224624126237421,0.7162732011583519,0.15,0.15,0.7,0.4367578296601167,0.4002442712798073,0.4367578296601167,0.4002442712798073,0.3946377350338742,0.3707291731447071,0.6624876878963404
"Murray Hill, Manhattan",east_38th_street/west_to_east/042_n00496_E.jpg,n00496,east_38th_street,west_to_east,W,42,E,0.2229140346982795,0.2021785970792435,0.1942102304665542,0.6753019323671497,0.5553766326713188,0.7627283617849656,0.6700223713646533,0.7962579755130195,0.10437529804482597,0.20643428741469239,0.5192932782830233,0.63872775840295,0.3871988347047396,0.3723806006630069,3.853589721716486,0.7572676977582183,0.15,0.15,0.7,0.42442426715531983,0.3765906220011943,0.42442426715531983,0.3765906220011943,0.2389409369369507,0.3707155324712311,0.700403875776886
"Murray Hill, Manhattan",east_38th_street/west_to_east/043_n00497_E.jpg,n00497,east_38th_street,west_to_east,W,43,E,0.3470482734454711,0.3061058284909315,0.326916252661462,0.6597248880358285,0.6150280293229841,0.7846487659343641,0.6228127734033246,0.7926181625066384,0.13881636205395997,0.32669011819928817,0.8205799171430378,0.6124383404064943,0.3808145677286423,0.35028618624019175,3.819853949678455,0.7611094614885291,0.15,0.15,0.7,0.4327863910126566,0.4085100153644672,0.4327863910126566,0.4085100153644672,0.570667584875466,0.34866502813407957,0.7039571584726808
"Murray Hill, Manhattan",east_38th_street/west_to_east/044_n00498_E.jpg,n00498,east_38th_street,west_to_east,W,44,E,0.4205291591158357,0.43493464052287584,0.47850854479544275,0.5502446368084306,0.710188483229445,0.7832994885679904,0.4512945862755749,0.7854657788974867,0.12594373771848175,0.4446574481447181,0.9495923279703203,0.5418406441588242,0.2886191619970283,0.11912812703666599,2.3262457488827275,0.9522412500920688,0.3,0.2,0.5,0.3006371403658923,0.2894409838859233,0.3006371403658923,0.2894409838859233,0.8455586808875851,0.11838186251693915,0.8807367120154885
"Murray Hill, Manhattan",east_38th_street/west_to_east/045_n00499_E.jpg,n00499,east_38th_street,west_to_east,W,45,E,0.4357388159686929,0.5596620515110913,0.4845238095238095,0.5253654342218401,0.7082393625018795,0.752337374217574,0.623841106832121,0.8016805990943922,0.1599924949072585,0.49330822566786453,0.9712430901980645,0.5396022236047842,0.3919168008696898,0.3890640869733182,2.6381276945144334,0.9087191902234355,0.3,0.2,0.5,0.546542200521744,0.5343651238430082,0.546542200521744,0.5343651238430082,0.9075426149414775,0.3873704628126193,0.8404827575631528
"Murray Hill, Manhattan",east_38th_street/west_to_east/046_n00500_E.jpg,n00500,east_38th_street,west_to_east,W,46,E,0.31153266245823186,0.25845722904546437,0.25145166352793474,0.6530809722867317,0.8040469700146781,0.803049421661409,0.7228552717747215,0.7767111567419575,0.1189613526570048,0.2738138516772103,0.7080156969480355,0.5419150530046704,0.42090831221586317,0.49590626228739965,2.6381276945144334,0.9087191902234355,0.3,0.2,0.5,0.5616928622943359,0.47710535682906546,0.5616928622943359,0.47710535682906546,0.41339701937326895,0.4941237116325566,0.8404827575631528
"Murray Hill, Manhattan",east_38th_street/west_to_east/047_n00501_E.jpg,n00501,east_38th_street,west_to_east,W,47,E,0.178321368261505,0.17264775869830853,0.1495119358268097,0.6962068495019785,0.7360246551934578,0.7552015604681405,0.6337395125848982,0.7887080398502443,0.05167210440456771,0.16682702092887441,0.4017747495718429,0.582963411386255,0.342705808494733,0.2333639594885845,2.6381276945144334,0.9087191902234355,0.3,0.2,0.5,0.32986781497468576,0.25110956283618824,0.32986781497468576,0.25110956283618824,0.16331295511989777,0.2320906273014135,0.8404827575631528
"Murray Hill, Manhattan",east_39th_street/east_to_west/001_n00548_W.jpg,n00548,east_39th_street,east_to_west,W,1,W,0.15932903426290665,0.17215622750179982,0.118123973727422,0.5340236686390533,0.3638561127499181,0.8132536724402543,0.44864612511671337,0.6684109835696601,0.03478353745371687,0.1498697451640428,0.3539861721991433,0.6128595131529317,0.24171483128521512,0.0627214201059508,4.813638912438099,0.6557039832891775,0.15,0.15,0.7,0.11445722239340404,0.09884367742358448,0.11445722239340404,0.09884367742358448,0.13737459407145133,0.062303516484900894,0.606466659831983
"Murray Hill, Manhattan",east_39th_street/east_to_west/002_n00547_W.jpg,n00547,east_39th_street,east_to_west,W,2,W,0.1859461933184164,0.2388262322472848,0.11927664486340898,0.47712695717789094,0.3781494722505958,0.7322834645669292,0.43831900081900094,0.7106142728093948,0.02930589513719099,0.18134969014303673,0.44428144623851423,0.6031972525788966,0.23381244797809597,0.05610376694074697,4.813638912438099,0.6557039832891775,0.15,0.15,0.7,0.10927279332180027,0.09563745669913248,0.10927279332180027,0.09563745669913248,0.1885423208172403,0.055727334187627146,0.606466659831983
"Murray Hill, Manhattan",east_39th_street/east_to_west/003_n00546_W.jpg,n00546,east_39th_street,east_to_west,W,3,W,0.23935489063391424,0.20899326415437827,0.17793602507374628,0.3513387978142077,0.4490091831802803,0.726079869600652,0.3460840983792361,0.5531736023539301,0.043690312037178915,0.20876139328734625,0.5262599950764298,0.48516773899595245,0.19488720520820751,0.032086978932003574,5.26356311587873,0.6129116581483615,0.15,0.15,0.7,0.07336586143438233,0.06506371878232832,0.07336586143438233,0.06506371878232832,0.24405605368659739,0.03186624853007949,0.5668876437576679
"Murray Hill, Manhattan",east_39th_street/east_to_west/004_n00545_W.jpg,n00545,east_39th_street,east_to_west,W,4,W,0.3610175537928834,0.34389956556954565,0.30583543240973965,0.5741496598639455,0.5894057439657806,0.7838530692512994,0.49635701275045535,0.705095541401274,0.11526117751217353,0.33691751725738955,0.8379441207379033,0.563279819099813,0.30580909513131443,0.14894957268757175,4.187126814448959,0.7203133004042936,0.15,0.15,0.7,0.23562337404397024,0.22318282636089218,0.23562337404397024,0.22318282636089218,0.6004412975151355,0.14804789274915833,0.6662244129392251
"Murray Hill, Manhattan",east_39th_street/east_to_west/005_n00544_W.jpg,n00544,east_39th_street,east_to_west,W,5,W,0.2281026523127857,0.18198325215756647,0.14362338858195214,0.2175334549878345,0.449945508329441,0.5797101449275363,0.4520214729072303,0.3931580721267273,0.027078616770985924,0.1845697643507681,0.4538410986313516,0.3869153395950402,0.23955004483910813,0.0608393751321173,3.1106905130191875,0.8465351308650307,0.15,0.15,0.7,0.10854436614701918,0.09514408008766179,0.10854436614701918,0.09514408008766179,0.19452541169981358,0.06043320276871996,0.7829681477163287
"Murray Hill, Manhattan",east_39th_street/east_to_west/006_n00543_W.jpg,n00543,east_39th_street,east_to_west,W,6,W,0.25173401017965485,0.3176666666666667,0.27132146204311147,0.2668367346938776,0.5163697104677061,0.5959659760821964,0.6004614093959731,0.4512858555885262,0.054796043125486284,0.28024071296314434,0.7236997691710709,0.40058429327156586,0.3276287262607297,0.19535714787492486,0.9427857920341074,1.0,0.5,0.3,0.2,0.4663943206551026,0.3600190628150778,0.4663943206551026,0.3600190628150778,0.43221554264313294,0.19423865376898475,1.0
"Murray Hill, Manhattan",east_39th_street/east_to_west/007_n00542_W.jpg,n00542,east_39th_street,east_to_west,W,7,W,0.278247942194965,0.29758212041676607,0.2104770352848413,0.52985285795133,0.4181173436492585,0.7850191343362365,0.6489150090415913,0.7677910933570055,0.12419116287668701,0.2621023659655241,0.6781381018841558,0.6265088692196923,0.3865530859591391,0.3701196123165524,1.1553882386268777,1.0,0.5,0.3,0.2,0.5866859123307429,0.4386544949114308,0.5866859123307429,0.4386544949114308,0.3797810569101148,0.3684587187361613,1.0
"Murray Hill, Manhattan",east_39th_street/east_to_west/008_n00541_W.jpg,n00541,east_39th_street,east_to_west,W,8,W,0.211163568366245,0.23760330578512404,0.1595115291262136,0.6305934186975078,0.6629225061830173,0.8022742040285901,0.7027503526093088,0.7808557611438184,0.0673794358507734,0.20275946775919423,0.5082776469135732,0.5828422245527696,0.38506489423004114,0.36493071569091595,2.8327133172591914,0.8825789807410169,0.3,0.2,0.5,0.44263496187902474,0.3485960387244571,0.44263496187902474,0.3485960387244571,0.2310143626807736,0.36327967759418556,0.8163054367962616
"Murray Hill, Manhattan",east_39th_street/east_to_west/009_n00540_W.jpg,n00540,east_39th_street,east_to_west,W,9,W,0.3457205582672194,0.30237261279292804,0.21972666884460415,0.5115885416666667,0.6116734143049931,0.6832463011314186,0.6908264820424059,0.7137432376196422,0.06543121026748233,0.28927327996825053,0.7448401385069212,0.5378861216604385,0.37812884615494413,0.34117389760886985,1.9749844552284304,1.0,0.4,0.25,0.35,0.5224435147733307,0.42975287560314007,0.5224435147733307,0.42975287560314007,0.45898569878327505,0.3395728705714865,0.9283863058587357
"Murray Hill, Manhattan",east_39th_street/east_to_west/010_n00539_W.jpg,n00539,east_39th_street,east_to_west,W,10,W,0.34704233324036843,0.334536773989899,0.25367500993245923,0.339918533604888,0.5859547461368654,0.7393384363039913,0.5989873056625302,0.6828065456175745,0.05460727171801275,0.31175137238757555,0.7926570496413352,0.4789234443618656,0.32679728869027147,0.19340415418388215,2.9911277823651665,0.8618541972429573,0.3,0.2,0.5,0.3540068914175132,0.3121814599737162,0.3540068914175132,0.3121814599737162,0.5263033072140985,0.1922941695156655,0.7971368934533335
"Murray Hill, Manhattan",east_39th_street/east_to_west/011_n00538_W.jpg,n00538,east_39th_street,east_to_west,W,11,W,0.33126932788401675,0.2901797343058088,0.23381119563097327,0.6178262145897548,0.618560606060606,0.7864032358431859,0.644141769185706,0.7888952056092476,0.12184767134431562,0.28508675260693295,0.7351753301315507,0.5960536047127988,0.3829947202650108,0.3577647100364765,1.298139320801705,1.0,0.4,0.25,0.35,0.5421716748462341,0.44343212205109794,0.5421716748462341,0.44343212205109794,0.4465388905311627,0.3561279121252536,1.0
"Murray Hill, Manhattan",east_39th_street/east_to_west/012_n00537_W.jpg,n00537,east_39th_street,east_to_west,W,12,W,0.20337261231723236,0.21340894240642214,0.14281278229448965,0.6658490051785227,0.677676611132636,0.8222970445192668,0.6948831535695943,0.7908328657814351,0.11371900826446284,0.18653144567271468,0.45968206386166527,0.5930017532757739,0.40430108091702854,0.43401615309342023,1.6523032445832455,1.0,0.4,0.25,0.35,0.48014684600122226,0.3424943809720069,0.48014684600122226,0.3424943809720069,0.1982403529675969,0.43226530166358484,0.97442748691843
"Murray Hill, Manhattan",east_39th_street/east_to_west/013_n00536_W.jpg,n00536,east_39th_street,east_to_west,W,13,W,0.21663758425505208,0.24251040221914014,0.17396860167944506,0.7714608900458658,0.28566198008201527,0.8167715272637551,0.6878724483326994,0.8162569368808672,0.12732002249718788,0.21103886271787906,0.5330682473227792,0.7673519489482392,0.40759623541494366,0.4461950232901686,2.0064671683647863,0.9990303951161713,0.3,0.2,0.5,0.5245611531165912,0.4167081012963541,0.5245611531165912,0.4167081012963541,0.2491333704695713,0.4444336206534499,0.9240124236511266
"Murray Hill, Manhattan",east_39th_street/east_to_west/014_n00535_W.jpg,n00535,east_39th_street,east_to_west,W,14,W,0.35263315102245907,0.3584748391098705,0.31816246140743104,0.6812338501291989,0.3688257575757576,0.7923701403713047,0.704091120409112,0.773727422003284,0.1762765836460821,0.34309015051325353,0.8477525725710309,0.6953785048522417,0.4401838520275971,0.5677698103614003,1.470678912994523,1.0,0.4,0.25,0.35,0.7011699022938074,0.6172512664556318,0.7011699022938074,0.6172512664556318,0.6180726938107328,0.5660189924369902,1.0
"Murray Hill, Manhattan",east_39th_street/east_to_west/015_n00534_W.jpg,n00534,east_39th_street,east_to_west,W,15,W,0.3941831947633649,0.40319719471947196,0.34249871991807473,0.5652141019821455,0.30708070807080706,0.7734273318872017,0.7248939620758484,0.779455207474581,0.2311817720233562,0.37995970313363714,0.8965547094547852,0.6791962004619732,0.4780378670496023,0.6985848310899131,0.7824621750528821,1.0,0.55,0.35,0.1,0.7934827498516865,0.7009193788355611,0.7934827498516865,0.7009193788355611,0.7158178678199987,0.6970811928804658,1.0
"Murray Hill, Manhattan",east_39th_street/east_to_west/016_n00533_W.jpg,n00533,east_39th_street,east_to_west,W,16,W,0.41807987785656187,0.5352094577229504,0.3873768324921894,0.6664127736402619,0.36447410231966954,0.7943683098111407,0.7618227186311787,0.8092575894198978,0.17040481400437643,0.44688872269056723,0.9508586543478713,0.7037320869134966,0.46611376631777757,0.6596436245815891,0.7886676327737654,1.0,0.55,0.35,0.1,0.8250633400456994,0.7750389934897197,0.8250633400456994,0.7750389934897197,0.8490229849157911,0.6580408161985916,1.0
"Murray Hill, Manhattan",east_39th_street/east_to_west/017_n00532_W.jpg,n00532,east_39th_street,east_to_west,W,17,W,0.36719179669316754,0.3845229791521351,0.3579042745975909,0.6641489493969912,0.4213382204973408,0.7962494945410432,0.7457047791893526,0.797768479776848,0.18621700879765393,0.36987301681429785,0.884778014062405,0.6801930695588327,0.46596089399350327,0.6591286068154413,0.656674912651029,1.0,0.55,0.35,0.1,0.7835688527583302,0.6835583368147055,0.7835688527583302,0.6835583368147055,0.6905667376672132,0.6575246322935728,1.0
"Murray Hill, Manhattan",east_39th_street/east_to_west/018_n00531_W.jpg,n00531,east_39th_street,east_to_west,W,18,W,0.36382188496934786,0.5829064520063422,0.541304741223308,0.6648423516453256,0.3325808878856283,0.8041910535117057,0.7526741293532339,0.7936705913656622,0.17708333333333334,0.4960110260663326,0.9721352451532984,0.7086440183751198,0.4648787313432836,0.6554721688533738,0.7043922419558429,1.0,0.55,0.35,0.1,0.83667144778433,0.8067352241058252,0.83667144778433,0.8067352241058252,0.9102283511395256,0.6538600243039563,1.0
"Murray Hill, Manhattan",east_39th_street/east_to_west/019_n00530_W.jpg,n00530,east_39th_street,east_to_west,W,19,W,0.3408652849283214,0.4004159163022039,0.40503466988242387,0.6988884342607746,0.44997159494390004,0.7744261949884187,0.7438117224573554,0.7729947761687496,0.10511982570806104,0.38210529037098306,0.8989183393990996,0.673970538495208,0.4244657740827082,0.5092455988286692,1.0152355346696087,1.0,0.5,0.3,0.2,0.7359322771759771,0.6586409485398024,0.7359322771759771,0.6586409485398024,0.7210261717091736,0.5074633686882337,1.0
"Murray Hill, Manhattan",east_39th_street/east_to_west/020_n00529_W.jpg,n00529,east_39th_street,east_to_west,W,20,W,0.27417325722566255,0.28215809385816626,0.2245707353490108,0.7001947182670074,0.23721521462794568,0.7932754182754183,0.6763302314483416,0.781570913127949,0.09686631676443351,0.2603006954776132,0.6734011039588836,0.7481834722556702,0.38659827410638753,0.37027764765015686,1.0304008329320795,1.0,0.5,0.3,0.2,0.6166586733643671,0.4595791647879036,0.6166586733643671,0.4595791647879036,0.37470191044774104,0.3686164599154187,1.0
"Murray Hill, Manhattan",east_39th_street/east_to_west/021_n00528_W.jpg,n00528,east_39th_street,east_to_west,W,21,W,0.337293375968805,0.4582081007585516,0.4309813248766737,0.7119622591712852,0.26760438782731777,0.7907740501212611,0.7265793138371945,0.8373938131110755,0.17000333667000334,0.4088276005346767,0.9245565749883791,0.7605838948183477,0.44829132525359894,0.5973342145643016,2.9922895105696763,0.861704024278483,0.3,0.2,0.5,0.7146907613407363,0.678378539270596,0.7146907613407363,0.678378539270596,0.780781293563631,0.5956178587605673,0.7969979970938743
"Murray Hill, Manhattan",east_39th_street/east_to_west/022_n00527_W.jpg,n00527,east_39th_street,east_to_west,W,22,W,0.2805519363653616,0.24704973307108738,0.2329388560157791,0.7633387500846367,0.44329896907216493,0.8165469952778316,0.7007876496534342,0.8160862354892205,0.11128398296757291,0.253513508484076,0.6552420430081315,0.7120420055005641,0.40603581631050356,0.44041875047753454,3.663650530704584,0.7791532081449069,0.15,0.15,0.7,0.5023913645938735,0.45714277132828884,0.5023913645938735,0.45714277132828884,0.3558221285357217,0.43866208875266943,0.7206459861211808
"Murray Hill, Manhattan",east_39th_street/east_to_west/023_n00526_W.jpg,n00526,east_39th_street,east_to_west,W,23,W,0.16813588296188517,0.20714578214578214,0.18329734731647132,0.7531957250628668,0.3129440497335702,0.8285556976413754,0.653282031044462,0.80357466884413,0.15751262626262622,0.18619300414137951,0.4586735075847458,0.7479421147244754,0.4053973286535441,0.4380597846403712,2.3097438799476024,0.9546012337432115,0.3,0.2,0.5,0.4943008840691324,0.3831792606038703,0.4943008840691324,0.3831792606038703,0.19759563668281077,0.4363051957258142,0.8829194826538291
"Murray Hill, Manhattan",east_39th_street/east_to_west/024_n00525_W.jpg,n00525,east_39th_street,east_to_west,W,24,W,0.3091571882912081,0.280510961505265,0.28591142892987076,0.785034073038616,0.3688257575757576,0.8060909202153695,0.6728913509649751,0.8004154815682338,0.14190333831589438,0.2918598595754479,0.7506942359107729,0.738874599010364,0.40739734464043476,0.4454579385079352,0.9558372291906204,1.0,0.5,0.3,0.2,0.6730759954699316,0.5302840596541154,0.6730759954699316,0.5302840596541154,0.46670242890397445,0.4436971143838427,1.0
"Murray Hill, Manhattan",east_39th_street/east_to_west/025_n00524_W.jpg,n00524,east_39th_street,east_to_west,W,25,W,0.2957712681248631,0.2544025157232705,0.19121962402567627,0.5612369337979094,0.331718827620467,0.7734105220394069,0.7292486231313925,0.7665320462306279,0.14291429142914294,0.24713113595793662,0.6377411876631931,0.66535005080269,0.4360814572802677,0.552610011879276,0.8197343773585715,1.0,0.5,0.3,0.2,0.6276550699223131,0.4569613286336679,0.6276550699223131,0.4569613286336679,0.33846719728272157,0.5508463650101002,1.0
"Murray Hill, Manhattan",east_39th_street/east_to_west/026_n00523_W.jpg,n00523,east_39th_street,east_to_west,W,26,W,0.34039183555768654,0.308581054300436,0.20750218722659666,0.7759107468123861,0.3569318181818182,0.8155336911150864,0.7205544053370141,0.7949521560077519,0.26620222079863337,0.285491692361573,0.7361203134716923,0.7379770282127733,0.49337831306782376,0.7447252031778571,0.7673509668227958,1.0,0.55,0.35,0.1,0.7376263824996698,0.5610475185113478,0.7376263824996698,0.5610475185113478,0.447740131240254,0.7433671830506612,1.0
"Murray Hill, Manhattan",east_39th_street/east_to_west/027_n00522_W.jpg,n00522,east_39th_street,east_to_west,W,27,W,0.3657967826234342,0.31488960689283796,0.2967308125140671,0.7516850809533736,0.34096021369323776,0.8172119068670792,0.5921139827700465,0.795419774335437,0.22611091569937858,0.32580573401011304,0.8190121190425498,0.7353815471985243,0.4091124492347125,0.4518216268183795,0.8907930470624966,1.0,0.5,0.3,0.2,0.7040319774662739,0.5858768667724651,0.7040319774662739,0.5858768667724651,0.5680655036481791,0.4500560630933019,1.0
"Murray Hill, Manhattan",east_39th_street/east_to_west/028_n00521_W.jpg,n00521,east_39th_street,east_to_west,W,28,W,0.3099021827453329,0.34688941388232647,0.3146653212243524,0.7605693440166764,0.41053169734151335,0.80702474314548,0.68034262485482,0.7829826976012585,0.23341744772891135,0.3238189726173372,0.8154512028409697,0.7110067814254737,0.4568800362918657,0.6278958555650703,0.9618125714220176,1.0,0.5,0.3,0.2,0.7427431155224292,0.6163913902415197,0.7427431155224292,0.6163913902415197,0.5622064430552484,0.62622825494206,1.0
"Murray Hill, Manhattan",east_39th_street/east_to_west/029_n00520_W.jpg,n00520,east_39th_street,east_to_west,W,29,W,0.3721487918396725,0.3937013348164628,0.3600558659217877,0.7673064918851437,0.3286440947385154,0.8141472138554217,0.7747462399051641,0.8085841792089604,0.3146601533774556,0.37530199752597426,0.8912549108728763,0.7490821921185294,0.5447031966413098,0.8630134995720233,0.7936867850125506,1.0,0.55,0.35,0.1,0.8359650851249437,0.7343708234335676,0.8359650851249437,0.7343708234335676,0.7043122820249016,0.8621682894309317,1.0
"Murray Hill, Manhattan",east_39th_street/east_to_west/030_n00519_W.jpg,n00519,east_39th_street,east_to_west,W,30,W,0.19032999710891144,0.178137123246792,0.1360805249694138,0.770529285853279,0.3681533646322379,0.8088168483904465,0.719023282226008,0.8082588546838795,0.19771409075400884,0.16818254844170574,0.40569056151022354,0.7368782586349734,0.4583686864900084,0.6330979654561193,0.94110849333975,1.0,0.5,0.3,0.2,0.5304083573600913,0.3386467058825426,0.5304083573600913,0.3386467058825426,0.16554780655177062,0.6314399938512079,1.0
"Murray Hill, Manhattan",east_39th_street/east_to_west/031_n00518_W.jpg,n00518,east_39th_street,east_to_west,W,31,W,0.36766542486761117,0.3831723625557206,0.3875262789067975,0.7647273693298797,0.6101505288852725,0.8168054270736972,0.7282683093771389,0.8286593707250343,0.33451975652532756,0.37945468877670974,0.8959913104096916,0.6610787370565472,0.5313940329512332,0.83765879045406,0.931791007971418,1.0,0.5,0.3,0.2,0.8069400773100825,0.7204685381887439,0.8069400773100825,0.7204685381887439,0.7145834808584268,0.8366867450547796,1.0
"Murray Hill, Manhattan",east_39th_street/east_to_west/032_n00517_W.jpg,n00517,east_39th_street,east_to_west,W,32,W,0.3509786378857753,0.341528996730339,0.29466716159366496,0.6566987179487179,0.30708070807080706,0.78125,0.7333204034134989,0.7816690987422694,0.29087584025306445,0.3290582654032598,0.8247257743002229,0.7104290362067267,0.5120981218332816,0.7943701498155097,0.922473522603086,1.0,0.5,0.3,0.2,0.7827364854342672,0.6548661766316461,0.7827364854342672,0.6548661766316461,0.5776156899171887,0.7932028959172542,1.0
"Murray Hill, Manhattan",east_39th_street/east_to_west/033_n00516_W.jpg,n00516,east_39th_street,east_to_west,W,33,W,0.3863412694088784,0.49757281553398053,0.425242910965695,0.733173961015079,0.330551692165044,0.798604427333975,0.7277819738167169,0.7949593979005743,0.3062379941360833,0.4363856653028513,0.9446233359694345,0.7325272222502031,0.5170099839764002,0.8061444670225039,0.9230503010924376,1.0,0.5,0.3,0.2,0.8479281260393734,0.7956267355044082,0.8479281260393734,0.7956267355044082,0.832147202734301,0.8050276452332878,1.0
"Murray Hill, Manhattan",east_39th_street/east_to_west/034_n00515_W.jpg,n00515,east_39th_street,east_to_west,W,34,W,0.36100637720007195,0.36758353169355545,0.34784966819806024,0.7625999475684887,0.2443846883897501,0.8234973161092433,0.7566728739913097,0.8139038634321653,0.2594552394170715,0.35881319236389586,0.8705418654828505,0.7773730408703012,0.5080640567041905,0.7843097787007747,0.7954700773041206,1.0,0.55,0.35,0.1,0.828043959337628,0.7118670311477568,0.828043959337628,0.7118670311477568,0.6615148671969904,0.7831010102310865,1.0
"Murray Hill, Manhattan",east_39th_street/east_to_west/035_n00514_W.jpg,n00514,east_39th_street,east_to_west,W,35,W,0.3043958657269765,0.31426002448729723,0.25865009746588696,0.7428562065801546,0.27648487697853,0.7645942458058149,0.7667694204685573,0.7765241098410196,0.14643692182575987,0.2924353292267202,0.7519844035583615,0.7476318131475481,0.4566031711471586,0.6269250287150502,0.9416497255485498,1.0,0.5,0.3,0.2,0.7238588195995552,0.5710002558703823,0.7238588195995552,0.5710002558703823,0.46842156985332495,0.6252556739600862,1.0
"Murray Hill, Manhattan",east_39th_street/east_to_west/036_n00513_W.jpg,n00513,east_39th_street,east_to_west,W,36,W,0.29490694799906847,0.26358115870671267,0.19274671290275971,0.775603600316244,0.32585519251418926,0.7556113902847571,0.7830466274332277,0.8011593669488407,0.20312668173501244,0.2504116065361803,0.6467855205963652,0.7503025915836318,0.4930866545841201,0.743892607037393,1.0013244577754352,1.0,0.5,0.3,0.2,0.6954295280304023,0.5094355762010373,0.6954295280304023,0.5094355762010373,0.34733670166952024,0.7425316889354278,1.0
"Murray Hill, Manhattan",east_39th_street/east_to_west/037_n00512_W.jpg,n00512,east_39th_street,east_to_west,W,37,W,0.2470317463161895,0.26043785721205076,0.2117870534833234,0.7700896943071572,0.34834070796460176,0.8044224488435646,0.7372731701376202,0.8274514448128848,0.1555026034771865,0.23975221900385452,0.6170455108947431,0.7497334770518134,0.4463878868074033,0.5904481476728628,2.52287925574583,0.9245650314258269,0.3,0.2,0.5,0.6275775827216366,0.5140988257810198,0.6275775827216366,0.5140988257810198,0.31893305301130304,0.5887226494287627,0.8551387221922471
"Murray Hill, Manhattan",east_39th_street/east_to_west/038_n00511_W.jpg,n00511,east_39th_street,east_to_west,W,38,W,0.26925161594866553,0.27880714092507436,0.22600510248966307,0.7187540642476264,0.3697318007662835,0.7941447416906183,0.7648327939590076,0.7916835768398268,0.11605988262210287,0.25802128645446765,0.6673570322260798,0.7135686134403898,0.44044633829055524,0.568735791851343,2.6553588365570064,0.9063734825544352,0.3,0.2,0.5,0.624381318265307,0.5216019923615698,0.624381318265307,0.5216019923615698,0.36831539986679246,0.5669859026143924,0.8383131909123224
"Murray Hill, Manhattan",east_39th_street/east_to_west/039_n00510_W.jpg,n00510,east_39th_street,east_to_west,W,39,W,0.3257013790071881,0.36752611234476523,0.3864985163204748,0.7700328096409867,0.2849509588640023,0.8252385821404227,0.689074654591896,0.8127497621313036,0.1548167338322779,0.3599086692241427,0.872016169016683,0.7659438709694293,0.42194569421208694,0.499796353306587,4.222064946172896,0.716548214755247,0.15,0.15,0.7,0.5792464496704428,0.5547125031330554,0.5792464496704428,0.5547125031330554,0.6644520859435832,0.49801363399576726,0.6627420505077747
"Murray Hill, Manhattan",east_39th_street/east_to_west/040_n00509_W.jpg,n00509,east_39th_street,east_to_west,W,40,W,0.24758698090174494,0.30659879336349927,0.2645523568490984,0.6411323051948052,0.19804327808471456,0.7649895933397374,0.6485880179466879,0.8120652045749321,0.10955786736020805,0.2729127103714475,0.7057751693245222,0.7517180772283409,0.37907294265344793,0.3443641488374639,5.788771055788787,0.5664787793900349,0.15,0.15,0.7,0.43114242230014993,0.3962220929632199,0.43114242230014993,0.3962220929632199,0.4107771780044416,0.3427559395510959,0.5239414460760736
"Murray Hill, Manhattan",east_39th_street/east_to_west/041_n00508_W.jpg,n00508,east_39th_street,east_to_west,W,41,W,0.2489832334214121,0.2046576032225579,0.17145390070921987,0.6730956733698964,0.31366802582398917,0.7793493126034695,0.7376644736842105,0.7977497096399535,0.1111759556463379,0.2083649124510633,0.5250736874872738,0.7190591190619535,0.4244202146652742,0.5090748083578578,2.0230349096423805,0.9965507260138795,0.3,0.2,0.5,0.5505665214611305,0.4362748449371869,0.5505665214611305,0.4362748449371869,0.24317934910080538,0.507292558074474,0.9217189548355006
"Murray Hill, Manhattan",east_39th_street/east_to_west/042_n00507_W.jpg,n00507,east_39th_street,east_to_west,W,42,W,0.26884111762703405,0.26899122807017545,0.23625510524662272,0.603713768115942,0.27068501819332386,0.7675397013510311,0.6980220492866408,0.7613272066680915,0.07062251984126984,0.2580291503146107,0.6673779804282187,0.6981186521969032,0.38432228456395534,0.3623530536821929,1.0896172502560162,1.0,0.5,0.3,0.2,0.5986749605876961,0.44435756912366436,0.5986749605876961,0.44435756912366436,0.3683373553293252,0.3607070537907926,1.0
"Murray Hill, Manhattan",east_39th_street/east_to_west/043_n00506_W.jpg,n00506,east_39th_street,east_to_west,W,43,W,0.3458114979544451,0.33796895213454076,0.31090909090909097,0.7655306718597857,0.3891483730344076,0.8177456930905525,0.7333204034134989,0.822732679155516,0.2594634628044767,0.3315631803326923,0.8290285718089854,0.7330383259936313,0.49639193310898777,0.7532235127926894,1.11437404096778,1.0,0.5,0.3,0.2,0.7838040937985383,0.6581457932374145,0.7838040937985383,0.6581457932374145,0.5849317340043156,0.7518956407489586,1.0
"Murray Hill, Manhattan",east_39th_street/east_to_west/044_n00505_W.jpg,n00505,east_39th_street,east_to_west,W,44,W,0.22784414109788767,0.2976226151233643,0.2382139619220308,0.8040210308056871,0.3570775116433799,0.8135949015343723,0.7181398651047214,0.8044501133786848,0.17977289610527433,0.25456023938109423,0.6580739606107362,0.7504645441803306,0.4489563806049979,0.5997313141834251,0.9926101662574446,1.0,0.5,0.3,0.2,0.6719357559776535,0.49580569708903593,0.6719357559776535,0.49580569708903593,0.35870640269261767,0.5980182999475965,1.0
"Murray Hill, Manhattan",east_39th_street/east_to_west/045_n00504_W.jpg,n00504,east_39th_street,east_to_west,W,45,W,0.35085704958266767,0.3775318665968221,0.3184740417273168,0.7092877830437073,0.3000596455351056,0.7702120609675281,0.6435860923222974,0.791734712393395,0.22081313947226708,0.34895431930226883,0.8566145794064084,0.7336542833006655,0.43219961589728223,0.5381741260799706,1.1371637578548317,1.0,0.5,0.3,0.2,0.7451174442172167,0.6408775961532228,0.7451174442172167,0.6408775961532228,0.6345405375680941,0.5364013128842592,1.0
"Murray Hill, Manhattan",east_39th_street/east_to_west/046_n00503_W.jpg,n00503,east_39th_street,east_to_west,W,46,W,0.19749396247788187,0.208560157790927,0.17616033755274266,0.7218551625858272,0.36293050430504303,0.8216897233201581,0.6357064421669106,0.8117263483642794,0.15849307774227903,0.19407148594051718,0.4822219553878474,0.7235503355483545,0.39709975995459484,0.4076947001796554,4.1138943798549725,0.7282694635892782,0.15,0.15,0.7,0.4556610488305071,0.40191148292085505,0.4556610488305071,0.40191148292085505,0.2130147340196273,0.4059738677547415,0.6735831416260201
"Murray Hill, Manhattan",east_39th_street/east_to_west/047_n00502_W.jpg,n00502,east_39th_street,east_to_west,W,47,W,0.16212755438284632,0.1508867276887872,0.11313353651653683,0.7629550393914698,0.5021607958251794,0.7835869565217392,0.657274331820474,0.8184609317784913,0.08244663052934482,0.14204927286272345,0.33283095733014556,0.6930850584482605,0.36986048117490944,0.31386901891093866,3.926870050906,0.7489893551595775,0.15,0.15,0.7,0.35659516675306047,0.3074198328815898,0.35659516675306047,0.3074198328815898,0.1266272459011912,0.31233538008559014,0.6927471603798585
"Murray Hill, Manhattan",east_39th_street/west_to_east/001_n00502_E.jpg,n00502,east_39th_street,west_to_east,W,1,E,0.18782104116401763,0.20415218230977214,0.21121389159363843,0.762030278453636,0.6501924001924002,0.8232678386763185,0.631373302587753,0.8113442389758179,0.12862148310846147,0.2010623716891427,0.5031870719031075,0.6410607057456845,0.37999739284810724,0.3475016704034946,3.926870050906,0.7489893551595775,0.15,0.15,0.7,0.4026837667053833,0.3562966188883466,0.4026837667053833,0.3562966188883466,0.22741639372138542,0.34588653868013597,0.6927471603798585
"Murray Hill, Manhattan",east_39th_street/west_to_east/002_n00503_E.jpg,n00503,east_39th_street,west_to_east,W,2,E,0.39482271532901075,0.33871667969089175,0.31480364562391094,0.7349026201485218,0.3285320827750484,0.79020928380042,0.600909681611436,0.7914003044140031,0.18015680848610627,0.3494476802146045,0.8573402160836099,0.7325902805958255,0.3905332450487711,0.38414266651135687,4.1138943798549725,0.7282694635892782,0.15,0.15,0.7,0.4773610003854248,0.4550369206076253,0.4773610003854248,0.4550369206076253,0.6359123587734581,0.3824570542730184,0.6735831416260201
"Murray Hill, Manhattan",east_39th_street/west_to_east/003_n00504_E.jpg,n00504,east_39th_street,west_to_east,W,3,E,0.3288361892512028,0.2735404896421845,0.24458238048568007,0.7999999999999999,0.4471830985915493,0.8127084430401966,0.7297495847706656,0.8138258477490345,0.16737416616130987,0.2823196864596891,0.7286603269561172,0.7222142497191617,0.44856187546598775,0.5983099434169733,1.1371637578548317,1.0,0.5,0.3,0.2,0.6986306295741969,0.5415582642541233,0.6986306295741969,0.5415582642541233,0.43834788734345514,0.5965949378733851,1.0
"Murray Hill, Manhattan",east_39th_street/west_to_east/004_n00505_E.jpg,n00505,east_39th_street,west_to_east,W,4,E,0.3933419317632318,0.5208714896214897,0.5232377538829152,0.6927733636019675,0.3285320827750484,0.7990354274239816,0.7194303338171263,0.793931253013708,0.3332301660992469,0.47915039175587887,0.9660984399448059,0.7193908446135424,0.5263302499581866,0.8270630349873046,0.9926101662574446,1.0,0.5,0.3,0.2,0.8572507712038142,0.8236390452665201,0.8572507712038142,0.8236390452665201,0.8922659627110686,0.8260407213056075,1.0
"Murray Hill, Manhattan",east_39th_street/west_to_east/005_n00506_E.jpg,n00506,east_39th_street,west_to_east,W,5,E,0.30490624847638825,0.33859600951857954,0.30379577653033946,0.7584478523534489,0.30922703041705857,0.7620121813670201,0.7593657124980447,0.7973227077363897,0.13037422474508564,0.31576601150843575,0.8004632412818797,0.74884784322426,0.4448699686215652,0.584931099357187,1.11437404096778,1.0,0.5,0.3,0.2,0.736901964024033,0.6039376746037889,0.736901964024033,0.6039376746037889,0.5382963767306995,0.5831987651813585,1.0
"Murray Hill, Manhattan",east_39th_street/west_to_east/006_n00507_E.jpg,n00507,east_39th_street,west_to_east,W,6,E,0.3803297601693261,0.49961508852963815,0.5549230444866118,0.6265532774153465,0.3059727257034352,0.7808703335542302,0.7542311521404651,0.7848263680597215,0.21689497716894976,0.47828929772852535,0.9657583719733964,0.7018023065905442,0.48556306465470744,0.7218076620627152,1.0896172502560162,1.0,0.5,0.3,0.2,0.8279097092302216,0.7950241006229696,0.8279097092302216,0.7950241006229696,0.8912686321608636,0.7203735014985293,1.0
"Murray Hill, Manhattan",east_39th_street/west_to_east/007_n00508_E.jpg,n00508,east_39th_street,west_to_east,W,7,E,0.2984944841829909,0.31313497822931785,0.3612938596491228,0.6517001915708812,0.37616471295461373,0.7689290067032298,0.7605310186367117,0.7995809155383623,0.13234670061531936,0.32430777402047717,0.8163322898627505,0.6917054647182099,0.44643885962601554,0.5906330279200174,2.0230349096423805,0.9965507260138795,0.3,0.2,0.5,0.6717430755803363,0.6002202556035636,0.6717430755803363,0.6002202556035636,0.563649618707515,0.5889077662842727,0.9217189548355006
"Murray Hill, Manhattan",east_39th_street/west_to_east/008_n00509_E.jpg,n00509,east_39th_street,west_to_east,W,8,E,0.32234417487090317,0.3628377795044462,0.3592036242250835,0.7074096880131363,0.44784043621753483,0.798760775862069,0.7233554160855417,0.8150490806027927,0.24036458333333335,0.3481285262001443,0.8553931261581436,0.691539444132798,0.4818599997094375,0.7105177599828133,5.788771055788787,0.5664787793900349,0.15,0.15,0.7,0.7276120175460582,0.6943494544905993,0.7276120175460582,0.6943494544905993,0.6322394829722547,0.7090488574864403,0.5239414460760736
"Murray Hill, Manhattan",east_39th_street/west_to_east/009_n00510_E.jpg,n00510,east_39th_street,west_to_east,W,9,E,0.33108320738725605,0.4098432055749129,0.48387668320340166,0.6900850405875532,0.41678749798614473,0.8082075343397253,0.7041083916083916,0.8095980258458342,0.2501118193000112,0.40826769872185686,0.9240865867679902,0.6942985228157474,0.4771101054542014,0.6956464592635797,4.222064946172896,0.716548214755247,0.15,0.15,0.7,0.725706213352269,0.7063593860505285,0.725706213352269,0.7063593860505285,0.7796291182335577,0.6941345806555811,0.6627420505077747
"Murray Hill, Manhattan",east_39th_street/west_to_east/010_n00511_E.jpg,n00511,east_39th_street,west_to_east,W,10,E,0.3121733451588857,0.31513817906492525,0.2759433962264151,0.7591904379268782,0.38387261332167316,0.7938110860501674,0.646609868654597,0.8070786066231236,0.24204545454545454,0.3010849734834087,0.7708328107963286,0.7274654770761095,0.4443276616000258,0.5829547707972618,2.6553588365570064,0.9063734825544352,0.3,0.2,0.5,0.6626252265543039,0.5790786115609394,0.6626252265543039,0.5790786115609394,0.49432865852292573,0.581220093637142,0.8383131909123224
"Murray Hill, Manhattan",east_39th_street/west_to_east/011_n00512_E.jpg,n00512,east_39th_street,west_to_east,W,11,E,0.3646718565603643,0.3793327339926081,0.33161085848146615,0.778755547449693,0.34901781635449974,0.7691994371621121,0.7727743271221533,0.8092575894198978,0.18174043190079114,0.3585384830114795,0.8701698987356787,0.7463317735050303,0.47725737951147224,0.6961139754028403,2.52287925574583,0.9245650314258269,0.3,0.2,0.5,0.7547580946555656,0.6941785410447557,0.7547580946555656,0.6941785410447557,0.6607763428788079,0.6946033996296315,0.8551387221922471
"Murray Hill, Manhattan",east_39th_street/west_to_east/012_n00513_E.jpg,n00513,east_39th_street,west_to_east,W,12,E,0.3656493143949471,0.4000274273176084,0.3888272290048094,0.7292889075160659,0.3697387518142235,0.7994701902208604,0.7718339737431957,0.7792193140794224,0.23083778966131904,0.3848346569057882,0.9018557175335025,0.7129231565937548,0.5013358817022574,0.766747900765163,1.0013244577754352,1.0,0.5,0.3,0.2,0.8136017367850997,0.7305244497706804,0.8136017367850997,0.7305244497706804,0.7275663029824195,0.7654701424986126,1.0
"Murray Hill, Manhattan",east_39th_street/west_to_east/013_n00514_E.jpg,n00514,east_39th_street,west_to_east,W,13,E,0.3505245664399034,0.35136081211166537,0.30248917748917753,0.6949862465616405,0.3751682368775236,0.7959736361263378,0.6763406186552013,0.7877182656464586,0.25777596519847745,0.33479151868024876,0.83444981529788,0.7025120917768585,0.4670582919268394,0.6628172803888728,0.9416497255485498,1.0,0.5,0.3,0.2,0.7567893592038705,0.6383669045445519,0.7567893592038705,0.6383669045445519,0.5943052878011762,0.661221741781599,1.0
"Murray Hill, Manhattan",east_39th_street/west_to_east/014_n00515_E.jpg,n00515,east_39th_street,west_to_east,W,14,E,0.3581702182731423,0.3367440561672252,0.28510191846522787,0.6581899298916508,0.35347043701799485,0.7996525121142565,0.6615981424849927,0.7626718691936083,0.2664033701948394,0.32667206430186513,0.8205480183452438,0.6891304540224215,0.46400075633991605,0.652492034654989,0.7954700773041206,1.0,0.55,0.35,0.1,0.7544322184364998,0.6176517824803403,0.7544322184364998,0.6176517824803403,0.5706145042846819,0.6508733727292553,1.0
"Murray Hill, Manhattan",east_39th_street/west_to_east/015_n00516_E.jpg,n00516,east_39th_street,west_to_east,W,15,E,0.39391155031609876,0.40213938714499253,0.34660925726587727,0.6174414210128495,0.3308410558831789,0.8145984684861575,0.6402839781746031,0.7774529273315681,0.28492497972424974,0.3808867315756562,0.8975818875000015,0.6880177641537462,0.46260447894942647,0.6477279848416335,0.9230503010924376,1.0,0.5,0.3,0.2,0.7764177721610978,0.6941043185220521,0.7764177721610978,0.6941043185220521,0.7180753676270553,0.6460991681603002,1.0
"Murray Hill, Manhattan",east_39th_street/west_to_east/016_n00517_E.jpg,n00517,east_39th_street,west_to_east,W,16,E,0.2774931461523482,0.25234895662624274,0.23020182077437754,0.7120582805907172,0.479494262643434,0.8204229797979798,0.6896338285118583,0.8088603240132608,0.21692220329358322,0.25334797451765617,0.6547931754430669,0.6804747806535146,0.45327801590272077,0.6151873441884912,0.922473522603086,1.0,0.5,0.3,0.2,0.6541798470759078,0.48166460768765723,0.6541798470759078,0.48166460768765723,0.3553669491161514,0.613497847779239,1.0
"Murray Hill, Manhattan",east_39th_street/west_to_east/017_n00518_E.jpg,n00518,east_39th_street,west_to_east,W,17,E,0.4356261574968139,0.5794905577514274,0.5756410256410257,0.8061797752808989,0.6285487822452803,0.8043335521996061,0.7651819154628142,0.8450523542056723,0.31663365247056235,0.5302525802964223,0.9813490470716876,0.6742277824137636,0.5409077839666883,0.8561428881502725,0.931791007971418,1.0,0.5,0.3,0.2,0.8532238692438366,0.8342702323181299,0.8532238692438366,0.8342702323181299,0.9386199009425308,0.8552623957798682,1.0
"Murray Hill, Manhattan",east_39th_street/west_to_east/018_n00519_E.jpg,n00519,east_39th_street,west_to_east,W,18,E,0.4204832834076128,0.5481150793650794,0.5329498840734795,0.6949862465616405,0.39785178777393315,0.8202636070548075,0.7435817805383023,0.8124284077892326,0.3125649013499481,0.5005160822820572,0.9735628711501665,0.7031876221923132,0.5280733409441252,0.83077082512898,0.94110849333975,1.0,0.5,0.3,0.2,0.8554598159810223,0.8289263694384279,0.8554598159810223,0.8289263694384279,0.9145489243034212,0.8297659184967394,1.0
"Murray Hill, Manhattan",east_39th_street/west_to_east/019_n00520_E.jpg,n00520,east_39th_street,west_to_east,W,19,E,0.3614036893377617,0.34533607681755835,0.33913356927513433,0.7695486627043091,0.30709044624138954,0.8060909202153695,0.659235668789809,0.7949315920398011,0.2839047003018543,0.3486244451434848,0.8561276870716841,0.7524632695009068,0.47157018454583166,0.6777722597835024,0.7936867850125506,1.0,0.55,0.35,0.1,0.7994189412129524,0.6773059173144228,0.7994189412129524,0.6773059173144228,0.6336220803858535,0.6762129181604601,1.0
"Murray Hill, Manhattan",east_39th_street/west_to_east/020_n00521_E.jpg,n00521,east_39th_street,west_to_east,W,20,E,0.4223425450662828,0.3897165494922441,0.3636549468520032,0.7363235975892444,0.2654612159329141,0.8117747540790482,0.5223046741726373,0.7850851534061363,0.25358649789029536,0.3919046804701767,0.9091133093049248,0.7519825116874888,0.38794558603146634,0.37500220646462445,0.9618125714220176,1.0,0.5,0.3,0.2,0.7194126907944467,0.6502552265409279,0.7194126907944467,0.6502552265409279,0.7440545745251179,0.37333238885715525,1.0
"Murray Hill, Manhattan",east_39th_street/west_to_east/021_n00522_E.jpg,n00522,east_39th_street,west_to_east,W,21,E,0.34943901406977096,0.28370098039215685,0.19909245604083944,0.7052032848680668,0.25370202478090054,0.8088940809968848,0.5116867259724404,0.7847063673262303,0.2595058075827306,0.2774108168342557,0.7168581150915566,0.7454025424711321,0.3855962667775855,0.36677993067267617,0.8907930470624966,1.0,0.5,0.3,0.2,0.6343295988062058,0.48734699936480586,0.6343295988062058,0.48734699936480586,0.4239018217335443,0.3651253363727665,1.0
"Murray Hill, Manhattan",east_39th_street/west_to_east/022_n00523_E.jpg,n00523,east_39th_street,west_to_east,W,22,E,0.32714159268758924,0.2907455827588939,0.21800226224658484,0.7509369144284822,0.47766798418972334,0.7922275143231863,0.7100785340314136,0.8159755705560913,0.16405740378343117,0.278629812564356,0.7198177459847945,0.6964148335982834,0.4370679689074224,0.556265560709531,0.7673509668227958,1.0,0.55,0.35,0.1,0.6934328696566373,0.5204714484593622,0.6934328696566373,0.5204714484593622,0.42747801656609535,0.5545047070810709,1.0
"Murray Hill, Manhattan",east_39th_street/west_to_east/023_n00524_E.jpg,n00524,east_39th_street,west_to_east,W,23,E,0.27818027745558765,0.24737834334865094,0.20318237454100366,0.6859710144927536,0.5098636780705204,0.8050317372280767,0.7009748427672955,0.7819155823137178,0.14067629678266577,0.24291366511508072,0.6259694247042166,0.652674306245317,0.42082556977498065,0.49559600055014474,0.8197343773585715,1.0,0.5,0.3,0.2,0.6049382892638102,0.4370668154455672,0.6049382892638102,0.4370668154455672,0.3272296017581854,0.49381347263912745,1.0
"Murray Hill, Manhattan",east_39th_street/west_to_east/024_n00525_E.jpg,n00525,east_39th_street,west_to_east,W,24,E,0.21963852304767828,0.2572506368802665,0.16934007707129095,0.7747296879827,0.3437272064186725,0.8452824975825389,0.6997044719527156,0.8244314489928525,0.12048940009021199,0.2154097456664119,0.5460979546111283,0.7518113101856266,0.4100969360214638,0.4554817125705157,0.9558372291906204,1.0,0.5,0.3,0.2,0.5796450352349339,0.3989336008938401,0.5796450352349339,0.3989336008938401,0.25907360599885587,0.45371368419549696,1.0
"Murray Hill, Manhattan",east_39th_street/west_to_east/025_n00526_E.jpg,n00526,east_39th_street,west_to_east,W,25,E,0.24856173151065333,0.25675170544808895,0.2161665646050214,0.8151714077315827,0.2773285414794849,0.8354158656926822,0.6981095679012346,0.8425782148608235,0.202361782071927,0.2404933338545879,0.6191448201931726,0.7934736937043071,0.4502356749865808,0.6043288639516134,2.3097438799476024,0.9546012337432115,0.3,0.2,0.5,0.6428073716171777,0.5270199642868411,0.6428073716171777,0.5270199642868411,0.32086792900273203,0.6026224885288599,0.8829194826538291
"Murray Hill, Manhattan",east_39th_street/west_to_east/026_n00527_E.jpg,n00527,east_39th_street,west_to_east,W,26,E,0.3617950995505873,0.445647853736089,0.3941741741741742,0.812458758438658,0.2979857819905214,0.8076093351637575,0.7682740145426713,0.8472864768683275,0.2365855135658915,0.4005390424869501,0.9173192316408195,0.787253151105488,0.5024297640542814,0.7696695873801725,3.663650530704584,0.7791532081449069,0.15,0.15,0.7,0.7928814626948814,0.7704284639662855,0.7928814626948814,0.7704284639662855,0.7632828115767297,0.768402999814797,0.7206459861211808
"Murray Hill, Manhattan",east_39th_street/west_to_east/027_n00528_E.jpg,n00528,east_39th_street,west_to_east,W,27,E,0.28779102047607846,0.304997304997305,0.25259113652609005,0.802860186854614,0.3178685897435898,0.8110033294916122,0.7478816321209751,0.8411733778684974,0.15609798471160527,0.28179315399982446,0.7274092867196361,0.7753883249931739,0.4519898084162902,0.6106028862293732,2.9922895105696763,0.861704024278483,0.3,0.2,0.5,0.6750204502625439,0.5784444720725592,0.6750204502625439,0.5784444720725592,0.43679291695447864,0.6089060579021366,0.7969979970938743
"Murray Hill, Manhattan",east_39th_street/west_to_east/028_n00529_E.jpg,n00529,east_39th_street,west_to_east,W,28,E,0.31106999267512375,0.2932242990654206,0.2795205304769191,0.7888995689152977,0.34901781635449974,0.8260346487006737,0.6946292446292447,0.7967141359965476,0.10457933972310973,0.29460494073915444,0.7568081758000714,0.7455319628524485,0.3996042921761772,0.4167971007896273,1.0304008329320795,1.0,0.5,0.3,0.2,0.6686790636963598,0.5292592321461732,0.6686790636963598,0.5292592321461732,0.4749094095618914,0.41506477156733246,1.0
"Murray Hill, Manhattan",east_39th_street/west_to_east/029_n00530_E.jpg,n00530,east_39th_street,west_to_east,W,29,E,0.39553008618090374,0.5613579362235758,0.5308165809568334,0.6900991373760782,0.4891936824605154,0.7821637426900585,0.7826604672261284,0.793931253013708,0.15908824906367044,0.49590153445377094,0.9720996317527746,0.6649455693097569,0.4708743581448994,0.6754885469091335,1.0152355346696087,1.0,0.5,0.3,0.2,0.8065193960646747,0.7800231578794482,0.8065193960646747,0.7800231578794482,0.9101209309922788,0.6739234706858004,1.0
"Murray Hill, Manhattan",east_39th_street/west_to_east/030_n00531_E.jpg,n00531,east_39th_street,west_to_east,W,30,E,0.4058914702912493,0.5451606174384648,0.5297365754812563,0.7288066616579013,0.40485483429197483,0.8078241284763025,0.7549556598852374,0.7991255144032922,0.20067792715155694,0.4935962210703234,0.9713394575253589,0.7076924472564061,0.4778167935183972,0.6978861194887641,0.7043922419558429,1.0,0.55,0.35,0.1,0.8411590450572496,0.8102766527787371,0.8411590450572496,0.8102766527787371,0.9078321917338108,0.6963805105996332,1.0
"Murray Hill, Manhattan",east_39th_street/west_to_east/031_n00532_E.jpg,n00532,east_39th_street,west_to_east,W,31,E,0.3614539831345284,0.4118086696562033,0.3921937321937321,0.5817523714428358,0.3890983000739099,0.7848594004183128,0.752502566735113,0.7805310402051746,0.20930989583333334,0.3884854616614879,0.9056657122007068,0.6577283705247001,0.48090623128422316,0.7075663223886687,0.656674912651029,1.0,0.55,0.35,0.1,0.7899968798158645,0.7047545378024003,0.7899968798158645,0.7047545378024003,0.7361628923787396,0.7060886386563355,1.0
"Murray Hill, Manhattan",east_39th_street/west_to_east/032_n00533_E.jpg,n00533,east_39th_street,west_to_east,W,32,E,0.4267654203492631,0.5450223713646533,0.5186003140950137,0.5262345679012346,0.394720624486442,0.7709572047272993,0.6776143790849672,0.7816856780735107,0.18958402112908548,0.49679603526964333,0.9723892882755939,0.6377332071627677,0.43359920010702635,0.5433876037554239,0.7886676327737654,1.0,0.55,0.35,0.1,0.7914923562129089,0.7633553956162423,0.7914923562129089,0.7633553956162423,0.9109951250087664,0.5416177577687122,1.0
"Murray Hill, Manhattan",east_39th_street/west_to_east/033_n00534_E.jpg,n00534,east_39th_street,west_to_east,W,33,E,0.4121024969482347,0.4770225843339051,0.47850759606791776,0.55097257206829,0.4045360976327011,0.7536407766990291,0.631607118961595,0.7549258357316804,0.1998972250770812,0.45587755911668587,0.9556606657889666,0.633787436722423,0.4157521720193381,0.4765877782716903,0.7824621750528821,1.0,0.55,0.35,0.1,0.7720787515954455,0.7293804662766378,0.7720787515954455,0.7293804662766378,0.8623354819954767,0.47480926166879234,1.0
"Murray Hill, Manhattan",east_39th_street/west_to_east/034_n00535_E.jpg,n00535,east_39th_street,west_to_east,W,34,E,0.22574711881819765,0.2088288734720846,0.13157508081104904,0.7285631935437382,0.35827250608272504,0.817608615611193,0.6245999085505258,0.80886837201423,0.11036843821323768,0.1887170243671104,0.4662026883529833,0.7263863531584144,0.3674841733818818,0.3062441581902981,1.470678912994523,1.0,0.4,0.25,0.35,0.449619939723988,0.321501513447472,0.449619939723988,0.321501513447472,0.2024419039750062,0.3047312293571875,1.0
"Murray Hill, Manhattan",east_39th_street/west_to_east/035_n00536_E.jpg,n00536,east_39th_street,west_to_east,W,35,E,0.21173829813802764,0.2146990740740741,0.18310220852593737,0.7315438333956852,0.5283505154639174,0.8370028409090908,0.627983293556086,0.799664808177353,0.12288039148742458,0.203179860246013,0.5095384233916271,0.6676193753697068,0.37543184252175527,0.3321399205387646,2.0064671683647863,0.9990303951161713,0.3,0.2,0.5,0.43422958227402086,0.34208007266875434,0.43422958227402086,0.34208007266875434,0.23191175468938113,0.3305600165730448,0.9240124236511266
"Murray Hill, Manhattan",east_39th_street/west_to_east/036_n00537_E.jpg,n00537,east_39th_street,west_to_east,W,36,E,0.28675915684030456,0.2864124449339207,0.24006961506961502,0.7026203534430225,0.5171787709497208,0.8012682225272929,0.480746395250212,0.7996092749167306,0.09260385005065856,0.27108040561461344,0.701188720988174,0.6616836191366774,0.28667512265043527,0.11610193801994173,1.6523032445832455,1.0,0.4,0.25,0.35,0.3682903831783229,0.2951750782797707,0.3682903831783229,0.2951750782797707,0.40546593471826925,0.11537214779479293,0.97442748691843
"Murray Hill, Manhattan",east_39th_street/west_to_east/037_n00538_E.jpg,n00538,east_39th_street,west_to_east,W,37,E,0.3365911011721811,0.3739156515319306,0.2867253750815395,0.31536278881232266,0.38001595987232095,0.674937509189825,0.6064900153609831,0.6792509633911369,0.05544844928751047,0.33241070926188376,0.8304652986840723,0.5381992641103794,0.3309692323242468,0.2033540966634289,1.298139320801705,1.0,0.4,0.25,0.35,0.45535792035995964,0.39567024853024907,0.45535792035995964,0.39567024853024907,0.5873988057300598,0.2022013225858941,1.0
"Murray Hill, Manhattan",east_39th_street/west_to_east/038_n00539_E.jpg,n00539,east_39th_street,west_to_east,W,38,E,0.31496134068658443,0.35445253430411655,0.31947175252326643,0.6016312056737588,0.5550108932461875,0.7357898511744666,0.3821814254859612,0.767775059311981,0.06074752763234437,0.3296285425046558,0.8257128014362559,0.6047984572465174,0.22146447655915277,0.04706429223124871,2.9911277823651665,0.8618541972429573,0.3,0.2,0.5,0.18523225177463162,0.16598147598494942,0.18523225177463162,0.16598147598494942,0.5792844028454396,0.046745506879687634,0.7971368934533335
"Murray Hill, Manhattan",east_39th_street/west_to_east/039_n00540_E.jpg,n00540,east_39th_street,west_to_east,W,39,E,0.2060254135815742,0.2119702320887992,0.18720991561181433,0.6532748747315676,0.7133507853403142,0.7638562705495539,0.7840242286579594,0.7581263416130022,0.06042715749262021,0.20173518709406257,0.5052053732108567,0.5660168103347518,0.4222256930752898,0.5008463482240103,1.9749844552284304,1.0,0.4,0.25,0.35,0.5181924676133606,0.3770276558782582,0.5181924676133606,0.3770276558782582,0.2288380640702662,0.4990636203773735,0.9283863058587357
"Murray Hill, Manhattan",east_39th_street/west_to_east/040_n00541_E.jpg,n00541,east_39th_street,west_to_east,W,40,E,0.3452608704481578,0.3384172174207761,0.3386205485059353,0.5183115230825154,0.6532838506522717,0.7677864874953341,0.6637779452398895,0.7835950278050375,0.13641235506187277,0.3407662121249564,0.8441182054032874,0.549540900078427,0.40009515015088115,0.4185879360890486,2.8327133172591914,0.8825789807410169,0.3,0.2,0.5,0.5455245981165381,0.49420133556831225,0.5455245981165381,0.49420133556831225,0.6114683411378892,0.41685348380320925,0.8163054367962616
"Murray Hill, Manhattan",east_39th_street/west_to_east/041_n00542_E.jpg,n00542,east_39th_street,west_to_east,W,41,E,0.3697518205290707,0.3959206482257614,0.37567463377023896,0.37750614409520117,0.38744791666666667,0.7027722443559097,0.6040867229470454,0.6651707803540265,0.16077359905710917,0.3804490341750236,0.8970980350735082,0.551743002594187,0.3824301610020773,0.3558212882146328,1.1553882386268777,1.0,0.5,0.3,0.2,0.64444727025352,0.5756132710540788,0.64444727025352,0.5756132710540788,0.7170108447542761,0.3541884781050218,1.0
"Murray Hill, Manhattan",east_39th_street/west_to_east/042_n00543_E.jpg,n00543,east_39th_street,west_to_east,W,42,E,0.17830244839118803,0.1275581395348837,0.081401653788803,0.2715836211149482,0.33616685247120026,0.6649727317798712,0.28626698963800296,0.4744926327495134,0.03788988138819738,0.12908741390495823,0.2992333946827107,0.46996980046442044,0.16207843551310017,0.01986319830473267,0.9427857920341074,1.0,0.5,0.3,0.2,0.19917547013749828,0.12081174270009633,0.19917547013749828,0.12081174270009633,0.11040046511794889,0.019724843215483782,1.0
"Murray Hill, Manhattan",east_39th_street/west_to_east/043_n00544_E.jpg,n00544,east_39th_street,west_to_east,W,43,E,0.28503630813967673,0.2813733988250024,0.24525919573089375,0.2985986881335718,0.4606470106470107,0.7204845814977974,0.604033744505884,0.6973850031505986,0.0996823909195043,0.2705563008985243,0.6998693113229897,0.5117788935457199,0.3518580677126941,0.25881648700642956,3.1106905130191875,0.8465351308650307,0.15,0.15,0.7,0.33281987633885024,0.30534985742685833,0.33281987633885024,0.30534985742685833,0.4039507315603173,0.25745091353825533,0.7829681477163287
"Murray Hill, Manhattan",east_39th_street/west_to_east/044_n00545_E.jpg,n00545,east_39th_street,west_to_east,W,44,E,0.15299331088574245,0.18881105042349403,0.13242658005142782,0.40186984687868077,0.6167394468704512,0.7853807471264368,0.5531272210376689,0.77823142800239,0.05798090040927691,0.15807698045355476,0.3768180150609628,0.5211206093368732,0.3055540607234729,0.14846528746326912,4.187126814448959,0.7203133004042936,0.15,0.15,0.7,0.2061094633158655,0.178654231553236,0.2061094633158655,0.178654231553236,0.14946767681001977,0.14756603086032657,0.6662244129392251
"Murray Hill, Manhattan",east_39th_street/west_to_east/045_n00546_E.jpg,n00546,east_39th_street,west_to_east,W,45,E,0.15650763676923063,0.15780179794520546,0.11443801746625841,0.5104032604032605,0.7598663144412424,0.7094273846610295,0.35766932270916335,0.757428297574283,0.04661968154528843,0.14291581739356482,0.335143998744354,0.502655081178767,0.2021445021272259,0.035645623262570876,5.26356311587873,0.6129116581483615,0.15,0.15,0.7,0.07419584367851718,0.06389609779601567,0.07419584367851718,0.06389609779601567,0.12778172067220595,0.03540130786106959,0.5668876437576679
"Murray Hill, Manhattan",east_39th_street/west_to_east/046_n00547_E.jpg,n00547,east_39th_street,west_to_east,W,46,E,0.20155335890767873,0.17554179566563466,0.1678260869565217,0.43168024277272,0.8625748745345637,0.7650736153306847,0.5637934220251294,0.6720720720720722,0.07522505267190194,0.18164041384327836,0.44514295310860286,0.4137258134367428,0.31950923734851566,0.17691917121310896,4.813638912438099,0.6557039832891775,0.15,0.15,0.7,0.230793857229152,0.20214340212706475,0.230793857229152,0.20214340212706475,0.18907664904387536,0.17588316670475426,0.606466659831983
"Murray Hill, Manhattan",east_39th_street/west_to_east/047_n00548_E.jpg,n00548,east_39th_street,west_to_east,W,47,E,0.19328076338308928,0.19714486988231394,0.19836816305469554,0.31226574779349536,0.8019262192056309,0.7284682826199073,0.6985357450473729,0.5216653083401249,0.041277844671884445,0.19626459877336627,0.488795672294983,0.3440016123093298,0.3699067948596287,0.3140186466854564,4.813638912438099,0.6557039832891775,0.15,0.15,0.7,0.3401903427921381,0.3002416826359314,0.3401903427921381,0.3002416826359314,0.21745987719979903,0.31248460971571806,0.606466659831983
"Murray Hill, Manhattan",east_40th_street/east_to_west/001_n00594_W.jpg,n00594,east_40th_street,east_to_west,W,1,W,0.1775207871998653,0.17451794578083243,0.11206049891966215,0.6195087387812942,0.24493047508690613,0.7281180753402975,0.62890625,0.7670367951230133,0.06157836451594104,0.15469974396678662,0.36734981458125315,0.713871686272467,0.3452423072579705,0.24023977716093878,5.952673908980066,0.5527214638557582,0.15,0.15,0.7,0.30147856455460736,0.2610813750106606,0.30147856455460736,0.2610813750106606,0.14438846806778755,0.23894062080348374,0.5112171780939346
"Murray Hill, Manhattan",east_40th_street/east_to_west/002_n00593_W.jpg,n00593,east_40th_street,east_to_west,W,2,W,0.20069039237050773,0.1981955477101108,0.15896483407627537,0.2747212441314553,0.2787239450940519,0.6863853649567936,0.7506215469613259,0.7515126512651266,0.05262150784538844,0.18595025805229798,0.45795033185760364,0.58250331676751,0.40162152740335716,0.42417026159729604,4.701908286563987,0.6667859207472575,0.15,0.15,0.7,0.44998254642607144,0.3954003136742365,0.44998254642607144,0.3954003136742365,0.19713419011977562,0.42242948437296185,0.6167164459640657
"Murray Hill, Manhattan",east_40th_street/east_to_west/003_n00592_W.jpg,n00592,east_40th_street,east_to_west,W,3,W,0.254318445619429,0.2309116809116809,0.20118877793628154,0.34368695858549897,0.2478500928369002,0.7193559801840057,0.6231288425554665,0.7097720230190351,0.11264410105469709,0.22880630148913048,0.585568536213086,0.6018696295892112,0.3678864718050818,0.30752773191066424,3.4552393176159804,0.8038955769590503,0.15,0.15,0.7,0.37461142979519113,0.3361620428916589,0.37461142979519113,0.3361620428916589,0.29110355340561545,0.30601125893983494,0.7435304311656864
"Murray Hill, Manhattan",east_40th_street/east_to_west/004_n00591_W.jpg,n00591,east_40th_street,east_to_west,W,4,W,0.3044812120974014,0.3111863711001643,0.2652197406340058,0.4318018018018018,0.21218343600273784,0.6417238421955404,0.6770190095653227,0.6652609086819612,0.10437529804482597,0.29362910794385716,0.7546464806351059,0.628293091493675,0.3906971538050743,0.3847244877703839,2.208570348667973,0.9691987766179637,0.3,0.2,0.5,0.5194340764081331,0.45022874985175465,0.5194340764081331,0.45022874985175465,0.47199017411921973,0.383037910384287,0.8964208846501944
"Murray Hill, Manhattan",east_40th_street/east_to_west/005_n00590_W.jpg,n00590,east_40th_street,east_to_west,W,5,W,0.3069428394582243,0.2618556228215006,0.22754065040650406,0.6215072805981897,0.23668200408997953,0.7120223978919631,0.684667778704476,0.7449740596627756,0.07061884408102585,0.2654463708954096,0.686833401909283,0.7099331120569952,0.3776433113927509,0.33953876043496795,1.504776919820093,1.0,0.4,0.25,0.35,0.5411980171398545,0.4305292574560932,0.5411980171398545,0.4305292574560932,0.38927765588723495,0.33794147067366775,0.9962308963307206
"Murray Hill, Manhattan",east_40th_street/east_to_west/006_n00589_W.jpg,n00589,east_40th_street,east_to_west,W,6,W,0.31637343170202104,0.2987749751378718,0.22905982905982905,0.6167296125332213,0.2562274196615327,0.6975767589150488,0.7584598987476685,0.6825024437927664,0.05103726573502332,0.2814027452999073,0.7264793513307499,0.6810015455548183,0.4047485822413459,0.43566578208993506,2.236972684973379,0.9650784334630369,0.3,0.2,0.5,0.5553583774890735,0.4754115065082803,0.5553583774890735,0.4754115065082803,0.4356407509676347,0.4339133778034451,0.8926099412760286
"Murray Hill, Manhattan",east_40th_street/east_to_west/007_n00588_W.jpg,n00588,east_40th_street,east_to_west,W,7,W,0.35766134195516075,0.35502067129143017,0.382719836400818,0.6327771984706291,0.24437400950871627,0.7780829596412556,0.71780375622844,0.7731200780542199,0.17931034482758626,0.3651339498824696,0.8788524074536651,0.7205077556720443,0.4485570505280131,0.5982925492599781,2.666283616587652,0.9048894092362589,0.3,0.2,0.5,0.6968821061031282,0.6438501972557316,0.6968821061031282,0.6438501972557316,0.6782849748582362,0.5965775195264095,0.8369405578169654
"Murray Hill, Manhattan",east_40th_street/east_to_west/008_n00587_W.jpg,n00587,east_40th_street,east_to_west,W,8,W,0.4369463016448511,0.5627958785853523,0.5598551432291666,0.5496580434136188,0.2959915611814346,0.7616361909285204,0.7663531506425144,0.7264566395663956,0.22556179775280896,0.5198657744864567,0.9789254490651331,0.6600410405995266,0.4959574741976617,0.7520101704531682,2.0497130046422805,0.9925707833804701,0.3,0.2,0.5,0.7929593618449946,0.780424121870623,0.7929593618449946,0.780424121870623,0.931034071030653,0.7506779306618137,0.9180378691981999
"Murray Hill, Manhattan",east_40th_street/east_to_west/009_n00586_W.jpg,n00586,east_40th_street,east_to_west,W,9,W,0.41028414371949407,0.4741990706774272,0.4669923031379514,0.6268518518518519,0.39658346972176756,0.7954178087005412,0.6725711218464842,0.7977223792221774,0.24393358876117502,0.45049183917829083,0.9528400515469111,0.6759969204507539,0.4582523553038296,0.6326925416742927,2.685216630689867,0.902323212307323,0.3,0.2,0.5,0.7249220370209879,0.7006903552678844,0.7249220370209879,0.7006903552678844,0.8544820500352797,0.6310338057305663,0.8345670586166769
"Murray Hill, Manhattan",east_40th_street/east_to_west/010_n00585_W.jpg,n00585,east_40th_street,east_to_west,W,10,W,0.42706932046265844,0.5031718569780854,0.48607824578009146,0.43500281373100735,0.4245404018811458,0.7822649119082997,0.5976497504159733,0.7327515819555012,0.17844047209808642,0.4721064744069451,0.9632182312049908,0.5810713312684542,0.3880451112570299,0.3753521658989457,2.053201947451069,0.9920514658779696,0.3,0.2,0.5,0.5434789918295704,0.5284609616917615,0.5434789918295704,0.5284609616917615,0.8838671190117984,0.373681721685262,0.9175575476519527
"Murray Hill, Manhattan",east_40th_street/east_to_west/011_n00584_W.jpg,n00584,east_40th_street,east_to_west,W,11,W,0.3332045475325702,0.3510003572704537,0.35819476143897405,0.6976670870113493,0.531957928802589,0.8525539235146221,0.6910828025477707,0.809043421482207,0.12724169848432257,0.3474665554139993,0.8544077540346646,0.6582508598969891,0.4091622505160466,0.452006654326072,2.471344248783538,0.9317398470599729,0.3,0.2,0.5,0.5898617779892944,0.5373827197676018,0.5898617779892944,0.5373827197676018,0.6303905509283029,0.45024096142571596,0.8617747753251311
"Murray Hill, Manhattan",east_40th_street/east_to_west/012_n00583_W.jpg,n00583,east_40th_street,east_to_west,W,12,W,0.3534827943657391,0.4214555369127517,0.5003810975609756,0.7364194615021256,0.3258832565284178,0.8096057783178074,0.752324886955038,0.8095838404915087,0.18493070237256282,0.4251064762798221,0.9371019969164524,0.7400400151550721,0.4686277946638004,0.6680584831411587,2.889486550116007,0.8750948639857459,0.3,0.2,0.5,0.7547347408073,0.7222230861335515,0.7547347408073,0.7222230861335515,0.8123833721512639,0.666475265961966,0.8093833082046467
"Murray Hill, Manhattan",east_40th_street/east_to_west/013_n00582_W.jpg,n00582,east_40th_street,east_to_west,W,13,W,0.38866566867335006,0.4789315274642589,0.4622573035746688,0.5262260127931769,0.35313416705264783,0.7550873832894421,0.791965620328849,0.776428932726353,0.23789589823468335,0.44328483323742585,0.9487980326613507,0.6498402594889607,0.5149307592817661,0.8012239033911269,2.904525261163531,0.8731230440244062,0.3,0.2,0.5,0.8083331767156733,0.7797205269385437,0.8083331767156733,0.7797205269385437,0.8433954328000718,0.800085763661613,0.8075595537419316
"Murray Hill, Manhattan",east_40th_street/east_to_west/014_n00581_W.jpg,n00581,east_40th_street,east_to_west,W,14,W,0.340531636040078,0.3707379134860051,0.3200364298724954,0.5015723270440251,0.3088959212376934,0.741108691707494,0.6465670215670216,0.739567901234568,0.1389873043991733,0.34376865979952614,0.8488004869209824,0.6440814356802999,0.39277716298309745,0.3921359759452234,2.5007208215263765,0.9276431811299264,0.3,0.2,0.5,0.5459441117207812,0.49576965095630887,0.5459441117207812,0.49576965095630887,0.6199928546072832,0.3904375255194252,0.8579857312345647
"Murray Hill, Manhattan",east_40th_street/east_to_west/015_n00580_W.jpg,n00580,east_40th_street,east_to_west,W,15,W,0.3089561968921323,0.4323828768148481,0.5499139414802064,0.5302895102121753,0.3029273611810099,0.7816615408879426,0.6619334480780262,0.7581452129362792,0.08049279957722288,0.4304176717290622,0.9407555966211575,0.6618357873224815,0.37121312382762456,0.3182549125210776,1.6673758412195123,1.0,0.4,0.25,0.35,0.5895892774355149,0.5576319562892033,0.5895892774355149,0.5576319562892033,0.8219047569078303,0.31670973524296964,0.9722269026255232
"Murray Hill, Manhattan",east_40th_street/east_to_west/016_n00579_W.jpg,n00579,east_40th_street,east_to_west,W,16,W,0.15790332135442983,0.2505694760820045,0.22359431003584232,0.6728719521097971,0.2878355225585379,0.7587528750319449,0.7942060783357712,0.7653415453527436,0.04952640873334402,0.2106890358240922,0.5320232135728609,0.7167926583013342,0.4218662435345576,0.4994984134228494,1.0129479571379896,1.0,0.5,0.3,0.2,0.5745001920607142,0.3922342025031461,0.5745001920607142,0.3922342025031461,0.24834890941592905,0.49771569939785565,1.0
"Murray Hill, Manhattan",east_40th_street/east_to_west/017_n00578_W.jpg,n00578,east_40th_street,east_to_west,W,17,W,0.14403492843412902,0.1870943779810775,0.12282643060385712,0.5623563218390805,0.20327480068624482,0.7788976881849452,0.766929970436068,0.7461435278336687,0.057451746193468045,0.15131857900635454,0.3579720214822286,0.7017416829955014,0.41219085831476804,0.4632819382546768,5.908520938463443,0.5563942569597178,0.15,0.15,0.7,0.4743465125902445,0.4106905461771641,0.4743465125902445,0.4106905461771641,0.13944790391599737,0.4615092941737377,0.5146141782994832
"Murray Hill, Manhattan",east_40th_street/east_to_west/018_n00577_W.jpg,n00577,east_40th_street,east_to_west,W,18,W,0.1724007350751688,0.15527818912629576,0.10784152104626883,0.7031911985786524,0.2752968723866867,0.79020928380042,0.692019316304486,0.7965560007632132,0.06216327008667133,0.14517348174924444,0.3412074096984657,0.7414834423183929,0.37709129319557866,0.33768436554632314,7.144782073316612,0.4622186132355018,0.15,0.15,0.7,0.38056220458524853,0.32850527971971005,0.38056220458524853,0.32850527971971005,0.13083178793945002,0.33609136018249686,0.42751025710557516
"Murray Hill, Manhattan",east_40th_street/east_to_west/019_n00576_W.jpg,n00576,east_40th_street,east_to_west,W,19,W,0.29058981632281405,0.26899744572158374,0.23874521072796936,0.6982600732600733,0.18483546062342623,0.78046078865751,0.6452885747938751,0.796890279679249,0.04473616473616474,0.2661108242574557,0.6885458751927027,0.7701049641052986,0.3450123697650199,0.23961080247552302,6.528686677295874,0.5069702266891077,0.15,0.15,0.7,0.33444668537857636,0.3060855342703502,0.33444668537857636,0.3060855342703502,0.3911749310147982,0.23831398055778172,0.4689014370053181
"Murray Hill, Manhattan",east_40th_street/east_to_west/020_n00575_W.jpg,n00575,east_40th_street,east_to_west,W,20,W,0.26648594249794383,0.22954209105945855,0.18662312530237055,0.7522101449275364,0.21505591054313097,0.794858231062209,0.6558565433040823,0.8331644559076393,0.08840996168582382,0.22755038628659097,0.5819064866813517,0.7901062300973483,0.37213325249495305,0.32125698248799184,7.702402182487609,0.4251299775123696,0.15,0.15,0.7,0.4019551577567633,0.36048413084796255,0.4019551577567633,0.36048413084796255,0.288003290351638,0.3197040648746094,0.3932066359625367
"Murray Hill, Manhattan",east_40th_street/east_to_west/021_n00574_W.jpg,n00574,east_40th_street,east_to_west,W,21,W,0.2049153286081736,0.21196613596158706,0.1838890636468491,0.8102596564392811,0.37409024745269287,0.8304432553838024,0.68576155226559,0.8414930840303975,0.20826468973091705,0.2002568427388699,0.500770527606646,0.7592208310056618,0.4470131209982535,0.5927141127612053,7.700877434733313,0.4252272210291076,0.15,0.15,0.7,0.5997810209414325,0.5311269482120667,0.5997810209414325,0.5311269482120667,0.225722510480481,0.5909915481744501,0.39329657738776735
"Murray Hill, Manhattan",east_40th_street/east_to_west/022_n00573_W.jpg,n00573,east_40th_street,east_to_west,W,22,W,0.18234361481581168,0.22935297211993685,0.19755206629593283,0.7779238440616499,0.3642044604101182,0.8577900437408873,0.7658091568449682,0.836923946847611,0.17184121099783747,0.20308288441056047,0.5092475985660538,0.7502144434997142,0.4688251839214028,0.668714740920047,8.03655852523592,0.4043462236534504,0.15,0.15,0.7,0.6531091817586119,0.5793843114296708,0.6531091817586119,0.5793843114296708,0.23170452921680132,0.667133094219364,0.3739835503891341
"Murray Hill, Manhattan",east_40th_street/east_to_west/023_n00572_W.jpg,n00572,east_40th_street,east_to_west,W,23,W,0.3179322110238024,0.3244025157232704,0.35152250067367286,0.8074292518137011,0.36545481092130244,0.7864848887903643,0.745286374955532,0.8425766200908517,0.14640463132236445,0.3312857424735819,0.8285561655941083,0.7615170203277499,0.4458455031389482,0.5884793285260438,8.372239615738527,0.38449059819623943,0.15,0.15,0.7,0.6438905979483764,0.6097411070535459,0.6438905979483764,0.6097411070535459,0.5841232077966244,0.5867513408964696,0.35561889933195273
"Murray Hill, Manhattan",east_40th_street/east_to_west/024_n00571_W.jpg,n00571,east_40th_street,east_to_west,W,24,W,0.3288231123429504,0.39044592121737454,0.39956103678929766,0.6352051388313303,0.3697354000313136,0.7832970225127088,0.7457047791893526,0.7982936438959384,0.15496062992125983,0.3729433567832075,0.8884811980022438,0.6879211275653183,0.4503327045553062,0.6046768301436983,4.211091767293501,0.7177286076989017,0.15,0.15,0.7,0.6531220750445826,0.6287129684706525,0.6531220750445826,0.6287129684706525,0.6983839686373058,0.6029709694786825,0.6638338068247587
"Murray Hill, Manhattan",east_40th_street/east_to_west/025_n00570_W.jpg,n00570,east_40th_street,east_to_west,W,25,W,0.27894354263579574,0.29655317360235395,0.2583965711073637,0.7141527001862199,0.2562260536398467,0.8066083075866803,0.708225984541774,0.822296372347707,0.14370776559211249,0.2779644291151711,0.7182045875343936,0.7600743396313601,0.42596687506694325,0.514871393927895,2.005432431654845,0.9991854671638916,0.3,0.2,0.5,0.6150282268252151,0.5247416535186697,0.6150282268252151,0.5247416535186697,0.42552500202206467,0.5130900598843537,0.9241558512178504
"Murray Hill, Manhattan",east_40th_street/east_to_west/026_n00569_W.jpg,n00569,east_40th_street,east_to_west,W,26,W,0.35633749596663017,0.4012431521281079,0.39361478680949374,0.5351493848857646,0.28211275791920953,0.6809107701051434,0.7457047791893526,0.7649757435140265,0.104266030736619,0.3837318116347439,0.9006780915987749,0.6726707901601938,0.4249854049629858,0.5111933981219791,2.038448512172559,0.9942493219897908,0.3,0.2,0.5,0.6400648997914266,0.5986660319780029,0.6400648997914266,0.5986660319780029,0.7249352306448775,0.5094114271361404,0.9195903650343351
"Murray Hill, Manhattan",east_40th_street/east_to_west/027_n00568_W.jpg,n00568,east_40th_street,east_to_west,W,27,W,0.38292552913825034,0.3146564656465647,0.24987933198185153,0.4565403005464481,0.20785417176413015,0.6578707597420802,0.5101898380792854,0.5432435321787471,0.07024206496233172,0.3158204422555555,0.8005675461574067,0.5973098869870217,0.2902159515208086,0.12166457003464749,1.6521900461220267,1.0,0.4,0.25,0.35,0.3847836075243817,0.3276165800563804,0.3847836075243817,0.3276165800563804,0.5384587069600082,0.12090459714749588,0.9744440326127138
"Murray Hill, Manhattan",east_40th_street/east_to_west/028_n00567_W.jpg,n00567,east_40th_street,east_to_west,W,28,W,0.3309030294708932,0.28925762682568495,0.24968004653868517,0.6045759098522918,0.2753083453467884,0.5583301563095692,0.6552375464207966,0.6333689458689459,0.06485280999107938,0.2899469009450878,0.7463733823616111,0.6542121701248165,0.36004517820593795,0.28306221990775526,2.0485210671125245,0.9927482616008664,0.3,0.2,0.5,0.4476839459978945,0.38643983121881115,0.4476839459978945,0.38643983121881115,0.46099361871684763,0.28161732679395335,0.9182020204406197
"Murray Hill, Manhattan",east_40th_street/east_to_west/029_n00566_W.jpg,n00566,east_40th_street,east_to_west,W,29,W,0.2364277735882987,0.21745713386817686,0.1979306337713417,0.578684284116331,0.31499516507804953,0.7801182557280119,0.6562665817680143,0.7538692413394084,0.13057929724596393,0.21727184707593908,0.551630845300637,0.6725194534592299,0.39342293950698914,0.39444733410299365,2.047262350344364,0.9929357176293788,0.3,0.2,0.5,0.4853220748238273,0.3879486552676948,0.4853220748238273,0.3879486552676948,0.26338590639487613,0.3927453408079486,0.9183754002497633
"Murray Hill, Manhattan",east_40th_street/east_to_west/030_n00565_W.jpg,n00565,east_40th_street,east_to_west,W,30,W,0.2516071437283853,0.22398209156952187,0.20237485050401505,0.7659311300217692,0.58739748096075,0.8074114102312177,0.6728980322003578,0.805943768497205,0.15231929425156518,0.2259880286006407,0.5773383086603331,0.661492472519408,0.4126086632259615,0.46484061087436956,2.3368062721033187,0.9507340193181826,0.3,0.2,0.5,0.5323363537920615,0.4295387372860358,0.5323363537920615,0.4295387372860358,0.2841741457721633,0.4630671483983524,0.8793426603758302
"Murray Hill, Manhattan",east_40th_street/east_to_west/031_n00564_W.jpg,n00564,east_40th_street,east_to_west,W,31,W,0.3592317502737469,0.22087484705471075,0.17797835618994307,0.6428475577026301,0.2551518438177875,0.6820371157387731,0.681258222700634,0.7577382228894131,0.06489596375126694,0.25269498450613354,0.6530198184585894,0.7151446455914185,0.37307709322595045,0.3243518428574572,2.6263501938622738,0.9103259752272225,0.3,0.2,0.5,0.46866753619448726,0.38894089910445706,0.46866753619448726,0.38894089910445706,0.35357393690350053,0.32279107970325216,0.8419688878279511
"Murray Hill, Manhattan",east_40th_street/east_to_west/032_n00563_W.jpg,n00563,east_40th_street,east_to_west,W,32,W,0.3403511878684602,0.2874626865671641,0.2181170108161258,0.7587782095861457,0.36690865093768893,0.7596858434674151,0.7546296296296297,0.7936344047405278,0.09512660423170312,0.28197696175058334,0.7278464231512236,0.7285013211296615,0.4248781169306664,0.5107912624788378,1.863776157569068,1.0,0.4,0.25,0.35,0.6431447038148744,0.5239471725610673,0.6431447038148744,0.5239471725610673,0.4373356036035196,0.5090092335556203,0.944002834397322
"Murray Hill, Manhattan",east_40th_street/east_to_west/033_n00562_W.jpg,n00562,east_40th_street,east_to_west,W,33,W,0.3877945076145703,0.4920024143654746,0.3902179691653376,0.7507150007150006,0.3570775116433799,0.7907616262879421,0.7376644736842105,0.8076824474448813,0.29753165230343653,0.42333829704846077,0.9358397001688601,0.7337733121721672,0.5175980629938235,0.8075192810572995,2.074327591527158,0.9889127825813857,0.3,0.2,0.5,0.8280361020261299,0.7921274814374375,0.8280361020261299,0.7921274814374375,0.8091279174795908,0.8064084776589372,0.9146545505318175
"Murray Hill, Manhattan",east_40th_street/east_to_west/034_n00561_W.jpg,n00561,east_40th_street,east_to_west,W,34,W,0.35131202961247765,0.5368388397704359,0.5361958443854995,0.6068500764207309,0.420796167822927,0.7648844268036422,0.5459604682402609,0.753080819535798,0.09760573226144702,0.4747822379228043,0.9643390556142013,0.6463782427112006,0.32178310025085394,0.18194077766632732,2.415735877080271,0.9395442313544647,0.3,0.2,0.5,0.3866618246515281,0.37600178705790505,0.3866618246515281,0.37600178705790505,0.8871225916799891,0.1808818298222055,0.8689931223166856
"Murray Hill, Manhattan",east_40th_street/east_to_west/035_n00560_W.jpg,n00560,east_40th_street,east_to_west,W,35,W,0.33802080654762323,0.509059786239145,0.5304911699779251,0.5254147812971341,0.3259734093067426,0.7785240080284082,0.7297660145761412,0.7577702702702703,0.1359947487767037,0.45919058758823106,0.957315087063512,0.6524038807535539,0.43288038167642245,0.5407111059239335,2.2934568874130066,0.9569362223025654,0.3,0.2,0.5,0.6663500322495012,0.6457690610571812,0.6663500322495012,0.6457690610571812,0.8669874515683436,0.5389396881680122,0.8850791351013158
"Murray Hill, Manhattan",east_40th_street/east_to_west/036_n00559_W.jpg,n00559,east_40th_street,east_to_west,W,36,W,0.35904847292046516,0.3927546216557585,0.37847062432888473,0.6592980207888367,0.443429731100964,0.7758397932816538,0.6091342876618949,0.8065875789344613,0.16813937979326443,0.37675790630170275,0.892936645530707,0.6741519562074446,0.3886368337275797,0.3774355117910162,2.57149653571732,0.9178470812855872,0.3,0.2,0.5,0.5488063570970905,0.5107473655802103,0.5488063570970905,0.5107473655802103,0.70793767832452,0.37576137337681914,0.8489252281670442
"Murray Hill, Manhattan",east_40th_street/east_to_west/037_n00558_W.jpg,n00558,east_40th_street,east_to_west,W,37,W,0.236735207445826,0.3384167092053769,0.3251924775968698,0.7862463060129063,0.4247401633259095,0.8699239071356472,0.7711971158022761,0.8278933638735128,0.11242312423124234,0.30011479808269087,0.7687697561300694,0.7297998355201698,0.44181012001675923,0.5737461035220145,2.57149653571732,0.9178470812855872,0.3,0.2,0.5,0.6572634977623831,0.5738187714415692,0.6572634977623831,0.5738187714415692,0.49141873177781753,0.5720012450002294,0.8489252281670442
"Murray Hill, Manhattan",east_40th_street/east_to_west/038_n00557_W.jpg,n00557,east_40th_street,east_to_west,W,38,W,0.2744061394188263,0.3854494578523959,0.36131816398587685,0.7941789425602375,0.44845857418111756,0.838495575221239,0.7246598639455781,0.8314901697944593,0.18690007072850356,0.34039125375236634,0.8435252320235782,0.7257368460578597,0.45577996733704085,0.6240324444413022,7.896623914534373,0.41292322995735276,0.15,0.15,0.7,0.6678464266572993,0.6350195509145026,0.6678464266572993,0.6350195509145026,0.6103988385666064,0.6223579431439985,0.38191650260088156
"Murray Hill, Manhattan",east_40th_street/east_to_west/039_n00556_W.jpg,n00556,east_40th_street,east_to_west,W,39,W,0.1449168498520202,0.1471390490360176,0.1139294733044733,0.7916260003903962,0.23299834801762112,0.776635795497327,0.6816254627970859,0.830895129196794,0.07188807694709887,0.13532845739750368,0.3151699881850702,0.796507593856523,0.3767567698720924,0.3365630208485243,7.896623914534373,0.41292322995735276,0.15,0.15,0.7,0.37923350012033846,0.3261764057931919,0.37923350012033846,0.3261764057931919,0.11797324465223506,0.33497262995357036,0.38191650260088156
"Murray Hill, Manhattan",east_40th_street/east_to_west/040_n00555_W.jpg,n00555,east_40th_street,east_to_west,W,40,W,0.17721922840080478,0.16818572089029785,0.15537650452601218,0.6697635135135135,0.17622438780609695,0.7928725140991392,0.6283238366571701,0.8060572551910554,0.05284921419936254,0.1669271512723716,0.40206358172594475,0.7665321269661572,0.3405865254282663,0.2277249692241061,7.586234989221214,0.43260281929799327,0.15,0.15,0.7,0.2975166130091509,0.25894651039621625,0.2975166130091509,0.25894651039621625,0.16347720547285857,0.22647331630702242,0.4001183362307679
"Murray Hill, Manhattan",east_40th_street/east_to_west/041_n00554_W.jpg,n00554,east_40th_street,east_to_west,W,41,W,0.23952724974004722,0.16399795276741977,0.17541152263374485,0.37837159703926737,0.20519626769626767,0.7882625893808002,0.4173406862745099,0.7860009880202544,0.08001249424607086,0.19297890838040394,0.47894917625625705,0.653058772454418,0.24867659026029038,0.06914800094189494,6.478485006369675,0.5108022495008817,0.15,0.15,0.7,0.1294589246446686,0.1139353494464003,0.1294589246446686,0.1139353494464003,0.21082509490947143,0.06869041606202077,0.4724457102357457
"Murray Hill, Manhattan",east_40th_street/east_to_west/042_n00553_W.jpg,n00553,east_40th_street,east_to_west,W,42,W,0.19375078324792253,0.15441034549314803,0.12089638633920448,0.625420137366652,0.181039652199985,0.7992400797744309,0.3712681963977302,0.7528998438545617,0.07508912655971482,0.15635250502675832,0.3719711190987907,0.7324267763404095,0.2231786614787225,0.048231014350792106,7.742504615672682,0.42258034171770603,0.15,0.15,0.7,0.09854157336139967,0.08531260755849031,0.09854157336139967,0.08531260755849031,0.14685598421644247,0.04790472359472735,0.3908484543080328
"Murray Hill, Manhattan",east_40th_street/east_to_west/043_n00552_W.jpg,n00552,east_40th_street,east_to_west,W,43,W,0.15419031794941468,0.18132539318979993,0.18379994167395744,0.7953011422637591,0.25924075924075923,0.8093163301452355,0.5519688644688645,0.8282291479012791,0.09763572679509631,0.17310521760439068,0.42000877048169455,0.7880965103080929,0.32480229563198043,0.18877868389228772,6.574105724145185,0.5035280498608736,0.15,0.15,0.7,0.2637197967487382,0.23010599811584304,0.2637197967487382,0.23010599811584304,0.1738701211138833,0.18768906853489445,0.4657177359195044
"Murray Hill, Manhattan",east_40th_street/east_to_west/044_n00551_W.jpg,n00551,east_40th_street,east_to_west,W,44,W,0.1530667506058937,0.17964349376114086,0.1663795803319762,0.7528512454520011,0.24121628346770177,0.8030557891785813,0.7243823779968358,0.8326832641770401,0.16322412155745492,0.16636327489967023,0.40043793743314593,0.7814394087204464,0.44380324977714536,0.58104111865246,5.462836771740774,0.5948621887789298,0.15,0.15,0.7,0.5744594602821284,0.500747307390537,0.5744594602821284,0.500747307390537,0.1625539738476465,0.5793042259889188,0.5501935231191002
"Murray Hill, Manhattan",east_40th_street/east_to_west/045_n00550_W.jpg,n00550,east_40th_street,east_to_west,W,45,W,0.1763447315968206,0.2091388400702988,0.24632788438758593,0.8112817483756646,0.3601720047449584,0.8757432076465719,0.6751745200698079,0.8615813447549119,0.2552345870492439,0.21060381868490174,0.5317686025077087,0.7708970294618727,0.46520455355952595,0.6565750273271145,4.426515782881647,0.694906922092931,0.15,0.15,0.7,0.6516387648804375,0.5802451674544811,0.6516387648804375,0.5802451674544811,0.24815806697576484,0.6549653268799335,0.6427258193884757
"Murray Hill, Manhattan",east_40th_street/east_to_west/046_n00549_W.jpg,n00549,east_40th_street,east_to_west,W,46,W,0.15690577050394872,0.17076768112813875,0.2023598384077249,0.7752317839586834,0.24630748573346764,0.8761454108457264,0.7058861662128874,0.8329178975873953,0.1399737446668855,0.17667776334660412,0.4304864223501506,0.787280731937537,0.42292995543988643,0.503487276352452,4.264614180960137,0.7119894912609647,0.15,0.15,0.7,0.5259025929415729,0.4603258370577791,0.5259025929415729,0.4603258370577791,0.1801143635640898,0.5017045965459173,0.6585256451158074
"Murray Hill, Manhattan",east_40th_street/west_to_east/001_n00549_E.jpg,n00549,east_40th_street,west_to_east,W,1,E,0.1491982005454048,0.16253968253968254,0.12194483240223464,0.8284007174713981,0.29307198131114026,0.8306479921370401,0.7588802634674194,0.8383948545861298,0.1487166440524649,0.14456090516244066,0.3395569679447844,0.7912411969154625,0.45379845375994216,0.6170337379535212,4.264614180960137,0.7119894912609647,0.15,0.15,0.7,0.5855978429666799,0.5060822513180695,0.5855978429666799,0.5060822513180695,0.12999814545231603,0.6153472793571498,0.6585256451158074
"Murray Hill, Manhattan",east_40th_street/west_to_east/002_n00550_E.jpg,n00550,east_40th_street,west_to_east,W,2,E,0.16134090747596325,0.17159313192784179,0.15779896812235125,0.8056756756756757,0.2705133830627468,0.8118969097349457,0.7225992961287079,0.8375312611647017,0.10390161153519932,0.1635776691753854,0.3924398346671167,0.7908978512592101,0.4132504538319536,0.4672362174410942,4.426515782881647,0.694906922092931,0.15,0.15,0.7,0.49256048876900016,0.4286056015039697,0.49256048876900016,0.4286056015039697,0.1580546842393907,0.46546156462924065,0.6427258193884757
"Murray Hill, Manhattan",east_40th_street/west_to_east/003_n00551_E.jpg,n00551,east_40th_street,west_to_east,W,3,E,0.16274548526262947,0.20197514425210836,0.1756076667737445,0.7868332168646633,0.23652680652680655,0.8186422486080365,0.5162641695416461,0.8326830483147933,0.09639514553121468,0.18010943209616076,0.44060998990252415,0.7943298195508833,0.3063296575364304,0.14994211380117084,5.462836771740774,0.5948621887789298,0.15,0.15,0.7,0.22633661747680178,0.19807349970279928,0.22633661747680178,0.19807349970279928,0.18627584263737904,0.14903547761831723,0.5501935231191002
"Murray Hill, Manhattan",east_40th_street/west_to_east/004_n00552_E.jpg,n00552,east_40th_street,west_to_east,W,4,E,0.1389423756059959,0.11793540945790082,0.06509703717223336,0.6245030581039756,0.2327934201231204,0.838417227248125,0.4371379673512376,0.7954642022519652,0.10884740259740262,0.10732494074537668,0.24747945854927753,0.7290579467442734,0.2729926849743201,0.09664163126914467,6.574105724145185,0.5035280498608736,0.15,0.15,0.7,0.15068157715345692,0.12828557226718246,0.15068157715345692,0.12828557226718246,0.08724026304199103,0.09602087571015351,0.4657177359195044
"Murray Hill, Manhattan",east_40th_street/west_to_east/005_n00553_E.jpg,n00553,east_40th_street,west_to_east,W,5,E,0.26133318208149164,0.19680577022153534,0.18160994764397906,0.5837151187005415,0.2424590634875036,0.8216897233201581,0.3887958933154782,0.7879426129426129,0.06447298020331726,0.21324963331566865,0.5396653747289872,0.7097328893852168,0.22663443675939773,0.050667066042448784,7.742504615672682,0.42258034171770603,0.15,0.15,0.7,0.10734725719907555,0.09542716870772601,0.10734725719907555,0.09542716870772601,0.2541290435996753,0.05032516639744027,0.3908484543080328
"Murray Hill, Manhattan",east_40th_street/west_to_east/006_n00554_E.jpg,n00554,east_40th_street,west_to_east,W,6,E,0.2676918403327126,0.29612392331203113,0.297505210248866,0.6646916146916148,0.2057937792161093,0.7850950490912889,0.6753846153846154,0.8321881952624003,0.0808361447377125,0.2871069912978699,0.7398682498475575,0.7636953435793019,0.37811038006116393,0.3411116398071883,6.478485006369675,0.5108022495008817,0.15,0.15,0.7,0.4323532793673749,0.4002982812545508,0.4323532793673749,0.4002982812545508,0.45253779939694966,0.3395107543705853,0.4724457102357457
"Murray Hill, Manhattan",east_40th_street/west_to_east/007_n00555_E.jpg,n00555,east_40th_street,west_to_east,W,7,E,0.14647713593427109,0.170081799591002,0.14100169779286928,0.709448866377231,0.2630802670392796,0.8109707365055945,0.6666993464052288,0.8226158539792752,0.06608884073672809,0.15252021110604744,0.36129279002129217,0.7563281511057421,0.3663940935709784,0.30278125264959327,7.586234989221214,0.43260281929799327,0.15,0.15,0.7,0.35667750580252805,0.3087116934371929,0.35667750580252805,0.3087116934371929,0.14118729865599997,0.30127800213295713,0.4001183362307679
"Murray Hill, Manhattan",east_40th_street/west_to_east/008_n00556_E.jpg,n00556,east_40th_street,west_to_east,W,8,E,0.15667425038513727,0.2379032258064516,0.20025951557093427,0.6767608793180799,0.4499931637954608,0.8391809728183118,0.7137367082755434,0.8085841792089604,0.13112920118061502,0.19827899725417436,0.4948371752593962,0.6784506315771931,0.4224329547280792,0.5016235745239501,7.896623914534373,0.41292322995735276,0.15,0.15,0.7,0.5237953546984392,0.4631757954121887,0.5237953546984392,0.4631757954121887,0.22160147006011813,0.4998408504860074,0.38191650260088156
"Murray Hill, Manhattan",east_40th_street/west_to_east/009_n00557_E.jpg,n00557,east_40th_street,west_to_east,W,9,E,0.1535529839180001,0.21995642701525053,0.18311131763734,0.778814935064935,0.25783740701381513,0.8153319644079398,0.7189207650273225,0.8139329805996472,0.07982006829524561,0.18554024285686355,0.456729241110021,0.778303502883589,0.39937041666128403,0.41594460314502196,7.896623914534373,0.41292322995735276,0.15,0.15,0.7,0.4633893155446895,0.4070858516646667,0.4633893155446895,0.4070858516646667,0.1963566218035966,0.41421330061248585,0.38191650260088156
"Murray Hill, Manhattan",east_40th_street/west_to_east/010_n00558_E.jpg,n00558,east_40th_street,west_to_east,W,10,E,0.3197377957499025,0.5561519719811178,0.5380156991602775,0.7514918562201629,0.3056902683478824,0.8155079299972655,0.6893740424600568,0.8208533953179479,0.2312365975696927,0.47130182229709927,0.9628746019228477,0.7555516610634094,0.4603053200148748,0.6398192671489331,2.57149653571732,0.9178470812855872,0.3,0.2,0.5,0.7477430917406015,0.7275986087411851,0.7477430917406015,0.7275986087411851,0.8828723072346404,0.6381743096653085,0.8489252281670442
"Murray Hill, Manhattan",east_40th_street/west_to_east/011_n00559_E.jpg,n00559,east_40th_street,west_to_east,W,11,E,0.29008048692638144,0.3249245093105184,0.25101926050892737,0.6365844544095666,0.28049886621315195,0.795409813018417,0.6725711218464842,0.8064178251761569,0.07932755450485944,0.28867475224860906,0.7434727136704344,0.7208344711241905,0.3759493381756718,0.33386404494846195,2.57149653571732,0.9178470812855872,0.3,0.2,0.5,0.49514391360037563,0.426925276173354,0.49514391360037563,0.426925276173354,0.45720273043824333,0.332280020113123,0.8489252281670442
"Murray Hill, Manhattan",east_40th_street/west_to_east/012_n00560_E.jpg,n00560,east_40th_street,west_to_east,W,12,E,0.29942286384736294,0.37674832241895057,0.26802398989898996,0.6330728095433978,0.2990800065713816,0.7648863636363635,0.6690174804098854,0.7977498931428223,0.12861241523213354,0.31473172538843447,0.7984734696147086,0.7105808987049461,0.39881494782100946,0.41392189169757554,2.2934568874130066,0.9569362223025654,0.3,0.2,0.5,0.5616426128433745,0.4970846865935419,0.5616426128433745,0.4970846865935419,0.5352102938945419,0.41219306657601723,0.8850791351013158
"Murray Hill, Manhattan",east_40th_street/west_to_east/013_n00561_E.jpg,n00561,east_40th_street,west_to_east,W,13,E,0.2571273572651981,0.3299720621616902,0.21860607921400063,0.6589110174901059,0.2496141975308642,0.79676710608914,0.6753992987923647,0.8124164278892073,0.14190333831589438,0.26856849954696294,0.69483504266062,0.7405710826161496,0.40865131855412956,0.4501090196583408,2.415735877080271,0.9395442313544647,0.3,0.2,0.5,0.5664175769462797,0.47836184915576324,0.5664175769462797,0.47836184915576324,0.39822078782709097,0.44834467472471745,0.8689931223166856
"Murray Hill, Manhattan",east_40th_street/west_to_east/014_n00562_E.jpg,n00562,east_40th_street,west_to_east,W,14,E,0.18509347234429543,0.20539991879821354,0.19573489071763564,0.7660144080996885,0.24865735767991412,0.7627796112944628,0.6859687458614753,0.781656578306547,0.10568154547636188,0.19540942728671484,0.4862317633997855,0.7663378762421071,0.3958251456689186,0.4030860711631762,2.074327591527158,0.9889127825813857,0.3,0.2,0.5,0.48488187634640234,0.3791609724981096,0.48488187634640234,0.3791609724981096,0.21571863565589763,0.4013715093865193,0.9146545505318175
"Murray Hill, Manhattan",east_40th_street/west_to_east/015_n00563_E.jpg,n00563,east_40th_street,west_to_east,W,15,E,0.18908955095846117,0.23043221647144282,0.19792219274977896,0.7364455710463315,0.20478937483230478,0.7724029991992429,0.3710908314654712,0.7943259311068368,0.06972914742997845,0.20581465339322763,0.517436886219588,0.7753273757736212,0.22040998944772483,0.04635995866227666,1.863776157569068,1.0,0.4,0.25,0.35,0.2460731890118601,0.17981246590260191,0.2460731890118601,0.17981246590260191,0.23759141104213277,0.04604571352365548,0.944002834397322
"Murray Hill, Manhattan",east_40th_street/west_to_east/016_n00564_E.jpg,n00564,east_40th_street,west_to_east,W,16,E,0.17968984497776647,0.16612774451097803,0.1088665347405453,0.6677106362073201,0.3412313145322854,0.8056527343030749,0.480187611191978,0.7295907548770145,0.08123012718600957,0.1515613747430966,0.35864191347165914,0.6853566921840164,0.2807088691889938,0.10722865655762925,2.6263501938622738,0.9103259752272225,0.3,0.2,0.5,0.22322204210474864,0.16772817203304113,0.22322204210474864,0.16772817203304113,0.13979790356814664,0.10654791840164714,0.8419688878279511
"Murray Hill, Manhattan",east_40th_street/west_to_east/017_n00565_E.jpg,n00565,east_40th_street,west_to_east,W,17,E,0.29355843621654254,0.2647635864233863,0.24286670786979814,0.7729113384484229,0.4818872657518076,0.8090426221013085,0.6281210986267166,0.80886837201423,0.17715923443116685,0.26706291016990896,0.6909906851920933,0.6999641482369483,0.40264016652894175,0.42790655476760053,2.3368062721033187,0.9507340193181826,0.3,0.2,0.5,0.5451691684442653,0.45964014971745965,0.5451691684442653,0.45964014971745965,0.39389924088462,0.42616179208161725,0.8793426603758302
"Murray Hill, Manhattan",east_40th_street/west_to_east/018_n00566_E.jpg,n00566,east_40th_street,west_to_east,W,18,E,0.3530741129996973,0.3333078880407125,0.28847736625514403,0.6512575274530641,0.21484687083888146,0.7511681268251982,0.7571558678116056,0.6568301049233253,0.11039630836047772,0.32495312243185126,0.817490561729268,0.6977469205125026,0.4337760880860417,0.5440458626787231,2.047262350344364,0.9929357176293788,0.3,0.2,0.5,0.6461036073807183,0.5775532304710995,0.6461036073807183,0.5775532304710995,0.5655533422565339,0.5422764189209108,0.9183754002497633
"Murray Hill, Manhattan",east_40th_street/west_to_east/019_n00567_E.jpg,n00567,east_40th_street,west_to_east,W,19,E,0.3586348216052596,0.3544233807266983,0.3011116293532338,0.6009554140127388,0.2822982774252039,0.684018664333625,0.7539672382902483,0.5932479919678716,0.20434564179854306,0.33805661056173053,0.8397917383947275,0.6373017095184688,0.47915644004439567,0.702105985237456,2.0485210671125245,0.9927482616008664,0.3,0.2,0.5,0.7266442372809856,0.6574424699631027,0.7266442372809856,0.6574424699631027,0.6037161299876899,0.7006123846685416,0.9182020204406197
"Murray Hill, Manhattan",east_40th_street/west_to_east/020_n00568_E.jpg,n00568,east_40th_street,west_to_east,W,20,E,0.43390485836308923,0.5739909070747394,0.544179320318149,0.5749926513815403,0.3610248447204969,0.7075337597725658,0.7424825815914925,0.7697327208185425,0.23308832317437553,0.5173583619186592,0.9782956737673547,0.661233509159862,0.487785452382934,0.7284517963390078,1.6521900461220267,1.0,0.4,0.25,0.35,0.800049859396844,0.7831673081051185,0.800049859396844,0.7831673081051185,0.9290768341908744,0.7270389351793575,0.9744440326127138
"Murray Hill, Manhattan",east_40th_street/west_to_east/021_n00569_E.jpg,n00569,east_40th_street,west_to_east,W,21,E,0.2590521637854801,0.2947438456420492,0.2312449660568404,0.6739842288158245,0.35773976882224306,0.8078128059526141,0.727446332148031,0.8077578106647874,0.19407121263016455,0.26168032516145656,0.6770316960397254,0.7080007568861229,0.4607587723890978,0.6413852472209409,2.038448512172559,0.9942493219897908,0.3,0.2,0.5,0.6648886630483589,0.5577762330167032,0.6648886630483589,0.5577762330167032,0.3785888579277409,0.6397434146818637,0.9195903650343351
"Murray Hill, Manhattan",east_40th_street/west_to_east/022_n00570_E.jpg,n00570,east_40th_street,west_to_east,W,22,E,0.30084081229500886,0.32994670219853434,0.2539772015533008,0.7018635883506866,0.36404438789934973,0.7987682252388134,0.7391001267427123,0.8266250289151053,0.10781786941580751,0.29492157201561464,0.7575068034338532,0.721481409788814,0.4234589980792599,0.5054710244358096,2.005432431654845,0.9991854671638916,0.3,0.2,0.5,0.6127864068241274,0.5320702325410251,0.6127864068241274,0.5320702325410251,0.4758570006124993,0.5036884461387582,0.9241558512178504
"Murray Hill, Manhattan",east_40th_street/west_to_east/023_n00571_E.jpg,n00571,east_40th_street,west_to_east,W,23,E,0.2721780067425395,0.2731804363376252,0.26143790849673204,0.790069938153864,0.4395631408905745,0.7919777409097194,0.7277399419851179,0.8457456377046232,0.17276799505715168,0.2689321171922989,0.6957594700947334,0.7320841449893042,0.4502539685211348,0.6043944760845196,4.211091767293501,0.7177286076989017,0.15,0.15,0.7,0.6352978120326684,0.5833625261548416,0.6352978120326684,0.5833625261548416,0.3992669030706238,0.6026881975915346,0.6638338068247587
"Murray Hill, Manhattan",east_40th_street/west_to_east/024_n00572_E.jpg,n00572,east_40th_street,west_to_east,W,24,E,0.15026344935585556,0.18096266000151476,0.1518821516415357,0.7707461645746165,0.33722884204094106,0.8457608857185317,0.7082300884955752,0.8177131425053862,0.08831291704013544,0.16103608699963534,0.38519227391943944,0.7504101550130204,0.39827150276785533,0.4119457696566009,8.372239615738527,0.38449059819623943,0.15,0.15,0.7,0.44620504229770336,0.38774879440630233,0.44620504229770336,0.38774879440630233,0.15403827879338797,0.41021942112870846,0.35561889933195273
"Murray Hill, Manhattan",east_40th_street/west_to_east/025_n00573_E.jpg,n00573,east_40th_street,west_to_east,W,25,E,0.18413093254976487,0.1840933517580224,0.13158665105386416,0.800358178406959,0.38385392017668396,0.8326880530973452,0.6552353155782562,0.8163752214412252,0.15496062992125983,0.16660364512055048,0.40113065421201266,0.7442931598905,0.405097972749758,0.4369547367969582,8.03655852523592,0.4043462236534504,0.15,0.15,0.7,0.4672614992443656,0.4070535879730507,0.4672614992443656,0.4070535879730507,0.16294701583567214,0.4352011461419588,0.3739835503891341
"Murray Hill, Manhattan",east_40th_street/west_to_east/026_n00574_E.jpg,n00574,east_40th_street,west_to_east,W,26,E,0.2848376337527896,0.22887896019496345,0.19644572526416906,0.7618998768978252,0.22854662698412698,0.7804947804947805,0.5858858211101524,0.8244639047939822,0.06602298020814534,0.23672077307064068,0.6084137295430389,0.7859390515692268,0.3259544006591489,0.19143945112096955,7.700877434733313,0.4252272210291076,0.15,0.15,0.7,0.2814233895078506,0.2534591336774408,0.2814233895078506,0.2534591336774408,0.3110839210862816,0.1903380814377856,0.39329657738776735
"Murray Hill, Manhattan",east_40th_street/west_to_east/027_n00575_E.jpg,n00575,east_40th_street,west_to_east,W,27,E,0.16848997861067805,0.21178535143622423,0.14352236053480869,0.7191277122469782,0.25730842414807126,0.7758582746478874,0.5189446234084981,0.8123727787863784,0.07900920305463084,0.17459923019390364,0.4243822480793712,0.7580640222950951,0.2989769132315645,0.13642022098142162,7.702402182487609,0.4251299775123696,0.15,0.15,0.7,0.20918695020534045,0.18259760433819847,0.20918695020534045,0.18259760433819847,0.1764603838647054,0.13558230521728157,0.3932066359625367
"Murray Hill, Manhattan",east_40th_street/west_to_east/028_n00576_E.jpg,n00576,east_40th_street,west_to_east,W,28,E,0.17671708805055392,0.1998617743151546,0.12843735054997607,0.7018635883506866,0.32486380660537967,0.8042284723560007,0.6831825927382357,0.7924721734036321,0.05360986918363967,0.16833873763856153,0.4061425385935663,0.7231573183829796,0.36839623096093765,0.30915845595711255,6.528686677295874,0.5069702266891077,0.15,0.15,0.7,0.3658587788183499,0.3187519180270421,0.3658587788183499,0.3187519180270421,0.165806883830403,0.3076375140643896,0.4689014370053181
"Murray Hill, Manhattan",east_40th_street/west_to_east/029_n00577_E.jpg,n00577,east_40th_street,west_to_east,W,29,E,0.3074903719705485,0.45215548340548345,0.5306752330561855,0.6333561748134612,0.32387475538160465,0.7870489002775999,0.7194319362660201,0.7794633642930857,0.09535157851578513,0.43010702947740576,0.9405474930443665,0.6963149279083141,0.4073917573909026,0.4454372357341416,7.144782073316612,0.4622186132355018,0.15,0.15,0.7,0.5328175587281229,0.5206516083841082,0.5328175587281229,0.5206516083841082,0.8213584501994302,0.4436764279706882,0.42751025710557516
"Murray Hill, Manhattan",east_40th_street/west_to_east/030_n00578_E.jpg,n00578,east_40th_street,west_to_east,W,30,E,0.15560651176439955,0.20147971160295106,0.18094227879430744,0.5301057449494949,0.28276865160848735,0.7342180774748924,0.7420793397231097,0.7708866155157715,0.04473616473616474,0.179342834053886,0.43834389690148307,0.672741236285593,0.3934077522296372,0.3943929212266322,5.908520938463443,0.5563942569597178,0.15,0.15,0.7,0.4341100397316987,0.3802316811648416,0.4341100397316987,0.3802316811648416,0.1848854800484301,0.39269101046238025,0.5146141782994832
"Murray Hill, Manhattan",east_40th_street/west_to_east/031_n00579_E.jpg,n00579,east_40th_street,west_to_east,W,31,E,0.23776008450030445,0.33207951737171104,0.27203806015960713,0.6059907834101382,0.39058984249437484,0.8003415300546447,0.7224594628048026,0.7946405606995884,0.20713197374589778,0.28062588734387417,0.7246230391981738,0.6700138338717839,0.46479571827535016,0.6551909138100905,1.0129479571379896,1.0,0.5,0.3,0.2,0.6936729721076064,0.5361719960990061,0.6936729721076064,0.5361719960990061,0.4333501819749842,0.6535781487418992,1.0
"Murray Hill, Manhattan",east_40th_street/west_to_east/032_n00580_E.jpg,n00580,east_40th_street,west_to_east,W,32,E,0.3265661485119223,0.32758620689655177,0.2483881832178599,0.5487821021975113,0.33722884204094106,0.7943697257383966,0.7355337439055685,0.7209022957821677,0.11957743313104063,0.300846846208778,0.7703276391604442,0.6441518519795792,0.42755558851830455,0.5208214087686974,1.6673758412195123,1.0,0.4,0.25,0.35,0.6423302081395287,0.5369364901734877,0.6423302081395287,0.5369364901734877,0.4936143806704981,0.5190415137649292,0.9722269026255232
"Murray Hill, Manhattan",east_40th_street/west_to_east/033_n00581_E.jpg,n00581,east_40th_street,west_to_east,W,33,E,0.3930538813799891,0.441131498470948,0.3914565826330532,0.6369603916332888,0.41500295770482104,0.7822649119082997,0.7153365207796983,0.7923797060599961,0.113788929239573,0.4085473208279967,0.9243216398563077,0.6714457133294879,0.41456272500963565,0.472139107878955,2.5007208215263765,0.9276431811299264,0.3,0.2,0.5,0.6197037224020671,0.5878696676314891,0.6197037224020671,0.5878696676314891,0.7802050715730302,0.47036227389724844,0.8579857312345647
"Murray Hill, Manhattan",east_40th_street/west_to_east/034_n00582_E.jpg,n00582,east_40th_street,west_to_east,W,34,E,0.34228512059987215,0.38729395604395606,0.3416601613322925,0.6216411063048892,0.40115314418450304,0.7891898538504778,0.8092405536849981,0.7883603041528563,0.07570659488559894,0.3570797459920402,0.8681794553734383,0.6696160887577474,0.44247357428529854,0.5761781292560623,2.904525261163531,0.8731230440244062,0.3,0.2,0.5,0.6714696875392258,0.6166292820108082,0.6714696875392258,0.6166292820108082,0.656841641894585,0.5744358419325403,0.8075595537419316
"Murray Hill, Manhattan",east_40th_street/west_to_east/035_n00583_E.jpg,n00583,east_40th_street,west_to_east,W,35,E,0.3079791298176354,0.3112833861475781,0.2807097086204812,0.6587871112987197,0.5051765105227427,0.7995456821921728,0.6632967786154901,0.7658302149827573,0.0967479674796748,0.29999074152856486,0.7685050185422129,0.6398136052529113,0.38002237304758246,0.347586637010098,2.889486550116007,0.8750948639857459,0.3,0.2,0.5,0.4982373056731438,0.43457783912065495,0.4982373056731438,0.43457783912065495,0.49104667656062645,0.3459713197676223,0.8093833082046467
"Murray Hill, Manhattan",east_40th_street/west_to_east/036_n00584_E.jpg,n00584,east_40th_street,west_to_east,W,36,E,0.4400315937707154,0.5180302546074359,0.47851351351351346,0.545848571041582,0.4404810024252223,0.7642793395805444,0.657869190632205,0.7106860959319975,0.1814305511139538,0.47885845396388826,0.9659835129880631,0.605351221516119,0.41964987087307937,0.4911879283179105,2.471344248783538,0.9317398470599729,0.3,0.2,0.5,0.6273591568320575,0.6114136355921161,0.6273591568320575,0.6114136355921161,0.8919287409417426,0.489405871835325,0.8617747753251311
"Murray Hill, Manhattan",east_40th_street/west_to_east/037_n00585_E.jpg,n00585,east_40th_street,west_to_east,W,37,E,0.3956148185699755,0.3896358876725368,0.3298316954704619,0.525146060318964,0.31750513347022585,0.7528994082840237,0.5953657602451168,0.7383905852417302,0.18472986088644458,0.3716941339043247,0.8869872142287122,0.6486771706968227,0.3900478105657807,0.38242148605834475,2.053201947451069,0.9920514658779696,0.3,0.2,0.5,0.5470815554590662,0.5074057286235661,0.5470815554590662,0.5074057286235661,0.695216916753918,0.38073875717662764,0.9175575476519527
"Murray Hill, Manhattan",east_40th_street/west_to_east/038_n00586_E.jpg,n00586,east_40th_street,west_to_east,W,38,E,0.38609017726346095,0.390829346092504,0.35597572362278246,0.45984033887259695,0.2907315045719036,0.7066377076665143,0.4991049051199427,0.7117403593781546,0.17847746511095863,0.3776317489929158,0.8939350034175375,0.6269497312262826,0.3387911851154507,0.22302362737035658,2.685216630689867,0.902323212307323,0.3,0.2,0.5,0.4159237926369225,0.38709178975711256,0.4159237926369225,0.38709178975711256,0.7101010700481101,0.22179039354901436,0.8345670586166769
"Murray Hill, Manhattan",east_40th_street/west_to_east/039_n00587_E.jpg,n00587,east_40th_street,west_to_east,W,39,E,0.22201841175751724,0.19904550316794212,0.1380922950144211,0.506598703967125,0.34407494604669414,0.6675390495181123,0.7373955960516326,0.6176944780330511,0.052995391705069096,0.18638540331329345,0.4592468164136119,0.5934060786511606,0.39519549387835085,0.4008156802520922,2.0497130046422805,0.9925707833804701,0.3,0.2,0.5,0.4516027689093307,0.3500967924644392,0.4516027689093307,0.3500967924644392,0.19796195463992425,0.3991043187825693,0.9180378691981999
"Murray Hill, Manhattan",east_40th_street/west_to_east/040_n00588_E.jpg,n00588,east_40th_street,west_to_east,W,40,E,0.29586955940876297,0.2946516007532956,0.2175723648279629,0.47958391554106505,0.24828730464568616,0.6791739383362421,0.7158593322386425,0.6456381428273996,0.055564848890375794,0.26936450833000714,0.6968566866385136,0.6256449179075928,0.38571209056450917,0.3671835292945392,2.666283616587652,0.9048894092362589,0.3,0.2,0.5,0.49505131864568935,0.41832198675671234,0.49505131864568935,0.41832198675671234,0.4005120740194455,0.36552816530399856,0.8369405578169654
"Murray Hill, Manhattan",east_40th_street/west_to_east/041_n00589_E.jpg,n00589,east_40th_street,west_to_east,W,41,E,0.33138291265887415,0.31198956442831216,0.2710591689250226,0.5311702127659573,0.23693665948054612,0.6812620171298724,0.7082414215686273,0.6810699588477367,0.0667904365151241,0.30481054867073626,0.7786345036416237,0.6584345040443826,0.3875159290418757,0.37349291115691424,2.236972684973379,0.9650784334630369,0.3,0.2,0.5,0.5214873660517026,0.45707756142626,0.5214873660517026,0.45707756142626,0.5055049184027279,0.37182581591590097,0.8926099412760286
"Murray Hill, Manhattan",east_40th_street/west_to_east/042_n00590_E.jpg,n00590,east_40th_street,west_to_east,W,42,E,0.2872813170661309,0.25830073880921334,0.21102110947471772,0.30772882643372584,0.23710230053842393,0.5652617898254735,0.6665709179114004,0.5286647314949202,0.06606917672491441,0.25220105511668733,0.6516755997212231,0.5330970857967406,0.3663200473181574,0.30254683127082693,1.504776919820093,1.0,0.4,0.25,0.35,0.47379620114761106,0.36978389934894934,0.47379620114761106,0.36978389934894934,0.3522204090724292,0.3010442420824248,0.9962308963307206
"Murray Hill, Manhattan",east_40th_street/west_to_east/043_n00591_E.jpg,n00591,east_40th_street,west_to_east,W,43,E,0.23349387819308112,0.18851974898486526,0.0965223562810504,0.2995035215333102,0.20350976507217666,0.6056963116166839,0.6091051271589828,0.6859756097560976,0.04050891345483517,0.1728453278196656,0.41924924637853994,0.593989788739077,0.324807020306909,0.18878953727403958,2.208570348667973,0.9691987766179637,0.3,0.2,0.5,0.30163827188453085,0.23079133695667128,0.30163827188453085,0.23079133695667128,0.17342261198778916,0.18769987376652564,0.8964208846501944
"Murray Hill, Manhattan",east_40th_street/west_to_east/044_n00592_E.jpg,n00592,east_40th_street,west_to_east,W,44,E,0.26197868921057205,0.273566632231405,0.22696969696969696,0.4552540913006029,0.4063218390804597,0.663445505532818,0.7259032038173143,0.7675428657753608,0.04797340088663712,0.2541716728038913,0.6570240000047992,0.6054917059985012,0.38693830235197574,0.3714677090201222,3.4552393176159804,0.8038955769590503,0.15,0.15,0.7,0.4354097622057252,0.396198224355181,0.4354097622057252,0.396198224355181,0.35763449866001806,0.3698043176086659,0.7435304311656864
"Murray Hill, Manhattan",east_40th_street/west_to_east/045_n00593_E.jpg,n00593,east_40th_street,west_to_east,W,45,E,0.14353457375500775,0.18411206821543544,0.10471687860015218,0.5075465639049455,0.3756568144499179,0.6990602306706536,0.6896394637511389,0.7708466057903306,0.0664768618944324,0.14412117352353176,0.3383746114667877,0.6342454517484526,0.37805816282278565,0.34093562084093876,4.701908286563987,0.6667859207472575,0.15,0.15,0.7,0.3737824744357518,0.3225300561827422,0.3737824744357518,0.3225300561827422,0.1294025132190112,0.33933513604455884,0.6167164459640657
"Murray Hill, Manhattan",east_40th_street/west_to_east/046_n00594_E.jpg,n00594,east_40th_street,west_to_east,W,46,E,0.17201105369746442,0.1597863934645775,0.14130434782608692,0.4742824409068982,0.775175879396985,0.7068376068376069,0.7197269489513257,0.7058438155136267,0.08689522113386765,0.15770059832937627,0.3757579940171087,0.46831679234117995,0.40331108504259666,0.43037196098716557,5.952673908980066,0.5527214638557582,0.15,0.15,0.7,0.42707875909701576,0.3706523314253174,0.42707875909701576,0.3706523314253174,0.14889440502183138,0.4286246773391228,0.5112171780939346
"Murray Hill, Manhattan",east_41st_street/east_to_west/001_n00640_W.jpg,n00640,east_41st_street,east_to_west,W,1,W,0.332311090159206,0.29545639274973584,0.3615652437178323,0.4971348707197763,0.4513232514177694,0.7829566854990584,0.647597479322568,0.733343776106934,0.06325301204819274,0.32977757554225806,0.8259700217634012,0.593051798469647,0.35542524568538036,0.2692125736829003,4.173417347897318,0.7217960911668168,0.15,0.15,0.7,0.35857109281041716,0.3387877084735996,0.35857109281041716,0.3387877084735996,0.5797201981601658,0.26781196785254646,0.6675958597870332
"Murray Hill, Manhattan",east_41st_street/east_to_west/002_n00639_W.jpg,n00639,east_41st_street,east_to_west,W,2,W,0.4262892867964553,0.5109582059123343,0.48611843261289756,0.5327172048042427,0.3159834177798249,0.7545327754532777,0.6599911414831688,0.7664891728789492,0.18493070237256282,0.4744553084405624,0.9642038952868174,0.661074319967789,0.42246092192786583,0.5017284503443601,4.173417347897318,0.7217960911668168,0.15,0.15,0.7,0.576754491193339,0.5681358484398861,0.576754491193339,0.5681358484398861,0.8867291453252888,0.4999457274800458,0.6675958597870332
"Murray Hill, Manhattan",east_41st_street/east_to_west/003_n00638_W.jpg,n00638,east_41st_street,east_to_west,W,3,W,0.3960015532632706,0.5395473811686345,0.5476680384087791,0.5655765115034778,0.345587222910643,0.7520699957319675,0.7826827054017249,0.7502241348395194,0.1772654553765284,0.49440565761356137,0.9716086310418137,0.6567378078107847,0.47997408038912664,0.7046647915805486,2.581346515563784,0.9164919663333078,0.3,0.2,0.5,0.7650980574762084,0.749081422449036,0.7650980574762084,0.749081422449036,0.908641713421285,0.7031785967355675,0.8476718698533204
"Murray Hill, Manhattan",east_41st_street/east_to_west/004_n00637_W.jpg,n00637,east_41st_street,east_to_west,W,4,W,0.3918675449059461,0.3885570847398944,0.3829617834394905,0.4726904643860519,0.284933728144388,0.7990280467685245,0.6301688605238666,0.7812354312354312,0.34000329380764166,0.38779547102844364,0.9049559372877869,0.656330722492365,0.48508607716575414,0.7203686885067011,0.98927568323025,1.0,0.5,0.3,0.2,0.7851660314846406,0.7071072459195721,0.7851660314846406,0.7071072459195721,0.7345515723465097,0.7189299982982196,1.0
"Murray Hill, Manhattan",east_41st_street/east_to_west/005_n00636_W.jpg,n00636,east_41st_street,east_to_west,W,5,W,0.41244227726205235,0.4959100204498978,0.47094356261022924,0.5478855721393034,0.3779337946004613,0.7936634717784877,0.7621993524514338,0.7724578203374373,0.37573886426008024,0.45976528677405976,0.9575960065608561,0.6474698659587598,0.568969108355757,0.9006561622405619,1.739885336204386,1.0,0.4,0.25,0.35,0.8499110571327926,0.8168767268339899,0.8499110571327926,0.8168767268339899,0.8677807338873116,0.9000163004290964,0.9617098480188296
"Murray Hill, Manhattan",east_41st_street/east_to_west/006_n00635_W.jpg,n00635,east_41st_street,east_to_west,W,6,W,0.4145451416746776,0.44747235387045814,0.4845635480332237,0.5955165692007798,0.2352357984994641,0.790855329583153,0.6854278874925194,0.7534516765285996,0.34050807823129253,0.4488603478594531,0.9519524606942869,0.7045774824099718,0.5129679828619059,0.7964932924771762,1.427413365792444,1.0,0.4,0.25,0.35,0.8295489867128969,0.7931527388130561,0.8295489867128969,0.7931527388130561,0.8520307522485968,0.7953349854327973,1.0
"Murray Hill, Manhattan",east_41st_street/east_to_west/007_n00634_W.jpg,n00634,east_41st_street,east_to_west,W,7,W,0.39221130691910805,0.4536855838225701,0.5030891767157958,0.6333837619768028,0.3553440213760855,0.7651215156456246,0.610452658363466,0.7670194195941523,0.2950707198648934,0.44966202248582465,0.952390565802538,0.6816863867316232,0.4527616891141797,0.6133522511107818,1.553631953597192,1.0,0.4,0.25,0.35,0.750966694567779,0.7179645646742415,0.750966694567779,0.7179645646742415,0.8532394967135462,0.611659783774972,0.988956947446505
"Murray Hill, Manhattan",east_41st_street/east_to_west/008_n00633_W.jpg,n00633,east_41st_street,east_to_west,W,8,W,0.41005267449617,0.4724295190713101,0.39749751408684125,0.6472930889926937,0.30710431654676257,0.7511331106870229,0.616725191832488,0.7796858875128999,0.2899677493665054,0.42665990255144043,0.9381918270599295,0.7066248866529437,0.4533464705994967,0.6154303965512626,2.274061704301268,0.9597242689253678,0.3,0.2,0.5,0.7179839741687046,0.6874023275575362,0.7179839741687046,0.6874023275575362,0.8152080576641114,0.6137412972425822,0.8876578251289484
"Murray Hill, Manhattan",east_41st_street/east_to_west/009_n00632_W.jpg,n00632,east_41st_street,east_to_west,W,9,W,0.24544216419043544,0.20999392202830602,0.16891178024300055,0.6063974591651542,0.2267916912778106,0.7804947804947805,0.5459629023458811,0.7455400782013686,0.11371900826446284,0.20811595548724732,0.5243286395409394,0.7083819486962374,0.32984095530517193,0.20062612391185533,2.7431540721195544,0.8945154438685227,0.3,0.2,0.5,0.3444516841603451,0.27257867515646006,0.3444516841603451,0.27257867515646006,0.2426299451424306,0.1994849418079785,0.8273455815988492
"Murray Hill, Manhattan",east_41st_street/east_to_west/010_n00631_W.jpg,n00631,east_41st_street,east_to_west,W,10,W,0.2452498973791506,0.3043192705918714,0.20673905549810412,0.6969074986316367,0.23023892221871378,0.7971568430228659,0.6771513693136244,0.7975190612342149,0.1317535318823979,0.2521027411563754,0.6514077510690754,0.7547292125490459,0.40445245059801116,0.4345739870774803,3.295001122676991,0.8234518768590914,0.15,0.15,0.7,0.5016389162324696,0.4560978354772855,0.5016389162324696,0.4560978354772855,0.3519512788602067,0.43282260620104124,0.7616182332552154
"Murray Hill, Manhattan",east_41st_street/east_to_west/011_n00630_W.jpg,n00630,east_41st_street,east_to_west,W,11,W,0.16695127136018317,0.18879160750907084,0.1580945198592257,0.6559186013184294,0.27030744336569573,0.8194943939073408,0.6600309238500194,0.783125433125433,0.11286434363357441,0.1712791329094932,0.41468028220708075,0.7229121970260555,0.3864476337417969,0.3697509252899508,3.569072455077676,0.7902856091707273,0.15,0.15,0.7,0.4159645588359417,0.3629806241285926,0.4159645588359417,0.3629806241285926,0.17074500936839856,0.3680907193350704,0.7309424464723482
"Murray Hill, Manhattan",east_41st_street/east_to_west/012_n00629_W.jpg,n00629,east_41st_street,east_to_west,W,12,W,0.292217946596786,0.2675399862623884,0.23023014834205938,0.6742693962320131,0.262062964720772,0.7797777777777778,0.6167189337514699,0.7871001412169215,0.18392180331139038,0.2633293604004112,0.6813433828986841,0.7331021909093876,0.40032036853143016,0.4194103394663708,3.673075862400078,0.7780524198611107,0.15,0.15,0.7,0.49048640778731245,0.4486263641843595,0.49048640778731245,0.4486263641843595,0.38325532820784664,0.417674927506625,0.7196278568880667
"Murray Hill, Manhattan",east_41st_street/east_to_west/013_n00628_W.jpg,n00628,east_41st_street,east_to_west,W,13,W,0.3428029110741636,0.27806005676096307,0.1997747005165403,0.6866730279898219,0.21596275505658027,0.8165090841675937,0.4081349206349206,0.7737777777777778,0.13037422474508564,0.27354588945055563,0.7073505043157713,0.7481626835703397,0.2692545726900031,0.09185595105508186,5.83227093245531,0.562794548674467,0.15,0.15,0.7,0.17089120622928136,0.1569051863798798,0.17089120622928136,0.1569051863798798,0.41261746729708715,0.09126282970860385,0.5205338671180921
"Murray Hill, Manhattan",east_41st_street/east_to_west/014_n00627_W.jpg,n00627,east_41st_street,east_to_west,W,14,W,0.3792166363212302,0.25467131377674507,0.21322840547123856,0.649501661129568,0.23243565081982234,0.7702518720217836,0.5484347548314966,0.7761964898646462,0.18957811941365751,0.28237211852307126,0.7287847079793225,0.7310875000581305,0.3690064371225771,0.31111677600927423,5.778908148357047,0.5673174687952357,0.15,0.15,0.7,0.4018201322707553,0.37105869603326536,0.4018201322707553,0.37105869603326536,0.4385027980169888,0.309590517348194,0.5247171576397843
"Murray Hill, Manhattan",east_41st_street/east_to_west/015_n00626_W.jpg,n00626,east_41st_street,east_to_west,W,15,W,0.33667591809542835,0.19081201689377644,0.1467365637102106,0.662706541035095,0.236974358974359,0.7844220456160755,0.5153897254207264,0.7665799306111555,0.1532854316359471,0.22474149956647177,0.5736840313149599,0.7307707042239637,0.33433757852833673,0.21166199117133144,4.689854849930475,0.6679925705158702,0.15,0.15,0.7,0.2960179847245105,0.264938804037704,0.2960179847245105,0.264938804037704,0.2811411786740344,0.21047456404085557,0.6178324874605451
"Murray Hill, Manhattan",east_41st_street/east_to_west/016_n00625_W.jpg,n00625,east_41st_street,east_to_west,W,16,W,0.29652637230539436,0.17209094163981384,0.13006962576153172,0.54666217632091,0.3166368515205724,0.7690238144830938,0.46773362766740245,0.6848860168730928,0.06625781625781624,0.19956231323558,0.4986869427252424,0.6383037805578101,0.26699572196260934,0.08906832110984775,6.277325824619536,0.526450023683111,0.15,0.15,0.7,0.15496534889524277,0.13683603134537659,0.15496534889524277,0.13683603134537659,0.22426923043602304,0.08849144576373981,0.48691848085168465
"Murray Hill, Manhattan",east_41st_street/east_to_west/017_n00624_W.jpg,n00624,east_41st_street,east_to_west,W,17,W,0.2947589032146781,0.2998095517140346,0.2661941777168115,0.7623152709359605,0.4238287432731877,0.8066598008925506,0.6363834830339322,0.8060572551910554,0.12288039148742458,0.28692087754850804,0.7394381790077044,0.7148479276179427,0.3796319372606784,0.34625973738480564,6.581527992611663,0.5029677637583176,0.15,0.15,0.7,0.4325623606358529,0.4004635837612264,0.4325623606358529,0.4004635837612264,0.4519845480367728,0.3446473290549035,0.4651995221373295
"Murray Hill, Manhattan",east_41st_street/east_to_west/018_n00623_W.jpg,n00623,east_41st_street,east_to_west,W,18,W,0.375357879682056,0.3915169913146134,0.429107735288982,0.6877988748241912,0.3256377369246117,0.7921608659018732,0.548542999289268,0.7697863078749506,0.1389626352015733,0.3986608687618838,0.915593681544137,0.7106491485915101,0.3437528172454206,0.23618544661809504,4.725839178372322,0.6643966942774856,0.15,0.15,0.7,0.34141366333258805,0.330689590048319,0.34141366333258805,0.330689590048319,0.7591864477511061,0.23490143638712288,0.6145066283731517
"Murray Hill, Manhattan",east_41st_street/east_to_west/019_n00622_W.jpg,n00622,east_41st_street,east_to_west,W,19,W,0.3719929876720783,0.439859649122807,0.408072823092586,0.6549149878554079,0.3733601070950468,0.7982396859110511,0.6515927189988623,0.7953444726964524,0.19407121263016455,0.40664181996249044,0.9227065359830917,0.6922997844856045,0.42283196581451343,0.5031198313149434,3.794510076043721,0.7640083875505616,0.15,0.15,0.7,0.5780610058999083,0.561870230923432,0.5780610058999083,0.561870230923432,0.7762587784510178,0.5013371388671148,0.7066384019159823
"Murray Hill, Manhattan",east_41st_street/east_to_west/020_n00621_W.jpg,n00621,east_41st_street,east_to_west,W,20,W,0.14245005909748873,0.12907959614933084,0.08860103626943006,0.7189564068692206,0.22320331695331697,0.8018238993710692,0.573736176935229,0.8014991028535047,0.1270781379883624,0.12004356383874987,0.2769828735585371,0.7657507309231361,0.35040715746179574,0.2546635171430669,6.604707384510288,0.5012220273638096,0.15,0.15,0.7,0.3041989869647443,0.2601909926688862,0.3041989869647443,0.2601909926688862,0.10018386911759422,0.2533123668639146,0.46358487445010094
"Murray Hill, Manhattan",east_41st_street/east_to_west/021_n00620_W.jpg,n00620,east_41st_street,east_to_west,W,21,W,0.3390253785179909,0.34500842137498083,0.4291645905995682,0.6650326797385621,0.43740219092331767,0.8245094229648339,0.6393590205257472,0.8114857943824464,0.1473496432212029,0.37106613016418,0.886229588418563,0.6797054277325636,0.39335433187347507,0.39420154793830936,6.598977709798668,0.5016529884085409,0.15,0.15,0.7,0.4830397548500848,0.464198623051693,0.4830397548500848,0.464198623051693,0.6936177564676416,0.39249992777436743,0.4639834742938975
"Murray Hill, Manhattan",east_41st_street/east_to_west/022_n00619_W.jpg,n00619,east_41st_street,east_to_west,W,22,W,0.19836869031383067,0.27727999999999997,0.24221462673611116,0.7822713137358446,0.4115911237016053,0.8291899627263045,0.7655902004454344,0.8411058809855881,0.12052714753358167,0.2392877723499806,0.6157276677551357,0.7372620236732759,0.443058673989508,0.5783198765300482,6.768173416840667,0.48908156074482806,0.15,0.15,0.7,0.6054374249880313,0.5470819352808408,0.6054374249880313,0.5470819352808408,0.31772366057634244,0.5765799234813175,0.45235604493730486
"Murray Hill, Manhattan",east_41st_street/east_to_west/023_n00618_W.jpg,n00618,east_41st_street,east_to_west,W,23,W,0.23898594887940566,0.2671288743882545,0.22019727372788078,0.76125,0.3133428526098683,0.8074249265390955,0.7141528925619834,0.8275716916600895,0.11374917273328926,0.24210403233184696,0.6236919268247942,0.7584929463500737,0.41395103264763633,0.46985298417507404,6.937369123882666,0.47682517315294914,0.15,0.15,0.7,0.5267586100227248,0.476448900966254,0.5267586100227248,0.476448900966254,0.3250943111118904,0.4680771246003694,0.44101999904786754
"Murray Hill, Manhattan",east_41st_street/east_to_west/024_n00617_W.jpg,n00617,east_41st_street,east_to_west,W,24,W,0.2966913417104972,0.3337642749407455,0.3269913749365804,0.6638182576073364,0.21767691140201104,0.7474919093851132,0.7498509242695289,0.7930732337207157,0.12861241523213354,0.31914899719594103,0.8068682763185949,0.746404859975347,0.4392316697508312,0.5642613875162801,8.256986758209393,0.3911954335842855,0.15,0.15,0.7,0.6208730336887454,0.5846511288064542,0.6208730336887454,0.5846511288064542,0.5483687529397139,0.5625073087205075,0.36182026340193163
"Murray Hill, Manhattan",east_41st_street/east_to_west/025_n00616_W.jpg,n00616,east_41st_street,east_to_west,W,25,W,0.14847766753710695,0.14309210526315788,0.07974784870922558,0.6828985507246377,0.31595777469563874,0.7422536336048555,0.7022647873750151,0.8040758004550247,0.07873990096429499,0.12377254050316346,0.28603300817752664,0.7236721921613412,0.390502344169655,0.3840330158062545,8.273790889013517,0.390210620390046,0.15,0.15,0.7,0.40406543367252196,0.34624926593644473,0.40406543367252196,0.34624926593644473,0.10429053106858605,0.3823475860000989,0.36090940059845605
"Murray Hill, Manhattan",east_41st_street/east_to_west/026_n00615_W.jpg,n00615,east_41st_street,east_to_west,W,26,W,0.1525135679527017,0.15804540640720152,0.1067624352584775,0.5719122426868907,0.18852119100937217,0.7362894278015534,0.7255418331517133,0.7677886034839091,0.06187930833041244,0.13910713653946025,0.32503798527759076,0.7170598850538092,0.39371057074106286,0.3954783500902228,8.273768811890005,0.39021191260139493,0.15,0.15,0.7,0.4198646692925153,0.3617202002489369,0.4198646692925153,0.3617202002489369,0.12277389302886127,0.3937748009625876,0.360910595776647
"Murray Hill, Manhattan",east_41st_street/east_to_west/027_n00614_W.jpg,n00614,east_41st_street,east_to_west,W,27,W,0.2113913773740094,0.20672079386558417,0.17986614612381482,0.6371771635704576,0.24112665334475217,0.7840372949898899,0.7243823779968358,0.7936318590567076,0.07133283461130853,0.1993261057878028,0.4979783283806998,0.7298941230941376,0.3978576063040722,0.4104426219746904,8.257784085724218,0.3911486497495636,0.15,0.15,0.7,0.46062474394395564,0.4073408161721584,0.46062474394395564,0.4073408161721584,0.22377649254457052,0.4087181945038812,0.3617769926018435
"Murray Hill, Manhattan",east_41st_street/east_to_west/028_n00613_W.jpg,n00613,east_41st_street,east_to_west,W,28,W,0.2726387711578755,0.3079477292202228,0.2583896596703428,0.7804481161597195,0.2725246736708055,0.7832970225127088,0.7521373171161643,0.8454617834394904,0.14815440018005854,0.279658720016147,0.7223010970757124,0.7844617419761347,0.4501458586481114,0.6040066715498453,8.27623945558217,0.3900673282042179,0.15,0.15,0.7,0.6452421376556388,0.5958693216944899,0.6452421376556388,0.5958693216944899,0.4305024709587798,0.6022998210404866,0.3607768683346085
"Murray Hill, Manhattan",east_41st_street/east_to_west/029_n00612_W.jpg,n00612,east_41st_street,east_to_west,W,29,W,0.1994011079974387,0.14587194933580475,0.1324257425742574,0.7968696544645911,0.3024051021976333,0.7867972554227535,0.7332483612527313,0.8307038834951457,0.122805674627475,0.15923293330250027,0.38008091425167734,0.7750561452540344,0.42802701794010317,0.5225859362536106,8.29073054651688,0.38922037386606795,0.15,0.15,0.7,0.5285569484125905,0.4592227137507264,0.5285569484125905,0.4592227137507264,0.1512396997236101,0.5208065651178181,0.35999351245820915
"Murray Hill, Manhattan",east_41st_street/east_to_west/030_n00611_W.jpg,n00611,east_41st_street,east_to_west,W,30,W,0.3220260310450021,0.22145871937409925,0.17292535929531758,0.8148328100862111,0.3143658254989279,0.8115605658709106,0.5538407163053723,0.8240986421101919,0.17973231357552585,0.23880336990480633,0.6143513890669534,0.7748552088991584,0.3667865149404491,0.30402532360927154,7.323797567181957,0.4499721283763923,0.15,0.15,0.7,0.3887607773130515,0.35071824038461075,0.3887607773130515,0.35071824038461075,0.31646491977420227,0.3025185764939414,0.41618337034498093
"Murray Hill, Manhattan",east_41st_street/east_to_west/031_n00610_W.jpg,n00610,east_41st_street,east_to_west,W,31,W,0.3245995668973639,0.15459345300950375,0.17000105853710168,0.7812653411880216,0.16706424936386766,0.810205728116176,0.4140613847251962,0.801934947768281,0.16639600625526282,0.21639802614798975,0.5490359540329091,0.8053786798641449,0.2902286954902295,0.12168499926079326,7.710973478054793,0.42458374153010875,0.15,0.15,0.7,0.2025377904398696,0.18040396860807573,0.2025377904398696,0.18040396860807573,0.2613565604818634,0.1209249163320619,0.392701417266167
"Murray Hill, Manhattan",east_41st_street/east_to_west/032_n00609_W.jpg,n00609,east_41st_street,east_to_west,W,32,W,0.32996588090793216,0.19510443864229762,0.1533495407887628,0.793799912482223,0.26534296028880866,0.8030577956989248,0.5877957217736224,0.8216427353248611,0.1890934000476531,0.22613995344633087,0.5777831160183012,0.7833665625060917,0.3884445609106377,0.3767580536588334,7.632834032192674,0.42958953118736437,0.15,0.15,0.7,0.44833563868248844,0.4018910253604721,0.44833563868248844,0.4018910253604721,0.2845451448150602,0.37508510974348397,0.39733131827428464
"Murray Hill, Manhattan",east_41st_street/east_to_west/033_n00608_W.jpg,n00608,east_41st_street,east_to_west,W,33,W,0.19809876064920254,0.16762864041044212,0.12989718614718607,0.7399063984353171,0.21415243959324562,0.8164921863146715,0.5804459843638948,0.8045527850142662,0.150460593654043,0.16520819573561024,0.39711473735758307,0.7767689146187792,0.3654532890089689,0.29981044529860634,7.556202642204242,0.4345560271494957,0.15,0.15,0.7,0.3607230612205204,0.3138409386901813,0.3607230612205204,0.3138409386901813,0.1606758946920233,0.2983156334759993,0.4019248761814881
"Murray Hill, Manhattan",east_41st_street/east_to_west/034_n00607_W.jpg,n00607,east_41st_street,east_to_west,W,34,W,0.145105794211949,0.1874074896388395,0.13407848981619475,0.7331863285556781,0.2591918140825529,0.7881532485875705,0.6750473100838065,0.8020814258682781,0.13476771569257118,0.15553059122232774,0.3696699698626209,0.758691980113801,0.4049075128881888,0.4362519946947232,4.5640066977117,0.6807221870098923,0.15,0.15,0.7,0.4623790494305325,0.400947212028193,0.4623790494305325,0.400947212028193,0.1456245592073257,0.434499047917936,0.6296062271248152
"Murray Hill, Manhattan",east_41st_street/east_to_west/035_n00606_W.jpg,n00606,east_41st_street,east_to_west,W,35,W,0.15570891351596436,0.1918276492566977,0.17540847738574472,0.7423716114970712,0.23845241777502832,0.791099589544178,0.6990970367544195,0.8013908744341197,0.116099243435692,0.1743150133861356,0.4235493152504716,0.7684366893853875,0.40759814009505574,0.44620208314140647,4.410027571355876,0.6966277150239414,0.15,0.15,0.7,0.48034019151200574,0.41987974620041607,0.48034019151200574,0.41987974620041607,0.1759652948003676,0.44444067500107093,0.6443173966363328
"Murray Hill, Manhattan",east_41st_street/east_to_west/036_n00605_W.jpg,n00605,east_41st_street,east_to_west,W,36,W,0.17717855806926394,0.24472573839662445,0.1999527856468366,0.7578335754305873,0.4663210445468509,0.8078241284763025,0.7290919952210274,0.8239278828617581,0.1522545662100457,0.207285694037575,0.5218431703085542,0.7051468045818314,0.4406732807155366,0.5695705466043545,3.99781972848092,0.7410605380334849,0.15,0.15,0.7,0.5804384826549739,0.5157505521738253,0.5804384826549739,0.5157505521738253,0.2408038101951924,0.5678214706290402,0.6854137243150673
"Murray Hill, Manhattan",east_41st_street/east_to_west/037_n00604_W.jpg,n00604,east_41st_street,east_to_west,W,37,W,0.18946601615861364,0.22232142857142856,0.21575464949928466,0.7534456355283309,0.4038872452333991,0.7918260473588342,0.7754448253346392,0.7845402910898119,0.08083862014274386,0.20918069807644227,0.5275142713010038,0.7113662271282479,0.42814172273869155,0.5230151847555641,2.4102510869213947,0.9403175298574422,0.3,0.2,0.5,0.5576299116593433,0.4422603147622644,0.5576299116593433,0.4422603147622644,0.24498555280878245,0.5212359477768057,0.8697083532320161
"Murray Hill, Manhattan",east_41st_street/east_to_west/038_n00603_W.jpg,n00603,east_41st_street,east_to_west,W,38,W,0.1787089080435417,0.2964767616191904,0.2991601171212821,0.7926288218943768,0.310312397775597,0.8252786906372833,0.7060478199718706,0.8247877028915404,0.19718457821199706,0.2581152622613381,0.6676073270649138,0.76903470900344,0.45161619909193385,0.6092695837605344,4.8321276221328695,0.6538880344554836,0.15,0.15,0.7,0.63964160405115,0.5839679794273405,0.63964160405115,0.5839679794273405,0.36857781080183794,0.6075706794821101,0.6047870720123825
"Murray Hill, Manhattan",east_41st_street/east_to_west/039_n00602_W.jpg,n00602,east_41st_street,east_to_west,W,39,W,0.16172263046787125,0.23044944887875327,0.1981917677849155,0.7151628578933543,0.2110604805302403,0.7784302759134974,0.7249594105157987,0.8370326443013667,0.1279283093423652,0.19678794904384667,0.4903650399799667,0.7803783405548268,0.42644385992908196,0.5166583070701601,7.254004157344345,0.454707636545793,0.15,0.15,0.7,0.5453384226730452,0.48190922174961087,0.5453384226730452,0.48190922174961087,0.21853048233552833,0.5148773521336403,0.4205632855129461
"Murray Hill, Manhattan",east_41st_street/east_to_west/040_n00601_W.jpg,n00601,east_41st_street,east_to_west,W,40,W,0.34480961084087375,0.3037551440329218,0.24858427714856765,0.7740082244799226,0.23970370370370367,0.7889167631545092,0.6229607583774249,0.7911556879233824,0.14525252525252527,0.2990496773407877,0.7664898888374365,0.7751534028998671,0.3841066418149751,0.3616060123547303,6.671614679900035,0.49621687393480945,0.15,0.15,0.7,0.45378387897896927,0.42274681101449096,0.45378387897896927,0.42274681101449096,0.4882247045614589,0.35996149026228325,0.4589555618953629
"Murray Hill, Manhattan",east_41st_street/east_to_west/041_n00600_W.jpg,n00600,east_41st_street,east_to_west,W,41,W,0.3510523715854771,0.33193179163746783,0.31401046887181194,0.774926777590827,0.2711558307533539,0.7922445318429587,0.6680801376597837,0.8095550095550096,0.16303876976391596,0.3323315440315856,0.8303315060664846,0.7711086521308276,0.4155594537118498,0.47586671844811335,7.255112379888497,0.45463205523996225,0.15,0.15,0.7,0.5561536556862982,0.5266029891079088,0.5561536556862982,0.5266029891079088,0.587168547430763,0.4740884554156955,0.4204933796663125
"Murray Hill, Manhattan",east_41st_street/east_to_west/042_n00599_W.jpg,n00599,east_41st_street,east_to_west,W,42,W,0.24001877649965284,0.18563875281859885,0.1329339023856424,0.779692125518058,0.2041065857154903,0.8010441214977743,0.6324179874677479,0.7943277923592884,0.11168356776796418,0.186197143901298,0.45868584204731405,0.7899711107206187,0.37205077761785604,0.32098728630017626,3.431658645803761,0.8067440713608474,0.15,0.15,0.7,0.38762382565928766,0.34046987101654796,0.38762382565928766,0.34046987101654796,0.19760351318789082,0.3194350588187057,0.7461650299014486
"Murray Hill, Manhattan",east_41st_street/east_to_west/043_n00598_W.jpg,n00598,east_41st_street,east_to_west,W,43,W,0.3398579739306687,0.23239767580962148,0.2914113040517535,0.7038539553752535,0.21697099892588612,0.7777012225284432,0.5497222222222221,0.7462439903846153,0.10850834679590737,0.2878889845973479,0.7416702399236547,0.7443756489446609,0.32911528450906474,0.19888611637833814,3.442940759667126,0.8053799591708338,0.15,0.15,0.7,0.2953408896518667,0.27336078815928483,0.2953408896518667,0.27336078815928483,0.45486365933792705,0.19775238317182212,0.7449033499595887
"Murray Hill, Manhattan",east_41st_street/east_to_west/044_n00597_W.jpg,n00597,east_41st_street,east_to_west,W,44,W,0.37661806691805305,0.45580418381344306,0.5983796296296297,0.7900038163777124,0.3409889029358055,0.8244874048037493,0.6081964152352501,0.7954661666950741,0.20565455392499418,0.47693396012037526,0.9652164405527611,0.7481603600456603,0.4069254845801222,0.44371020087824653,4.345506252297734,0.7034025470846599,0.15,0.15,0.7,0.5392156642443624,0.5311854738842653,0.5392156642443624,0.5311854738842653,0.8896824425994718,0.4419507794250488,0.6505835012742461
"Murray Hill, Manhattan",east_41st_street/east_to_west/045_n00596_W.jpg,n00596,east_41st_street,east_to_west,W,45,W,0.18355492565729897,0.1959754009030048,0.19131040394299795,0.8001011592300963,0.35555799648506153,0.8559042403819151,0.7274695692883896,0.8376941255908171,0.18275231332042177,0.19028024350110057,0.4708737429903411,0.7607457627786173,0.45511094130440566,0.6216750672642887,5.567382133083876,0.5856064395111146,0.15,0.15,0.7,0.6146332028567746,0.5417216730131189,0.6146332028567746,0.5417216730131189,0.20548756784187416,0.6199964601622169,0.541632795281919
"Murray Hill, Manhattan",east_41st_street/east_to_west/046_n00595_W.jpg,n00595,east_41st_street,east_to_west,W,46,W,0.3366361909666961,0.26502525252525255,0.24006420055029043,0.7597782258064516,0.26773635362592424,0.798769135291684,0.745286374955532,0.8086445252258206,0.15606218215441514,0.28057521468074637,0.7245016852177322,0.7668954658021159,0.45067427855497355,0.6059009328317766,4.95862380594158,0.6415978516307596,0.15,0.15,0.7,0.6447590850021983,0.5957153172253175,0.6447590850021983,0.5957153172253175,0.43320087121763196,0.6041968967749752,0.5934197686004896
"Murray Hill, Manhattan",east_41st_street/west_to_east/001_n00595_E.jpg,n00595,east_41st_street,west_to_east,W,1,E,0.15602695741088266,0.19072741806554752,0.17639085337105143,0.7644544244843646,0.3437180049729413,0.8497948614474038,0.6389496717724289,0.8117272996154984,0.11283865306570144,0.17438174294916053,0.42374483572143157,0.7441545730423071,0.37589416241906515,0.33368000489684746,4.95862380594158,0.6415978516307596,0.15,0.15,0.7,0.390073335750636,0.34079360972399336,0.390073335750636,0.34079360972399336,0.176081435578144,0.33209641792595174,0.5934197686004896
"Murray Hill, Manhattan",east_41st_street/west_to_east/002_n00596_E.jpg,n00596,east_41st_street,west_to_east,W,2,E,0.32260303884098274,0.28697916666666673,0.24149016641452348,0.8198824541284404,0.19896759017250387,0.8184937774524158,0.5201765907764156,0.8009478672985781,0.15118382961124896,0.28369079064072433,0.731901106756295,0.8072875770848382,0.3356802101938323,0.2150420013819672,5.567382133083876,0.5856064395111146,0.15,0.15,0.7,0.31512902541224463,0.29106517043556673,0.31512902541224463,0.29106517043556673,0.44240268298423885,0.21384075585681478,0.541632795281919
"Murray Hill, Manhattan",east_41st_street/west_to_east/003_n00597_E.jpg,n00597,east_41st_street,west_to_east,W,3,E,0.43336575454299586,0.4067164179104477,0.3982069744458563,0.7857701668984701,0.1879024269440317,0.7844534962661235,0.4906009123800535,0.7917394087523277,0.13319164009918527,0.41276304896643323,0.9277852909965665,0.7965357162355886,0.31189627623961935,0.16089878199649207,4.345506252297734,0.7034025470846599,0.15,0.15,0.7,0.26600196210167576,0.258517018985662,0.26600196210167576,0.258517018985662,0.788757234585952,0.15993836049539736,0.6505835012742461
"Murray Hill, Manhattan",east_41st_street/west_to_east/004_n00598_E.jpg,n00598,east_41st_street,west_to_east,W,4,E,0.2822293458098787,0.148673792557403,0.12314843996218094,0.8066577500371527,0.283962726826876,0.8212658478605389,0.6062542258282625,0.8099009900990098,0.1200607902735562,0.1846838594431542,0.4541804881517202,0.7775320044364288,0.36315750805090935,0.2926315474000264,3.442940759667126,0.8053799591708338,0.15,0.15,0.7,0.36192352466135014,0.3176257934975813,0.36192352466135014,0.3176257934975813,0.19474002567832607,0.29115764485862883,0.7449033499595887
"Murray Hill, Manhattan",east_41st_street/west_to_east/005_n00599_E.jpg,n00599,east_41st_street,west_to_east,W,5,E,0.3549740093140673,0.38136123781414905,0.38164893617021284,0.8047321118228313,0.22720457314216103,0.8090303709235748,0.5911036480969313,0.8142555994729909,0.24595712673937578,0.3726613944328097,0.8881455071381349,0.7972610460512203,0.4185303874181535,0.48699188883040684,3.431658645803761,0.8067440713608474,0.15,0.15,0.7,0.5738229445630783,0.5519996700476455,0.5738229445630783,0.5519996700476455,0.6976707671324395,0.48521053849650925,0.7461650299014486
"Murray Hill, Manhattan",east_41st_street/west_to_east/006_n00600_E.jpg,n00600,east_41st_street,west_to_east,W,6,E,0.17916098439854963,0.18487701627618422,0.17250000000000001,0.7660402429764616,0.26253066947073256,0.7881694220714993,0.5933527885862516,0.8130811727382125,0.10956940387320135,0.1788460002249113,0.4368766035460304,0.7721969154146471,0.3514610962297265,0.25767585983358515,7.255112379888497,0.45463205523996225,0.15,0.15,0.7,0.3288248579556735,0.28775227659121244,0.3288248579556735,0.28775227659121244,0.18398867631883745,0.25631422336866044,0.4204933796663125
"Murray Hill, Manhattan",east_41st_street/west_to_east/007_n00601_E.jpg,n00601,east_41st_street,west_to_east,W,7,E,0.17873964601318892,0.3421741977734119,0.3468798380373943,0.6741268566840626,0.2329539706626201,0.7616306669831475,0.730180019074869,0.8227533515110202,0.08394342762063227,0.2892645606079984,0.7448202522785243,0.7546420791774875,0.4070617233477506,0.44421467893999894,6.671614679900035,0.49621687393480945,0.15,0.15,0.7,0.5197373265488391,0.4819873152175177,0.5197373265488391,0.4819873152175177,0.4589597168237006,0.4424548481438809,0.4589555618953629
"Murray Hill, Manhattan",east_41st_street/west_to_east/008_n00602_E.jpg,n00602,east_41st_street,west_to_east,W,8,E,0.1663438296214831,0.202920382421467,0.19061273769996978,0.7463119072708113,0.2976291278577477,0.830307508268243,0.6772508038585209,0.7924525306407569,0.12359234234234236,0.18662564991430663,0.45996285176553114,0.7470451033512735,0.40042157310043164,0.41978004236914007,7.254004157344345,0.454707636545793,0.15,0.15,0.7,0.4640082348486544,0.4078452539685217,0.4640082348486544,0.4078452539685217,0.19842008938778055,0.4180442021352498,0.4205632855129461
"Murray Hill, Manhattan",east_41st_street/west_to_east/009_n00603_E.jpg,n00603,east_41st_street,west_to_east,W,9,E,0.16889821070721775,0.19635972716488728,0.16342260977888512,0.5033074817518247,0.19182141446068748,0.7533614972290361,0.7033523617640475,0.7594507575757575,0.07628994994224107,0.17622684921699672,0.4291603285370455,0.6903122749556315,0.38982115585314425,0.3816188540325955,4.8321276221328695,0.6538880344554836,0.15,0.15,0.7,0.4245126643070859,0.37127734233578924,0.4245126643070859,0.37127734233578924,0.17931669111576956,0.3799374841450561,0.6047870720123825
"Murray Hill, Manhattan",east_41st_street/west_to_east/010_n00604_E.jpg,n00604,east_41st_street,west_to_east,W,10,E,0.19015571945768509,0.3181430278204472,0.29581392065508966,0.8080189186283994,0.32003421994089276,0.8295711060948081,0.7637276378240233,0.8298298686523943,0.21689885604258693,0.2680375559777406,0.6934823972482906,0.772604855779967,0.49031324693330514,0.7358868389821646,2.4102510869213947,0.9403175298574422,0.3,0.2,0.5,0.7299744123021026,0.6167710266342907,0.7299744123021026,0.6167710266342907,0.39669495232123625,0.7344985627891107,0.8697083532320161
"Murray Hill, Manhattan",east_41st_street/west_to_east/011_n00605_E.jpg,n00605,east_41st_street,west_to_east,W,11,E,0.16354311212949002,0.19267746608718558,0.18096243511920473,0.7288037166085947,0.21795834584960452,0.7805746853478984,0.6785009861932938,0.7998271214252227,0.11478405315614619,0.17906100444529344,0.4375114388704904,0.7702241640614043,0.39664251967472,0.4060395406243952,3.99781972848092,0.7410605380334849,0.15,0.15,0.7,0.45200039277563697,0.39587375174414713,0.45200039277563697,0.39587375174414713,0.1843763528455799,0.40432092547423987,0.6854137243150673
"Murray Hill, Manhattan",east_41st_street/west_to_east/012_n00606_E.jpg,n00606,east_41st_street,west_to_east,W,12,E,0.14585527767150594,0.1661276412246658,0.1589087809036658,0.6257597007947638,0.23022137543095633,0.7852118119975263,0.6437569213732003,0.7717766497461929,0.08122845399098384,0.1569638999332792,0.37368664816421937,0.7224383250366667,0.3624926876820921,0.29057157383622023,4.410027571355876,0.6966277150239414,0.15,0.15,0.7,0.345918223294199,0.29991560760186037,0.345918223294199,0.29991560760186037,0.14777758278418673,0.28910380629728333,0.6443173966363328
"Murray Hill, Manhattan",east_41st_street/west_to_east/013_n00607_E.jpg,n00607,east_41st_street,west_to_east,W,13,E,0.14588329052084584,0.13181159420289856,0.07814456084865255,0.5986087205966725,0.22774817446220644,0.795409813018417,0.5750629722921915,0.781636926438456,0.09804986550796609,0.11861314852413232,0.2735585488950996,0.7174991575243073,0.3365564189000788,0.21726885593095707,4.5640066977117,0.6807221870098923,0.15,0.15,0.7,0.26904751632766394,0.2299778069047222,0.26904751632766394,0.2299778069047222,0.098647080731261,0.21605859491447413,0.6296062271248152
"Murray Hill, Manhattan",east_41st_street/west_to_east/014_n00608_E.jpg,n00608,east_41st_street,west_to_east,W,14,E,0.36851139850173853,0.19771282305342255,0.1552625903159711,0.7724911380026892,0.21390287099179717,0.7801300524643464,0.4918624891209748,0.7924496071062522,0.14641626115166262,0.24049560395704406,0.619151243777141,0.7836792913723813,0.31913937513631874,0.17611273551090006,7.556202642204242,0.4345560271494957,0.15,0.15,0.7,0.2660380783061449,0.24006965225160648,0.2660380783061449,0.24006965225160648,0.32087386521435485,0.17508044883033955,0.4019248761814881
"Murray Hill, Manhattan",east_41st_street/west_to_east/015_n00609_E.jpg,n00609,east_41st_street,west_to_east,W,15,E,0.327678172519088,0.2042810709092464,0.18681751660475068,0.8020528235959098,0.2110452289023718,0.7968283339825998,0.5327040900811393,0.8097787586507548,0.16324869791666666,0.23959225334436168,0.616591809804083,0.8002621177814309,0.34797639399890296,0.24780488112962326,7.632834032192674,0.42958953118736437,0.15,0.15,0.7,0.3387360362243547,0.30563240194235136,0.3387360362243547,0.30563240194235136,0.3185162351849225,0.2464780864926317,0.39733131827428464
"Murray Hill, Manhattan",east_41st_street/west_to_east/016_n00610_E.jpg,n00610,east_41st_street,west_to_east,W,16,E,0.20504598228731905,0.22872048325096106,0.2158152242978777,0.8018618517268533,0.3056902683478824,0.8409616273693944,0.5353416026776925,0.8274195247879459,0.13154401614102154,0.2165272299453859,0.5494198080799068,0.7745303693889722,0.333442809409357,0.2094311243435044,7.710973478054793,0.42458374153010875,0.15,0.15,0.7,0.29448980983569384,0.2624394494328172,0.29448980983569384,0.2624394494328172,0.2616559836548939,0.20825290630864216,0.392701417266167
"Murray Hill, Manhattan",east_41st_street/west_to_east/017_n00611_E.jpg,n00611,east_41st_street,west_to_east,W,17,E,0.24557433093147144,0.23844614264919942,0.2061962408410322,0.7808325846061694,0.35637120916308734,0.8295874866779512,0.6679548837741899,0.840248538011696,0.14640463132236445,0.23007223814056765,0.5892502596516028,0.754903304484926,0.4071797575482772,0.44465184041551575,7.323797567181957,0.4499721283763923,0.15,0.15,0.7,0.5021607130115776,0.45123113589764624,0.5021607130115776,0.45123113589764624,0.29424837148323546,0.4428916578302938,0.41618337034498093
"Murray Hill, Manhattan",east_41st_street/west_to_east/018_n00612_E.jpg,n00612,east_41st_street,west_to_east,W,18,E,0.25192516637874596,0.23004439612213465,0.21225171797044143,0.7457929456112008,0.3542656112576957,0.734225621414914,0.778447742733457,0.8273378035520116,0.13666276689090381,0.23140709349044067,0.593121613077607,0.7396217126351723,0.4575552548121804,0.630259171673443,8.29073054651688,0.38922037386606795,0.15,0.15,0.7,0.6397148499972328,0.5757757207318679,0.6397148499972328,0.5757757207318679,0.2975857525460915,0.6285958975348725,0.35999351245820915
"Murray Hill, Manhattan",east_41st_street/west_to_east/019_n00613_E.jpg,n00613,east_41st_street,west_to_east,W,19,E,0.2536077039218378,0.24219270684566316,0.24596419137070735,0.6434980334316617,0.28115340816658535,0.7509574052364205,0.7282546739626082,0.7845406771768775,0.10456424936386773,0.24725486737940272,0.6380841415925368,0.7156284341473178,0.416409461663238,0.47904775812068057,8.27623945558217,0.3900673282042179,0.15,0.15,0.7,0.5311289810457124,0.4817575098387256,0.5311289810457124,0.4817575098387256,0.3387997291809128,0.4772684322057995,0.3607768683346085
"Murray Hill, Manhattan",east_41st_street/west_to_east/020_n00614_E.jpg,n00614,east_41st_street,west_to_east,W,20,E,0.15467495760871,0.1382198952879581,0.14026653171390016,0.5038522848034006,0.24288006417970318,0.6978824816377559,0.7233025928896017,0.7298831198022028,0.056468374339961803,0.14438712820352273,0.33908947397746086,0.6636184468086334,0.38988548361478176,0.3818465867033579,8.257784085724218,0.3911486497495636,0.15,0.15,0.7,0.40752771810531513,0.3517551738427399,0.40752771810531513,0.3517551738427399,0.1297624801440281,0.3801648302939725,0.3617769926018435
"Murray Hill, Manhattan",east_41st_street/west_to_east/021_n00615_E.jpg,n00615,east_41st_street,west_to_east,W,21,E,0.25783320419080913,0.2709412248253185,0.2625231910946197,0.6785714285714285,0.2837594231399541,0.7850877192982456,0.7433658780823632,0.7975427350427351,0.07167602996254681,0.2637658733702491,0.6824795809687944,0.7307849134914031,0.40752095402245503,0.4459160041173736,8.273768811890005,0.39021191260139493,0.15,0.15,0.7,0.5118692340935592,0.46835587810547963,0.5118692340935592,0.46835587810547963,0.3844942294148505,0.44415481956293096,0.360910595776647
"Murray Hill, Manhattan",east_41st_street/west_to_east/022_n00616_E.jpg,n00616,east_41st_street,west_to_east,W,22,E,0.3495058546837118,0.4724140766321329,0.5053984575835475,0.6278102664067576,0.3102168949771689,0.7729730737674348,0.7492950839769524,0.7917592779686132,0.12288039148742458,0.4424394629664641,0.9483029625898687,0.7031175497994007,0.4360877377321885,0.5526333027117475,8.273790889013517,0.390210620390046,0.15,0.15,0.7,0.6213012018875362,0.6089605320440922,0.6213012018875362,0.6089605320440922,0.842050886759048,0.5508696730353762,0.36090940059845605
"Murray Hill, Manhattan",east_41st_street/west_to_east/023_n00617_E.jpg,n00617,east_41st_street,west_to_east,W,23,E,0.22903021590096573,0.26899023098694425,0.2107394040347955,0.7489485822819156,0.31594336718990457,0.7832957534761368,0.7453427719821163,0.8402041942604858,0.11692247803358913,0.2362532836409018,0.6070763872568515,0.7577364697841655,0.4311326250078527,0.5341938867037481,8.256986758209393,0.3911954335842855,0.15,0.15,0.7,0.5738567167672386,0.5175888359220617,0.5738567167672386,0.5175888359220617,0.30988294110076503,0.5324190693409147,0.36182026340193163
"Murray Hill, Manhattan",east_41st_street/west_to_east/024_n00618_E.jpg,n00618,east_41st_street,west_to_east,W,24,E,0.15057943878218558,0.15977809064092252,0.14652539137075218,0.5794209702660407,0.27337209302325577,0.8206301824212271,0.7386170906718852,0.8085042037137846,0.0822824926607953,0.15229430693128676,0.36066746892549867,0.7048510269855232,0.41044979166634027,0.4567947378068112,6.937369123882666,0.47682517315294914,0.15,0.15,0.7,0.4705279334447823,0.4075280591486624,0.4705279334447823,0.4075280591486624,0.1408589183543789,0.45502587177691767,0.44101999904786754
"Murray Hill, Manhattan",east_41st_street/west_to_east/025_n00619_E.jpg,n00619,east_41st_street,west_to_east,W,25,E,0.2098374574720923,0.2498799231508165,0.23299915128368345,0.8158181026979983,0.5771518310612137,0.8470399234345091,0.7254769161304887,0.8553575735648818,0.13709590225970378,0.23090551063553072,0.5916682488124023,0.6980079484005555,0.43128640919509625,0.534767834762432,6.768173416840667,0.48908156074482806,0.15,0.15,0.7,0.5650755143337927,0.5082184545117603,0.5650755143337927,0.5082184545117603,0.29632914612586464,0.5329932924476484,0.45235604493730486
"Murray Hill, Manhattan",east_41st_street/west_to_east/026_n00620_E.jpg,n00620,east_41st_street,west_to_east,W,26,E,0.3066985014005484,0.27776193192622173,0.24286670786979814,0.7584238944706446,0.24119928400954657,0.7996334456112542,0.6242997198879552,0.8100355569707584,0.1311669829222011,0.2757757137321894,0.7128586528856574,0.7757533891439521,0.37773335140507813,0.33984170109199474,6.598977709798668,0.5016529884085409,0.15,0.15,0.7,0.429835948785222,0.39561224665401945,0.429835948785222,0.39561224665401945,0.4191174349488177,0.3382437160603078,0.4639834742938975
"Murray Hill, Manhattan",east_41st_street/west_to_east/027_n00621_E.jpg,n00621,east_41st_street,west_to_east,W,27,E,0.3656045414538431,0.39063257392147355,0.36273317112733167,0.5274431057563588,0.22719174871073608,0.7808703335542302,0.643574297188755,0.7716528640441683,0.14373433583959896,0.37299009550088275,0.8885367576838803,0.6906347403632636,0.393654316514177,0.39527663301398996,6.604707384510288,0.5012220273638096,0.15,0.15,0.7,0.4853101472368065,0.4666920763508152,0.4853101472368065,0.4666920763508152,0.6985020981440797,0.3935733870929947,0.46358487445010094
"Murray Hill, Manhattan",east_41st_street/west_to_east/028_n00622_E.jpg,n00622,east_41st_street,west_to_east,W,28,E,0.4141695254015685,0.5368829728230726,0.5387331594958713,0.6406721536351165,0.2965386852821408,0.7773411918795023,0.6474673202614379,0.7823493732308937,0.15404515522107243,0.49659521924017075,0.9723245155988949,0.7088276138612898,0.4007562377412552,0.42100322006205193,3.794510076043721,0.7640083875505616,0.15,0.15,0.7,0.516122238131222,0.509609187607469,0.516122238131222,0.509609187607469,0.9107995381808874,0.4192659767347829,0.7066384019159823
"Murray Hill, Manhattan",east_41st_street/west_to_east/029_n00623_E.jpg,n00623,east_41st_street,west_to_east,W,29,E,0.2703864213739267,0.1733751713193393,0.14715394566623544,0.7370790378006872,0.2791553952509769,0.787899688737974,0.5976353928299009,0.8030544823338372,0.09399816737935247,0.19697184611983382,0.4909165378507155,0.7536593749611825,0.3458167801046267,0.24181612750219802,4.725839178372322,0.6643966942774856,0.15,0.15,0.7,0.3189092371447619,0.2814556875474028,0.3189092371447619,0.2814556875474028,0.21890757649024217,0.24051114517220634,0.6145066283731517
"Murray Hill, Manhattan",east_41st_street/west_to_east/030_n00624_E.jpg,n00624,east_41st_street,west_to_east,W,30,E,0.1775411932261369,0.21878103277060576,0.17031222043299335,0.5613695090439276,0.3076923076923077,0.7758582746478874,0.6104428818159388,0.7624766063630691,0.12730761252852107,0.188878148809912,0.46668388442740355,0.6720512692382297,0.3688752471722299,0.31069517724372714,6.581527992611663,0.5029677637583176,0.15,0.15,0.7,0.37076432520550984,0.3260573991808974,0.37076432520550984,0.3260573991808974,0.20275426383059236,0.30917005860689506,0.4651995221373295
"Murray Hill, Manhattan",east_41st_street/west_to_east/031_n00625_E.jpg,n00625,east_41st_street,west_to_east,W,31,E,0.31074124635702954,0.2692887806009978,0.21431654676258996,0.6926655719759168,0.2544444444444445,0.7577076737524499,0.5933107928931318,0.7160813663404336,0.1323326980093181,0.26478219124020574,0.6851165274488517,0.7181008312906353,0.362821745451225,0.2915901028493201,6.277325824619536,0.526450023683111,0.15,0.15,0.7,0.37943153819129183,0.3470985347900739,0.37943153819129183,0.3470985347900739,0.38738450722587703,0.2901192944023085,0.48691848085168465
"Murray Hill, Manhattan",east_41st_street/west_to_east/032_n00626_E.jpg,n00626,east_41st_street,west_to_east,W,32,E,0.38893471807331964,0.27769191138588356,0.25496838301716346,0.6411502632644795,0.23696311515507285,0.774887462179913,0.5970671287382877,0.7981359268264443,0.1849150556531928,0.3071983374921222,0.7835338448520609,0.7341076916452836,0.39099109219574024,0.3857686960150404,4.689854849930475,0.6679925705158702,0.15,0.15,0.7,0.4724996796287157,0.4420125682326098,0.4724996796287157,0.4420125682326098,0.5126657970981469,0.3840803985333584,0.6178324874605451
"Murray Hill, Manhattan",east_41st_street/west_to_east/033_n00627_E.jpg,n00627,east_41st_street,west_to_east,W,33,E,0.2394661774207312,0.15492851768246804,0.08081729145558936,0.674196570110967,0.32149477586788006,0.7743301812450748,0.5459934978007267,0.7395312210487308,0.10568740261296894,0.1584039955195962,0.37773995999339716,0.6974110050972726,0.3258404502068478,0.1911750141315422,5.778908148357047,0.5673174687952357,0.15,0.15,0.7,0.25710116857898296,0.22293074572433122,0.25710116857898296,0.22293074572433122,0.14996723302095616,0.19007480814833402,0.5247171576397843
"Murray Hill, Manhattan",east_41st_street/west_to_east/034_n00628_E.jpg,n00628,east_41st_street,west_to_east,W,34,E,0.25660363930905195,0.2589411129119395,0.20463901203293222,0.613718673040707,0.26788235294117646,0.7695066932919162,0.605477424130274,0.8125091548264245,0.19527761599689378,0.24006125475130788,0.6179214327500946,0.719448491641985,0.40037752006358385,0.41961910439700795,5.83227093245531,0.562794548674467,0.15,0.15,0.7,0.4821571613228595,0.4355198383868238,0.4821571613228595,0.4355198383868238,0.31973911885090456,0.4178834503589788,0.5205338671180921
"Murray Hill, Manhattan",east_41st_street/west_to_east/035_n00629_E.jpg,n00629,east_41st_street,west_to_east,W,35,E,0.18785838602444166,0.2462588028169014,0.2058091893473808,0.6996685998343,0.40498442367601245,0.7902718843312903,0.7342407743496673,0.8110993044822257,0.04927095016824231,0.21330879272957462,0.5398417310614336,0.701927826880171,0.3917558622589548,0.38849043062487015,3.673075862400078,0.7780524198611107,0.15,0.15,0.7,0.4460156163459794,0.39716890641687425,0.4460156163459794,0.39716890641687425,0.25426362929432716,0.38679772261695616,0.7196278568880667
"Murray Hill, Manhattan",east_41st_street/west_to_east/036_n00630_E.jpg,n00630,east_41st_street,west_to_east,W,36,E,0.19072584142698507,0.24744496855345913,0.23546446243814664,0.7841084580660489,0.25351633393829404,0.8080354102826014,0.7613347625853581,0.8372766923582482,0.08763640454494322,0.22454509080619695,0.5731075016082007,0.7892896054953343,0.4244855835651507,0.5093198587832263,3.569072455077676,0.7902856091707273,0.15,0.15,0.7,0.5536232219354911,0.49618255970858466,0.5536232219354911,0.49618255970858466,0.2806650920245247,0.5075376375307631,0.7309424464723482
"Murray Hill, Manhattan",east_41st_street/west_to_east/037_n00631_E.jpg,n00631,east_41st_street,west_to_east,W,37,E,0.33719683043144716,0.28519496156339724,0.25550509221029455,0.6652079453755432,0.22774133083411438,0.7726547543075942,0.6873671044402752,0.7661602621388144,0.1519641429713372,0.29263229473504626,0.7524249588962393,0.7345422922267477,0.4196656237058062,0.4912469832145989,3.295001122676991,0.8234518768590914,0.15,0.15,0.7,0.5562652461487341,0.5168743212528633,0.5562652461487341,0.5168743212528633,0.4690101530736046,0.48946491858517027,0.7616182332552154
"Murray Hill, Manhattan",east_41st_street/west_to_east/038_n00632_E.jpg,n00632,east_41st_street,west_to_east,W,38,E,0.33288994804884897,0.2988704177323103,0.2129518072289156,0.690325777282299,0.27553453314874626,0.7649423907825251,0.6837226548016314,0.8011415945498066,0.2550171821305842,0.2815707243366916,0.7268797119544108,0.7386442795611198,0.4693699184661078,0.6705224081220844,2.7431540721195544,0.8945154438685227,0.3,0.2,0.5,0.7003779746269695,0.6001627179458577,0.7003779746269695,0.6001627179458577,0.43613640275438864,0.6689451191922131,0.8273455815988492
"Murray Hill, Manhattan",east_41st_street/west_to_east/039_n00633_E.jpg,n00633,east_41st_street,west_to_east,W,39,E,0.3516637819863261,0.380952380952381,0.3823398823398823,0.5311913696060038,0.2907509157509158,0.784966077685827,0.6785113268608414,0.7739374124241009,0.15,0.3716520150928631,0.8869365399894451,0.6714592887597295,0.4142556634304207,0.4709913515249548,2.274061704301268,0.9597242689253678,0.3,0.2,0.5,0.6113334615474705,0.5671604066867871,0.6113334615474705,0.5671604066867871,0.6951098113491968,0.46921499743657497,0.8876578251289484
"Murray Hill, Manhattan",east_41st_street/west_to_east/040_n00634_E.jpg,n00634,east_41st_street,west_to_east,W,40,E,0.35991716394548734,0.3472922125915474,0.3155559015882902,0.6239711934156379,0.30038937242327074,0.7400724995880705,0.6970003680529997,0.6827670441927604,0.23780264123257525,0.34092175937510827,0.8443636555270703,0.6687829550617092,0.46740150464278746,0.6639668861270479,1.553631953597192,1.0,0.4,0.25,0.35,0.7322921164089742,0.6432546760991193,0.7322921164089742,0.6432546760991193,0.6119116980617388,0.6623740164426397,0.988956947446505
"Murray Hill, Manhattan",east_41st_street/west_to_east/041_n00635_E.jpg,n00635,east_41st_street,west_to_east,W,41,E,0.37883179706959313,0.4057900583171341,0.38384384384384385,0.4829307163227647,0.3132921419518378,0.779423776639192,0.7082300884955752,0.718355119825708,0.32001755926251096,0.38948856641019036,0.9066891095117928,0.6293312313988783,0.5141238238790431,0.7992891344630123,1.427413365792444,1.0,0.4,0.25,0.35,0.7918620850855157,0.729099581247148,0.7918620850855157,0.729099581247148,0.738494198276089,0.7981427076983963,1.0
"Murray Hill, Manhattan",east_41st_street/west_to_east/042_n00636_E.jpg,n00636,east_41st_street,west_to_east,W,42,E,0.36540843858634786,0.3637469586374696,0.33263656633221855,0.38353487235861733,0.29571837780793003,0.7520666180403599,0.6948301059554255,0.7252121212121212,0.2386823222439661,0.35393065451867867,0.8637942335878812,0.6043428719209362,0.4667562140996958,0.6618038614507066,1.739885336204386,1.0,0.4,0.25,0.35,0.7196813113771434,0.6410798914155337,0.7196813113771434,0.6410798914155337,0.6482741939196058,0.6602059857772805,0.9617098480188296
"Murray Hill, Manhattan",east_41st_street/west_to_east/043_n00637_E.jpg,n00637,east_41st_street,west_to_east,W,43,E,0.3380349393861573,0.35390281146142105,0.30895037154989385,0.6256223794549266,0.2720479976442874,0.754530545305453,0.7456643452137103,0.718355119825708,0.14742291244654512,0.3336293741324907,0.8325143090899881,0.6906431672121157,0.4465436288301277,0.5910129490868405,0.98927568323025,1.0,0.5,0.3,0.2,0.7350068194816162,0.6188890609800156,0.7350068194816162,0.6188890609800156,0.590938507092845,0.589288175204459,1.0
"Murray Hill, Manhattan",east_41st_street/west_to_east/044_n00638_E.jpg,n00638,east_41st_street,west_to_east,W,44,E,0.3450202458382499,0.3488034807831762,0.3215846994535519,0.7414738124238734,0.3741031390134529,0.7856745325022262,0.7747119078104995,0.7972815414825725,0.19322044185481912,0.338469475358326,0.8404571865380849,0.7215507382976643,0.4839661748326593,0.7169723382595894,2.581346515563784,0.9164919663333078,0.3,0.2,0.5,0.7529380653371833,0.6815072003045263,0.7529380653371833,0.6815072003045263,0.6049008187873364,0.7155230745748749,0.8476718698533204
"Murray Hill, Manhattan",east_41st_street/west_to_east/045_n00639_E.jpg,n00639,east_41st_street,west_to_east,W,45,E,0.34667256049240125,0.34836457184858505,0.3206164457376872,0.642214297843437,0.4567134268537074,0.7204845814977974,0.6575306708431219,0.6645200068693113,0.23550425941192632,0.33855119269289113,0.8405886312981431,0.6166736259530137,0.4465174651275241,0.5909180826641027,4.173417347897318,0.7217960911668168,0.15,0.15,0.7,0.6269962293043367,0.5956162873825318,0.6269962293043367,0.5956162873825318,0.605135155877946,0.5891931867963613,0.6675958597870332
"Murray Hill, Manhattan",east_41st_street/west_to_east/046_n00640_E.jpg,n00640,east_41st_street,west_to_east,W,46,E,0.5149268496698383,0.6911216042905445,0.5905623558630477,0.24652544272584617,0.7685646028269958,0.5343665768194069,0.754957805907173,0.4399668958492488,0.09238745574102174,0.5988702699411435,0.9917269390539016,0.305975911916033,0.42367263082409734,0.5062720365830983,4.173417347897318,0.7217960911668168,0.15,0.15,0.7,0.5192549680558525,0.5164235706835462,0.5192549680558525,0.5164235706835462,0.9720974295078142,0.5044895151821571,0.6675958597870332
"Murray Hill, Manhattan",east_42nd_street/east_to_west/001_n00688_W.jpg,n00688,east_42nd_street,east_to_west,W,1,W,0.3407490854594309,0.3510003572704537,0.32495604509256387,0.47707457574342205,0.5232886611483379,0.7978968433771333,0.6479722446779844,0.6682692307692308,0.05139996744261762,0.33890182927414947,0.8411516446594184,0.5406850484547716,0.34968610606030104,0.2526160285125981,,1.0,0.45,0.15,0.4,0.4865410068882065,0.4189451896730317,0.4865410068882065,0.4189451896730317,0.6061401108554808,0.25127207918031647,1.0
"Murray Hill, Manhattan",east_42nd_street/east_to_west/002_n00686_W.jpg,n00686,east_42nd_street,east_to_west,W,2,W,0.20099520964423026,0.17260692464358454,0.13365246314275436,0.545525346927216,0.26588677065280186,0.7144450162978213,0.7038243812532912,0.6094325004842146,0.08876757403529767,0.16908486581018972,0.4083038512286952,0.6296903589195428,0.3962959776442944,0.40478651488081246,2.5181258194801743,0.9252244956445236,0.3,0.2,0.5,0.4433364809167851,0.3383518829318333,0.4433364809167851,0.3383518829318333,0.1670490004757482,0.4030696042341319,0.8557486667284774
"Murray Hill, Manhattan",east_42nd_street/east_to_west/003_n00685_W.jpg,n00685,east_42nd_street,east_to_west,W,3,W,0.24247283889757676,0.19073865766779155,0.13948407696832196,0.25357197142422855,0.20622804647392598,0.6607665805340225,0.7039724980901451,0.6182146542827658,0.07248418811447181,0.19089852451123007,0.4727226829508055,0.5551861930776893,0.3882283431023084,0.3759968024355419,2.5181258194801743,0.9252244956445236,0.3,0.2,0.5,0.43537324796146026,0.3389341816705747,0.43537324796146026,0.3389341816705747,0.2067015195775042,0.37432520855282436,0.8557486667284774
"Murray Hill, Manhattan",east_42nd_street/east_to_west/004_n00684_W.jpg,n00684,east_42nd_street,east_to_west,W,4,W,0.2904795365664652,0.2699942698100852,0.21777691039986116,0.3156805454102752,0.253644186863365,0.6702634982217911,0.6940347071583514,0.6085456475583864,0.04682252308984044,0.25941690559213715,0.6710643438242966,0.5568606687017654,0.3704286151240959,0.3157071829974823,2.5181258194801743,0.9252244956445236,0.3,0.2,0.5,0.4434256278202527,0.37065578934208177,0.4434256278202527,0.37065578934208177,0.37222036353655,0.3141686750482612,0.8557486667284774
"Murray Hill, Manhattan",east_42nd_street/east_to_west/005_n00683_W.jpg,n00683,east_42nd_street,east_to_west,W,5,W,0.26984195321427235,0.3200508051321794,0.25425134798838656,0.3793921175684703,0.2481116342946832,0.7546477282599252,0.7404195240016135,0.7611363254328459,0.07205937617437048,0.2813813687782794,0.726428376369257,0.630805602902211,0.406239450087992,0.44117167031213433,2.4314143327120616,0.9373372371594041,0.3,0.2,0.5,0.5503522634005392,0.47112474968230683,0.5503522634005392,0.47112474968230683,0.43557768497187493,0.4394143636867462,0.8669518530368606
"Murray Hill, Manhattan",east_42nd_street/east_to_west/006_n00682_W.jpg,n00682,east_42nd_street,east_to_west,W,6,W,0.2934633301539837,0.3043987994747703,0.2295967820102743,0.5458314488165233,0.3638561127499181,0.7941740412979351,0.525289979083476,0.7641554004942579,0.05494582216264521,0.2758196372130094,0.7129665297767763,0.6487102455202878,0.2901179006230606,0.12150748829949246,2.3447028459439485,0.9496085547903482,0.3,0.2,0.5,0.28882342644929326,0.24552254632787682,0.28882342644929326,0.24552254632787682,0.41924576269582614,0.12074836172690412,0.8783017078570867
"Murray Hill, Manhattan",east_42nd_street/east_to_west/007_n00681_W.jpg,n00681,east_42nd_street,east_to_west,W,7,W,0.24346876470000772,0.29741551689662066,0.19774316265679617,0.5437532266391326,0.31057422969187676,0.7870390855457227,0.6810083918007979,0.7976540616246499,0.04069738356095853,0.24620914808447483,0.6351812594275574,0.6769443528573018,0.3608528876808782,0.28552739324393706,2.3447028459439485,0.9496085547903482,0.3,0.2,0.5,0.4313241617349812,0.3554075305567706,0.4313241617349812,0.3554075305567706,0.33599436572584657,0.2840749026399105,0.8783017078570867
"Murray Hill, Manhattan",east_42nd_street/east_to_west/008_n00680_W.jpg,n00680,east_42nd_street,east_to_west,W,8,W,0.3518600686203543,0.3716244995314763,0.30773221042353227,0.657103825136612,0.5345701087766354,0.793030303030303,0.5296955213312091,0.7878874856486796,0.11170212765957448,0.3437389261917876,0.8487546897222503,0.6368070673362187,0.3206988244953918,0.17953256144608867,1.4029714460627134,1.0,0.4,0.25,0.35,0.45863265429313643,0.40363918861238457,0.45863265429313643,0.40363918861238457,0.6199087875412805,0.1784845719855473,1.0
"Murray Hill, Manhattan",east_42nd_street/east_to_west/009_n00679_W.jpg,n00679,east_42nd_street,east_to_west,W,9,W,0.3404502612018261,0.34974073214147516,0.2823745486240817,0.5804459843638948,0.5660377358490566,0.7676340925789861,0.5954195702671313,0.780918663761801,0.0895996370647613,0.3241885139891276,0.8161176192817893,0.5984423040922131,0.3425096036659463,0.23283784170183888,1.9870560307936316,1.0,0.4,0.25,0.35,0.4868839080008358,0.41897416874341364,0.4868839080008358,0.41897416874341364,0.5632976044691917,0.23156651311872792,0.926706764104547
"Murray Hill, Manhattan",east_42nd_street/east_to_west/010_n00678_W.jpg,n00678,east_42nd_street,east_to_west,W,10,W,0.1729705339458297,0.21026081593091903,0.18845963348192174,0.7611701758043221,0.46532931354359924,0.8172758037225042,0.6964338019917985,0.8145418927064497,0.09270114942528729,0.1905636611195568,0.4717211937661372,0.7034609183223908,0.3945674757085429,0.398555412903007,2.157688170312537,0.9766243194081939,0.3,0.2,0.5,0.46967556610439387,0.3655504442950984,0.46967556610439387,0.3655504442950984,0.20604338141126613,0.3968473103388189,0.9032888376414824
"Murray Hill, Manhattan",east_42nd_street/east_to_west/011_n00677_W.jpg,n00677,east_42nd_street,east_to_west,W,11,W,0.1569538524599381,0.20179663608562692,0.18661262979444793,0.7627802220825477,0.5484726482617587,0.8364392618424876,0.7549157303370787,0.8390779836277465,0.08719224390866183,0.18178770611333764,0.4455795531862078,0.6844618524828452,0.4210539871228703,0.4964525112378929,2.128415737709926,0.9809219731470571,0.3,0.2,0.5,0.512491045634123,0.39573611362048455,0.512491045634123,0.39573611362048455,0.1893478039881162,0.49466992387609987,0.9072637772095609
"Murray Hill, Manhattan",east_42nd_street/east_to_west/012_n00676_W.jpg,n00676,east_42nd_street,east_to_west,W,12,W,0.23823556480087713,0.2469921104536489,0.21585781886211067,0.7989263055148853,0.6806104957805906,0.8634198182351217,0.7243285939968405,0.8597703520352035,0.13863487916394515,0.23369516470554555,0.59973041815676,0.6593620539231659,0.4314817365803928,0.5354966960062476,2.243008269086686,0.9642051070411528,0.3,0.2,0.5,0.5775505620220264,0.46996837987074036,0.5775505620220264,0.46996837987074036,0.3033567274783179,0.5337225097534071,0.891802193616229
"Murray Hill, Manhattan",east_42nd_street/east_to_west/013_n00675_W.jpg,n00675,east_42nd_street,east_to_west,W,13,W,0.2765220795421173,0.21630786215598138,0.21009821976672813,0.7370553495398985,0.5203791782269785,0.8064150165016502,0.6577140053961247,0.7971213267751293,0.10881502890173411,0.2343093871549423,0.6014984680127466,0.6712658326960164,0.3832645171489294,0.358695109220843,2.228483664826084,0.9663081017376003,0.3,0.2,0.5,0.47480140310533653,0.38636846094655997,0.47480140310533653,0.38636846094655997,0.3049166353891425,0.35705642118665054,0.8937472728008957
"Murray Hill, Manhattan",east_42nd_street/east_to_west/014_n00674_W.jpg,n00674,east_42nd_street,east_to_west,W,14,W,0.1819872997058031,0.2554504859469398,0.22431406888499708,0.7244985061886471,0.34378642191142195,0.7864848887903643,0.53343837535014,0.795831074161094,0.06533512866546975,0.22058395151257998,0.5614397879682762,0.7255143861461063,0.2993867520078049,0.13714608612439833,4.333284506865599,0.7046932508521547,0.15,0.15,0.7,0.21753080902547645,0.1941958331707219,0.21753080902547645,0.1941958331707219,0.27116920464497807,0.13630441567130222,0.651777285089282
"Murray Hill, Manhattan",east_42nd_street/east_to_west/015_n00673_W.jpg,n00673,east_42nd_street,east_to_west,W,15,W,0.30955098672342723,0.2754029245383712,0.24066198224852067,0.7107736146477507,0.2753271747498076,0.7848594004183128,0.5332779623477298,0.7816690987422694,0.039983102231499444,0.275205297836773,0.7114555046276894,0.7390385128800707,0.28663053228961466,0.11603331617661915,3.985469823660952,0.7424346144355737,0.15,0.15,0.7,0.20106205418338935,0.1847914302672779,0.20106205418338935,0.1847914302672779,0.41745189573187347,0.11530390102451335,0.6866846202485473
"Murray Hill, Manhattan",east_42nd_street/east_to_west/016_n00672_W.jpg,n00672,east_42nd_street,east_to_west,W,16,W,0.21038995588170875,0.17447455051911875,0.12555039866714268,0.5163371773750686,0.20160010579211848,0.7487517217630854,0.6516253207869975,0.731678880746169,0.05651745495495497,0.17013830168932337,0.41136137249375343,0.682138650776373,0.35407138787097625,0.26523603538676715,3.9807113123144338,0.7429647361378527,0.15,0.15,0.7,0.32640529422140696,0.28453854312358773,0.32640529422140696,0.28453854312358773,0.16881535812525417,0.2638486484356525,0.6871749346987858
"Murray Hill, Manhattan",east_42nd_street/east_to_west/017_n00671_W.jpg,n00671,east_42nd_street,east_to_west,W,17,W,0.22531255397561797,0.1729270143487859,0.1580945198592257,0.48403095705253985,0.21000366099212883,0.7889232231994295,0.5586699642759,0.7613516764396331,0.03590483056957461,0.18544469606120983,0.4564447616423332,0.6784596575000146,0.2972873974227373,0.1334620151496578,3.2019013004344803,0.8350320304345263,0.15,0.15,0.7,0.20482700417899122,0.17967860559979665,0.20482700417899122,0.17967860559979665,0.1961757565773273,0.13263947843322446,0.7723288240678658
"Murray Hill, Manhattan",east_42nd_street/east_to_west/018_n00670_W.jpg,n00670,east_42nd_street,east_to_west,W,18,W,0.3470478616031989,0.31357595892479617,0.293946574752262,0.7658395449195763,0.4108931906945152,0.8231538992408557,0.6676666666666667,0.8155663611994265,0.09537037037037037,0.3181901317600857,0.8050688811831807,0.7235042384748291,0.38151851851851853,0.35269310667854953,3.830035537553397,0.7599479532344805,0.15,0.15,0.7,0.4445995287338047,0.4180327666563017,0.4445995287338047,0.4180327666563017,0.5455175208436047,0.3510668282167446,0.7028828687792332
"Murray Hill, Manhattan",east_42nd_street/east_to_west/019_n00669_W.jpg,n00669,east_42nd_street,east_to_west,W,19,W,0.18621222939899842,0.3063566645063729,0.2422596097674962,0.801309694936911,0.26665030273277696,0.8231956845238094,0.7218181818181818,0.8467966962442101,0.13025406861023303,0.2449428345576225,0.6316528256456729,0.793818696149448,0.4260361252142074,0.5151308482201037,3.218767718561785,0.8329221006755121,0.15,0.15,0.7,0.566724849247642,0.5134974045203636,0.566724849247642,0.5134974045203636,0.33261265140110025,0.5133495663948191,0.7703773305798888
"Murray Hill, Manhattan",east_42nd_street/east_to_west/020_n00668_W.jpg,n00668,east_42nd_street,east_to_west,W,20,W,0.1543486343733721,0.21550237171194478,0.2077110389610389,0.7678135917210467,0.3740832210746894,0.826111415191875,0.7228552717747215,0.8350094550455561,0.0833333333333333,0.19252068168211856,0.4775770951279711,0.7429132752306378,0.4030943025540274,0.4295749724352275,2.901647660292691,0.8735000003180607,0.3,0.2,0.5,0.4947891368863697,0.3858632881031822,0.4947891368863697,0.3858632881031822,0.2099116842100385,0.4278284942676361,0.8079082040935255
"Murray Hill, Manhattan",east_42nd_street/east_to_west/021_n00667_W.jpg,n00667,east_42nd_street,east_to_west,W,21,W,0.1617120851436084,0.29643485915492956,0.24740853658536585,0.741512027491409,0.39058984249437484,0.8288121454788122,0.7735519754507095,0.8186481169196177,0.12273980999080598,0.2351851602946346,0.604014814209364,0.7231901006388839,0.4481458927207578,0.5968093986450113,3.3568963877016915,0.8158420914248683,0.15,0.15,0.7,0.6153609983560804,0.5548801449821235,0.6153609983560804,0.5548801449821235,0.30714855307457867,0.5950923222032655,0.7545798725437538
"Murray Hill, Manhattan",east_42nd_street/east_to_west/022_n00666_W.jpg,n00666,east_42nd_street,east_to_west,W,22,W,0.14248749952252676,0.1791922872542322,0.15295660467334285,0.7944174376666143,0.6249636098981077,0.8760712674785746,0.7135209912185734,0.8386802541360004,0.2033847083711091,0.15821213048336724,0.37719893228869134,0.6693780273015023,0.45845284979484124,0.633391164163739,2.881406991290689,0.8761560639726315,0.3,0.2,0.5,0.5482030244291588,0.41490169731823295,0.5482030244291588,0.41490169731823295,0.1496739688011374,0.6317337467863524,0.8103648218569381
"Murray Hill, Manhattan",east_42nd_street/east_to_west/023_n00665_W.jpg,n00665,east_42nd_street,east_to_west,W,23,W,0.1608319310714884,0.19787003879438977,0.15657171414292856,0.806826878922394,0.37489988787441936,0.8519913885898815,0.7301247771836007,0.8757435897435898,0.11998585429928266,0.17175789466960223,0.41607542602104386,0.7692235269305214,0.4250553157414417,0.5114554290523455,3.5363689685514608,0.7941718977320026,0.15,0.15,0.7,0.5271681321963018,0.4604417849975677,0.5271681321963018,0.4604417849975677,0.17156000993998452,0.509673497059693,0.7345369105948275
"Murray Hill, Manhattan",east_42nd_street/east_to_west/024_n00664_W.jpg,n00664,east_42nd_street,east_to_west,W,24,W,0.1658340961664543,0.28745980707395496,0.2438492063492063,0.805415484819834,0.5359552931252636,0.8419764821856077,0.7495590828924162,0.8384565268893627,0.14056912991656734,0.23238103652987185,0.5959389957106384,0.7026389061946443,0.4450641064044918,0.5856379351387827,4.191330945812232,0.7198591998410823,0.15,0.15,0.7,0.6034350612164465,0.5432826056998263,0.6034350612164465,0.5432826056998263,0.3000344995319954,0.5839064524819462,0.6658044111414365
"Murray Hill, Manhattan",east_42nd_street/east_to_west/025_n00663_W.jpg,n00663,east_42nd_street,east_to_west,W,25,W,0.15141067993781157,0.20718087099917545,0.1727512552123224,0.7958175341836148,0.3681871602761863,0.8252198813663325,0.7003367003367004,0.8258169389796599,0.07308807767479981,0.17711426871643646,0.4317710922444757,0.751149104295696,0.3867123890057501,0.37067686237806124,4.192747064920084,0.719706305125263,0.15,0.15,0.7,0.4216419296019832,0.3688939826580453,0.4216419296019832,0.3688939826580453,0.18088918169401433,0.36901493315885847,0.6656629974090633
"Murray Hill, Manhattan",east_42nd_street/east_to_west/026_n00662_W.jpg,n00662,east_42nd_street,east_to_west,W,26,W,0.14192349261768297,0.16973238115847944,0.1947487721949376,0.6563333333333334,0.2821265492498369,0.8391809728183118,0.6893731933668036,0.8056109228622682,0.03289751159848168,0.16880154865703334,0.4074827427320006,0.7266059023152549,0.3611353524826426,0.2863925267619064,2.439136306180125,0.9362521517144015,0.3,0.2,0.5,0.38350708449923954,0.2924951069575805,0.38350708449923954,0.2924951069575805,0.1665764744834632,0.2849373903282028,0.8659482475041294
"Murray Hill, Manhattan",east_42nd_street/east_to_west/027_n00661_W.jpg,n00661,east_42nd_street,east_to_west,W,27,W,0.1644466091473557,0.2448510993598664,0.2122587504088976,0.6749862486248626,0.22775984216662182,0.8304870335230866,0.6924019607843137,0.8115907197333846,0.05334929546455306,0.20718548630537323,0.5215431130049993,0.7529390420638751,0.37287562812443337,0.3236899354250618,3.154244569854985,0.8410226514045614,0.15,0.15,0.7,0.3946371281258552,0.35020843939554147,0.3946371281258552,0.35020843939554147,0.24058404219250615,0.32213083878110776,0.7778696046374637
"Murray Hill, Manhattan",east_42nd_street/east_to_west/028_n00660_W.jpg,n00660,east_42nd_street,east_to_west,W,28,W,0.14371932051296823,0.15426577550619225,0.12964622923389504,0.649798927613941,0.236974358974359,0.8204141571864079,0.6694677871148459,0.8160061174020564,0.06931853222325006,0.14254377508435184,0.334149939259935,0.7429435620138793,0.36939315966904795,0.3123613900047789,3.145204550946264,0.8421638540674242,0.15,0.15,0.7,0.3593310316368454,0.30983304082926305,0.3593310316368454,0.30983304082926305,0.12728496175241186,0.31083178057319466,0.7789251135024031
"Murray Hill, Manhattan",east_42nd_street/east_to_west/029_n00659_W.jpg,n00659,east_42nd_street,east_to_west,W,29,W,0.14461601525335244,0.17056074766355142,0.12444137749737116,0.7536640153188983,0.3076923076923077,0.8127081880858316,0.7439493949394939,0.8212247876857749,0.054251304251304235,0.14653938013809167,0.34490134153286134,0.7557321651041218,0.39910034959539903,0.4149608095958863,5.598128108334853,0.5829119015874091,0.15,0.15,0.7,0.4415850646262228,0.38152592460419027,0.4415850646262228,0.38152592460419027,0.13270696744175728,0.4132307047357639,0.5391405923122451
"Murray Hill, Manhattan",east_42nd_street/east_to_west/030_n00658_W.jpg,n00658,east_42nd_street,east_to_west,W,30,W,0.1505117675002057,0.15459245095956375,0.14085960960960964,0.7755540905380801,0.35826336721166596,0.8496764107038977,0.6966582521937733,0.8530315038636814,0.09299850419974691,0.1486546093564597,0.35065878902736247,0.7567740757300319,0.3948283781967601,0.3994938943906799,5.842790221004313,0.5619072191764993,0.15,0.15,0.7,0.4311563121791513,0.3727898793608009,0.4311563121791513,0.3727898793608009,0.13565574904588676,0.39778442987576085,0.5197131678841124
"Murray Hill, Manhattan",east_42nd_street/east_to_west/031_n00657_W.jpg,n00657,east_42nd_street,east_to_west,W,31,W,0.14629159997968183,0.17671184022824535,0.1552671672652084,0.7895434794876136,0.6413025889967637,0.828020246714937,0.6105489417989417,0.81043568013907,0.15734562016735512,0.15942353582437852,0.38061997772394723,0.6528921902099732,0.3839472809831484,0.3610543753110502,5.80121218274174,0.5654226200209265,0.15,0.15,0.7,0.3977413894281862,0.345315798295461,0.3977413894281862,0.345315798295461,0.15153353716664203,0.3594109495617416,0.5229645945376394
"Murray Hill, Manhattan",east_42nd_street/east_to_west/032_n00656_W.jpg,n00656,east_42nd_street,east_to_west,W,32,W,0.15617458626645508,0.15079037800687287,0.12973177590309323,0.7647434569435813,0.21235294117647063,0.8296488083383124,0.49532657657657647,0.8100562364051144,0.08119147240486158,0.14556558005880704,0.34226585197251574,0.787482250724075,0.28825902449071905,0.11856241818460282,3.1736589328151603,0.8385770263001276,0.15,0.15,0.7,0.18465181711315984,0.15924314561797703,0.18465181711315984,0.15924314561797703,0.13136776666421088,0.1178192234870355,0.7756076234293473
"Murray Hill, Manhattan",east_42nd_street/east_to_west/033_n00655_W.jpg,n00655,east_42nd_street,east_to_west,W,33,W,0.1646832161103828,0.15879434286607283,0.13209899063602096,0.773677678059958,0.2074064026044493,0.8208665547629038,0.7100895188362552,0.8225342894542144,0.11170212765957448,0.15185884987082554,0.3594634223571538,0.7962685216365744,0.4108958232479148,0.45845534099167173,2.8616929026321527,0.878750791281725,0.3,0.2,0.5,0.47594507724707497,0.35815471011122174,0.47594507724707497,0.35815471011122174,0.1402277282798453,0.4566854507463543,0.8127647090688888
"Murray Hill, Manhattan",east_42nd_street/east_to_west/034_n00654_W.jpg,n00654,east_42nd_street,east_to_west,W,34,W,0.17148763979604012,0.1645938593082005,0.1279917004439297,0.8247274582460662,0.3412515375153751,0.8281427901681067,0.6787193373685887,0.8537592152561994,0.15735138004246285,0.15469106651605677,0.3673256148318932,0.7790783786622968,0.4180353587055258,0.4851369753127717,2.8700548527803478,0.8776492716936223,0.3,0.2,0.5,0.4906409388409971,0.3700819805223249,0.4906409388409971,0.3700819805223249,0.14437560435133384,0.48335601715613974,0.8117459034456789
"Murray Hill, Manhattan",east_42nd_street/east_to_west/035_n00653_W.jpg,n00653,east_42nd_street,east_to_west,W,35,W,0.14755844969779025,0.13753275410288235,0.15433307230488116,0.7718096372782632,0.19385719137374768,0.8480964870449849,0.653959528362014,0.8344472426707994,0.051682232781692074,0.14647475870185123,0.34472615238763066,0.8041332295251049,0.352820880571853,0.2615965756129777,2.822403146966777,0.8839449676737935,0.3,0.2,0.5,0.35573279017467613,0.26638984423280593,0.35573279017467613,0.26638984423280593,0.13261774096700724,0.26022148368213055,0.8175688507049885
"Murray Hill, Manhattan",east_42nd_street/east_to_west/036_n00652_W.jpg,n00652,east_42nd_street,east_to_west,W,36,W,0.1627933989997565,0.17350694444444445,0.1383741042747714,0.8189432008527486,0.3133206771080525,0.8556914856218801,0.6771979759645793,0.8680201386164509,0.11170212765957448,0.1582248159063241,0.3772346936562941,0.791214220787049,0.3944500518120769,0.39813327497538487,3.0957076755637005,0.8484397950988515,0.15,0.15,0.7,0.43777987224624654,0.3799599445690929,0.43777987224624654,0.3799599445690929,0.14969334377419272,0.3964257891164798,0.7847297892274758
"Murray Hill, Manhattan",east_42nd_street/east_to_west/037_n00651_W.jpg,n00651,east_42nd_street,east_to_west,W,37,W,0.1601720569034541,0.1885202738283307,0.1676446899091014,0.8058085407812183,0.3344274252370532,0.8511647194576663,0.728820429671666,0.8443923906871097,0.1523727844482561,0.17211234021362873,0.41710917236035083,0.7719245020770915,0.44059660705996107,0.5692885644421704,1.6741188790538528,1.0,0.4,0.25,0.35,0.5424503124414352,0.3803387573069723,0.5424503124414352,0.3803387573069723,0.1721653708153459,0.5675392126319815,0.9712440353544606
"Murray Hill, Manhattan",east_42nd_street/east_to_west/038_n00650_W.jpg,n00650,east_42nd_street,east_to_west,W,38,W,0.16619637604372087,0.1466281114718615,0.1583689341658451,0.8190707725553755,0.20253401907210966,0.8202390033053648,0.6899867921413242,0.8359272249013591,0.10546122350674376,0.15706447389380915,0.3739691571125411,0.817487992794875,0.397724007824034,0.40995778779759934,0.9689453402218572,1.0,0.5,0.3,0.2,0.4816262350327945,0.3026591789648598,0.4816262350327945,0.3026591789648598,0.1479296420583337,0.4082339868158049,1.0
"Murray Hill, Manhattan",east_42nd_street/east_to_west/039_n00649_W.jpg,n00649,east_42nd_street,east_to_west,W,39,W,0.16902798946763248,0.2154885968886875,0.2277140791240575,0.7879005867749944,0.39785178777393315,0.8418095801301005,0.6980259870064968,0.8408481882791564,0.1166110183639399,0.20407688849345915,0.5122282266305009,0.7436323290934058,0.40731850268521835,0.44516581818142853,1.424090526299827,1.0,0.4,0.25,0.35,0.5353127676158782,0.3906460602131212,0.5353127676158782,0.3906460602131212,0.23383472303818148,0.44340522547397954,1.0
"Murray Hill, Manhattan",east_42nd_street/east_to_west/040_n00648_W.jpg,n00648,east_42nd_street,east_to_west,W,40,W,0.23968657710083613,0.23140115667718195,0.2701057139033855,0.7644544244843646,0.34834070796460176,0.829070077271516,0.6859687458614753,0.8289855072463768,0.1599924949072585,0.24706448256046787,0.6375563822072374,0.7483664079220466,0.4229806203843669,0.5036772601394882,1.7930268069346893,1.0,0.4,0.25,0.35,0.6110677033631313,0.4736501230684817,0.6110677033631313,0.4736501230684817,0.33828813035771105,0.5018945876242324,0.954074319330033
"Murray Hill, Manhattan",east_42nd_street/east_to_west/041_n00647_W.jpg,n00647,east_42nd_street,east_to_west,W,41,W,0.27917538459837954,0.3082614342703405,0.3004366489046773,0.7732934728450424,0.38277947821017344,0.8314125295508275,0.674810674359899,0.821979046678734,0.13850388282709136,0.2959578225911324,0.7597836728137127,0.7374976804378676,0.4066572785934952,0.4427174019225575,2.611869723452681,0.9123054164440921,0.3,0.2,0.5,0.5765306695815581,0.5010034842835649,0.5765306695815581,0.5010034842835649,0.47895939558652995,0.4409587966320775,0.843799691260175
"Murray Hill, Manhattan",east_42nd_street/east_to_west/042_n00646_W.jpg,n00646,east_42nd_street,east_to_west,W,42,W,0.34535776964174236,0.39988139438943887,0.4112923864363403,0.7999946227886218,0.41945415210517556,0.8227489857348514,0.7698245224344736,0.8224433435827354,0.11108048511576625,0.38551051682250714,0.9025712420014688,0.7343279380887271,0.44045250377511996,0.5687584753316839,2.611869723452681,0.9123054164440921,0.3,0.2,0.5,0.6875216815147446,0.6439047611544672,0.6875216815147446,0.6439047611544672,0.7291709080169549,0.5670086080626157,0.843799691260175
"Murray Hill, Manhattan",east_42nd_street/east_to_west/043_n00645_W.jpg,n00645,east_42nd_street,east_to_west,W,43,W,0.15883484472513035,0.16433021806853584,0.18966986155484555,0.8065386046017323,0.26541404140414043,0.8318598559266536,0.6860071656050954,0.8214551811095827,0.08590259159964253,0.17094497478283724,0.4137073318653333,0.7875265814357248,0.385954878602369,0.36803015050877874,,1.0,0.45,0.15,0.4,0.4348155738618104,0.2910152723517991,0.4348155738618104,0.2910152723517991,0.1701779927423715,0.3663731794790261,1.0
"Murray Hill, Manhattan",east_42nd_street/east_to_west/044_n00644_W.jpg,n00644,east_42nd_street,east_to_west,W,44,W,0.2212020187091531,0.2154994850669413,0.17959960291197885,0.7958852867830424,0.3697376688658498,0.8233750570441359,0.6743799691467901,0.8466636878165028,0.21689885604258693,0.20543370222935772,0.5162953336369841,0.7576037685778985,0.44563941259468853,0.5877304857374618,,1.0,0.45,0.15,0.4,0.5759593012907107,0.4050588761543831,0.5759593012907107,0.4050588761543831,0.23676433078441406,0.5860015658065829,1.0
"Murray Hill, Manhattan",east_42nd_street/east_to_west/045_n00643_W.jpg,n00643,east_42nd_street,east_to_west,W,45,W,0.17245692675891014,0.22560461192350956,0.17160571668768387,0.792157522719623,0.3642044604101182,0.8379979828542612,0.6345546238911167,0.8113201964613291,0.1771894093686354,0.18988908512336783,0.46970441188825257,0.7464244195902778,0.40587201662987604,0.43981331275973967,,1.0,0.45,0.15,0.4,0.490429190933452,0.3369647750106577,0.490429190933452,0.3369647750106577,0.20472228958235753,0.43805717546904194,1.0
"Murray Hill, Manhattan",east_42nd_street/east_to_west/046_n00642_W.jpg,n00642,east_42nd_street,east_to_west,W,46,W,0.24098983496447418,0.2792042743023135,0.28596565315315314,0.7774811268642976,0.46431215755960314,0.8837608886757772,0.7090531672693183,0.8481462585034013,0.0866095430107527,0.2687199208066469,0.6952201933073818,0.7204384092693652,0.39783135514003554,0.41034734169217396,4.899269768662728,0.6473355689025803,0.15,0.15,0.7,0.483241276140531,0.4432567095222693,0.483241276140531,0.4432567095222693,0.39865630914240435,0.4086230370756868,0.5987266362077994
"Murray Hill, Manhattan",east_42nd_street/east_to_west/047_n00641_W.jpg,n00641,east_42nd_street,east_to_west,W,47,W,0.14367624652774247,0.19713775340644735,0.20152290928186947,0.7861511202560586,0.41286186931348223,0.8483633567662565,0.7547597113465376,0.8228536385936223,0.12682737169517885,0.1807789697386864,0.44259119863469343,0.7320476298453995,0.44079354152085826,0.5700127379653365,4.899269768662728,0.6473355689025803,0.15,0.15,0.7,0.5697712211093884,0.4998217100526975,0.5697712211093884,0.4998217100526975,0.18749675281466283,0.5682640968283434,0.5987266362077994
"Murray Hill, Manhattan",east_42nd_street/west_to_east/001_n00641_E.jpg,n00641,east_42nd_street,west_to_east,W,1,E,0.14396926719560543,0.15821986888552697,0.1397357723577236,0.7710790094339623,0.332579867389994,0.8770562285030655,0.6637779452398895,0.8375198223913732,0.12858391608391606,0.14730830281295199,0.3469891198791461,0.7586729881451137,0.3961809306619028,0.40437080166822575,4.899269768662728,0.6473355689025803,0.15,0.15,0.7,0.43431159511323464,0.3753323639142408,0.43431159511323464,0.3753323639142408,0.1337725687514698,0.40265446145711575,0.5987266362077994
"Murray Hill, Manhattan",east_42nd_street/west_to_east/002_n00642_E.jpg,n00642,east_42nd_street,west_to_east,W,2,E,0.17260269573339537,0.18481398993648432,0.17216175842936407,0.8211348684210527,0.24476688867745003,0.8531698958745223,0.6728980322003578,0.8547532546170148,0.21820897342111686,0.17652614803308125,0.4300404244512632,0.8103737447868724,0.44555350281073736,0.5874182070344064,4.899269768662728,0.6473355689025803,0.15,0.15,0.7,0.5882912364468663,0.5151156700955033,0.5882912364468663,0.5151156700955033,0.17984584572903384,0.5856889006872137,0.5987266362077994
"Murray Hill, Manhattan",east_42nd_street/west_to_east/003_n00643_E.jpg,n00643,east_42nd_street,west_to_east,W,3,E,0.21314369818327936,0.2350952673632453,0.22523512886283137,0.8072771046908978,0.3360790186849236,0.8250000000000001,0.6727053140096618,0.8523286575612157,0.14475144252108305,0.22449136480311865,0.5729497619664442,0.7745089145223966,0.40872837826537245,0.4503951328920685,,1.0,0.45,0.15,0.4,0.544432300082986,0.39418822786928004,0.544432300082986,0.39418822786928004,0.28053494810209834,0.44863058143623574,1.0
"Murray Hill, Manhattan",east_42nd_street/west_to_east/004_n00644_E.jpg,n00644,east_42nd_street,west_to_east,W,4,E,0.25988267714185614,0.2965987283337688,0.2664839027133417,0.8180857938164827,0.44999999999999996,0.8361875637104994,0.7521902377972466,0.8549817423056859,0.20065176908752327,0.2743217693963222,0.7092741162842969,0.7410225120407228,0.4764210034423849,0.6934535684653296,,1.0,0.45,0.15,0.4,0.7075351419395024,0.5553466401246235,0.7075351419395024,0.5553466401246235,0.41487583548060725,0.6919356206680964,1.0
"Murray Hill, Manhattan",east_42nd_street/west_to_east/005_n00645_E.jpg,n00645,east_42nd_street,west_to_east,W,5,E,0.2510996214401434,0.27897145934302636,0.26159485338120886,0.8336604899497487,0.5228899903621094,0.8363204344874405,0.7515242629249145,0.8505103310928553,0.23615664845173034,0.26388864472145956,0.682798751498844,0.7204269435601649,0.4938404556883224,0.7460408320426136,,1.0,0.45,0.15,0.4,0.7131407515544805,0.5505613070555488,0.7131407515544805,0.5505613070555488,0.38484294717644507,0.7446874114169539,1.0
"Murray Hill, Manhattan",east_42nd_street/west_to_east/006_n00646_E.jpg,n00646,east_42nd_street,west_to_east,W,6,E,0.16804772545562638,0.1869075829383886,0.17409749243406827,0.8080025814778962,0.5075321089905174,0.8402012549739822,0.7361056105610562,0.84622158181236,0.1067557803468208,0.17635093360936108,0.42952514787680074,0.7155640180999129,0.42143069545393846,0.49786512092595364,2.611869723452681,0.9123054164440921,0.3,0.2,0.5,0.5121322540768428,0.39350661833963174,0.5121322540768428,0.39350661833963174,0.179535922167352,0.49608245836959813,0.843799691260175
"Murray Hill, Manhattan",east_42nd_street/west_to_east/007_n00647_E.jpg,n00647,east_42nd_street,west_to_east,W,7,E,0.15131577524074322,0.14385453131077405,0.1463611719320196,0.7748489840746843,0.2943869128020411,0.8212329780935465,0.6690186712983066,0.8418838972083565,0.08173397307743573,0.1471771594945123,0.3466326202880635,0.7741153228269999,0.37537632218787115,0.33195521107072734,2.611869723452681,0.9123054164440921,0.3,0.2,0.5,0.3983471434161507,0.298536685568289,0.3983471434161507,0.298536685568289,0.13359031515982672,0.3303757510885735,0.843799691260175
"Murray Hill, Manhattan",east_42nd_street/west_to_east/008_n00648_E.jpg,n00648,east_42nd_street,west_to_east,W,8,E,0.1965380612591045,0.22164556962025314,0.2565757428153921,0.7888207547169811,0.31203034169856797,0.8316730094769048,0.689162989704506,0.8625929682217715,0.1856248523505788,0.22491979123158323,0.5742072075682898,0.7797944604133948,0.4373939210275424,0.5574720682950044,1.7930268069346893,1.0,0.4,0.25,0.35,0.6134802438595582,0.46081795075625054,0.6134802438595582,0.46081795075625054,0.2815737757646944,0.5557121784505139,0.954074319330033
"Murray Hill, Manhattan",east_42nd_street/west_to_east/009_n00649_E.jpg,n00649,east_42nd_street,west_to_east,W,9,E,0.1872849313728497,0.18053963158297023,0.23610576305994094,0.8077515723270441,0.21899722044045325,0.8359002566923358,0.7006336876533116,0.8355311355311356,0.11762734584450403,0.20131010867192028,0.5039302450663428,0.8080951624725755,0.4091305167489078,0.45188875180996096,1.424090526299827,1.0,0.4,0.25,0.35,0.5458519078428696,0.39687994911231794,0.5458519078428696,0.39687994911231794,0.2279391401799331,0.45012314116580204,1.0
"Murray Hill, Manhattan",east_42nd_street/west_to_east/010_n00650_E.jpg,n00650,east_42nd_street,west_to_east,W,10,E,0.1616467495002499,0.1616414554374489,0.13967136150234746,0.8053224744981903,0.2755560307955518,0.8510844177510845,0.6533154859967051,0.8331953185381473,0.15238177029657618,0.15431985548001542,0.36629100576460427,0.7876539207469286,0.40284862814664063,0.4286722057324373,0.9689453402218572,1.0,0.5,0.3,0.2,0.47559669091465034,0.2977764104086454,0.47559669091465034,0.2977764104086454,0.14382620145687747,0.42692665087612003,1.0
"Murray Hill, Manhattan",east_42nd_street/west_to_east/011_n00651_E.jpg,n00651,east_42nd_street,west_to_east,W,11,E,0.16607888272366303,0.17451225439144627,0.21399359886201993,0.8189033723399003,0.3838652482269504,0.8485879723689557,0.651395173453997,0.8518072289156627,0.18198465294733168,0.18486157865904307,0.45470921996093544,0.7622817843428709,0.41668991320066434,0.48009769562212723,1.6741188790538528,1.0,0.4,0.25,0.35,0.5273364085765971,0.37541369515146344,0.5273364085765971,0.37541369515146344,0.19507467475132537,0.4783180505532706,0.9712440353544606
"Murray Hill, Manhattan",east_42nd_street/west_to_east/012_n00652_E.jpg,n00652,east_42nd_street,west_to_east,W,12,E,0.1580012475730539,0.1308249058100337,0.13841722255912672,0.7323717948717948,0.19474267211997276,0.8354509803921569,0.44708765859284894,0.7994461040577545,0.06449690033381021,0.14241445864740476,0.33380476296640404,0.7790250756031921,0.25579227946332955,0.07634219882456587,3.0957076755637005,0.8484397950988515,0.15,0.15,0.7,0.13495589511343525,0.11622335929245274,0.13495589511343525,0.11622335929245274,0.12711268236012996,0.07584088534808442,0.7847297892274758
"Murray Hill, Manhattan",east_42nd_street/west_to_east/013_n00653_E.jpg,n00653,east_42nd_street,west_to_east,W,13,E,0.14085965142785245,0.11860119047619051,0.10428084277189138,0.7291017074981441,0.20714713174318203,0.8109169793621014,0.4645214521452145,0.8013680257510729,0.05062709482106172,0.12124722822531145,0.2798847693599403,0.7744408671686783,0.2575742734831381,0.07824850770243406,2.822403146966777,0.8839449676737935,0.3,0.2,0.5,0.18139673429989436,0.13336425692721426,0.18139673429989436,0.13336425692721426,0.10149349101761748,0.07773572966996431,0.8175688507049885
"Murray Hill, Manhattan",east_42nd_street/west_to_east/014_n00654_E.jpg,n00654,east_42nd_street,west_to_east,W,14,E,0.14782931337264096,0.11509479824987849,0.1504970760233918,0.6483630952380953,0.22588621229925576,0.8101944630000742,0.48052897395002664,0.7971029173419772,0.049250936329588026,0.13780706254863706,0.3216247190608888,0.7398599334269389,0.26488995513980734,0.08653859128744236,2.8700548527803478,0.8776492716936223,0.3,0.2,0.5,0.1970786771107897,0.146543636440501,0.1970786771107897,0.146543636440501,0.12110353420506328,0.08597655400986878,0.8117459034456789
"Murray Hill, Manhattan",east_42nd_street/west_to_east/015_n00655_E.jpg,n00655,east_42nd_street,west_to_east,W,15,E,0.16260585371067404,0.14757285081026086,0.13423302515160554,0.5640594651128045,0.29275802931088246,0.8096648044692737,0.6043316255239869,0.7953290870488323,0.08430458430458432,0.14813724322418015,0.3492464691698283,0.6888768409502514,0.3443181049142856,0.23771855132172634,2.8616929026321527,0.878750791281725,0.3,0.2,0.5,0.33006499038617,0.24746313390128435,0.33006499038617,0.24746313390128435,0.13492943985507305,0.23642878632510275,0.8127647090688888
"Murray Hill, Manhattan",east_42nd_street/west_to_east/016_n00656_E.jpg,n00656,east_42nd_street,west_to_east,W,16,E,0.14457940274250738,0.1643248681654177,0.1470341207349081,0.7571761189880456,0.40046948356807516,0.8379979828542612,0.6778754428999728,0.8088575899843505,0.14488217967599412,0.15197946388094438,0.35979674584303406,0.7218547418014403,0.4113788112879835,0.46025457555117877,3.1736589328151603,0.8385770263001276,0.15,0.15,0.7,0.47454208815570387,0.4109606991249509,0.47454208815570387,0.4109606991249509,0.1404023195265785,0.4584836199365899,0.7756076234293473
"Murray Hill, Manhattan",east_42nd_street/west_to_east/017_n00657_E.jpg,n00657,east_42nd_street,west_to_east,W,17,E,0.14596074116314345,0.19044918330308533,0.15525826220179473,0.7608840811965812,0.6697715424716345,0.8518832204065365,0.7407988675529297,0.8321130676552363,0.1212929108267317,0.16388939555600782,0.39333209471364716,0.6410752021267276,0.43104588918983067,0.5338701342301418,5.80121218274174,0.5654226200209265,0.15,0.15,0.7,0.5241495204619697,0.45630484495682805,0.5241495204619697,0.45630484495682805,0.15855311108210146,0.5320951637922391,0.5229645945376394
"Murray Hill, Manhattan",east_42nd_street/west_to_east/018_n00658_E.jpg,n00658,east_42nd_street,west_to_east,W,18,E,0.14862920518734118,0.18226042147361943,0.13613970995239677,0.7497603396329772,0.2895888987830217,0.8185039634555958,0.6420413211115962,0.8355906696764485,0.07169634489222121,0.15567644553778578,0.37007789612593917,0.7652540368421346,0.3568688330019087,0.2734939111835669,5.842790221004313,0.5619072191764993,0.15,0.15,0.7,0.33394748708031563,0.28936121437437357,0.33394748708031563,0.28936121437437357,0.14584245721096448,0.272079324122588,0.5197131678841124
"Murray Hill, Manhattan",east_42nd_street/west_to_east/019_n00659_E.jpg,n00659,east_42nd_street,west_to_east,W,19,E,0.16514083393288265,0.24252782193958664,0.18155659850262604,0.7794145068058923,0.32466918714555765,0.8234383150756391,0.7070599886813809,0.822296372347707,0.12401168786524575,0.19640841812503176,0.4892269219261942,0.7590138973360139,0.4155358382733133,0.4757783676196994,5.598128108334853,0.5829119015874091,0.15,0.15,0.7,0.512445042138113,0.45266531589624376,0.512445042138113,0.45266531589624376,0.21775370713435632,0.47400013616672776,0.5391405923122451
"Murray Hill, Manhattan",east_42nd_street/west_to_east/020_n00660_E.jpg,n00660,east_42nd_street,west_to_east,W,20,E,0.14775950795479495,0.14788780222765552,0.17394822006472488,0.7003113026819924,0.2564039001817881,0.852294826915597,0.7104308873720138,0.8381357909472702,0.07113402061855667,0.15653184341572512,0.37247399735254305,0.7606810644824915,0.3907824539952852,0.38502740551965353,3.145204550946264,0.8421638540674242,0.15,0.15,0.7,0.424315537344275,0.36799581670081694,0.424315537344275,0.36799581670081694,0.14712581936706026,0.3833403275481671,0.7789251135024031
"Murray Hill, Manhattan",east_42nd_street/west_to_east/021_n00661_E.jpg,n00661,east_42nd_street,west_to_east,W,21,E,0.13930757308178424,0.13118091913903437,0.1316290972449091,0.7479601631869451,0.23313635053329493,0.8349443468072643,0.6793470495785113,0.8144943890665162,0.05692298987155545,0.1340391964885759,0.3118403199922964,0.7764394005733887,0.3681350197250334,0.3083222418082478,3.154244569854985,0.8410226514045614,0.15,0.15,0.7,0.3547393562020097,0.30492722677960843,0.3547393562020097,0.30492722677960843,0.11637287819444705,0.3068035868025422,0.7778696046374637
"Murray Hill, Manhattan",east_42nd_street/west_to_east/022_n00662_E.jpg,n00662,east_42nd_street,west_to_east,W,22,E,0.13858549080695828,0.14468646149400374,0.1858769476628046,0.8065124933545986,0.19446454413892908,0.8599970124729256,0.6960630509487524,0.8626822801590809,0.05091387352207396,0.15638296665458887,0.3720565162752368,0.8249100764582502,0.3734884622354132,0.3257055645218031,2.439136306180125,0.9362521517144015,0.3,0.2,0.5,0.4082033697007627,0.30814612208875536,0.4082033697007627,0.30814612208875536,0.14690178832253512,0.32414141243384403,0.8659482475041294
"Murray Hill, Manhattan",east_42nd_street/west_to_east/023_n00663_E.jpg,n00663,east_42nd_street,west_to_east,W,23,E,0.14066675848010238,0.1427476684275745,0.1412507701786814,0.6822295805739514,0.3036631858113708,0.8500798316278395,0.6758465011286682,0.8156783820930689,0.058475256608750525,0.14155506569545273,0.3315153742753246,0.7314149256185498,0.36716087886870935,0.30521482651809323,4.192747064920084,0.719706305125263,0.15,0.15,0.7,0.3523092635054676,0.3036562472121943,0.3523092635054676,0.3036562472121943,0.12597282791229894,0.30370475672912023,0.6656629974090633
"Murray Hill, Manhattan",east_42nd_street/west_to_east/024_n00664_E.jpg,n00664,east_42nd_street,west_to_east,W,24,E,0.15057543497572312,0.1619645732689211,0.23338189273767132,0.45750442086648985,0.48728490939546215,0.8042844651705042,0.7796036615055021,0.817979797979798,0.04764559112385199,0.18197396699410517,0.44613178324086955,0.5960664364836086,0.41362462631467706,0.4686335926273398,4.191330945812232,0.7198591998410823,0.15,0.15,0.7,0.48227757266457333,0.42308808978255974,0.48227757266457333,0.42308808978255974,0.18969112407193142,0.4668582832517526,0.6658044111414365
"Murray Hill, Manhattan",east_42nd_street/west_to_east/025_n00665_E.jpg,n00665,east_42nd_street,west_to_east,W,25,E,0.19656751750824372,0.27903225806451615,0.23413324913167033,0.8121606137597768,0.6615110246433203,0.8565533641068681,0.7438687724704675,0.899055838312311,0.14445117641118854,0.23657767490147674,0.6080045418744837,0.6832351424762557,0.444159974440828,0.5823431257215694,3.5363689685514608,0.7941718977320026,0.15,0.15,0.7,0.6003393632097574,0.5416990207804474,0.6003393632097574,0.5416990207804474,0.3107160308695981,0.580607734749391,0.7345369105948275
"Murray Hill, Manhattan",east_42nd_street/west_to_east/026_n00666_E.jpg,n00666,east_42nd_street,west_to_east,W,26,E,0.2868142817970007,0.3786389049546945,0.3425336164189667,0.8016872288885133,0.44807544264819094,0.8331083419868467,0.751180926916221,0.8331644559076393,0.09762071378586423,0.33599560105688725,0.8364362128094066,0.7289254140493204,0.4244008203510426,0.5090021034455126,2.881406991290689,0.8761560639726315,0.3,0.2,0.5,0.6347844142556928,0.5729253957566565,0.6347844142556928,0.5729253957566565,0.5977842320442586,0.5072198447136088,0.8103648218569381
"Murray Hill, Manhattan",east_42nd_street/west_to_east/027_n00667_E.jpg,n00667,east_42nd_street,west_to_east,W,27,E,0.2736486922761612,0.4104098926002562,0.39785714285714285,0.7799603935096461,0.4096549379568248,0.8197666666666666,0.7432267591165896,0.8286720264568367,0.13117870722433458,0.36063857591118675,0.8729905137467164,0.7329924940032193,0.4372027331704621,0.556764470203181,3.3568963877016915,0.8158420914248683,0.15,0.15,0.7,0.6207066766988738,0.5947475604061382,0.6207066766988738,0.5947475604061382,0.6664021052619923,0.5550040125938257,0.7545798725437538
"Murray Hill, Manhattan",east_42nd_street/west_to_east/028_n00668_E.jpg,n00668,east_42nd_street,west_to_east,W,28,E,0.24608477444134771,0.24523591154590849,0.19508373851971905,0.787235014619883,0.3906947890818859,0.8222461327345311,0.6592105263157895,0.8325435095887374,0.12401304497082048,0.22880147483565838,0.5855544802706081,0.7430279117089114,0.39161178564330495,0.3879771397729207,2.901647660292691,0.8735000003180607,0.3,0.2,0.5,0.4998898130773162,0.40444921219885605,0.4998898130773162,0.40444921219885605,0.29109160107996246,0.38628525548055237,0.8079082040935255
"Murray Hill, Manhattan",east_42nd_street/west_to_east/029_n00669_E.jpg,n00669,east_42nd_street,west_to_east,W,29,E,0.30894331998726515,0.27572016460905346,0.20439302481556001,0.7715382654686803,0.2933105383131685,0.8044224488435646,0.5311927369648508,0.8104121927940825,0.13511989553656223,0.2630188364706262,0.680533805511884,0.7628799733165315,0.3331563162507065,0.2087204938768243,3.218767718561785,0.8329221006755121,0.15,0.15,0.7,0.3026853860430659,0.27651631728138865,0.3026853860430659,0.27651631728138865,0.3823749271870168,0.2075452241626891,0.7703773305798888
"Murray Hill, Manhattan",east_42nd_street/west_to_east/030_n00670_E.jpg,n00670,east_42nd_street,west_to_east,W,30,E,0.2170745165531693,0.20780503491363467,0.1395117090184355,0.7311294183917759,0.39366587490102933,0.7671533713200379,0.5226952495974236,0.7613610671489939,0.03924977804084051,0.18813042016174647,0.46445134027000345,0.69960820354658,0.2809725138191321,0.10760782818676237,3.830035537553397,0.7599479532344805,0.15,0.15,0.7,0.17744345026939776,0.15583417347737888,0.17744345026939776,0.15583417347737888,0.20130773267337346,0.10692497116974509,0.7028828687792332
"Murray Hill, Manhattan",east_42nd_street/west_to_east/031_n00671_E.jpg,n00671,east_42nd_street,west_to_east,W,31,E,0.21058119950936324,0.30312195800305936,0.27161842344802484,0.6809050772626932,0.43920595533498763,0.764110824742268,0.3898257448004497,0.7684630738522954,0.03702219631842244,0.26177386032014915,0.6772770757810551,0.6700540652600003,0.21342397055943607,0.04194120301292419,3.2019013004344803,0.8350320304345263,0.15,0.15,0.7,0.0964672840863409,0.08799509528315524,0.0964672840863409,0.08799509528315524,0.37885295411992476,0.04165560153132192,0.7723288240678658
"Murray Hill, Manhattan",east_42nd_street/west_to_east/032_n00672_E.jpg,n00672,east_42nd_street,west_to_east,W,32,E,0.20509366490060021,0.266166550360549,0.1291085657370518,0.46616741024006797,0.37565552277941655,0.7264288158795346,0.36598004922917476,0.7140406907972557,0.039837821752715406,0.20012292699940032,0.500368780931329,0.601517526085969,0.20290893549094507,0.03604188995056715,3.9807113123144338,0.7429647361378527,0.15,0.15,0.7,0.08157293021029242,0.07203071311989373,0.08157293021029242,0.07203071311989373,0.22544177784443267,0.0357949593470586,0.6871749346987858
"Murray Hill, Manhattan",east_42nd_street/west_to_east/033_n00673_E.jpg,n00673,east_42nd_street,west_to_east,W,33,E,0.25024790113180967,0.21916871752802844,0.1874787342633549,0.681307305530908,0.4836021505376344,0.8078286961265685,0.25476190476190474,0.7656727828746178,0.07543859649122808,0.21896511764106433,0.5566510516601627,0.6544593126226305,0.1651002506265664,0.020765132920512134,3.985469823660952,0.7424346144355737,0.15,0.15,0.7,0.057062941317662375,0.0508692129549947,0.057062941317662375,0.0508692129549947,0.26734702815660416,0.020620627668360998,0.6866846202485473
"Murray Hill, Manhattan",east_42nd_street/west_to_east/034_n00674_E.jpg,n00674,east_42nd_street,west_to_east,W,34,E,0.28700911040136606,0.2841215646602597,0.24661026141663953,0.66469677782468,0.6110065046217049,0.8185039634555958,0.5169762042948346,0.7598964326812429,0.08001511268808725,0.27258031215942174,0.7049461938979292,0.604528901961406,0.2984956584914609,0.13557200344335305,4.333284506865599,0.7046932508521547,0.15,0.15,0.7,0.21724758912653533,0.19940885289543644,0.21724758912653533,0.19940885289543644,0.40981208163325505,0.13473848470858107,0.651777285089282
"Murray Hill, Manhattan",east_42nd_street/west_to_east/035_n00675_E.jpg,n00675,east_42nd_street,west_to_east,W,35,E,0.15789560586076032,0.1620551999449377,0.0729527660120652,0.7166600186145459,0.6021903104148535,0.8241590214067278,0.7261490923136346,0.823895790200138,0.0895996370647613,0.13096785727258772,0.30398651088438333,0.6461218327999434,0.4078743646891979,0.4472261603718988,2.228483664826084,0.9663081017376003,0.3,0.2,0.5,0.4287289169478434,0.3176673540959895,0.4287289169478434,0.3176673540959895,0.11263621552737375,0.44546396141747396,0.8937472728008957
"Murray Hill, Manhattan",east_42nd_street/west_to_east/036_n00676_E.jpg,n00676,east_42nd_street,west_to_east,W,36,E,0.18408241725740582,0.30283938172043007,0.2094386487829111,0.742992267329467,0.6689870060991779,0.8186925605420273,0.7022958223560406,0.8198437590753325,0.14593114241001562,0.23212014925358232,0.595184923399753,0.6312830067685404,0.4241134823830281,0.5079248952165298,2.243008269086686,0.9642051070411528,0.3,0.2,0.5,0.5563398205519794,0.4519047945955712,0.5563398205519794,0.4519047945955712,0.29937743227198566,0.5061425201444575,0.891802193616229
"Murray Hill, Manhattan",east_42nd_street/west_to_east/037_n00677_E.jpg,n00677,east_42nd_street,west_to_east,W,37,E,0.2601956512345335,0.2735277542969851,0.21820244880726195,0.7696952453211937,0.43638948116560056,0.7920037336652147,0.7404195240016135,0.7923205902079141,0.15068687556766577,0.25064195144626017,0.6474167427084964,0.7085421181211691,0.44555319978463964,0.5874171054217244,2.128415737709926,0.9809219731470571,0.3,0.2,0.5,0.6279160825897723,0.5204348361852743,0.6279160825897723,0.5204348361852743,0.34796357928187865,0.5856877977138533,0.9072637772095609
"Murray Hill, Manhattan",east_42nd_street/west_to_east/038_n00678_E.jpg,n00678,east_42nd_street,west_to_east,W,38,E,0.35958229038780787,0.41746316208681794,0.3045182972367438,0.5396566710126032,0.5929961089494163,0.7832752106945655,0.6599911414831688,0.7802328843995511,0.09236396890717875,0.36052124990378986,0.8728343251674798,0.5756311488209126,0.3761775551951738,0.33462580545868487,2.157688170312537,0.9766243194081939,0.3,0.2,0.5,0.4972652573133247,0.4574427248075126,0.4972652573133247,0.4574427248075126,0.6660890385543351,0.33303997337719415,0.9032888376414824
"Murray Hill, Manhattan",east_42nd_street/west_to_east/039_n00679_E.jpg,n00679,east_42nd_street,west_to_east,W,39,E,0.2736943305762928,0.3284936856098371,0.3163603879530372,0.7173048234709101,0.5796743816655322,0.7893949719824321,0.688219958772887,0.801976678043231,0.08324927711653556,0.30618280137972237,0.7814597806785895,0.646535706616203,0.38573461794471126,0.3672620496761376,1.9870560307936316,1.0,0.4,0.25,0.35,0.5722059902231428,0.4815061512377713,0.5722059902231428,0.4815061512377713,0.5096207114115028,0.36560653621094896,0.926706764104547
"Murray Hill, Manhattan",east_42nd_street/west_to_east/040_n00680_E.jpg,n00680,east_42nd_street,west_to_east,W,40,E,0.397764996504509,0.4077094474153298,0.34236749890494966,0.5244444444444444,0.5556986872776347,0.773083122265715,0.5751277287505806,0.6939206762028608,0.07169634489222121,0.38261398094159615,0.8994716511923616,0.5542221444565568,0.3234120368214009,0.18560580097051665,1.4029714460627134,1.0,0.4,0.25,0.35,0.45869393907659883,0.41929557421283575,0.45869393907659883,0.41929557421283575,0.7222523751191603,0.18453033339647326,1.0
"Murray Hill, Manhattan",east_42nd_street/west_to_east/041_n00681_E.jpg,n00681,east_42nd_street,west_to_east,W,41,E,0.40712708405332454,0.4676610572836988,0.3629110925306578,0.37591057523235366,0.3466168091168091,0.7314586416707778,0.6295334994462901,0.7326749826749827,0.08878531073446327,0.412566411289227,0.9276270352324484,0.5873229162635091,0.3591594050903767,0.2803736535264547,2.3447028459439485,0.9496085547903482,0.3,0.2,0.5,0.46543175333804215,0.442126521749097,0.46543175333804215,0.442126521749097,0.7883638032075632,0.2789371447327497,0.8783017078570867
"Murray Hill, Manhattan",east_42nd_street/west_to_east/042_n00682_E.jpg,n00682,east_42nd_street,west_to_east,W,42,E,0.29248102535385007,0.30559219203376414,0.23145780051150897,0.2125813449023862,0.25473953181668324,0.7267117117117117,0.7566582562377347,0.6441214470284238,0.07406700998156272,0.2765103392997077,0.7146597182140734,0.5339877533713755,0.4153626331096487,0.47513041365546765,2.3447028459439485,0.9496085547903482,0.3,0.2,0.5,0.5497211748938147,0.46823645310214995,0.5497211748938147,0.46823645310214995,0.4212651581623733,0.47335241720248716,0.8783017078570867
"Murray Hill, Manhattan",east_42nd_street/west_to_east/043_n00683_E.jpg,n00683,east_42nd_street,west_to_east,W,43,E,0.25427858797728503,0.20923689830786918,0.1751845224781928,0.24208983294612238,0.18155219545532209,0.7256888168557536,0.7162912912912912,0.48044548044548047,0.08308232931726907,0.21290000292111566,0.5386229126473936,0.5136610393120935,0.39968681030428016,0.41709800596922736,2.4314143327120616,0.9373372371594041,0.3,0.2,0.5,0.4695045757879346,0.37364467371289717,0.4695045757879346,0.37364467371289717,0.25333460558906334,0.4153653168277893,0.8669518530368606
"Murray Hill, Manhattan",east_42nd_street/west_to_east/044_n00684_E.jpg,n00684,east_42nd_street,west_to_east,W,44,E,0.29816184761138187,0.22919367383977182,0.2446786526141765,0.21209753047827448,0.20020599250936325,0.6084209555432577,0.5973658296405712,0.4243324989570296,0.04857135284139099,0.2573447246884434,0.6655522974545245,0.4787413456419803,0.3229685912409811,0.1846024590939396,2.5181258194801743,0.9252244956445236,0.3,0.2,0.5,0.3281660006150366,0.2735723945789869,0.3281660006150366,0.2735723945789869,0.3664285279552105,0.18353149506892796,0.8557486667284774
"Murray Hill, Manhattan",east_42nd_street/west_to_east/045_n00685_E.jpg,n00685,east_42nd_street,west_to_east,W,45,E,0.2532488020820451,0.18017065087088358,0.23511994379203047,0.41855670103092785,0.6052892234548336,0.7777090827338129,0.7401290812452542,0.7263242375601927,0.06487796123474514,0.22284646558165302,0.5681133004040473,0.5131972383787623,0.40250352123999966,0.42740486238029707,2.5181258194801743,0.9252244956445236,0.3,0.2,0.5,0.48284426621121135,0.388265954798415,0.48284426621121135,0.388265954798415,0.2765682797906415,0.42566062329040605,0.8557486667284774
"Murray Hill, Manhattan",east_42nd_street/west_to_east/046_n00686_E.jpg,n00686,east_42nd_street,west_to_east,W,46,E,0.23903822702374708,0.25053726953964484,0.24464600655076843,0.685413129598189,0.6805237003058103,0.7681901759915944,0.7809139784946236,0.7439803182579565,0.04793416811961748,0.24474050103805345,0.631087727996618,0.5829565825167784,0.41442407330712056,0.47162080859661926,2.5181258194801743,0.9252244956445236,0.3,0.2,0.5,0.5369707655181857,0.44205325676598284,0.5369707655181857,0.44205325676598284,0.33207389910511054,0.46984418899825736,0.8557486667284774
"Murray Hill, Manhattan",east_42nd_street/west_to_east/047_n00688_E.jpg,n00688,east_42nd_street,west_to_east,W,47,E,0.42410417365123687,0.6246950896171386,0.541020910209102,0.41578980333208065,0.7885964912280702,0.7500686813186813,0.7638506801161546,0.6820148953301127,0.19604798441115578,0.5299400578258258,0.9812802814762169,0.43640273581137434,0.4799493322636552,0.7045875298631371,,1.0,0.45,0.15,0.4,0.7611390135615552,0.7453590998160682,0.7611390135615552,0.7453590998160682,0.9384034824807366,0.7031011100333356,1.0
"Murray Hill, Manhattan",lexington_avenue/north_to_south/001_n00722_S.jpg,n00722,lexington_avenue,north_to_south,W,1,S,0.18789133125058355,0.26734613876911023,0.26182128730672427,0.7998224412996237,0.6906988828267081,0.8549123150140167,0.7054644808743169,0.8490251572327043,0.19820463933905308,0.23901958577547266,0.6149659265161296,0.6527162385685399,0.451834560106685,0.6100490499554815,7.747440732145052,0.42226757165435663,0.15,0.15,0.7,0.6170092135311877,0.5575465343660275,0.6170092135311877,0.5575465343660275,0.31702643535868763,0.6083513562198852,0.39055917039265464
"Murray Hill, Manhattan",lexington_avenue/north_to_south/002_n00721_S.jpg,n00721,lexington_avenue,north_to_south,W,2,S,0.1728529431037605,0.1898484848484848,0.18966986155484555,0.8075299760191846,0.665420819490587,0.8332521592311188,0.68344382414515,0.838297178757705,0.1540840935304603,0.18412376316903029,0.4525148291355107,0.6601354450954342,0.41876395883780515,0.48786722780949027,7.737735740965732,0.4228827347658942,0.15,0.15,0.7,0.5047787131547122,0.4433119412966344,0.5047787131547122,0.4433119412966344,0.19368820063966244,0.4860857094430309,0.39112814042641075
"Murray Hill, Manhattan",lexington_avenue/north_to_south/003_n00720_S.jpg,n00720,lexington_avenue,north_to_south,W,3,S,0.2348804809820865,0.23193770742915495,0.19367747098839536,0.793010752688172,0.26987274830606517,0.8206186592401035,0.6458600427350428,0.817650350474171,0.16077359905710917,0.2201652197998789,0.5602021811388983,0.7802627849520926,0.403316820896076,0.4303930534473018,7.728030749786412,0.42349879405246205,0.15,0.15,0.7,0.4895460272822453,0.437574917141684,0.4895460272822453,0.437574917141684,0.2701772674094961,0.4286457486049198,0.3916979393407152
"Murray Hill, Manhattan",lexington_avenue/north_to_south/004_n00719_S.jpg,n00719,lexington_avenue,north_to_south,W,4,S,0.18170613316771678,0.18584309814676306,0.15066478409224615,0.7979052382488975,0.24254358328082337,0.8326881720430107,0.6075683725968047,0.822311870484628,0.09760573226144702,0.17273800513557533,0.41893570878444425,0.7925578418175673,0.35258705242912586,0.26091963533751783,7.739101293356987,0.4227961233571762,0.15,0.15,0.7,0.3309264543002727,0.2888033210482118,0.3309264543002727,0.2888033210482118,0.17323807673942077,0.259546851013333,0.3910480327359175
"Murray Hill, Manhattan",lexington_avenue/north_to_south/005_n00718_S.jpg,n00718,lexington_avenue,north_to_south,W,5,S,0.21303279313255005,0.21175738171469227,0.1840266035396235,0.7832005312084993,0.3795011562603238,0.8289508764913683,0.5252984650369528,0.8180649717514124,0.07229539040451553,0.20293892612895525,0.5088158646639895,0.7405881155665293,0.29879692772073413,0.13610247236703693,5.807113037558484,0.5649223699276976,0.15,0.15,0.7,0.21385864827984036,0.1892006914380055,0.21385864827984036,0.1892006914380055,0.2313971465685682,0.13526620257025715,0.5225019086140322
"Murray Hill, Manhattan",lexington_avenue/north_to_south/006_n00717_S.jpg,n00717,lexington_avenue,north_to_south,W,6,S,0.23166274875557927,0.19546324937398732,0.17664941785252264,0.786604624929498,0.3074120779038812,0.8238906375362588,0.6071693907875186,0.7876137265677475,0.1548751200768492,0.20125847199402974,0.5037753442318651,0.7556020911977881,0.38102225543218393,0.350995518004255,5.844453708028255,0.5617670278625451,0.15,0.15,0.7,0.41571013098586174,0.36786463755325827,0.41571013098586174,0.36786463755325827,0.22783011250252252,0.34937284234380683,0.5195835036452515
"Murray Hill, Manhattan",lexington_avenue/north_to_south/007_n00716_S.jpg,n00716,lexington_avenue,north_to_south,W,7,S,0.3043059874997557,0.2359938063063063,0.19936799770180982,0.774825649571067,0.35260586319218246,0.7930455874534822,0.6379557291666668,0.8174570615906357,0.13254744105807933,0.24655593050262392,0.6361450180265641,0.7465589493231735,0.38525158511237306,0.36557996262939063,4.253937112893738,0.7131306989125281,0.15,0.15,0.7,0.4421612754340981,0.4006820147541729,0.4421612754340981,0.4006820147541729,0.33692341329684666,0.36392767043414254,0.6595811585948418
"Murray Hill, Manhattan",lexington_avenue/north_to_south/008_n00715_S.jpg,n00715,lexington_avenue,north_to_south,W,8,S,0.31213021533881014,0.2234324403885782,0.19466736450337288,0.7551590566296449,0.3347193347193347,0.7921688698807672,0.6533368031459634,0.825147762454264,0.1103515625,0.2434100067435871,0.6273628868242754,0.748529161454858,0.3818441828229817,0.3538091482788325,4.0586906730433165,0.7343249765878064,0.15,0.15,0.7,0.4314172168779559,0.390261504433284,0.4314172168779559,0.390261504433284,0.3285421862107568,0.35218052355719437,0.6791839414310853
"Murray Hill, Manhattan",lexington_avenue/north_to_south/009_n00714_S.jpg,n00714,lexington_avenue,north_to_south,W,9,S,0.2367484468257134,0.22654768063459216,0.19963454807494338,0.7503620190318577,0.44997159494390004,0.8088960238697541,0.5922184006878761,0.7904453635437272,0.13847894529712712,0.22097689184508296,0.5626004710801285,0.696945262543895,0.3653486729925016,0.2994811274071802,3.84347338309953,0.7584176865313677,0.15,0.15,0.7,0.3736529676056213,0.3339088856919526,0.3736529676056213,0.3339088856919526,0.2721021216050362,0.2979872587416078,0.7014675109962386
"Murray Hill, Manhattan",lexington_avenue/north_to_south/010_n00713_S.jpg,n00713,lexington_avenue,north_to_south,W,10,S,0.388804853944313,0.39231113279661706,0.40490845959595956,0.8002967822555451,0.47129666800481734,0.8205000902690016,0.7248939620758484,0.834552602766995,0.20382992534891273,0.39534148211229647,0.9124639432934633,0.7211842390059076,0.4643619437123806,0.653719485417076,1.160935649420998,1.0,0.5,0.3,0.2,0.7954264166675227,0.7216668524710823,0.7954264166675227,0.7216668524710823,0.7518291651069473,0.6521034924618497,1.0
"Murray Hill, Manhattan",lexington_avenue/north_to_south/012_n00711_S.jpg,n00711,lexington_avenue,north_to_south,W,12,S,0.3714426798352342,0.3147583214697309,0.2936483583921449,0.7904280447056112,0.6347215649156018,0.8238786650908886,0.6826426542731733,0.8218999386126459,0.26264806819439834,0.32661645323237,0.8204497332534424,0.6592021394675518,0.4726453612337858,0.6812843451669552,0.7233931252892168,1.0,0.55,0.35,0.1,0.7459641249864817,0.6106754999442447,0.7459641249864817,0.6106754999442447,0.5704509909708906,0.6797339683981761,1.0
"Murray Hill, Manhattan",lexington_avenue/north_to_south/013_n00710_S.jpg,n00710,lexington_avenue,north_to_south,W,13,S,0.27691732044222583,0.22648617320748468,0.25072181319474524,0.6867973856209151,0.5409022837888431,0.8082024076719038,0.6846084169453733,0.7873609435732476,0.18714387464387458,0.25137510228148524,0.6494223897315023,0.6444186818017732,0.43587614579462397,0.5518484949858693,0.6998329931550488,1.0,0.55,0.35,0.1,0.6372074145507803,0.45338117313387793,0.6372074145507803,0.45338117313387793,0.3499623303770626,0.55008429024733,1.0
"Murray Hill, Manhattan",lexington_avenue/north_to_south/014_n00709_S.jpg,n00709,lexington_avenue,north_to_south,W,14,S,0.2903338414141714,0.2544894272659654,0.22096181164870057,0.7587782095861457,0.6740770681756939,0.8207803391626921,0.7174208452235359,0.8041192068944736,0.19125436378957508,0.2552616934429458,0.6599654648659977,0.6296067827683085,0.45433760450655547,0.618942965423117,0.7430321722312218,1.0,0.55,0.35,0.1,0.6450242136616064,0.46250352223126173,0.6450242136616064,0.46250352223126173,0.36064501414164246,0.617259699276383,1.0
"Murray Hill, Manhattan",lexington_avenue/north_to_south/015_n00708_S.jpg,n00708,lexington_avenue,north_to_south,W,15,S,0.3462714422601311,0.3508527131782946,0.3446061643835617,0.7228770595690747,0.4981788749494132,0.7971866096866097,0.7460373787556186,0.8245482811216708,0.20105100298762268,0.3472434399406624,0.8540743841267969,0.6830821552471107,0.47354419087162064,0.6842046870556525,0.8282478787237983,1.0,0.5,0.3,0.2,0.7640590765253036,0.6558020876401017,0.7640590765253036,0.6558020876401017,0.6297665071205607,0.6826618991441765,1.0
"Murray Hill, Manhattan",lexington_avenue/north_to_south/016_n00707_S.jpg,n00707,lexington_avenue,north_to_south,W,16,S,0.388138012338921,0.36633254716981134,0.32303955586398336,0.7167816532515651,0.4499630450849963,0.7868685824546895,0.7444215906257791,0.8159811482433591,0.22082327239277913,0.3591700384575719,0.8710236934232976,0.6942665854699759,0.4826224315092791,0.7128643653434545,0.9190104173973354,1.0,0.5,0.3,0.2,0.7817614387720192,0.6814987484190062,0.7817614387720192,0.6814987484190062,0.6624730325640127,0.7114025336149471,1.0
"Murray Hill, Manhattan",lexington_avenue/north_to_south/017_n00706_S.jpg,n00706,lexington_avenue,north_to_south,W,17,S,0.2432937326663111,0.20004964010920823,0.1726335224714041,0.704001429081815,0.5674209770114942,0.8054617117117117,0.6155391394504925,0.7787339268051433,0.1903657054469119,0.20532563174897445,0.5159714597586483,0.6384381262918213,0.4029524224487022,0.4290535555947193,0.878486971373653,1.0,0.5,0.3,0.2,0.5300914327924906,0.3586137540170846,0.5300914327924906,0.3586137540170846,0.23653006170627539,0.42730760929427475,1.0
"Murray Hill, Manhattan",lexington_avenue/north_to_south/018_n00705_S.jpg,n00705,lexington_avenue,north_to_south,W,18,S,0.28845827561361087,0.2726023075536326,0.25496838301716346,0.7722019464720195,0.5736555188043612,0.8204254244776873,0.5709986436080027,0.8002343794660721,0.1895635285699684,0.27200965539480226,0.7035198585500864,0.6662602690445768,0.38028108608898553,0.34846718271449706,0.773020008528748,1.0,0.55,0.35,0.1,0.6434185201805553,0.47669920463565363,0.6434185201805553,0.47669920463565363,0.40815683978973466,0.34684994889990234,1.0
"Murray Hill, Manhattan",lexington_avenue/north_to_south/019_n00704_S.jpg,n00704,lexington_avenue,north_to_south,W,19,S,0.3477714823802177,0.3194829670720432,0.28382720456979654,0.6522753792298718,0.38536131774707744,0.7651215156456246,0.6920766186033361,0.7867300175225771,0.14967562557924005,0.31702721800735245,0.8028695596499471,0.6845480263351238,0.4208761220912881,0.49578555765314536,1.7279617143924708,1.0,0.4,0.25,0.35,0.6517211761023349,0.5562549114950351,0.6517211761023349,0.5562549114950351,0.5420555492594825,0.4940030156834493,0.9634314468149537
"Murray Hill, Manhattan",lexington_avenue/north_to_south/020_n00703_S.jpg,n00703,lexington_avenue,north_to_south,W,20,S,0.2032767303633349,0.18588407810449947,0.1473189607517966,0.7204937189599767,0.41405715263518134,0.8177456930905525,0.6167199786751967,0.7710630189192869,0.14525252525252527,0.17882658973987697,0.4368193010413569,0.6924998617480274,0.380986251963861,0.3508725053162125,1.8836213744184256,1.0,0.4,0.25,0.35,0.4539707994588385,0.3206905236750858,0.4539707994588385,0.3206905236750858,0.18395370814550382,0.3492500923181689,0.9411969216221171
"Murray Hill, Manhattan",lexington_avenue/north_to_south/021_n00702_S.jpg,n00702,lexington_avenue,north_to_south,W,21,S,0.25557549379348493,0.23192668371696504,0.2697251773049645,0.5734008283479062,0.6632539350884524,0.8245094229648339,0.742324024171158,0.7964818981386786,0.10265571037275219,0.2524091182718048,0.6522421352149405,0.5688762637993774,0.4224898672719551,0.5018369940044013,1.7915554022340276,1.0,0.4,0.25,0.35,0.5750623428230757,0.4491765743623001,0.5750623428230757,0.4491765743623001,0.35279028229348564,0.5000542725199543,0.9542849169854929
"Murray Hill, Manhattan",lexington_avenue/north_to_south/022_n00701_S.jpg,n00701,lexington_avenue,north_to_south,W,22,S,0.2868027119124147,0.2677774742784303,0.21375539956803458,0.5634959349593496,0.5698686371100163,0.7684590690208668,0.7106159716544017,0.7074354881617452,0.0803700777031476,0.25611186191962654,0.6622511612574842,0.5670209286703594,0.3954930246787747,0.40188798911818846,0.8478830217834497,1.0,0.5,0.3,0.2,0.5720211626087996,0.4231394215201233,0.5720211626087996,0.4231394215201233,0.3630007269178761,0.4001751069971975,1.0
"Murray Hill, Manhattan",lexington_avenue/north_to_south/023_n00700_S.jpg,n00700,lexington_avenue,north_to_south,W,23,S,0.2279102778906257,0.2794953802416489,0.22864360073484388,0.633263888888889,0.5510090644775097,0.7891666666666667,0.6407178783721994,0.7568436176648518,0.10932597641458401,0.24534975295570616,0.6327882138902386,0.6130328140254102,0.3750219273933917,0.33077740210769335,0.8920241533379277,1.0,0.5,0.3,0.2,0.5505306132319568,0.39940523218742535,0.5505306132319568,0.39940523218742535,0.33369747609054395,0.32920078461076485,1.0
"Murray Hill, Manhattan",lexington_avenue/north_to_south/024_n00699_S.jpg,n00699,lexington_avenue,north_to_south,W,24,S,0.3386112438287149,0.30770029057700293,0.260545540238011,0.5135705669481303,0.7210923217550275,0.7752686984687869,0.6985823106220904,0.7363452461227243,0.15845858650463704,0.30228569154790963,0.7733681494403829,0.509607830438609,0.42852044856336374,0.5244322083572391,0.8847502031267274,1.0,0.5,0.3,0.2,0.6313960200882063,0.5062884142835089,0.6313960200882063,0.5062884142835089,0.49793058129590406,0.5226534329190643,1.0
"Murray Hill, Manhattan",lexington_avenue/north_to_south/025_n00698_S.jpg,n00698,lexington_avenue,north_to_south,W,25,S,0.36501987615719966,0.33648681640625,0.3410135223841408,0.6505174875089222,0.7520339794209141,0.8107690144805285,0.7457047791893526,0.7955640443251428,0.20677377589453863,0.34750673831586343,0.8544677264789037,0.5646825174710504,0.4762392775419456,0.6928738053928676,0.6339840600174776,1.0,0.55,0.35,0.1,0.7238182836962841,0.612250968686345,0.7238182836962841,0.612250968686345,0.6305028944385997,0.6913542645154429,1.0
"Murray Hill, Manhattan",lexington_avenue/north_to_south/026_n00697_S.jpg,n00697,lexington_avenue,north_to_south,W,26,S,0.3625942143755208,0.33235599170256896,0.30245492903720755,0.6065841865756543,0.5363812938891379,0.7925690258242167,0.7524661176874249,0.7987560615644106,0.27835444522636643,0.3324683783717658,0.8305627090700475,0.6229863180836424,0.5154102814568957,0.8023669822540084,0.7925968668293141,1.0,0.55,0.35,0.1,0.7484445295716801,0.6186211639408855,0.7484445295716801,0.6186211639408855,0.5875665168080096,0.8012337638292311,1.0
"Murray Hill, Manhattan",lexington_avenue/north_to_south/027_n00696_S.jpg,n00696,lexington_avenue,north_to_south,W,27,S,0.3703933640935045,0.36986863711001644,0.3189736346516007,0.5595731613695686,0.6909838683916307,0.75803916827853,0.7670055821371612,0.7420731707317073,0.23344132469402448,0.3530785452850405,0.8625867059979594,0.536887487903215,0.5002234534155928,0.7637503350913741,0.7650477073962161,1.0,0.55,0.35,0.1,0.7218480851046555,0.6155825655943093,0.7218480851046555,0.6155825655943093,0.6459391521683234,0.7624612432585339,1.0
"Murray Hill, Manhattan",lexington_avenue/north_to_south/028_n00695_S.jpg,n00695,lexington_avenue,north_to_south,W,28,S,0.35719693987074014,0.33454428029385647,0.3149837475096991,0.6428425774877651,0.5587221633085896,0.8041684078562473,0.7264319809069213,0.7760983922353115,0.19992581602373885,0.3355749892247652,0.8357445094278706,0.6200729354714956,0.46317889846533006,0.6496915084130129,0.7664742479629877,1.0,0.55,0.35,0.1,0.7341184403893911,0.6097204359981192,0.7341184403893911,0.6097204359981192,0.5965700613237217,0.6480668377201589,1.0
"Murray Hill, Manhattan",lexington_avenue/north_to_south/029_n00694_S.jpg,n00694,lexington_avenue,north_to_south,W,29,S,0.2697263058974986,0.26132850241545896,0.20289555800293688,0.676470588235294,0.6188307644402927,0.8041684078562473,0.7054234769687965,0.7730653158008192,0.15564694716861757,0.24465012210529813,0.6308351921706354,0.6102350465319402,0.43053521206870704,0.531963397270215,0.7949402449275175,1.0,0.55,0.35,0.1,0.613007698192966,0.43040073056360323,0.613007698192966,0.43040073056360323,0.33183338946942903,0.5301875556468377,1.0
"Murray Hill, Manhattan",lexington_avenue/north_to_south/030_n00693_S.jpg,n00693,lexington_avenue,north_to_south,W,30,S,0.3566792611471046,0.3257268785099879,0.29704786942710043,0.7478787878787879,0.4846260590125621,0.7780829596412556,0.6993404052767578,0.7829650275399828,0.15632550497728814,0.32648466969473094,0.8202166556795472,0.6820725854687362,0.42783295512702296,0.5218596384089663,0.6468532759368927,1.0,0.55,0.35,0.1,0.7349483176592893,0.6014582465863668,0.7349483176592893,0.6014582465863668,0.5700634463032676,0.5200800462640913,1.0
"Murray Hill, Manhattan",lexington_avenue/north_to_south/031_n00692_S.jpg,n00692,lexington_avenue,north_to_south,W,31,S,0.26116524384610074,0.2396627244853263,0.21591957203467996,0.6427507077931754,0.4161389621811786,0.7748349124318117,0.6318287037037037,0.7878874856486796,0.15628294328484074,0.2389158467887023,0.6146711210248385,0.6714997437535588,0.3940558234942722,0.3967171385658349,1.44552911473294,1.0,0.4,0.25,0.35,0.5391218373965335,0.4129195343932397,0.5391218373965335,0.4129195343932397,0.3167569571498437,0.39501174007668255,1.0
"Murray Hill, Manhattan",lexington_avenue/north_to_south/032_n00691_S.jpg,n00691,lexington_avenue,north_to_south,W,32,S,0.3136749196666876,0.2829532589357917,0.28041170982038727,0.5494225087295193,0.5228630514705883,0.7845664780269686,0.6091342876618949,0.7444327238631036,0.1359482842422475,0.29234662947428885,0.7517858361641592,0.5903307270406781,0.3725412859520712,0.32259302108396826,1.43763736977968,1.0,0.4,0.25,0.35,0.5263089334082048,0.4347348180306173,0.5263089334082048,0.4347348180306173,0.4681565409429921,0.3210366998896687,1.0
"Murray Hill, Manhattan",lexington_avenue/north_to_south/033_n00690_S.jpg,n00690,lexington_avenue,north_to_south,W,33,S,0.28071453266878693,0.2678327411861164,0.2281261561228265,0.7727388942154043,0.5814781160078751,0.8386220966729442,0.6826426542731733,0.8116817259819289,0.1585281246664532,0.2588911433259099,0.6696701816083093,0.667647501396486,0.4205853894698132,0.4946954095441382,1.819917269078076,1.0,0.4,0.25,0.35,0.601865500365215,0.4745014885825835,0.601865500365215,0.4745014885825835,0.3707472826490546,0.4929129554264524,0.9502337452431266
"Murray Hill, Manhattan",lexington_avenue/north_to_south/034_n00689_S.jpg,n00689,lexington_avenue,north_to_south,W,34,S,0.214968760112174,0.20463963963963963,0.2045075125208681,0.7847386992760236,0.49050105964274904,0.8218163869693978,0.6600958826847152,0.8136816340310601,0.19602690177461288,0.20803863742422724,0.5240972293036563,0.7026397578881115,0.42806139222966405,0.5227145753110131,1.819917269078076,1.0,0.4,0.25,0.35,0.5634307416318229,0.41344063973077694,0.5634307416318229,0.41344063973077694,0.2424594896433913,0.5209352441041006,0.9502337452431266
"Murray Hill, Manhattan",lexington_avenue/south_to_north/001_n00689_N.jpg,n00689,lexington_avenue,south_to_north,W,1,N,0.3710256586924976,0.47358834244080145,0.5677650429799427,0.7595779101404515,0.6836663891201776,0.8149594242841832,0.7747119078104995,0.8330737279335411,0.21215344938749192,0.47079301470441387,0.9626557232461822,0.6363284163179382,0.4934326785989957,0.744880203356329,1.819917269078076,1.0,0.4,0.25,0.35,0.793485471944076,0.765786850315432,0.793485471944076,0.765786850315432,0.8822394475958725,0.7435227238276155,0.9502337452431266
"Murray Hill, Manhattan",lexington_avenue/south_to_north/002_n00690_N.jpg,n00690,lexington_avenue,south_to_north,W,2,N,0.3325099563529898,0.3200100553041729,0.30067611920703685,0.693532150497043,0.5215119105493436,0.7941447416906183,0.7605175930647629,0.7898960815462007,0.19988525530694204,0.31773204362139984,0.8042047646238705,0.6539721071646334,0.48020142418585243,0.70537399160001,1.819917269078076,1.0,0.4,0.25,0.35,0.7294294069772735,0.6234552471620279,0.7294294069772735,0.6234552471620279,0.544154307817257,0.7038898659282924,0.9502337452431266
"Murray Hill, Manhattan",lexington_avenue/south_to_north/003_n00691_N.jpg,n00691,lexington_avenue,south_to_north,W,3,N,0.24956574346666854,0.2757583682008368,0.23722755448910218,0.7536807705538355,0.5657142857142857,0.795160154875044,0.6600094620167614,0.8055888024469712,0.11761744966442955,0.2541838887188692,0.6570570325634666,0.664518429095507,0.38881345584059546,0.3780582481586049,1.43763736977968,1.0,0.4,0.25,0.35,0.5430171371622646,0.42509831577751,0.5430171371622646,0.42509831577751,0.35766817601112955,0.3763830174898918,1.0
"Murray Hill, Manhattan",lexington_avenue/south_to_north/004_n00692_N.jpg,n00692,lexington_avenue,south_to_north,W,4,N,0.31785672587138625,0.32122289972899726,0.34315077488836354,0.7607664954563415,0.6221597776166304,0.8252385821404227,0.7006336876533116,0.8234193011647255,0.22100292631018884,0.327410133496249,0.8218484769167306,0.6540086730014787,0.4608183069817502,0.6415906247404309,1.44552911473294,1.0,0.4,0.25,0.35,0.7117916384958687,0.6155210431254198,0.7117916384958687,0.6155210431254198,0.5727831775866637,0.6399492046383007,1.0
"Murray Hill, Manhattan",lexington_avenue/south_to_north/005_n00693_N.jpg,n00693,lexington_avenue,south_to_north,W,5,N,0.2814851655214235,0.289844785159947,0.24315405831363276,0.6117561683599418,0.7084707337180544,0.7977662112340056,0.7420793397231097,0.7677668748141541,0.23782051282051286,0.2714946696650011,0.7022292528140975,0.5570174364853472,0.4899499262718113,0.7348262673188526,0.6468532759368927,1.0,0.55,0.35,0.1,0.6504829956952984,0.4815821297986609,0.6504829956952984,0.4815821297986609,0.40666486203975827,0.7334344357537139,1.0
"Murray Hill, Manhattan",lexington_avenue/south_to_north/006_n00694_N.jpg,n00694,lexington_avenue,south_to_north,W,6,N,0.39367252383217083,0.4893780113885238,0.5223419937350285,0.5919625246548325,0.6601782083482837,0.7757709251101321,0.7731928954977282,0.7845402910898119,0.23020714194942182,0.4684641763185744,0.9616379786645065,0.5721082024654536,0.501700018723575,0.7677233414593855,0.7949402449275175,1.0,0.55,0.35,0.1,0.7839605687765385,0.7461779703907432,0.7839605687765385,0.7461779703907432,0.879304891185107,0.7664492990522322,1.0
"Murray Hill, Manhattan",lexington_avenue/south_to_north/007_n00695_N.jpg,n00695,lexington_avenue,south_to_north,W,7,N,0.33333675631226495,0.38065035739454345,0.34382793017456353,0.6452214880078316,0.5983483483483484,0.7873899772856331,0.7663451855294755,0.7870132859773743,0.3356407743200196,0.35260501462712396,0.8619117811612506,0.6112954752122858,0.5509929799247475,0.8737901999345661,0.7664742479629877,1.0,0.55,0.35,0.1,0.7653025839864616,0.6522489031874795,0.7653025839864616,0.6522489031874795,0.6446385095106643,0.873001697479814,1.0
"Murray Hill, Manhattan",lexington_avenue/south_to_north/008_n00696_N.jpg,n00696,lexington_avenue,south_to_north,W,8,N,0.292992657391435,0.34526597524255603,0.3182497013142174,0.7065859243191129,0.6756037780966045,0.8304876335019674,0.7121487403100776,0.8219611528822055,0.32759018359627273,0.3188361113160695,0.8062825110341904,0.6176477663682379,0.5198694619531752,0.8127595864799564,0.7650477073962161,1.0,0.55,0.35,0.1,0.735061198255425,0.59399376857314,0.735061198255425,0.59399376857314,0.5474387115851902,0.8116719718925131,1.0
"Murray Hill, Manhattan",lexington_avenue/south_to_north/009_n00697_N.jpg,n00697,lexington_avenue,south_to_north,W,9,N,0.2422014260687644,0.2141165968017389,0.222581376885562,0.7110671936758893,0.6646723122238587,0.8230466083286787,0.7207328775338852,0.7919615145872129,0.23121939567657948,0.2262997999186884,0.5782509802237265,0.6127854653464144,0.4759761366052323,0.6920332218853791,0.7925968668293141,1.0,0.55,0.35,0.1,0.6008065539789229,0.40699203156020575,0.6008065539789229,0.40699203156020575,0.2849358031590462,0.6905113797909336,1.0
"Murray Hill, Manhattan",lexington_avenue/south_to_north/010_n00698_N.jpg,n00698,lexington_avenue,south_to_north,W,10,N,0.4358716338108895,0.5688856629337757,0.6190639792334708,0.7392528498832579,0.5892713365539453,0.80306849499227,0.7716329378925332,0.8175462336490753,0.3062379941360833,0.5412737586593787,0.9836217164312003,0.6558425823261294,0.5389354660143082,0.8524606324349512,0.6339840600174776,1.0,0.55,0.35,0.1,0.8414004825089456,0.823368122966497,0.8414004825089456,0.823368122966497,0.9458117307832471,0.8515615100220183,1.0
"Murray Hill, Manhattan",lexington_avenue/south_to_north/011_n00699_N.jpg,n00699,lexington_avenue,south_to_north,W,11,N,0.29288999089292894,0.2526359932901989,0.2361233264927196,0.707517524776408,0.5457281694226864,0.820114458254336,0.6779823172340986,0.7999202074606023,0.1543413000808221,0.2605497702252825,0.6740581172138819,0.6539031876047746,0.4161618086574604,0.4781207633479013,0.8847502031267274,1.0,0.5,0.3,0.2,0.6236059189787562,0.46503573480722504,0.6236059189787562,0.46503573480722504,0.37540247201115967,0.47634173227766907,1.0
"Murray Hill, Manhattan",lexington_avenue/south_to_north/012_n00700_N.jpg,n00700,lexington_avenue,south_to_north,W,12,N,0.31024434111058635,0.3028765981100612,0.26627459683385113,0.6803671189146049,0.5438442394964134,0.8003415300546447,0.7408126772721667,0.801299112801014,0.20932235834609494,0.2931318453514995,0.753539953657895,0.6459406640730685,0.4750675178091308,0.6891209279436824,0.8920241533379277,1.0,0.5,0.3,0.2,0.7067568356233341,0.5582197463466054,0.7067568356233341,0.5582197463466054,0.47050332079543694,0.6875911912857863,1.0
"Murray Hill, Manhattan",lexington_avenue/south_to_north/013_n00701_N.jpg,n00701,lexington_avenue,south_to_north,W,13,N,0.32199422166741537,0.30688798554652214,0.2996516824395374,0.7773432707643234,0.6434129901960784,0.8309622604228414,0.7107142857142857,0.8342929385243405,0.24598242310106713,0.3095112965511583,0.7882043616317832,0.6560744063641951,0.4783483544076764,0.6995645853755089,0.8478830217834497,1.0,0.5,0.3,0.2,0.7284016298168348,0.5911509639697684,0.7284016298168348,0.5911509639697684,0.5195973399348078,0.6980637222884671,1.0
"Murray Hill, Manhattan",lexington_avenue/south_to_north/014_n00702_N.jpg,n00702,lexington_avenue,south_to_north,W,14,N,0.21331695253595395,0.20806597564988483,0.20401532822392543,0.6773751296872685,0.4847682119205298,0.8114237084501402,0.41334291531919987,0.7532638084202395,0.10569324712643675,0.20846608546992138,0.5253764340132977,0.6486235753956594,0.25951808122281833,0.08037751417864071,1.7915554022340276,1.0,0.4,0.25,0.35,0.28706716317161113,0.2105370193005212,0.28706716317161113,0.2105370193005212,0.24340286118138327,0.0798519929980194,0.9542849169854929
"Murray Hill, Manhattan",lexington_avenue/south_to_north/015_n00703_N.jpg,n00703,lexington_avenue,south_to_north,W,15,N,0.3718756280783744,0.34611366485582956,0.28315273477812175,0.7503586543289577,0.5044109069699622,0.824478761978762,0.7397611977233357,0.8013743670677976,0.22039837698266318,0.3337140092374419,0.8326558736428473,0.6824407048089309,0.48007978735299944,0.7049946682879733,1.8836213744184256,1.0,0.4,0.25,0.35,0.7474247796496575,0.6512530509065562,0.7474247796496575,0.6512530509065562,0.5911839907170034,0.7035094350003226,0.9411969216221171
"Murray Hill, Manhattan",lexington_avenue/south_to_north/016_n00704_N.jpg,n00704,lexington_avenue,south_to_north,W,16,N,0.2818947262359941,0.19950931881906642,0.17464628600303186,0.6311223061852784,0.5583927900863688,0.7867972554227535,0.6554774915430652,0.7245547073791349,0.15497583018074823,0.2186834436860308,0.5558167186822222,0.5990947411593481,0.40522666086190673,0.4374297024125754,1.7279617143924708,1.0,0.4,0.25,0.35,0.5207921308929004,0.38768659806648065,0.5207921308929004,0.38768659806648065,0.2666854825164449,0.43567568055995315,0.9634314468149537
"Murray Hill, Manhattan",lexington_avenue/south_to_north/017_n00705_N.jpg,n00705,lexington_avenue,south_to_north,W,17,N,0.36091418012243875,0.36830188679245285,0.35800811552691253,0.7141573482428115,0.643793867750277,0.824175223945816,0.5964946829460418,0.8090427618673989,0.296388395500296,0.36240806081393473,0.8753262915867703,0.626468747453311,0.44644153922316887,0.590642746206876,0.773020008528748,1.0,0.55,0.35,0.1,0.7485843894954797,0.6466291627841827,0.7485843894954797,0.6466291627841827,0.6711058061705452,0.5889174970220338,1.0
"Murray Hill, Manhattan",lexington_avenue/south_to_north/018_n00706_N.jpg,n00706,lexington_avenue,south_to_north,W,18,N,0.42196721613788934,0.46901323706377857,0.5051640846243545,0.7705757402827976,0.41436443236714976,0.8026945201332122,0.682280118255728,0.8073978863181948,0.21693886809572413,0.4653815126086741,0.9602497833918491,0.7212030647446142,0.44960949317572607,0.6020807309204274,0.878486971373653,1.0,0.5,0.3,0.2,0.8026760847956392,0.7659237585434765,0.8026760847956392,0.7659237585434765,0.8753236070556784,0.6003710714716339,1.0
"Murray Hill, Manhattan",lexington_avenue/south_to_north/019_n00707_N.jpg,n00707,lexington_avenue,south_to_north,W,19,N,0.2366502298005719,0.20280644349358168,0.15256441518328867,0.7270609318996416,0.4587264150943397,0.8204254244776873,0.6770190095653227,0.8120470213894291,0.2240607252075142,0.19734036282581408,0.49202176569069583,0.6934605127315769,0.45053986738641844,0.6054193996328233,0.9190104173973354,1.0,0.5,0.3,0.2,0.5684731344385191,0.37962338257558,0.5684731344385191,0.37962338257558,0.2196646553518322,0.6037146432625498,1.0
"Murray Hill, Manhattan",lexington_avenue/south_to_north/020_n00708_N.jpg,n00708,lexington_avenue,south_to_north,W,20,N,0.29963447061797693,0.2702418506834911,0.20771403091557672,0.7745070155479712,0.5177560837577815,0.8317720892846102,0.7290993900251167,0.8322668302945302,0.28745104438642294,0.25919678407234825,0.6704810130387499,0.6963392540282399,0.5082752172057698,0.7848451200017779,0.8282478787237983,1.0,0.5,0.3,0.2,0.6998360300379993,0.5208458657278726,0.6998360300379993,0.5208458657278726,0.3716033363650573,0.7836385240561422,1.0
"Murray Hill, Manhattan",lexington_avenue/south_to_north/021_n00709_N.jpg,n00709,lexington_avenue,south_to_north,W,21,N,0.3590163097315179,0.32470756542960527,0.32411934311144536,0.7756314776888228,0.609867144349903,0.830827563468513,0.7123382904122839,0.8282291479012791,0.30120035566093656,0.3359477394241895,0.8363576218383952,0.6646644937467329,0.5067693230366103,0.7810062301217666,0.7430321722312218,1.0,0.55,0.35,0.1,0.7664642943674104,0.6370192695724106,0.7664642943674104,0.6370192695724106,0.597646131089089,0.7797841461619404,1.0
"Murray Hill, Manhattan",lexington_avenue/south_to_north/022_n00710_N.jpg,n00710,lexington_avenue,south_to_north,W,22,N,0.4363097409005147,0.6096109701582698,0.6120377813504824,0.806519770600664,0.4855354823473846,0.8467896044334035,0.718097844680123,0.8399819382162432,0.28523778782009906,0.5526528308030889,0.9856822493637624,0.7203220754898408,0.501667816250111,0.7676371931095445,0.6998329931550488,1.0,0.55,0.35,0.1,0.8614007967254828,0.8451390747745027,0.8614007967254828,0.8451390747745027,0.9523988936330623,0.7663628219780533,1.0
"Murray Hill, Manhattan",lexington_avenue/south_to_north/023_n00711_N.jpg,n00711,lexington_avenue,south_to_north,W,23,N,0.37487624126724856,0.358113689269355,0.3372176224062149,0.791395245253605,0.34722222222222227,0.8194646538135079,0.7155119745845552,0.8184518781325675,0.1634357291977334,0.35673585098093946,0.8677064571920269,0.7542083003879834,0.4394738518911443,0.5651543596396742,0.7233931252892168,1.0,0.55,0.35,0.1,0.7914868833240523,0.6783727311633895,0.7914868833240523,0.6783727311633895,0.6559108706666259,0.5634010941310391,1.0
"Murray Hill, Manhattan",lexington_avenue/south_to_north/025_n00713_N.jpg,n00713,lexington_avenue,south_to_north,W,25,N,0.16702493525406686,0.20431197620978647,0.16633199464524764,0.7337346852555978,0.39652485585164404,0.8069088165552921,0.625655287047692,0.7845406771768775,0.11371900826446284,0.17922296870303364,0.43798980029477913,0.707250168860277,0.3696871476560774,0.31330936579563057,1.160935649420998,1.0,0.5,0.3,0.2,0.4729318815764828,0.30678743521822566,0.4729318815764828,0.30678743521822566,0.18466880970835595,0.3117772189700055,1.0
"Murray Hill, Manhattan",lexington_avenue/south_to_north/026_n00714_N.jpg,n00714,lexington_avenue,south_to_north,W,26,N,0.3483527370022168,0.21632434745400086,0.1850369458128079,0.7314000558347292,0.34520933977455726,0.7891898538504778,0.5031374349556167,0.7958941296233458,0.14291429142914294,0.24990467675634184,0.6453945611733821,0.7273616152278393,0.3230258631923798,0.1847318065171102,3.84347338309953,0.7584176865313677,0.15,0.15,0.7,0.2737256691065622,0.2482715092842927,0.2737256691065622,0.2482715092842927,0.34595897061096825,0.18366026110914951,0.7014675109962386
"Murray Hill, Manhattan",lexington_avenue/south_to_north/027_n00715_N.jpg,n00715,lexington_avenue,south_to_north,W,27,N,0.25935555072065153,0.263470044229996,0.2208113967172499,0.8014385237183578,0.3346272036228369,0.8271386712529462,0.520095422933851,0.8186530681051921,0.1513854296388543,0.24787899722263246,0.6398119310561047,0.7618214627335709,0.33574042628635264,0.21519450681228355,4.0586906730433165,0.7343249765878064,0.15,0.15,0.7,0.30631457195021333,0.2775689083527257,0.30631457195021333,0.2775689083527257,0.3404795187830164,0.21399264162188877,0.6791839414310853
"Murray Hill, Manhattan",lexington_avenue/south_to_north/028_n00716_N.jpg,n00716,lexington_avenue,south_to_north,W,28,N,0.20565626888107089,0.19566245378729263,0.16967745313645408,0.6901132124019039,0.4440445026178011,0.8105148249876751,0.4954430608193467,0.7879469642428605,0.12053887372358711,0.19033205860160585,0.4710286636113511,0.6780052246756545,0.3079909672714669,0.15314614279539554,4.253937112893738,0.7131306989125281,0.15,0.15,0.7,0.22657724956716813,0.19923808821551492,0.22657724956716813,0.19923808821551492,0.20558909994034807,0.15222360249206357,0.6595811585948418
"Murray Hill, Manhattan",lexington_avenue/south_to_north/029_n00717_N.jpg,n00717,lexington_avenue,south_to_north,W,29,N,0.1844545994902053,0.21203418324460635,0.1815783627679662,0.7583597883597882,0.4191980070716812,0.8297664078571904,0.6136363636363636,0.8189412401841322,0.1367873789888849,0.19268904850092594,0.4780812024195328,0.7193676738240796,0.3752118713126243,0.331408406281012,5.844453708028255,0.5617670278625451,0.15,0.15,0.7,0.39329855617829135,0.3465416574302813,0.39329855617829135,0.3465416574302813,0.2102469617562296,0.32983026348793704,0.5195835036452515
"Murray Hill, Manhattan",lexington_avenue/south_to_north/030_n00718_N.jpg,n00718,lexington_avenue,south_to_north,W,30,N,0.2815029767800919,0.1920103092783505,0.16165755919854283,0.7572947061275531,0.3958712811171828,0.7972542200970804,0.5761151452282158,0.8002369127133641,0.09111154144074363,0.21172361508566173,0.5351129519342628,0.7205534459079115,0.33361334333447973,0.2098549679811786,5.807113037558484,0.5649223699276976,0.15,0.15,0.7,0.2905763256331778,0.25831256033784594,0.2905763256331778,0.25831256033784594,0.2506736630248564,0.20867499487734584,0.5225019086140322
"Murray Hill, Manhattan",lexington_avenue/south_to_north/031_n00719_N.jpg,n00719,lexington_avenue,south_to_north,W,31,N,0.17374537815393515,0.19866472172351882,0.17536865569272977,0.7489800543970988,0.33921319796954313,0.8088604162429666,0.5953033268101762,0.7870863970588236,0.08033537589773994,0.18259291852339457,0.4479678112166969,0.732284417828793,0.3378193513539581,0.22050778004973165,7.739101293356987,0.4227961233571762,0.15,0.15,0.7,0.2936200661647308,0.25733947612002284,0.2936200661647308,0.25733947612002284,0.1908354127631521,0.2192845316248218,0.3910480327359175
"Murray Hill, Manhattan",lexington_avenue/south_to_north/032_n00720_N.jpg,n00720,lexington_avenue,south_to_north,W,32,N,0.16113763276587087,0.19404131152576212,0.1742446903978463,0.7735940936223688,0.4769570707070707,0.8357316449219749,0.6452885747938751,0.8223482358097742,0.15741387337057725,0.17647454489649309,0.4298886523822732,0.706328419575024,0.4013512240822262,0.42318024415208055,7.728030749786412,0.42349879405246205,0.15,0.15,0.7,0.4580597889652386,0.4007452704989739,0.4580597889652386,0.4007452704989739,0.17975452546872225,0.42144055628066873,0.3916979393407152
"Murray Hill, Manhattan",lexington_avenue/south_to_north/033_n00721_N.jpg,n00721,lexington_avenue,south_to_north,W,33,N,0.15625917940486725,0.20406632611692208,0.14552667293036856,0.7929340937896071,0.5089085969958452,0.8465967509767633,0.6981164383561644,0.84622158181236,0.14864102564102563,0.16861739281738594,0.40694929974987604,0.7100823595353739,0.42337873199859505,0.5051700607252003,7.737735740965732,0.4228827347658942,0.15,0.15,0.7,0.5146757156600428,0.44890044246103744,0.5146757156600428,0.44890044246103744,0.166269906988007,0.5033874634158634,0.39112814042641075
"Murray Hill, Manhattan",lexington_avenue/south_to_north/034_n00722_N.jpg,n00722,lexington_avenue,south_to_north,W,34,N,0.15643493684232546,0.18045461886304906,0.14381384198457367,0.8057984417913794,0.3694752402069475,0.846594024122807,0.689074654591896,0.8456367782979234,0.18687199650502398,0.1602344658966494,0.3829167334596352,0.7606533266274518,0.43797332554845997,0.5596150444236675,7.747440732145052,0.42226757165435663,0.15,0.15,0.7,0.5535619545546768,0.4812356307033365,0.5535619545546768,0.4812356307033365,0.15278893057119153,0.5578569176813952,0.39055917039265464
"Murray Hill, Manhattan",madison_avenue/north_to_south/001_n00756_S.jpg,n00756,madison_avenue,north_to_south,W,1,S,0.15380530251579533,0.20975015964240104,0.24545239782660055,0.7706444619629483,0.4422256357740228,0.8793383547481909,0.7398049645390071,0.8268098372012469,0.14742291244654512,0.2030026199949323,0.5090068855624427,0.7184095544633907,0.44361393849277614,0.5803496926733739,5.496058943468648,0.5919051707219837,0.15,0.15,0.7,0.587553198335241,0.5209775310029694,0.587553198335241,0.5209775310029694,0.23153311184068603,0.5786120123878197,0.5474585498540862
"Murray Hill, Manhattan",madison_avenue/north_to_south/002_n00755_S.jpg,n00755,madison_avenue,north_to_south,W,2,S,0.17053758500639654,0.21003082562692654,0.23586979836979838,0.7686952288218111,0.34164023561395557,0.8846857597454255,0.6861098836352925,0.8342925878555332,0.15840401676903582,0.20547940300104048,0.5164322891012534,0.7537825270211296,0.42225695020216414,0.5009635620652849,5.496058943468648,0.5919051707219837,0.15,0.15,0.7,0.5350608990276811,0.4748343714035479,0.5350608990276811,0.4748343714035479,0.23686344647291643,0.4991808342413683,0.5474585498540862
"Murray Hill, Manhattan",madison_avenue/north_to_south/003_n00754_S.jpg,n00754,madison_avenue,north_to_south,W,3,S,0.337057863005578,0.41193060876968923,0.4013165989910176,0.6612242013005373,0.3681172983933864,0.8342101643628362,0.6319939768584563,0.7791772509173017,0.11957743313104063,0.3834350235887616,0.9003590391919287,0.6907613846081508,0.37578570499474845,0.3333183902744059,4.737084285971232,0.6632769570630562,0.15,0.15,0.7,0.4315817384915669,0.4163271222885103,0.4315817384915669,0.4163271222885103,0.7242244928381326,0.33173566505188223,0.6134709730993831
"Murray Hill, Manhattan",madison_avenue/north_to_south/004_n00753_S.jpg,n00753,madison_avenue,north_to_south,W,4,S,0.3228733895989305,0.3480660690571049,0.38435104414485854,0.8002967822555451,0.36408775981524255,0.8626577579806978,0.7484831247629882,0.8289855072463768,0.17167898745519716,0.3517635009336313,0.8607055007549995,0.7550648432288931,0.46008105610909267,0.6390436769020916,3.516638322037396,0.7965258080746027,0.15,0.15,0.7,0.6851682083788992,0.6545572560220502,0.6851682083788992,0.6545572560220502,0.6423218610693405,0.637397184701743,0.7367140639741004
"Murray Hill, Manhattan",madison_avenue/north_to_south/005_n00752_S.jpg,n00752,madison_avenue,north_to_south,W,5,S,0.24805438179413508,0.2266274792066539,0.24384956644484776,0.7988245696156446,0.40566110596231075,0.8406147363202577,0.5856259968102074,0.8266672187258474,0.18951448388412895,0.23951047581521226,0.6163597905501734,0.7399435607930605,0.3875702403471682,0.37368356018237786,3.756650041589274,0.7683595385423584,0.15,0.15,0.7,0.44628031245466665,0.402901777428154,0.44628031245466665,0.402901777428154,0.3183032619907678,0.37201611927348543,0.7106628215865516
"Murray Hill, Manhattan",madison_avenue/north_to_south/006_n00751_S.jpg,n00751,madison_avenue,north_to_south,W,6,S,0.296955570941665,0.21026081593091903,0.21585781886211067,0.8144024591393012,0.26192626034612493,0.8451415701415702,0.6849502913952691,0.8686360677083332,0.19668557621598914,0.2410247352448982,0.6206473556733045,0.8070374221671698,0.4408179338056291,0.5701024132495774,4.407167715811268,0.6969266173256637,0.15,0.15,0.7,0.6083139878929121,0.5501713853516825,0.6083139878929121,0.5501713853516825,0.3222590963798592,0.5683538606373054,0.6445938541311194
"Murray Hill, Manhattan",madison_avenue/north_to_south/007_n00750_S.jpg,n00750,madison_avenue,north_to_south,W,7,S,0.29960855619709215,0.2152439024390244,0.22432386169120164,0.811010987882522,0.41028580162005196,0.8321463805648045,0.6895888510530962,0.8461074653654159,0.20236034164358263,0.24639210677577272,0.6356898637619444,0.7489442172092953,0.4459745963483394,0.5889481883142685,4.437983193935612,0.6937126320455357,0.15,0.15,0.7,0.6176012650065285,0.5602387562582606,0.6176012650065285,0.5602387562582606,0.33648436369798357,0.5872207884890494,0.6416212095121085
"Murray Hill, Manhattan",madison_avenue/north_to_south/008_n00749_S.jpg,n00749,madison_avenue,north_to_south,W,8,S,0.2957494649858711,0.39253992655222475,0.3797043010752688,0.8150082052812174,0.3867531635431683,0.8287783751493429,0.7711490612983488,0.8700980392156863,0.23344132469402448,0.3559978975377882,0.8666866095483171,0.766117693651245,0.5022951929961866,0.7693115446490187,4.485456110650579,0.6887902943742648,0.15,0.15,0.7,0.782699779893405,0.7494489885723882,0.782699779893405,0.7494489885723882,0.6539095200669666,0.7680435815692402,0.6370684940152679
"Murray Hill, Manhattan",madison_avenue/north_to_south/009_n00748_S.jpg,n00748,madison_avenue,north_to_south,W,9,S,0.16563392847459274,0.1993436754176611,0.17807312353600166,0.8051124098352025,0.3919971671388103,0.8497915405823414,0.7205544053370141,0.8650119856172593,0.19667087409277376,0.18101690914275181,0.44329572152813573,0.7593757427712171,0.4586126397148939,0.6339475505940652,4.219547327885546,0.7168188650899833,0.15,0.15,0.7,0.6173193193941265,0.5417646324469527,0.6173193193941265,0.5417646324469527,0.18793211816584274,0.6322911883229317,0.6629923774978085
"Murray Hill, Manhattan",madison_avenue/north_to_south/010_n00747_S.jpg,n00747,madison_avenue,north_to_south,W,10,S,0.24622070595635107,0.2513144841269841,0.2125299760191847,0.8086196976829333,0.27805316091954024,0.8393190609577165,0.7277819738167169,0.8410095371016516,0.1560119564169318,0.23668838870083994,0.6083211401044916,0.7905253579550149,0.44189696511682436,0.5740646574093557,3.394480051931917,0.8112556813448416,0.15,0.15,0.7,0.6075469910107331,0.5482124313246879,0.6075469910107331,0.5482124313246879,0.31100064339176153,0.5723201308621662,0.750337859573357
"Murray Hill, Manhattan",madison_avenue/north_to_south/011_n00746_S.jpg,n00746,madison_avenue,north_to_south,W,11,S,0.1646724878321953,0.18658572807603777,0.18413095610468141,0.8090623563658649,0.33428279287174995,0.8442417090292907,0.7121239689471132,0.8553575735648818,0.18084843084843083,0.17846305733763815,0.4357464150304895,0.7767123790196655,0.446486199897772,0.5908047098422317,2.9645698898706203,0.8652943997003456,0.3,0.2,0.5,0.5695661445675994,0.4386191867838035,0.5695661445675994,0.4386191867838035,0.18329975193236528,0.5890796683610864,0.800318768425348
"Murray Hill, Manhattan",madison_avenue/north_to_south/012_n00745_S.jpg,n00745,madison_avenue,north_to_south,W,12,S,0.23507439610188122,0.19846248462484625,0.18054473023296094,0.7852812733436764,0.3558577702224111,0.8226834577114429,0.6237276237276238,0.8377950029300516,0.15530903328050713,0.20469387031989614,0.5140778891171378,0.7557395020171056,0.3895183285040655,0.38054748719979614,2.96737010485544,0.8649310244686974,0.3,0.2,0.5,0.4777355186635466,0.3769896953731314,0.4777355186635466,0.3769896953731314,0.23516376831200383,0.3788679456012875,0.7999826793232231
"Murray Hill, Manhattan",madison_avenue/north_to_south/013_n00744_S.jpg,n00744,madison_avenue,north_to_south,W,13,S,0.15827388426743122,0.17626855750055395,0.11901451961692926,0.6835305719921104,0.5178018575851393,0.8321851078636047,0.6533473536628112,0.8035811423390752,0.17302128538954328,0.15118565379497145,0.35760550528305945,0.6564366189153488,0.41318431952617724,0.4669892867338443,3.383096809315957,0.8126420726668122,0.15,0.15,0.7,0.47217652498011564,0.40879796222872067,0.47217652498011564,0.40879796222872067,0.13925659818854275,0.46521475283693153,0.7516201456897809
"Murray Hill, Manhattan",madison_avenue/north_to_south/014_n00743_S.jpg,n00743,madison_avenue,north_to_south,W,14,S,0.16870441849983986,0.17031963470319633,0.13946406820950064,0.5569218870843001,0.23183209026582516,0.7758582746478874,0.47211188348229066,0.7623591989987485,0.07455053681468775,0.1594960404708456,0.3808251132795895,0.6958163319390744,0.2733312101484892,0.09708584916896582,2.9069360311302206,0.8728073662830638,0.3,0.2,0.5,0.21691748695867072,0.16403143488327507,0.21691748695867072,0.16403143488327507,0.15164543513233802,0.09646254496222553,0.8072675804883684
"Murray Hill, Manhattan",madison_avenue/north_to_south/015_n00742_S.jpg,n00742,madison_avenue,north_to_south,W,15,S,0.2420498720765366,0.31196793123398625,0.31150793650793657,0.6343926230757507,0.30922703041705857,0.789208718313196,0.5866679369918698,0.7641759118265535,0.18201588502269286,0.2885085799394865,0.7430922184028625,0.6964471681617486,0.3843419110072813,0.3624210777610427,4.246239633572063,0.7139545707725243,0.15,0.15,0.7,0.44518348694628285,0.41251948187841686,0.44518348694628285,0.41251948187841686,0.4567079082502313,0.3607749436984425,0.6603431652743729
"Murray Hill, Manhattan",madison_avenue/north_to_south/016_n00741_S.jpg,n00741,madison_avenue,north_to_south,W,16,S,0.1660101247985665,0.1535727646838758,0.09896830461603916,0.6740768339128995,0.2744988864142539,0.8165437370600414,0.5116867259724404,0.7757395054241627,0.0667904365151241,0.13951706469949382,0.3261181139989463,0.7251058176409361,0.2892385812437822,0.12010657893216647,4.267420289245186,0.7116898663823332,0.15,0.15,0.7,0.18271037314283034,0.15721558965421353,0.18271037314283034,0.15721558965421353,0.12330467032094507,0.11935501552446491,0.6582485193029753
"Murray Hill, Manhattan",madison_avenue/north_to_south/017_n00740_S.jpg,n00740,madison_avenue,north_to_south,W,17,S,0.241190356812359,0.2743808897655051,0.24824414715719065,0.8046348693074643,0.41028580162005196,0.8144162735849058,0.6152242953552998,0.8266250289151053,0.1599838969404187,0.25460513124501827,0.6581951651192799,0.7403246988675058,0.38760409614785923,0.37380242408972514,3.400310559554568,0.8105464866473275,0.15,0.15,0.7,0.4508333326140996,0.4103334117115671,0.4508333326140996,0.4103334117115671,0.3588303331246246,0.3721347679289874,0.7496819188587461
"Murray Hill, Manhattan",madison_avenue/north_to_south/018_n00739_S.jpg,n00739,madison_avenue,north_to_south,W,18,S,0.3810707306097408,0.2008718980549966,0.16794670846394988,0.7946398088084671,0.2630802670392796,0.8003453677989034,0.5353521386430677,0.8118321810182275,0.16405484818805094,0.24996311237622906,0.6455550280136982,0.7811305742624717,0.34970349341555934,0.2526652729849963,2.887037738184241,0.8754163644408456,0.3,0.2,0.5,0.4195632931061542,0.34707742944062875,0.4195632931061542,0.34707742944062875,0.3461176554323494,0.251321149763606,0.8096806669398502
"Murray Hill, Manhattan",madison_avenue/north_to_south/019_n00738_S.jpg,n00738,madison_avenue,north_to_south,W,19,S,0.3892093363424783,0.32596269554753315,0.26919455309285817,0.7808035714285714,0.3385231316725979,0.8326879341078124,0.6057256235827664,0.8173166202414114,0.17973231357552585,0.32812219499428985,0.8230961037021953,0.7531990199991283,0.39272896857914613,0.39196367124730624,2.4395850351468225,0.9361891353161305,0.3,0.2,0.5,0.5580074809826648,0.49995802952368246,0.5580074809826648,0.49995802952368246,0.574872784994909,0.3902654879762175,0.8658899630563479
"Murray Hill, Manhattan",madison_avenue/north_to_south/020_n00737_S.jpg,n00737,madison_avenue,north_to_south,W,20,S,0.341745672473955,0.3091168091168091,0.28613440484509667,0.6218840579710144,0.3347193347193347,0.8010578371651275,0.6115678638396077,0.7709683954619125,0.12883008356545958,0.31233229547862024,0.7938004218033513,0.6860443729045307,0.37019897370253363,0.3149634930861866,2.526017832525647,0.9241298611191614,0.3,0.2,0.5,0.48563943823461936,0.42868558952216973,0.48563943823461936,0.42868558952216973,0.5280409277991408,0.3134269493204517,0.8547362291632774
"Murray Hill, Manhattan",madison_avenue/north_to_south/021_n00736_S.jpg,n00736,madison_avenue,north_to_south,W,21,S,0.35567984995299196,0.35259011697302456,0.3748969739785705,0.6430589184826473,0.5242604282708255,0.8264650155636758,0.6357064421669106,0.7861966236345581,0.20038852361028092,0.3610556469681957,0.8735444070428116,0.6349983712821266,0.4180474828885958,0.485182400946737,2.40441114524027,0.9411416006745751,0.3,0.2,0.5,0.6107908720799531,0.5624016224735013,0.6107908720799531,0.5624016224735013,0.6675138075943826,0.48340143259998447,0.8704705439288373
"Murray Hill, Manhattan",madison_avenue/north_to_south/022_n00735_S.jpg,n00735,madison_avenue,north_to_south,W,22,S,0.44991534897496954,0.6457475994513032,0.5732323232323232,0.6881720430107526,0.5845075147611379,0.8155533938607867,0.7551149848596448,0.8166958836514738,0.310204518685084,0.5562984238861987,0.9862867022767815,0.6401201373003629,0.5326597517723644,0.8402240789307269,1.141798760759343,1.0,0.5,0.3,0.2,0.8389943968502033,0.8251075213548716,0.8389943968502033,0.8251075213548716,0.9543433858883421,0.8392644462312977,1.0
"Murray Hill, Manhattan",madison_avenue/north_to_south/023_n00734_S.jpg,n00734,madison_avenue,north_to_south,W,23,S,0.44235641661891995,0.5653831845238094,0.5179368348781326,0.6088098016336057,0.6235385814497273,0.7784302759134974,0.7355576441102757,0.8019410723318159,0.2501396336014299,0.508558812006954,0.9759366031173744,0.5957374308385648,0.4928486388558528,0.7432118264860977,0.8737213111760008,1.0,0.5,0.3,0.2,0.7969843477294516,0.7742779079796476,0.7969843477294516,0.7742779079796476,0.9217957534310864,0.7418485462112873,1.0
"Murray Hill, Manhattan",madison_avenue/north_to_south/024_n00733_S.jpg,n00733,madison_avenue,north_to_south,W,24,S,0.3552523750952838,0.2787966537966538,0.2844239945466939,0.5957212174680193,0.60037284144427,0.7894395342312008,0.6135412447684622,0.7517564402810305,0.11088446475195823,0.30615767447954384,0.7814082821261708,0.5823682721015933,0.3622128547602102,0.28970706481085584,0.9288184390773502,1.0,0.5,0.3,0.2,0.5866649389073019,0.4732625681751056,0.5866649389073019,0.4732625681751056,0.5095453584013233,0.28824188989616545,1.0
"Murray Hill, Manhattan",madison_avenue/north_to_south/025_n00732_S.jpg,n00732,madison_avenue,north_to_south,W,25,S,0.18732919994038738,0.20030635792154058,0.16642280748425997,0.7765574470681554,0.6313430568216347,0.8333982094200078,0.719023282226008,0.8372582378223496,0.27364411943936623,0.18468612178206265,0.4541872181814139,0.6608242093562902,0.49633370083268713,0.753061115525861,1.137570097727686,1.0,0.5,0.3,0.2,0.5623533442657052,0.36810424486980187,0.5623533442657052,0.36810424486980187,0.19474428297431579,0.7517326576664657,1.0
"Murray Hill, Manhattan",madison_avenue/north_to_south/026_n00731_S.jpg,n00731,madison_avenue,north_to_south,W,26,S,0.32155427518150587,0.32945481156238565,0.3486511202560585,0.6848580028792043,0.39373994442006727,0.8115920298547247,0.718097844680123,0.8225342894542144,0.16737416616130987,0.33322006899998335,0.83182833636722,0.7045507826377837,0.44273600542071645,0.5771391128593372,1.3463217563780223,1.0,0.4,0.25,0.35,0.7021659044326292,0.6112717738625175,0.7021659044326292,0.6112717738625175,0.5897506820486492,0.5753978648002042,1.0
"Murray Hill, Manhattan",madison_avenue/north_to_south/027_n00730_S.jpg,n00730,madison_avenue,north_to_south,W,27,S,0.33371243010153456,0.30999384283845144,0.3224983145526341,0.5143766687204764,0.2926706827309237,0.8143078512396694,0.6515944788196096,0.7824020847704453,0.052429527256773044,0.32206819583087337,0.8122685228648454,0.6680360235866659,0.35201200303819136,0.25925967600847116,1.3466325815528597,1.0,0.4,0.25,0.35,0.5186651415946457,0.44519946793213283,0.5186651415946457,0.44519946793213283,0.5570288349893793,0.2578925778030627,1.0
"Murray Hill, Manhattan",madison_avenue/north_to_south/028_n00729_S.jpg,n00729,madison_avenue,north_to_south,W,28,S,0.29058929890280333,0.2841235632183908,0.2554759060135405,0.7888995689152977,0.4080751650584053,0.8253830439223697,0.7265303724591705,0.8501105872766428,0.16992407920385758,0.2767295893782449,0.7151959319508999,0.7436449970445116,0.44822722583151403,0.5971029292243792,1.334776225434117,1.0,0.4,0.25,0.35,0.6779983702704383,0.5484127944786616,0.6779983702704383,0.5484127944786616,0.4219067308945056,0.5953862553517836,1.0
"Murray Hill, Manhattan",madison_avenue/north_to_south/029_n00728_S.jpg,n00728,madison_avenue,north_to_south,W,29,S,0.24710740682699545,0.27579745909880266,0.23459343794579177,0.7987785016286645,0.42590618336886993,0.8450037285607755,0.7616744224018287,0.8673883383599024,0.1302614608981123,0.25249943462386326,0.6524879238232832,0.7467535522065656,0.4459679416499705,0.588924022738505,2.260465018309508,0.961683626732645,0.3,0.2,0.5,0.6368495376729554,0.5289000150672407,0.6368495376729554,0.5289000150672407,0.35303778418929105,0.587196592540394,0.8894700532304682
"Murray Hill, Manhattan",madison_avenue/north_to_south/030_n00727_S.jpg,n00727,madison_avenue,north_to_south,W,30,S,0.16797066112452358,0.2694659405751409,0.20894378194207838,0.8051695093703938,0.3392251610715496,0.8252385821404227,0.6970003680529997,0.8316875871687587,0.3055843482767557,0.21546012788058094,0.5462478123130947,0.7658773118225343,0.5012923581648777,0.7666311205628027,2.735122911508788,0.895593692787169,0.3,0.2,0.5,0.6923759539915505,0.5531565021911553,0.6923759539915505,0.5531565021911553,0.25918967599841186,0.7653529183466272,0.82834286396532
"Murray Hill, Manhattan",madison_avenue/north_to_south/031_n00726_S.jpg,n00726,madison_avenue,north_to_south,W,31,S,0.14971355036409437,0.1721529339603353,0.13943288453692373,0.7799054373522458,0.26024337646333945,0.8386220966729442,0.6658131913150348,0.8079314795259885,0.15049047349556685,0.1537664562871178,0.36475090603281646,0.7758645134716317,0.40815183240530084,0.44825529732794994,2.7217812534658328,0.8973877931280709,0.3,0.2,0.5,0.47023917502601986,0.3543842784063324,0.47023917502601986,0.3543842784063324,0.14301038566903465,0.4464923187028631,0.830002243912491
"Murray Hill, Manhattan",madison_avenue/north_to_south/032_n00725_S.jpg,n00725,madison_avenue,north_to_south,W,32,S,0.2108083261050624,0.181197218082464,0.19756953701235225,0.7612108377033749,0.35180780209324447,0.83082805907173,0.7605310186367117,0.8223049706100554,0.11593357769632344,0.1965250270666262,0.4895765915626361,0.7439026687400618,0.43823229816651754,0.5605721632385461,2.72607570507307,0.8968099110069869,0.3,0.2,0.5,0.5695937045592936,0.4461382405746484,0.5695937045592936,0.4461382405746484,0.21799215511993336,0.5588148451367988,0.8294677554105416
"Murray Hill, Manhattan",madison_avenue/north_to_south/033_n00724_S.jpg,n00724,madison_avenue,north_to_south,W,33,S,0.3111858843706841,0.3234017693206476,0.32872200263504614,0.8013178913738019,0.41682800903517264,0.8600027423556836,0.6621750764525993,0.9052602036725202,0.17577102537839995,0.3211032187754593,0.8104963612250564,0.7632500286703832,0.41897305091549963,0.48865089059080485,2.7177233785438952,0.8979341825128332,0.3,0.2,0.5,0.6218104751586774,0.5537737497556472,0.6218104751586774,0.5537737497556472,0.5541697082662559,0.4868692310585315,0.8305076044922487
"Murray Hill, Manhattan",madison_avenue/north_to_south/034_n00723_S.jpg,n00723,madison_avenue,north_to_south,W,34,S,0.19340148859059222,0.2777001139070105,0.2308485562757808,0.82476895533943,0.43917419559359644,0.8813070463672874,0.7502158386311906,0.9306752215093187,0.24598242310106713,0.2339833862577945,0.6005603953399131,0.7720899937517174,0.49809913086612884,0.7579525425827532,2.5532702555413387,0.9203598553190552,0.3,0.2,0.5,0.7094496822214673,0.5779345058022801,0.7094496822214673,0.5779345058022801,0.30408814745457485,0.7566418954180008,0.8512493160387474
"Murray Hill, Manhattan",madison_avenue/south_to_north/001_n00723_N.jpg,n00723,madison_avenue,south_to_north,W,1,N,0.15986600800604897,0.16865756541524454,0.12715930902111325,0.7982604766745736,0.45854963032877144,0.8503549181515283,0.6822825452422651,0.8516750108164906,0.15386164825046045,0.1518942941474689,0.3595613605209792,0.7304619523874308,0.41807209674636275,0.4852746223531004,2.5532702555413387,0.9203598553190552,0.3,0.2,0.5,0.48133253102365975,0.3622536022637762,0.48133253102365975,0.3622536022637762,0.14027901573521726,0.4834936334092394,0.8512493160387474
"Murray Hill, Manhattan",madison_avenue/south_to_north/002_n00724_N.jpg,n00724,madison_avenue,south_to_north,W,2,N,0.1595520169482535,0.15982384823848236,0.14361641655297863,0.7602181717757525,0.31624264451367257,0.822285813388831,0.6711959739490823,0.8295789414031508,0.06111402130260172,0.15433076057990483,0.3663213820467727,0.7578514895550768,0.36615499762584197,0.30202467419621626,2.7177233785438952,0.8979341825128332,0.3,0.2,0.5,0.3846774377728404,0.28988255821090303,0.3846774377728404,0.28988255821090303,0.1438423164854438,0.3005235608749457,0.8305076044922487
"Murray Hill, Manhattan",madison_avenue/south_to_north/003_n00725_N.jpg,n00725,madison_avenue,south_to_north,W,3,N,0.20433337117388828,0.17675959063225974,0.1984564805527694,0.6698515769944341,0.36894932815282494,0.7909796145550686,0.7620311841550779,0.7975006140997297,0.08165335994677314,0.19318314745297246,0.4795608386540473,0.6994676209804462,0.4218422720509255,0.49940852046687495,2.72607570507307,0.8968099110069869,0.3,0.2,0.5,0.5277577386461039,0.4119396506533913,0.5277577386461039,0.4119396506533913,0.21123315426185602,0.49762580828529623,0.8294677554105416
"Murray Hill, Manhattan",madison_avenue/south_to_north/004_n00726_N.jpg,n00726,madison_avenue,south_to_north,W,4,N,0.2602182457942392,0.2860434007134364,0.24508254302774857,0.7726523887973641,0.393858714944977,0.8014201762977473,0.7730984340044742,0.82037691401649,0.2540689581325624,0.26378139651180804,0.6825199461979021,0.733056862622959,0.5135836960685183,0.7979862239968561,2.7217812534658328,0.8973877931280709,0.3,0.2,0.5,0.7486172568993261,0.6297865971044739,0.7486172568993261,0.6297865971044739,0.38453831454855664,0.7968342468581834,0.830002243912491
"Murray Hill, Manhattan",madison_avenue/south_to_north/005_n00727_N.jpg,n00727,madison_avenue,south_to_north,W,5,N,0.3591749241120165,0.3460769230769231,0.4690755208333333,0.7371742112482854,0.5288065843621399,0.8393357342937176,0.7504599632029437,0.8341008771929825,0.1427939876215738,0.3914424560074243,0.9086539653609562,0.6808228346930427,0.44662697541225876,0.591315108507191,2.735122911508788,0.895593692787169,0.3,0.2,0.5,0.691888111605263,0.6503965593614872,0.691888111605263,0.6503965593614872,0.7429968476936444,0.58959072401798,0.82834286396532
"Murray Hill, Manhattan",madison_avenue/south_to_north/006_n00728_N.jpg,n00728,madison_avenue,south_to_north,W,6,N,0.4107385070757527,0.4822398356083957,0.5314437984496124,0.7738512640708618,0.4957765474162407,0.8109748601635012,0.7372472966619652,0.8306215927611982,0.22405711794201003,0.4748073803779202,0.964349429720267,0.702898769805273,0.4806522073019876,0.7067772740433449,2.260465018309508,0.961683626732645,0.3,0.2,0.5,0.7749794264473848,0.7550299590399321,0.7749794264473848,0.7550299590399321,0.8871528001599517,0.7052972638426731,0.8894700532304682
"Murray Hill, Manhattan",madison_avenue/south_to_north/007_n00729_N.jpg,n00729,madison_avenue,south_to_north,W,7,N,0.4140864301239896,0.5139082597241593,0.511569631051397,0.7155608846256328,0.39584324924639064,0.8110236220472441,0.6940734055354993,0.8202107125623291,0.27406809509832697,0.4798547736331819,0.9663741929568286,0.7133094493138571,0.48407075031691316,0.7172905414657588,1.334776225434117,1.0,0.4,0.25,0.35,0.8069951230926277,0.7813774783564483,0.8069951230926277,0.7813774783564483,0.8930757976559818,0.7158422613902377,1.0
"Murray Hill, Manhattan",madison_avenue/south_to_north/008_n00730_N.jpg,n00730,madison_avenue,south_to_north,W,8,N,0.16623258281159287,0.11697197086735818,0.10621936274509806,0.32646405772966974,0.2327901163349678,0.7992282798108041,0.19215338068929233,0.6860380116959065,0.03533505524465489,0.1298079721413497,0.3010496866238342,0.5932373176968695,0.11374421796697361,0.009719666793731457,1.3466325815528597,1.0,0.4,0.25,0.35,0.10726063638376468,0.07185146884062327,0.10726063638376468,0.07185146884062327,0.11125254157799028,0.009651269724958392,1.0
"Murray Hill, Manhattan",madison_avenue/south_to_north/009_n00731_N.jpg,n00731,madison_avenue,south_to_north,W,9,N,0.3560545911125779,0.32155708210664047,0.255216747442111,0.4896233315048455,0.6101706301222626,0.8047873200711629,0.47752606975907946,0.7441802872709262,0.07043779800606849,0.3109428068871098,0.7910578502763482,0.5412109962178364,0.27398193388257397,0.09794485911582126,1.3463217563780223,1.0,0.4,0.25,0.35,0.3463127866139507,0.29302258412488746,0.3463127866139507,0.29302258412488746,0.5238837251886596,0.09731663435537455,1.0
"Murray Hill, Manhattan",madison_avenue/south_to_north/010_n00732_N.jpg,n00732,madison_avenue,south_to_north,W,10,N,0.4216547208039563,0.42406727828746177,0.3662280701754386,0.5340909090909091,0.7929877177949157,0.7619130233634049,0.3740567054764985,0.6007052478738851,0.0868683872243647,0.40398335642228556,0.9204004404432571,0.4472694797232928,0.2304625463504316,0.053501393163088704,1.137570097727686,1.0,0.5,0.3,0.2,0.4195968376498229,0.3834347483648268,0.4195968376498229,0.3834347483648268,0.7706692938102804,0.05314143820029563,1.0
"Murray Hill, Manhattan",madison_avenue/south_to_north/011_n00733_N.jpg,n00733,madison_avenue,south_to_north,W,11,N,0.4521993160618439,0.566789667896679,0.5140056022408963,0.617300049677099,0.6421547360809834,0.7895100750691427,0.7562347188264059,0.78243523686847,0.29365421455938695,0.5109981953998064,0.9766145575081895,0.5858601834881951,0.5249444666928964,0.8240696681852364,0.9288184390773502,1.0,0.5,0.3,0.2,0.8098276067570819,0.7874617978004984,0.8098276067570819,0.7874617978004984,0.9238800825265482,0.8230334455171564,1.0
"Murray Hill, Manhattan",madison_avenue/south_to_north/012_n00734_N.jpg,n00734,madison_avenue,south_to_north,W,12,N,0.3770619189351314,0.3418708673667834,0.354633401221996,0.5531844733371019,0.5051261829652997,0.8237881442546358,0.6924256724870221,0.7937491023983915,0.1697303921568627,0.3578553958413036,0.869241030375083,0.6139357975900646,0.4310780323219424,0.5339901159016262,0.8737213111760008,1.0,0.5,0.3,0.2,0.7104174815474609,0.6181247623815253,0.7104174815474609,0.6181247623815253,0.6589365527357407,0.5322152020184074,1.0
"Murray Hill, Manhattan",madison_avenue/south_to_north/013_n00735_N.jpg,n00735,madison_avenue,south_to_north,W,13,N,0.28413008416165425,0.27572016460905346,0.3070761014686248,0.7257575757575757,0.6272167117523294,0.82543131196086,0.6896171766780003,0.8079312519709871,0.15087501294397845,0.2889754500797775,0.7441603016791244,0.6354907053254111,0.42024609481098935,0.4934232348743801,1.141798760759343,1.0,0.5,0.3,0.2,0.6537473316277573,0.5125564788646828,0.6537473316277573,0.5125564788646828,0.4580983521490992,0.49164090470535693,1.0
"Murray Hill, Manhattan",madison_avenue/south_to_north/014_n00736_N.jpg,n00736,madison_avenue,south_to_north,W,14,N,0.3421900480581637,0.24915999604704023,0.19583207185387028,0.7026306107431936,0.21998465669351744,0.8176079414032382,0.6082122002733259,0.7815332815332816,0.12053030303030303,0.26239403865302474,0.6789015747103976,0.7547264118609859,0.36437125165181444,0.2964143678869112,2.40441114524027,0.9411416006745751,0.3,0.2,0.5,0.4581941922184108,0.38420193175703143,0.4581941922184108,0.38420193175703143,0.38060583605288106,0.29492935628082284,0.8704705439288373
"Murray Hill, Manhattan",madison_avenue/south_to_north/015_n00737_N.jpg,n00737,madison_avenue,south_to_north,W,15,N,0.4062731682630965,0.45796252927400466,0.4832093112001527,0.8136198070486316,0.3090049984379881,0.8254869634243146,0.4386580846498927,0.8405320813771517,0.16405740378343117,0.44914833624575123,0.952110281556467,0.7817156299959316,0.30135774421666195,0.14068238569767882,2.526017832525647,0.9241298611191614,0.3,0.2,0.5,0.35183237327713335,0.339313738365688,0.35183237327713335,0.339313738365688,0.8524659177879929,0.13982252964654904,0.8547362291632774
"Murray Hill, Manhattan",madison_avenue/south_to_north/016_n00738_N.jpg,n00738,madison_avenue,south_to_north,W,16,N,0.36123394442668144,0.2067156348373557,0.172202419529056,0.7902751341062468,0.2914270778881338,0.825075075075075,0.47192258883248733,0.8273628435249974,0.08658481892588858,0.246717332931031,0.6365932069583404,0.7754036332477034,0.27925370387918796,0.10515694077251972,2.4395850351468225,0.9361891353161305,0.3,0.2,0.5,0.2691430303146189,0.2217507100016829,0.2691430303146189,0.2217507100016829,0.3373562491764835,0.10448781554134548,0.8658899630563479
"Murray Hill, Manhattan",madison_avenue/south_to_north/017_n00739_N.jpg,n00739,madison_avenue,south_to_north,W,17,N,0.19068957336032885,0.1958374505928854,0.20501126126126126,0.7099985032180811,0.4182669227076332,0.8066081178869812,0.626717912881435,0.790259009009009,0.1270781379883624,0.19717942840482516,0.491539092940609,0.6939968631731523,0.3768980254348987,0.3370362953957793,2.887037738184241,0.8754163644408456,0.3,0.2,0.5,0.43609113357250645,0.34151808168733966,0.43609113357250645,0.34151808168733966,0.21933380130060945,0.3354447988590307,0.8096806669398502
"Murray Hill, Manhattan",madison_avenue/south_to_north/018_n00740_N.jpg,n00740,madison_avenue,south_to_north,W,18,N,0.2976730817109746,0.1637879800906322,0.16300089545556298,0.7013155881903014,0.3003432494279176,0.8189513108614231,0.6706349206349206,0.804538446714203,0.08961516694963216,0.20815398575238994,0.5244424589572165,0.7351702618255289,0.38012504379227635,0.34793595886441053,3.400310559554568,0.8105464866473275,0.15,0.15,0.7,0.41396382098569473,0.3675839668343358,0.41396382098569473,0.3675839668343358,0.24271381658915656,0.34631987997841823,0.7496819188587461
"Murray Hill, Manhattan",madison_avenue/south_to_north/019_n00741_N.jpg,n00741,madison_avenue,south_to_north,W,19,N,0.22191989594734318,0.19815745393634843,0.2072330321982859,0.7272977814523909,0.2312812812812813,0.8332409255562948,0.6145348837209302,0.8123566766625507,0.12594373771848175,0.2091034606939925,0.5272832549358518,0.7694577256112201,0.370239310719706,0.3150940553241806,4.267420289245186,0.7116898663823332,0.15,0.15,0.7,0.3891727815152296,0.34568051895020413,0.3891727815152296,0.34568051895020413,0.2448141563437358,0.31355716615771506,0.6582485193029753
"Murray Hill, Manhattan",madison_avenue/south_to_north/020_n00742_N.jpg,n00742,madison_avenue,south_to_north,W,20,N,0.17458629746237483,0.15537613233556516,0.14552667293036856,0.6644153225806452,0.199908208759507,0.8122301919373048,0.5634859396433471,0.777924777924778,0.10012991833704532,0.15849636757610283,0.3780005426555986,0.7474772972486387,0.33180792899019623,0.20539975204024444,4.246239633572063,0.7139545707725243,0.15,0.15,0.7,0.27320176765692245,0.23691722961602488,0.27320176765692245,0.23691722961602488,0.15010859167403023,0.20423835455331787,0.6603431652743729
"Murray Hill, Manhattan",madison_avenue/south_to_north/021_n00743_N.jpg,n00743,madison_avenue,south_to_north,W,21,N,0.17015361667244827,0.1724886844794861,0.1412507701786814,0.8135086362464553,0.30043021032504785,0.8460541474654377,0.6493256262042388,0.8276332414426832,0.17000333667000334,0.1612976904435386,0.38593597392075835,0.780237222454697,0.4096644814371211,0.45387333407282837,2.9069360311302206,0.8728073662830638,0.3,0.2,0.5,0.4818004991095305,0.36534247044705376,0.4818004991095305,0.36534247044705376,0.1544477992873645,0.45210636524932757,0.8072675804883684
"Murray Hill, Manhattan",madison_avenue/south_to_north/022_n00744_N.jpg,n00744,madison_avenue,south_to_north,W,22,N,0.3563344723949113,0.3407423496476494,0.29254731316480176,0.7775379622826354,0.28715157512782447,0.8210784313725491,0.6711959739490823,0.8306236194585709,0.19255032264278146,0.3298747117357875,0.8261375105146679,0.7736700022044606,0.4318731482959319,0.5369567836803449,3.383096809315957,0.8126420726668122,0.15,0.15,0.7,0.6050604253770637,0.5724661839154095,0.6050604253770637,0.5724661839154095,0.5800041723529541,0.535183333514701,0.7516201456897809
"Murray Hill, Manhattan",madison_avenue/south_to_north/023_n00745_N.jpg,n00745,madison_avenue,south_to_north,W,23,N,0.16058892961814714,0.1513226333779165,0.08992597733055747,0.7969335795422752,0.3280919661733616,0.8497915405823414,0.6591478696741855,0.8363368775154681,0.08165335994677314,0.13394584677554036,0.31159998104786024,0.7683928302947939,0.3704006148104793,0.3156164538191233,2.96737010485544,0.8649310244686974,0.3,0.2,0.5,0.3756433504887828,0.27878031681485255,0.3756433504887828,0.27878031681485255,0.1162577376156163,0.3140781850768874,0.7999826793232231
"Murray Hill, Manhattan",madison_avenue/south_to_north/024_n00746_N.jpg,n00746,madison_avenue,south_to_north,W,24,N,0.317676529546697,0.2452539634454205,0.22563578564940964,0.6770493782445973,0.3735313863712655,0.8177456930905525,0.6821469356680624,0.8095296624057685,0.13230092725360867,0.2628554262138424,0.680107335199351,0.7043492180930334,0.4072239314608355,0.4448154687346631,2.9645698898706203,0.8652943997003456,0.3,0.2,0.5,0.5538865073486433,0.4649170498241987,0.5538865073486433,0.4649170498241987,0.3819119340167586,0.44305515517593314,0.800318768425348
"Murray Hill, Manhattan",madison_avenue/south_to_north/025_n00747_N.jpg,n00747,madison_avenue,south_to_north,W,25,N,0.16090778683614007,0.31052179417616205,0.251982276119403,0.814187368317899,0.35619294932326095,0.8642299554971912,0.694500279173646,0.8813048245614036,0.17435135979993754,0.24113728571056836,0.6209652960907589,0.7797664145186805,0.43442581948679176,0.5464623914070864,3.394480051931917,0.8112556813448416,0.15,0.15,0.7,0.587552898551183,0.5313640328527095,0.587552898551183,0.5313640328527095,0.3225541504615285,0.5446944773030428,0.750337859573357
"Murray Hill, Manhattan",madison_avenue/south_to_north/026_n00748_N.jpg,n00748,madison_avenue,south_to_north,W,26,N,0.3097623559682011,0.41349774960962615,0.39409785932721714,0.8254678322633521,0.2914156626506024,0.8347275262168878,0.7573885109599395,0.8655053645452329,0.20998116760828625,0.3724526549683481,0.8878964232762812,0.799852511385994,0.4836848392841129,0.7161152129000491,4.219547327885546,0.7168188650899833,0.15,0.15,0.7,0.7519584824869254,0.7241369833971637,0.7519584824869254,0.7241369833971637,0.6971421620409248,0.7146633069418107,0.6629923774978085
"Murray Hill, Manhattan",madison_avenue/south_to_north/027_n00749_N.jpg,n00749,madison_avenue,south_to_north,W,27,N,0.18495398044713604,0.19572083766009,0.16466685488424618,0.8011125104953821,0.3377259672241932,0.8226107848371597,0.7135473013583363,0.8326830483147933,0.13472668810289393,0.18178055766382406,0.44555836198549914,0.7653565305286607,0.4241369947306151,0.5080130441226622,4.485456110650579,0.6887902943742648,0.15,0.15,0.7,0.5296971829006273,0.4647378042786122,0.5296971829006273,0.4647378042786122,0.1893346373056142,0.5062306779490036,0.6370684940152679
"Murray Hill, Manhattan",madison_avenue/south_to_north/028_n00750_N.jpg,n00750,madison_avenue,south_to_north,W,28,N,0.26170735537333917,0.13999502239920356,0.07628344179320323,0.7520560680826719,0.3569711538461539,0.8342049196203757,0.6418955304254174,0.8095838404915087,0.09553974314474141,0.1593286065219153,0.3803514610833472,0.7348895849093422,0.3687176367850794,0.31018908766044107,4.437983193935612,0.6937126320455357,0.15,0.15,0.7,0.363998536903273,0.3159280342209427,0.363998536903273,0.3159280342209427,0.15138713329265235,0.30866534084961333,0.6416212095121085
"Murray Hill, Manhattan",madison_avenue/south_to_north/029_n00751_N.jpg,n00751,madison_avenue,south_to_north,W,29,N,0.27717748146809945,0.3112864077669903,0.28338861249309005,0.7941857958831772,0.38389766741911213,0.8589385474860336,0.65390625,0.8436968149769025,0.13701641266119577,0.2906175005760599,0.7478936953431378,0.7513283144803224,0.3954613313305979,0.4017737205811473,4.407167715811268,0.6969266173256637,0.15,0.15,0.7,0.4844372308792713,0.4494683229829982,0.4844372308792713,0.4494683229829982,0.46299379086374276,0.40006099972646925,0.6445938541311194
"Murray Hill, Manhattan",madison_avenue/south_to_north/030_n00752_N.jpg,n00752,madison_avenue,south_to_north,W,30,N,0.29230981039457904,0.3040670039865072,0.24391727493917278,0.7852812733436764,0.3134233316352521,0.8238923855362211,0.6247647612326511,0.8246469795511806,0.1364741345779852,0.2800980297734197,0.7233572696205117,0.7655016404198682,0.38061944790531815,0.3496203810192122,3.756650041589274,0.7683595385423584,0.15,0.15,0.7,0.43854338618356026,0.40456626299198184,0.43854338618356026,0.40456626299198184,0.43179540903082747,0.3480006538540439,0.7106628215865516
"Murray Hill, Manhattan",madison_avenue/south_to_north/031_n00753_N.jpg,n00753,madison_avenue,south_to_north,W,31,N,0.2635603780071116,0.2639595040585139,0.2180985630439182,0.7657983140013944,0.40047820633427406,0.834092377260982,0.6601027397260274,0.809880418535127,0.07318184675341,0.24853948170318121,0.6416364243208933,0.7250668420674158,0.3666422932397187,0.30356777123171597,3.516638322037396,0.7965258080746027,0.15,0.15,0.7,0.3870160906422981,0.3509764644560431,0.3870160906422981,0.3509764644560431,0.3422615294746076,0.3020623075624006,0.7367140639741004
"Murray Hill, Manhattan",madison_avenue/south_to_north/032_n00754_N.jpg,n00754,madison_avenue,south_to_north,W,32,N,0.16316401588893015,0.19356367082148843,0.194912773679897,0.7975935556235342,0.5087918559650008,0.8692984322905583,0.6508576329331047,0.8420308562296391,0.1405676292547385,0.18388015346343853,0.45179069266998645,0.7102775186293908,0.39571263109392163,0.4026800595878097,4.737084285971232,0.6632769570630562,0.15,0.15,0.7,0.44609452102882496,0.3915627975318385,0.44609452102882496,0.3915627975318385,0.193232066067446,0.40096606473220253,0.6134709730993831
"Murray Hill, Manhattan",madison_avenue/south_to_north/033_n00755_N.jpg,n00755,madison_avenue,south_to_north,W,33,N,0.14199475323785246,0.16172065894222432,0.1394839032945008,0.8215177645839223,0.5362107623318386,0.8924232003668041,0.719023282226008,0.9161512027491409,0.1362116326286875,0.14773310515819252,0.3481450787015289,0.7338194016670748,0.42761745742734775,0.5210530103543486,5.496058943468648,0.5919051707219837,0.15,0.15,0.7,0.5163209583001285,0.44653769193047566,0.5163209583001285,0.44653769193047566,0.13436437254833206,0.5192731815776378,0.5474585498540862
"Murray Hill, Manhattan",madison_avenue/south_to_north/034_n00756_N.jpg,n00756,madison_avenue,south_to_north,W,34,N,0.14957251517754566,0.1887081862497899,0.21317966903073282,0.8243415463041631,0.43917419559359644,0.8738948749827324,0.7517173278378843,0.8936008511931904,0.12683930019696443,0.18382012348602278,0.4516122831561926,0.7595894006345857,0.43927831401742434,0.5644334064941539,5.496058943468648,0.5919051707219837,0.15,0.15,0.7,0.570729857637361,0.5013529885082411,0.570729857637361,0.5013529885082411,0.1931197915307155,0.5626794834815583,0.5474585498540862
"Murray Hill, Manhattan",tudor_city_place/north_to_south/001_n00764_S.jpg,n00764,tudor_city_place,north_to_south,W,1,S,0.35965393326498835,0.324699991366658,0.2822845319634703,0.29265524311657876,0.45770852858481725,0.771260086902545,0.5520257826887661,0.6888552697932425,0.18296409472880062,0.3222128188650389,0.8125330194268927,0.5079339947750013,0.36749493870878336,0.3062784670698109,1.6119013948383372,1.0,0.4,0.25,0.35,0.5134864527809067,0.44088403962970424,0.5134864527809067,0.44088403962970424,0.5574570173371207,0.30476544320041554,0.9803507179387116
"Murray Hill, Manhattan",tudor_city_place/north_to_south/002_n00761_S.jpg,n00761,tudor_city_place,north_to_south,W,2,S,0.46696334820380697,0.7086578620611806,0.6655092592592592,0.48790815435655666,0.3629552789303827,0.7202906071613908,0.7207491582491583,0.7812354312354312,0.28128706998813763,0.6137101565080822,0.9930671126640203,0.635396102220535,0.5010181141186479,0.7658943473148381,1.6119013948383372,1.0,0.4,0.25,0.35,0.8109828662734601,0.8050858676614904,0.8109828662734601,0.8050858676614904,0.9765422218693046,0.7646133487040909,0.9803507179387116
"Murray Hill, Manhattan",tudor_city_place/north_to_south/003_n00762_S.jpg,n00762,tudor_city_place,north_to_south,W,3,S,0.45346274058233266,0.5811116131947583,0.44844124700239796,0.4755406118143459,0.47028199566160517,0.7276756129887342,0.7361058956064589,0.715426072808623,0.2824162934527618,0.49433853359316293,0.9715864029649446,0.5735615629871212,0.5092610945296103,0.7873317769000849,1.6119013948383372,1.0,0.4,0.25,0.35,0.7912118885614265,0.7698628252157828,0.7912118885614265,0.7698628252157828,0.9085748262586406,0.7861353262289187,0.9803507179387116
"Murray Hill, Manhattan",tudor_city_place/north_to_south/004_n00763_S.jpg,n00763,tudor_city_place,north_to_south,W,4,S,0.40462366251509313,0.4335411292633993,0.39942099364960776,0.5333998307338894,0.404615594701625,0.7785240080284082,0.70396201702685,0.7440762515588811,0.25804868472712994,0.4125285951427,0.92759656382201,0.6242868291970485,0.48100535087699,0.707873869195145,1.6119013948383372,1.0,0.4,0.25,0.35,0.7643182928398895,0.7156277012687202,0.7643182928398895,0.7156277012687202,0.7882880794825767,0.7063970946642988,0.9803507179387116
"Murray Hill, Manhattan",tudor_city_place/north_to_south/005_n00765_S.jpg,n00765,tudor_city_place,north_to_south,W,5,S,0.3551477289829412,0.3420712379045712,0.35215936739659354,0.6619695807770961,0.4461595824011932,0.792466517857143,0.7243823779968358,0.7873646883165359,0.19011196097993568,0.349792778094702,0.857845965602412,0.6677248955641463,0.45724716948838573,0.6291816163205488,1.393799049104222,1.0,0.4,0.25,0.35,0.7229108218860467,0.6411189962049526,0.7229108218860467,0.6411189962049526,0.6368706152248398,0.6275163596119789,1.0
"Murray Hill, Manhattan",tudor_city_place/north_to_south/006_n00760_S.jpg,n00760,tudor_city_place,north_to_south,W,6,S,0.38540208331767245,0.42509098261221195,0.4045029239766082,0.6790232133541992,0.35707146426786607,0.7825533082470995,0.7731905587191549,0.775610569308994,0.21215344938749192,0.40499866330216416,0.921288499653561,0.699187439465109,0.4926720040533234,0.7427058447282779,1.920899776854496,1.0,0.4,0.25,0.35,0.7974299794973598,0.7428224230278581,0.7974299794973598,0.7428224230278581,0.7728155108897535,0.7413408131018648,0.9359486611622732
"Murray Hill, Manhattan",tudor_city_place/north_to_south/007_n00759_S.jpg,n00759,tudor_city_place,north_to_south,W,7,S,0.46279865241234724,0.6374429223744292,0.5532469868681417,0.23519661636945588,0.25666137286041996,0.7572825381369684,0.5117232617232617,0.4861215774930921,0.13797666305786113,0.5511628538849727,0.9854277136829453,0.4882189403340427,0.3248499623905614,0.18888820449375238,2.91452319410066,0.8718146115451467,0.3,0.2,0.5,0.37489769957250463,0.36991535017501775,0.37489769957250463,0.36991535017501775,0.951581723954884,0.18779810333391336,0.8063493724779233
"Murray Hill, Manhattan",tudor_city_place/north_to_south/008_n00758_S.jpg,n00758,tudor_city_place,north_to_south,W,8,S,0.4590597653115894,0.5568485821294811,0.5269426646952522,0.27546792398914133,0.40754744958481615,0.685503774680604,0.4513093289689034,0.548261866949003,0.1493444105346445,0.5142836707121075,0.977498263877618,0.4720607804511094,0.300326869751774,0.13882340218172978,2.776439700667338,0.8900603984780394,0.3,0.2,0.5,0.3184679440611782,0.31243912641757016,0.3184679440611782,0.31243912641757016,0.9266068003095689,0.13797308398295252,0.823225069041013
"Murray Hill, Manhattan",tudor_city_place/north_to_south/009_n00757_S.jpg,n00757,tudor_city_place,north_to_south,W,9,S,0.4572282844079582,0.6230610134436402,0.560189611217336,0.3267443473435983,0.44939989088925253,0.6843714176538022,0.6646570724750421,0.5419959473150963,0.3369454360020397,0.5468263030229781,0.9846612540657311,0.47311346792314735,0.5008012542385409,0.7653105976432509,2.435287788143805,0.936792785241091,0.3,0.2,0.5,0.7497180735215496,0.7408747947885247,0.7497180735215496,0.7408747947885247,0.9491269677376378,0.7640273889612423,0.8664482844376855
"Murray Hill, Manhattan",tudor_city_place/south_to_north/001_n00757_N.jpg,n00757,tudor_city_place,south_to_north,W,1,N,0.5098573944501079,0.753793626707132,0.6867671691792294,0.37182971014492755,0.4282332251082251,0.7545327754532777,0.6385393535652604,0.6531273836765826,0.23618122977346276,0.650139396778823,0.9955112080110847,0.5322412895710951,0.4373602916693616,0.5573476207826182,2.435287788143805,0.936792785241091,0.3,0.2,0.5,0.6572016339012002,0.6540216593410532,0.6572016339012002,0.6540216593410532,0.9847223198140471,0.5555876305653994,0.8664482844376855
"Murray Hill, Manhattan",tudor_city_place/south_to_north/002_n00758_N.jpg,n00758,tudor_city_place,south_to_north,W,2,N,0.4807428862112475,0.6870878536481598,0.6554310796645701,0.418655197928228,0.4882493585257756,0.7484342379958248,0.6088860698320647,0.6973629351678133,0.2154396037374761,0.6077539398413258,0.9925572720791878,0.5425895915234219,0.4121628367847704,0.4631774258178619,2.776439700667338,0.8900603984780394,0.3,0.2,0.5,0.6008895575140443,0.5965082102848691,0.6008895575140443,0.5965082102848691,0.9748479291947291,0.46140483785065795,0.823225069041013
"Murray Hill, Manhattan",tudor_city_place/south_to_north/003_n00759_N.jpg,n00759,tudor_city_place,south_to_north,W,3,N,0.4591730123380643,0.6463475071860443,0.6134803921568627,0.4926749396759738,0.6193890637752127,0.7528101495991404,0.7511002678913127,0.6985624438454626,0.13712737127371274,0.5730003038936571,0.988749224183783,0.5239494399154079,0.4441138195825127,0.5821747296290253,2.91452319410066,0.8718146115451467,0.3,0.2,0.5,0.6682060414250752,0.6618086949750027,0.6682060414250752,0.6618086949750027,0.9623229021636499,0.5804391430708067,0.8063493724779233
"Murray Hill, Manhattan",tudor_city_place/south_to_north/004_n00760_N.jpg,n00760,tudor_city_place,south_to_north,W,4,N,0.385579455601846,0.410847822022808,0.35233869167224824,0.6501302083333332,0.3387989203778678,0.7632925611582625,0.7397611977233357,0.7780545177805451,0.14739267251067653,0.3829219897656341,0.8998053688465217,0.6964619352453367,0.44357693511700613,0.5802145074361866,1.920899776854496,1.0,0.4,0.25,0.35,0.7238353394011794,0.6624881035089927,0.7238353394011794,0.6624881035089927,0.7229932188846789,0.5784766739556864,0.9359486611622732
"Murray Hill, Manhattan",tudor_city_place/south_to_north/005_n00765_N.jpg,n00765,tudor_city_place,south_to_north,W,5,N,0.4720610144866144,0.6868524134445287,0.6212182061579652,0.6225437335250419,0.4156423473433783,0.7813774276038427,0.7285493827160493,0.7966555477528089,0.29175878162613605,0.5933772113630361,0.9911682099200748,0.6678523113114907,0.5101540821710927,0.7895659783866203,1.393799049104222,1.0,0.4,0.25,0.35,0.829306374116658,0.8218286490637878,0.829306374116658,0.8218286490637878,0.9702527673715929,0.7883787186759328,1.0
"Murray Hill, Manhattan",tudor_city_place/south_to_north/006_n00763_N.jpg,n00763,tudor_city_place,south_to_north,W,6,N,0.3729406704047938,0.3092956592956593,0.30852511754516204,0.6420255760646639,0.3726981585268215,0.7741822084073416,0.7345238095238095,0.7427160493827162,0.24595712673937578,0.33025381574853835,0.8267899695329476,0.6706811556401862,0.4902404681315926,0.7356746078716219,1.6119013948383372,1.0,0.4,0.25,0.35,0.7532291587556069,0.6537108748451601,0.7532291587556069,0.6537108748451601,0.5811119610659555,0.7342856189223267,0.9803507179387116
"Murray Hill, Manhattan",tudor_city_place/south_to_north/007_n00762_N.jpg,n00762,tudor_city_place,south_to_north,W,7,N,0.3241780411321156,0.2874574601468744,0.23484199505044737,0.5594831789371039,0.26460250511247446,0.7763307714204384,0.686966246441643,0.7636206341541928,0.2919121256750123,0.2821591654431458,0.7282793113493787,0.6861671026596073,0.4894391860583276,0.7333307674794473,1.6119013948383372,1.0,0.4,0.25,0.35,0.7192529131827619,0.58642460046658,0.7192529131827619,0.58642460046658,0.4378737024053219,0.7319339499207704,0.9803507179387116
"Murray Hill, Manhattan",tudor_city_place/south_to_north/008_n00761_N.jpg,n00761,tudor_city_place,south_to_north,W,8,N,0.30599629216144575,0.285473757547608,0.22672238294224792,0.5016369727425003,0.3815595716198126,0.7659930800942285,0.6486039433637688,0.696021571021571,0.15731022052586938,0.2727308108837672,0.7053216943140659,0.6053663240480862,0.4029570819448191,0.42907067699357454,1.6119013948383372,1.0,0.4,0.25,0.35,0.5704854255197684,0.4586578839580257,0.5704854255197684,0.4586578839580257,0.4102489592175295,0.4273247131671057,0.9803507179387116
"Murray Hill, Manhattan",tudor_city_place/south_to_north/009_n00764_N.jpg,n00764,tudor_city_place,south_to_north,W,9,N,0.41168642005882755,0.3757157082399801,0.3425315284044892,0.6250321006676939,0.3519880174291939,0.7456120441821757,0.6180446194225722,0.8042272435336019,0.306234007908816,0.3766445522344323,0.8928065351437546,0.6924237755907006,0.46213931366569405,0.6461342521431725,1.6119013948383372,1.0,0.4,0.25,0.35,0.7481848407367779,0.6811621017818911,0.7481848407367779,0.6811621017818911,0.7076563511376597,0.6445021108432637,0.9803507179387116
