file,node_id,M,greenery
Park_Ave_Tunnel_Segment/north_to_south/001_n00208_S.jpg,n00208,0.0454425364224094,"There are a few small trees and bushes visible on the right side of the road, near the buildings."
Park_Ave_Tunnel_Segment/north_to_south/002_n00207_S.jpg,n00207,0.0413546675896353,"There are trees visible on the left side of the image, along the sidewalk."
Park_Ave_Tunnel_Segment/north_to_south/003_n00206_S.jpg,n00206,0.1642327317406096,"There are trees visible on the left side of the image, along the sidewalk and near the buildings."
Park_Ave_Tunnel_Segment/north_to_south/004_n00205_S.jpg,n00205,0.1402969218896011,"There are trees visible on the left side of the image, along the sidewalk."
Park_Ave_Tunnel_Segment/north_to_south/005_n00204_S.jpg,n00204,0.1989583488750045,"There are trees visible on the left side of the image, near the sidewalk, and there are also some small plants along the road on the right side."
Park_Ave_Tunnel_Segment/north_to_south/006_n00203_S.jpg,n00203,0.2164278729333186,"There are trees visible on the left side of the image, near the buildings and along the street."
Park_Ave_Tunnel_Segment/north_to_south/007_n00202_S.jpg,n00202,0.2952203720979681,"There are trees visible on the left side of the image, near the sidewalk."
Park_Ave_Tunnel_Segment/north_to_south/008_n00201_S.jpg,n00201,0.4067110968671162,"There are trees visible on the left side of the image, near the buildings."
Park_Ave_Tunnel_Segment/north_to_south/009_n00200_S.jpg,n00200,0.5370996946675287,There is no visible vegetation in this view.
Park_Ave_Tunnel_Segment/north_to_south/010_n00199_S.jpg,n00199,0.6077314689380854,There is no visible vegetation in this view.
Park_Ave_Tunnel_Segment/north_to_south/011_n00198_S.jpg,n00198,0.6020546853490153,There is no visible vegetation in this view.
Park_Ave_Tunnel_Segment/north_to_south/012_n00197_S.jpg,n00197,0.5064710005204645,There is no visible vegetation in this view.
Park_Ave_Tunnel_Segment/north_to_south/013_n00196_S.jpg,n00196,0.6360211384046088,"There are trees visible on the left side of the image, near the buildings."
Park_Ave_Tunnel_Segment/north_to_south/014_n00195_S.jpg,n00195,0.176336061304867,There is no vegetation visible in this view.
Park_Ave_Tunnel_Segment/north_to_south/015_n00194_S.jpg,n00194,0.7510647541014948,"There are trees visible on the right side of the image, along the sidewalk and near the buildings."
Park_Ave_Tunnel_Segment/north_to_south/016_n00193_S.jpg,n00193,0.0638580103619485,There are no visible plants or vegetation in this view.
Park_Ave_Tunnel_Segment/north_to_south/017_n00192_S.jpg,n00192,0.7834829687223757,"There are trees visible on the sidewalks, particularly on the right side of the street, and there are also some small bushes near the Starbucks coffee shop."
Park_Ave_Tunnel_Segment/north_to_south/018_n00191_S.jpg,n00191,0.1397048663901272,There is no visible vegetation in this view.
Park_Ave_Tunnel_Segment/north_to_south/019_n00190_S.jpg,n00190,0.7493089777342901,"There are trees visible in the background, along the sidewalk and near the buildings."
Park_Ave_Tunnel_Segment/north_to_south/020_n00189_S.jpg,n00189,0.5279319358146131,"There are trees visible on the right side of the image, lining the sidewalk and providing shade."
Park_Ave_Tunnel_Segment/north_to_south/021_n00188_S.jpg,n00188,0.7987744956173005,"There are trees lining the street on both sides, and there are also bushes and shrubs along the sidewalk."
Park_Ave_Tunnel_Segment/north_to_south/022_n00187_S.jpg,n00187,0.5448994455501989,"There are trees visible in the distance, lining the street and providing shade."
Park_Ave_Tunnel_Segment/north_to_south/023_n00186_S.jpg,n00186,0.8193394414899343,"There are trees with green leaves on the right side of the street, and bushes along the sidewalk on the left side of the street."
Park_Ave_Tunnel_Segment/north_to_south/024_n00185_S.jpg,n00185,0.5385763424528273,"There are trees with bare branches, indicating it might be late autumn or winter, located on the right side of the street."
Park_Ave_Tunnel_Segment/north_to_south/025_n00184_S.jpg,n00184,0.825836273553671,"There are trees with pink blossoms on the left side of the street, and another tree with white blossoms on the right side of the street."
Park_Ave_Tunnel_Segment/north_to_south/026_n00183_S.jpg,n00183,0.6080420233539248,"There are trees with bare branches, located on the sidewalks and near the buildings, and bushes along the brick walls on both sides of the street."
Park_Ave_Tunnel_Segment/north_to_south/027_n00182_S.jpg,n00182,0.7806137475349061,"There are trees with green leaves on the left side of the image and some trees with bare branches in the center, indicating a mix of deciduous trees."
Park_Ave_Tunnel_Segment/north_to_south/028_n00181_S.jpg,n00181,0.7693947052525798,"There are trees visible on the right side of the image, near the buildings and along the sidewalk."
Park_Ave_Tunnel_Segment/north_to_south/029_n00180_S.jpg,n00180,0.8520960267926954,"There are trees with pink blossoms on the left side of the street, and some leafless trees further down the street."
Park_Ave_Tunnel_Segment/north_to_south/030_n00179_S.jpg,n00179,0.559703513592855,"There are trees visible in the distance, lining the horizon and providing a natural backdrop to the urban setting."
Park_Ave_Tunnel_Segment/north_to_south/031_n00178_S.jpg,n00178,0.8138846758338932,"There are trees with pink blossoms on the left side of the street, and green trees on the right side, both lining the street."
Park_Ave_Tunnel_Segment/north_to_south/032_n00177_S.jpg,n00177,0.3758395172718868,"There are trees with green leaves on the right side of the image, near the buildings."
Park_Ave_Tunnel_Segment/north_to_south/033_n00176_S.jpg,n00176,0.8343554980020111,"There are trees with pink blossoms on the left side of the image, and a tree with green leaves on the right side."
Park_Ave_Tunnel_Segment/north_to_south/034_n00175_S.jpg,n00175,0.4502498573625315,"There are vines climbing up the brick wall on the right side of the image, and trees are visible in the background along the street."
Park_Ave_Tunnel_Segment/north_to_south/035_n00174_S.jpg,n00174,0.8078269213294338,There is a tree with pink blossoms located in the center of a roundabout.
Park_Ave_Tunnel_Segment/north_to_south/036_n00173_S.jpg,n00173,0.8055331828732499,"There are trees with pink blossoms on the right side of the street, and some leafless trees on the left side."
Park_Ave_Tunnel_Segment/north_to_south/037_n00172_S.jpg,n00172,0.7309469120465107,"There are trees with pink blossoms on the right side of the image, and some greenery along the sidewalk."
Park_Ave_Tunnel_Segment/north_to_south/038_n00171_S.jpg,n00171,0.7724194932836319,"There is a tree with pink blossoms on the right side of the image, and some greenery with a fence in the foreground on the right."
Park_Ave_Tunnel_Segment/north_to_south/039_n00170_S.jpg,n00170,0.7677439865993975,"There is a tree with pink blossoms located near the center of the image, and another tree further down the street."
Park_Ave_Tunnel_Segment/north_to_south/040_n00169_S.jpg,n00169,0.4233499272409406,"There are leafless trees lining the street, visible on both sides of the road and in the background."
Park_Ave_Tunnel_Segment/north_to_south/041_n00168_S.jpg,n00168,0.7784435968827984,"There are trees with pink blossoms on the right side of the street, and greenery along the sidewalk."
Park_Ave_Tunnel_Segment/north_to_south/042_n00167_S.jpg,n00167,0.4530387867660431,"There are trees with green leaves visible on both sides of the street, lining the sidewalk and providing shade."
Park_Ave_Tunnel_Segment/north_to_south/043_n00166_S.jpg,n00166,0.7640476128673164,"There are trees with pink blossoms on the left side of the street, and a row of trees with green leaves on the right side of the street."
Park_Ave_Tunnel_Segment/north_to_south/044_n00165_S.jpg,n00165,0.4223630277552334,"There are trees with green leaves lining both sides of the street, and a grassy area with a fence on the left side of the image."
Park_Ave_Tunnel_Segment/north_to_south/045_n00164_S.jpg,n00164,0.7652075838661001,"There are trees with pink blossoms on the left side of the image, and green leaves on trees on the right side of the image."
Park_Ave_Tunnel_Segment/north_to_south/046_n00163_S.jpg,n00163,0.4680139165325696,"There are trees visible on the left side of the image, near the sidewalk, and on the right side, near the buildings."
Park_Ave_Tunnel_Segment/north_to_south/047_n00162_S.jpg,n00162,0.8161770463201803,"There are trees with pink blossoms visible in the background, located between the buildings and the street."
Park_Ave_Tunnel_Segment/north_to_south/048_n00161_S.jpg,n00161,0.5011639407673573,"There are leafless trees visible on the right side of the image, near the construction site."
Park_Ave_Tunnel_Segment/north_to_south/049_n00160_S.jpg,n00160,0.7925364080892815,"There are trees with pink blossoms on the left side of the street, and some bushes and greenery along the sidewalk."
Park_Ave_Tunnel_Segment/north_to_south/050_n00159_S.jpg,n00159,0.299393489241044,There is no visible vegetation in this view.
Park_Ave_Tunnel_Segment/north_to_south/051_n00158_S.jpg,n00158,0.7480989447525599,"There are trees with budding leaves on the left side of the image, and a small patch of greenery with bushes and a fence in the foreground."
Park_Ave_Tunnel_Segment/north_to_south/052_n00157_S.jpg,n00157,0.3247187005435701,There are ivy plants growing on the brick wall on the left side of the image.
Park_Ave_Tunnel_Segment/north_to_south/053_n00156_S.jpg,n00156,0.7337679820992644,"There is a tree visible on the left side of the image, near the sidewalk."
Park_Ave_Tunnel_Segment/north_to_south/054_n00155_S.jpg,n00155,0.4793136660943917,"There is a small patch of greenery on the sidewalk, likely a tree or a bush, located near the crosswalk."
Park_Ave_Tunnel_Segment/north_to_south/055_n00154_S.jpg,n00154,0.599346967431891,"There are trees visible in the background, along the left side of the image, near the buildings."
Park_Ave_Tunnel_Segment/north_to_south/056_n00153_S.jpg,n00153,0.7414287203954697,"There are trees visible on the right side of the image, near the buildings and along the sidewalk."
Park_Ave_Tunnel_Segment/north_to_south/057_n00152_S.jpg,n00152,0.5225825909825659,There is no visible vegetation in this view.
Park_Ave_Tunnel_Segment/south_to_north/001_n00152_N.jpg,n00152,0.5225825909825659,"There are trees visible in the background, lining the street and providing shade."
Park_Ave_Tunnel_Segment/south_to_north/002_n00153_N.jpg,n00153,0.7414287203954697,"There are trees visible on the left side of the image, near the buildings."
Park_Ave_Tunnel_Segment/south_to_north/003_n00154_N.jpg,n00154,0.599346967431891,"There is a tree visible in the center of the image, surrounded by a circular area with grass and a statue."
Park_Ave_Tunnel_Segment/south_to_north/004_n00155_N.jpg,n00155,0.4793136660943917,There is ivy growing on the brick walls of the buildings on the right side of the image.
Park_Ave_Tunnel_Segment/south_to_north/005_n00156_N.jpg,n00156,0.7337679820992644,"There are trees with bare branches on the left side of the image and some greenery on the right side, near the sidewalk."
Park_Ave_Tunnel_Segment/south_to_north/006_n00157_N.jpg,n00157,0.3247187005435701,"There are trees visible in the distance, lining the street, and some greenery on the right side of the image, near the buildings."
Park_Ave_Tunnel_Segment/south_to_north/007_n00158_N.jpg,n00158,0.7480989447525599,"There are trees with pink blossoms on the right side of the street, and bushes along the sidewalk."
Park_Ave_Tunnel_Segment/south_to_north/008_n00159_N.jpg,n00159,0.299393489241044,"There are trees visible in the background, lining the street and providing greenery to the urban environment."
Park_Ave_Tunnel_Segment/south_to_north/009_n00160_N.jpg,n00160,0.7925364080892815,"There are trees with pink blossoms on the right side of the image, and green bushes along the sidewalk on the right."
Park_Ave_Tunnel_Segment/south_to_north/010_n00161_N.jpg,n00161,0.5011639407673573,"There are leafless trees lining the street, visible on both sides of the intersection."
Park_Ave_Tunnel_Segment/south_to_north/011_n00162_N.jpg,n00162,0.8161770463201803,There is a small garden with greenery and a tree located in the center of the roundabout.
Park_Ave_Tunnel_Segment/south_to_north/012_n00163_N.jpg,n00163,0.4680139165325696,"There are trees with green leaves lining both sides of the street, and a grassy area enclosed by a black fence on the right side of the image."
Park_Ave_Tunnel_Segment/south_to_north/013_n00164_N.jpg,n00164,0.7652075838661001,"There are trees with pink blossoms on the right side of the street, and bushes along the sidewalk on the left side of the street."
Park_Ave_Tunnel_Segment/south_to_north/014_n00165_N.jpg,n00165,0.4223630277552334,There are trees with green leaves lining the street and a grassy area with a fence on the right side of the image.
Park_Ave_Tunnel_Segment/south_to_north/015_n00166_N.jpg,n00166,0.7640476128673164,"There are trees with pink blossoms on the right side of the image, and bushes along the sidewalk on both sides of the street."
Park_Ave_Tunnel_Segment/south_to_north/016_n00167_N.jpg,n00167,0.4530387867660431,"There are trees with green leaves visible on the left side of the image, near the sidewalk and the road."
Park_Ave_Tunnel_Segment/south_to_north/017_n00168_N.jpg,n00168,0.7784435968827984,"There are trees with pink blossoms on the left side of the image, and a row of bushes along the sidewalk."
Park_Ave_Tunnel_Segment/south_to_north/018_n00169_N.jpg,n00169,0.4233499272409406,"There are trees visible in the background, along the edges of the image, providing a natural contrast to the urban setting."
Park_Ave_Tunnel_Segment/south_to_north/019_n00170_N.jpg,n00170,0.7677439865993975,There are trees with green leaves on the left side of the image and trees with brown leaves on the right side of the image.
Park_Ave_Tunnel_Segment/south_to_north/020_n00171_N.jpg,n00171,0.7724194932836319,"There are trees with pink blossoms on the left side of the street, and some greenery along the sidewalk."
Park_Ave_Tunnel_Segment/south_to_north/021_n00172_N.jpg,n00172,0.7309469120465107,"There are trees with bare branches on the left side of the image, and some trees with pink blossoms further down the street."
Park_Ave_Tunnel_Segment/south_to_north/022_n00173_N.jpg,n00173,0.8055331828732499,"There are trees with pink blossoms on the left side of the street, and a few leafless trees on the right side."
Park_Ave_Tunnel_Segment/south_to_north/023_n00174_N.jpg,n00174,0.8078269213294338,There is a tree with pink blossoms located in the center of a roundabout.
Park_Ave_Tunnel_Segment/south_to_north/024_n00175_N.jpg,n00175,0.4502498573625315,"There are trees visible in the background, lining the street and providing shade."
Park_Ave_Tunnel_Segment/south_to_north/025_n00176_N.jpg,n00176,0.8343554980020111,"There are trees with green leaves and pink blossoms lining the street, located on both sides of the road."
Park_Ave_Tunnel_Segment/south_to_north/026_n00177_N.jpg,n00177,0.3758395172718868,"There are some plants visible on the left side of the image, near the base of the buildings."
Park_Ave_Tunnel_Segment/south_to_north/027_n00178_N.jpg,n00178,0.8138846758338932,"There are trees with pink blossoms lining the street, located on the right side of the image."
Park_Ave_Tunnel_Segment/south_to_north/028_n00179_N.jpg,n00179,0.559703513592855,"There are trees visible in the background, along the sidewalk and near the buildings."
Park_Ave_Tunnel_Segment/south_to_north/029_n00180_N.jpg,n00180,0.8520960267926954,"There are trees with pink blossoms on the right side of the image, near the statue, and a tree with no leaves on the left side of the image, near the sidewalk."
Park_Ave_Tunnel_Segment/south_to_north/030_n00181_N.jpg,n00181,0.7693947052525798,There are trees visible on the sidewalks and in planters along the street.
Park_Ave_Tunnel_Segment/south_to_north/031_n00182_N.jpg,n00182,0.7806137475349061,"There are trees visible in the background, located between the buildings and the street."
Park_Ave_Tunnel_Segment/south_to_north/032_n00183_N.jpg,n00183,0.6080420233539248,"There are bushes visible on the left side of the image, along the sidewalk."
Park_Ave_Tunnel_Segment/south_to_north/033_n00184_N.jpg,n00184,0.825836273553671,There are trees with green leaves on the sidewalks and a small tree in the median of the street.
Park_Ave_Tunnel_Segment/south_to_north/034_n00185_N.jpg,n00185,0.5385763424528273,"There is a tree with green leaves visible on the left side of the image, near the sidewalk."
Park_Ave_Tunnel_Segment/south_to_north/035_n00186_N.jpg,n00186,0.8193394414899343,"There are trees with blooming white flowers on the left side of the street, and bushes and trees along the sidewalk on the right side of the street."
Park_Ave_Tunnel_Segment/south_to_north/036_n00187_N.jpg,n00187,0.5448994455501989,"There are trees visible in the background, along the side of the buildings, providing greenery to the urban environment."
Park_Ave_Tunnel_Segment/south_to_north/037_n00188_N.jpg,n00188,0.7987744956173005,"There are trees visible on the right side of the image, near the sidewalk and the road."
Park_Ave_Tunnel_Segment/south_to_north/038_n00189_N.jpg,n00189,0.5279319358146131,"There is a tree visible on the left side of the image, near the sidewalk."
Park_Ave_Tunnel_Segment/south_to_north/039_n00190_N.jpg,n00190,0.7493089777342901,"There are trees visible on the sidewalk, specifically on the left side of the image near the buildings."
Park_Ave_Tunnel_Segment/south_to_north/040_n00191_N.jpg,n00191,0.1397048663901272,There is no vegetation visible in this view.
Park_Ave_Tunnel_Segment/south_to_north/041_n00192_N.jpg,n00192,0.7834829687223757,"There are trees visible on the left side of the image, near the sidewalk and the buildings."
Park_Ave_Tunnel_Segment/south_to_north/042_n00193_N.jpg,n00193,0.0638580103619485,There is no vegetation visible in this view.
Park_Ave_Tunnel_Segment/south_to_north/043_n00194_N.jpg,n00194,0.7510647541014948,"There are trees visible on the left side of the image, along the sidewalk."
Park_Ave_Tunnel_Segment/south_to_north/044_n00195_N.jpg,n00195,0.176336061304867,"There is a tree visible in the distance, located between the buildings and slightly to the left of the center of the image."
Park_Ave_Tunnel_Segment/south_to_north/045_n00196_N.jpg,n00196,0.6360211384046088,"There are potted plants visible on the sidewalk, located near the buildings and street corners."
Park_Ave_Tunnel_Segment/south_to_north/046_n00197_N.jpg,n00197,0.5064710005204645,"There are trees visible on the left side of the image, near the buildings and along the street."
Park_Ave_Tunnel_Segment/south_to_north/047_n00198_N.jpg,n00198,0.6020546853490153,"There are trees visible in the distance, lining the street and providing a green backdrop to the urban landscape."
Park_Ave_Tunnel_Segment/south_to_north/048_n00199_N.jpg,n00199,0.6077314689380854,"There are trees visible in the background, along the right side of the image, near the buildings."
Park_Ave_Tunnel_Segment/south_to_north/049_n00200_N.jpg,n00200,0.5370996946675287,"There are trees visible on the right side of the image, near the buildings and along the sidewalk."
Park_Ave_Tunnel_Segment/south_to_north/050_n00201_N.jpg,n00201,0.4067110968671162,"There are trees visible on the right side of the image, near the buildings and the road."
Park_Ave_Tunnel_Segment/south_to_north/051_n00202_N.jpg,n00202,0.2952203720979681,"There are trees visible on the right side of the image, along the sidewalk and near the buildings."
Park_Ave_Tunnel_Segment/south_to_north/052_n00203_N.jpg,n00203,0.2164278729333186,"There are trees visible on the right side of the image, near the buildings and the road."
Park_Ave_Tunnel_Segment/south_to_north/053_n00204_N.jpg,n00204,0.1989583488750045,"There are trees visible on the right side of the image, near the buildings and along the sidewalk."
Park_Ave_Tunnel_Segment/south_to_north/054_n00205_N.jpg,n00205,0.1402969218896011,"There are trees visible on the right side of the image, near the buildings."
Park_Ave_Tunnel_Segment/south_to_north/055_n00206_N.jpg,n00206,0.1642327317406096,"There are trees visible on the right side of the image, near the buildings and along the sidewalk."
Park_Ave_Tunnel_Segment/south_to_north/056_n00207_N.jpg,n00207,0.0413546675896353,There is no visible vegetation in this view.
Park_Ave_Tunnel_Segment/south_to_north/057_n00208_N.jpg,n00208,0.0454425364224094,"There are a few small patches of greenery, including some grass and plants, visible on the sides of the road and near the tunnel entrance."
1st_avenue/north_to_south/001_n00045_S.jpg,n00045,0.5753559174014096,"There are trees visible in the background, lining the street and providing a green contrast to the urban environment."
1st_avenue/north_to_south/002_n00044_S.jpg,n00044,0.6904966878062975,"There are trees visible on the right side of the image, near the buildings and along the street."
1st_avenue/north_to_south/003_n00043_S.jpg,n00043,0.5606035884968253,"There are leafless trees visible along the sidewalk on the left side of the image, indicating a winter or early spring season."
1st_avenue/north_to_south/004_n00042_S.jpg,n00042,0.6460732165842487,"There are trees visible in the background, along the sidewalk on the left side of the image."
1st_avenue/north_to_south/005_n00041_S.jpg,n00041,0.5770218797630389,"There are leafless trees visible along the sidewalk on the left side of the image, and a few small trees are also present on the right side near the buildings."
1st_avenue/north_to_south/006_n00040_S.jpg,n00040,0.6547936060286337,"There are trees visible on the right side of the image, near the buildings and the bicycle parking area."
1st_avenue/north_to_south/007_n00039_S.jpg,n00039,0.5826098173893917,"There are trees with bare branches visible on the left side of the image, along the sidewalk."
1st_avenue/north_to_south/008_n00038_S.jpg,n00038,0.5884499018360183,"There are trees visible along the sidewalk on the right side of the image, and there are also some bushes near the building."
1st_avenue/north_to_south/009_n00037_S.jpg,n00037,0.5699799902743241,"There are trees visible on the left side of the image, near the sidewalk."
1st_avenue/north_to_south/010_n00036_S.jpg,n00036,0.49898835972757705,"There are trees visible on the right side of the image, near the buildings and the fence."
1st_avenue/north_to_south/011_n00035_S.jpg,n00035,0.5492816387677465,There is no visible vegetation in this view.
1st_avenue/north_to_south/012_n00034_S.jpg,n00034,0.5173386139646101,"There are trees visible in the background, along the left side of the image, and some bushes near the building on the right side."
1st_avenue/north_to_south/013_n00033_S.jpg,n00033,0.5163735376394565,There is no visible vegetation in this view.
1st_avenue/north_to_south/014_n00032_S.jpg,n00032,0.664266593554381,There is no visible vegetation in this view.
1st_avenue/north_to_south/015_n00031_S.jpg,n00031,0.6249360675631056,There is no visible vegetation in this view.
1st_avenue/north_to_south/016_n00030_S.jpg,n00030,0.6046868334465232,There is no vegetation visible in this view.
1st_avenue/north_to_south/017_n00029_S.jpg,n00029,0.6016937717057236,There is no visible vegetation in this view.
1st_avenue/north_to_south/018_n00028_S.jpg,n00028,0.597773003119981,There is no visible vegetation in this view.
1st_avenue/north_to_south/019_n00027_S.jpg,n00027,0.5014996824258522,There is no visible vegetation in this view.
1st_avenue/north_to_south/020_n00026_S.jpg,n00026,0.5014996824258522,There is no visible vegetation in this view.
1st_avenue/north_to_south/021_n00025_S.jpg,n00025,0.520996143907446,There is no visible vegetation in this view.
1st_avenue/north_to_south/022_n00023_S.jpg,n00023,0.5201332781357764,"There are trees visible on the right side of the image, along the sidewalk."
1st_avenue/north_to_south/023_n00022_S.jpg,n00022,0.5201332781357764,"There are trees visible on the right side of the image, along the sidewalk."
1st_avenue/north_to_south/024_n00021_S.jpg,n00021,0.4930159163480516,There is no visible vegetation in this view.
1st_avenue/north_to_south/025_n00020_S.jpg,n00020,0.3211784580258056,There is no visible vegetation in this view.
1st_avenue/north_to_south/026_n00019_S.jpg,n00019,0.24743992426872563,"There are trees visible in the distance, lining the street and providing shade."
1st_avenue/north_to_south/027_n00018_S.jpg,n00018,0.2926656618747231,"There are trees visible in the distance, lining the street and providing greenery along the urban landscape."
1st_avenue/north_to_south/028_n00017_S.jpg,n00017,0.4647807655084286,"There are trees visible on the right side of the image, near the buildings and along the sidewalk."
1st_avenue/north_to_south/029_n00016_S.jpg,n00016,0.5310594705945171,"There are trees with blooming white flowers on the right side of the image, near the sidewalk and the road."
1st_avenue/north_to_south/030_n00015_S.jpg,n00015,0.5729118290346737,"There are trees visible in the background, lining the street and providing shade. They are located on both sides of the street, extending from the foreground to the background."
1st_avenue/north_to_south/031_n00014_S.jpg,n00014,0.6749115921779238,"There are trees with bare branches visible along the sidewalk, indicating it might be late autumn or winter."
1st_avenue/north_to_south/032_n00013_S.jpg,n00013,0.7410268764436231,"There are leafless trees lining the street, visible on both sides of the intersection."
1st_avenue/north_to_south/033_n00012_S.jpg,n00012,0.7706181301220829,"There are leafless trees lining the street, visible on both sides of the road."
1st_avenue/north_to_south/034_n00011_S.jpg,n00011,0.7712445260186243,"There are leafless trees lining the street, and some greenery is visible in the background near the buildings."
1st_avenue/north_to_south/035_n00010_S.jpg,n00010,0.6992960403555821,"There are trees visible on the left side of the image, along the sidewalk and near the buildings."
1st_avenue/north_to_south/036_n00009_S.jpg,n00009,0.5327318323906531,"There are trees visible in the background, lining the street and providing shade."
1st_avenue/north_to_south/037_n00008_S.jpg,n00008,0.5435692818382929,"There are leafless trees visible on the right side of the image, indicating a winter or early spring season."
1st_avenue/north_to_south/038_n00007_S.jpg,n00007,0.4663068484211498,"There are leafless trees on the right side of the image, and some greenery in the background, likely part of a park or garden area."
1st_avenue/north_to_south/039_n00006_S.jpg,n00006,0.45124337039891693,"There are leafless trees visible on the right side of the image, along the sidewalk."
1st_avenue/north_to_south/040_n00005_S.jpg,n00005,0.48887476939675034,"There are leafless trees visible along the sidewalk, particularly on the left side of the image."
1st_avenue/north_to_south/041_n00004_S.jpg,n00004,0.5774923174109075,There are leafless trees visible along the sidewalk on the left side of the image.
1st_avenue/north_to_south/042_n00003_S.jpg,n00003,0.6286178203665616,"There are leafless trees lining the street, visible on both sides of the road."
1st_avenue/north_to_south/043_n00002_S.jpg,n00002,0.6201203557474065,"There is a tree with blooming branches on the right side of the image, near the sidewalk."
1st_avenue/north_to_south/044_n00001_S.jpg,n00001,0.6956709185080698,"There are trees visible on the sidewalks, particularly on the right side of the image near the buildings."
1st_avenue/north_to_south/045_n00000_S.jpg,n00000,0.4439869099957058,"There are trees visible on the left side of the image, near the sidewalk."
1st_avenue/south_to_north/001_n00000_N.jpg,n00000,0.4439869099957058,"There are trees visible in the background, lining the street and providing shade."
1st_avenue/south_to_north/002_n00001_N.jpg,n00001,0.6956709185080698,"There are leafless trees visible along the sidewalk, particularly on the right side of the image, near the crosswalks and the buildings."
1st_avenue/south_to_north/003_n00002_N.jpg,n00002,0.6201203557474065,"There are trees visible on the right side of the image, lining the sidewalk."
1st_avenue/south_to_north/004_n00003_N.jpg,n00003,0.6286178203665616,"There are leafless trees visible on the right side of the image, along the sidewalk."
1st_avenue/south_to_north/005_n00004_N.jpg,n00004,0.5774923174109075,"There are trees with bare branches visible along the sidewalk, indicating it might be late autumn or winter."
1st_avenue/south_to_north/006_n00005_N.jpg,n00005,0.48887476939675034,"There are leafless trees visible on the left side of the image, near the sidewalk."
1st_avenue/south_to_north/007_n00006_N.jpg,n00006,0.45124337039891693,"There are leafless trees visible on the left side of the image, along the sidewalk."
1st_avenue/south_to_north/008_n00007_N.jpg,n00007,0.4663068484211498,There are leafless trees visible along the sidewalk on the left side of the image.
1st_avenue/south_to_north/009_n00008_N.jpg,n00008,0.5435692818382929,"There are leafless trees visible on the left side of the image, along the sidewalk."
1st_avenue/south_to_north/010_n00009_N.jpg,n00009,0.5327318323906531,"There are leafless trees lining the street, visible on both sides of the intersection."
1st_avenue/south_to_north/011_n00010_N.jpg,n00010,0.6992960403555821,"There are leafless trees lining the street on both sides, and some greenery is visible in the background near the buildings."
1st_avenue/south_to_north/012_n00011_N.jpg,n00011,0.7712445260186243,"There are trees with bare branches, indicating it might be late autumn or winter, located along the sidewalks and in the background near the buildings."
1st_avenue/south_to_north/013_n00012_N.jpg,n00012,0.7706181301220829,"There are trees with blossoms on the left side of the image, near the intersection, and a small tree on the right side, closer to the sidewalk."
1st_avenue/south_to_north/014_n00013_N.jpg,n00013,0.7410268764436231,"There are trees with blossoms visible on the left side of the image, near the crosswalk."
1st_avenue/south_to_north/015_n00014_N.jpg,n00014,0.6749115921779238,"There are trees with blooming white flowers on the left side of the image, and leafless trees on the right side."
1st_avenue/south_to_north/016_n00015_N.jpg,n00015,0.5729118290346737,"There are trees with blooming white flowers on the left side of the image, near the sidewalk."
1st_avenue/south_to_north/017_n00016_N.jpg,n00016,0.5310594705945171,"There is a tree visible on the left side of the image, near the sidewalk."
1st_avenue/south_to_north/018_n00017_N.jpg,n00017,0.4647807655084286,There is no visible vegetation in this view.
1st_avenue/south_to_north/019_n00018_N.jpg,n00018,0.2926656618747231,There is no visible vegetation in this view.
1st_avenue/south_to_north/020_n00019_N.jpg,n00019,0.24743992426872563,There is no visible vegetation in this view.
1st_avenue/south_to_north/021_n00020_N.jpg,n00020,0.3211784580258056,There is no visible vegetation in this view.
1st_avenue/south_to_north/022_n00021_N.jpg,n00021,0.4930159163480516,"There are trees visible on the left side of the image, along the sidewalk."
1st_avenue/south_to_north/023_n00022_N.jpg,n00022,0.5201332781357764,There are no visible plants or vegetation in this view.
1st_avenue/south_to_north/024_n00023_N.jpg,n00023,0.5201332781357764,There are no visible plants or vegetation in this view.
1st_avenue/south_to_north/025_n00025_N.jpg,n00025,0.520996143907446,There is no visible vegetation in this view.
1st_avenue/south_to_north/026_n00026_N.jpg,n00026,0.5014996824258522,"There are trees visible in the background, along the right side of the image, near the buildings."
1st_avenue/south_to_north/027_n00027_N.jpg,n00027,0.5014996824258522,"There are trees visible in the background, along the right side of the image, near the buildings."
1st_avenue/south_to_north/028_n00028_N.jpg,n00028,0.597773003119981,There is no visible vegetation in this view.
1st_avenue/south_to_north/029_n00029_N.jpg,n00029,0.6016937717057236,There is no visible vegetation in this view.
1st_avenue/south_to_north/030_n00030_N.jpg,n00030,0.6046868334465232,There is no visible vegetation in this view.
1st_avenue/south_to_north/031_n00031_N.jpg,n00031,0.6249360675631056,"There are trees visible in the distance, lining the street and providing a green backdrop to the urban environment."
1st_avenue/south_to_north/032_n00032_N.jpg,n00032,0.664266593554381,"There are trees visible in the distance, along the right side of the street, near the buildings."
1st_avenue/south_to_north/033_n00033_N.jpg,n00033,0.5163735376394565,"There are trees visible on the right side of the image, near the buildings and along the sidewalk."
1st_avenue/south_to_north/034_n00034_N.jpg,n00034,0.5173386139646101,"There are trees visible on the left side of the image, near the sidewalk and the wall."
1st_avenue/south_to_north/035_n00035_N.jpg,n00035,0.5492816387677465,"There are trees visible on the right side of the image, along the sidewalk and near the buildings."
1st_avenue/south_to_north/036_n00036_N.jpg,n00036,0.49898835972757705,There are leafless trees along the sidewalk on the left side of the image.
1st_avenue/south_to_north/037_n00037_N.jpg,n00037,0.5699799902743241,"There are trees visible in the background, along the sidewalk on the right side of the image."
1st_avenue/south_to_north/038_n00038_N.jpg,n00038,0.5884499018360183,"There is a tree visible on the left side of the image, near the sidewalk."
1st_avenue/south_to_north/039_n00039_N.jpg,n00039,0.5826098173893917,"There are trees visible in the distance, lining the sidewalk on the right side of the image."
1st_avenue/south_to_north/040_n00040_N.jpg,n00040,0.6547936060286337,"There are leafless trees visible on the left side of the image, near the buildings."
1st_avenue/south_to_north/041_n00041_N.jpg,n00041,0.5770218797630389,"There are leafless trees visible on the right side of the image, along the sidewalk."
1st_avenue/south_to_north/042_n00042_N.jpg,n00042,0.6460732165842487,"There are leafless trees visible in the background, along the sidewalk and near the buildings."
1st_avenue/south_to_north/043_n00043_N.jpg,n00043,0.5606035884968253,"There are trees visible in the background, along the sidewalk on the left side of the image."
1st_avenue/south_to_north/044_n00044_N.jpg,n00044,0.6904966878062975,There are trees with green leaves visible on the sidewalk and in the median of the street.
1st_avenue/south_to_north/045_n00045_N.jpg,n00045,0.5753559174014096,"There are leafless trees visible along the sidewalk, particularly on the left side of the image."
2nd_avenue/north_to_south/001_n00079_S.jpg,n00079,0.6335834040652176,"There are trees visible on the left side of the image, near the buildings and along the sidewalk."
2nd_avenue/north_to_south/002_n00078_S.jpg,n00078,0.6925271568705995,"There are trees visible on the sidewalks, specifically on the left side of the image near the buildings and on the right side closer to the intersection."
2nd_avenue/north_to_south/003_n00077_S.jpg,n00077,0.7042213046468802,"There are trees visible on the right side of the image, near the sidewalk and the buildings."
2nd_avenue/north_to_south/004_n00076_S.jpg,n00076,0.6700891794977522,"There are trees visible on the left side of the image, along the sidewalk."
2nd_avenue/north_to_south/005_n00075_S.jpg,n00075,0.5045082922907528,"There is a small tree visible on the left side of the image, near the sidewalk."
2nd_avenue/north_to_south/006_n00074_S.jpg,n00074,0.6857822421742317,"There are trees visible along the sidewalk on the left side of the image, providing greenery to the urban environment."
2nd_avenue/north_to_south/007_n00073_S.jpg,n00073,0.6411951347375409,"There are trees visible along the sidewalk, particularly on the left side of the image, and some greenery is also present on the rooftops of the buildings."
2nd_avenue/north_to_south/008_n00072_S.jpg,n00072,0.7846735156880621,"There are trees visible on the right side of the image, lining the sidewalk and providing shade."
2nd_avenue/north_to_south/009_n00071_S.jpg,n00071,0.7506268906350487,"There are trees visible on the left side of the image, near the sidewalk, and on the right side, closer to the buildings."
2nd_avenue/north_to_south/010_n00070_S.jpg,n00070,0.7237585547070493,"There are trees visible on the left side of the image, near the buildings and along the sidewalk."
2nd_avenue/north_to_south/011_n00069_S.jpg,n00069,0.5501848526887025,"There are trees visible on the sidewalks, particularly on the right side of the image near the buildings."
2nd_avenue/north_to_south/012_n00068_S.jpg,n00068,0.3748168784361781,There is no vegetation visible in this view.
2nd_avenue/north_to_south/013_n00067_S.jpg,n00067,0.3733121298697222,"There are trees visible on the left side of the image, near the buildings."
2nd_avenue/north_to_south/014_n00066_S.jpg,n00066,0.5562434531718652,"There are trees visible on the left side of the image, near the sidewalk."
2nd_avenue/north_to_south/015_n00065_S.jpg,n00065,0.5931985311797562,"There are trees visible along the sidewalk, particularly on the left side of the image, near the red-brick building."
2nd_avenue/north_to_south/016_n00064_S.jpg,n00064,0.6549022157125246,"There are trees visible along the sidewalk, particularly on the left side of the image, and some greenery on the buildings, such as awnings and balconies."
2nd_avenue/north_to_south/017_n00063_S.jpg,n00063,0.6306564971130642,"There are trees visible in the view, located on the left side of the image, near the buildings."
2nd_avenue/north_to_south/018_n00062_S.jpg,n00062,0.7247317587884579,"There are trees visible in the background, lining the street and providing shade."
2nd_avenue/north_to_south/019_n00061_S.jpg,n00061,0.7378639981984781,"There are trees visible on the right side of the image, along the sidewalk."
2nd_avenue/north_to_south/020_n00060_S.jpg,n00060,0.7105473154469104,"There are trees visible along the sidewalk on the right side of the image, and there are also some bushes near the buildings."
2nd_avenue/north_to_south/021_n00059_S.jpg,n00059,0.8091347572452394,"There are trees with blooming white flowers on the sidewalk, and there are also trees lining the street."
2nd_avenue/north_to_south/022_n00058_S.jpg,n00058,0.7077728402118058,"There are trees visible in the background, lining the street and providing greenery to the urban landscape."
2nd_avenue/north_to_south/023_n00056_S.jpg,n00056,0.6394095795330379,"There are trees visible on the right side of the image, near the buildings and the construction site."
2nd_avenue/north_to_south/024_n00055_S.jpg,n00055,0.6797460198603655,"There are trees visible along the sidewalk on the left side of the image, and they are spaced evenly along the street."
2nd_avenue/north_to_south/025_n00054_S.jpg,n00054,0.6296911674160881,"There are trees visible on the left side of the image, near the sidewalk and across the street."
2nd_avenue/north_to_south/026_n00053_S.jpg,n00053,0.6613260307196764,"There are trees visible on the left side of the image, near the sidewalk and the road."
2nd_avenue/north_to_south/027_n00052_S.jpg,n00052,0.6065507126512231,"There are trees visible on the left side of the image, near the sidewalk and park area."
2nd_avenue/north_to_south/028_n00051_S.jpg,n00051,0.5377945962130362,"There are trees visible on the left side of the image, near the church and along the sidewalk."
2nd_avenue/north_to_south/029_n00050_S.jpg,n00050,0.5908440027500399,"There are trees visible on the left side of the image, near the construction site."
2nd_avenue/north_to_south/030_n00049_S.jpg,n00049,0.5311246438004591,"There are trees visible on the left side of the image, near the buildings and along the sidewalk."
2nd_avenue/north_to_south/031_n00048_S.jpg,n00048,0.7132302731835942,"There are trees visible on the left side of the image, near the sidewalk and the street."
2nd_avenue/north_to_south/032_n00047_S.jpg,n00047,0.6862671563045044,"There are trees visible on the right side of the image, near the buildings and along the sidewalk."
2nd_avenue/north_to_south/033_n00046_S.jpg,n00046,0.6721447998848971,"There are trees visible in the background, lining the street and providing shade."
2nd_avenue/south_to_north/001_n00046_N.jpg,n00046,0.6721447998848971,"There are trees visible on the right side of the image, near the buildings and along the sidewalk."
2nd_avenue/south_to_north/002_n00047_N.jpg,n00047,0.6862671563045044,"There are trees visible on the right side of the image, near the church and the buildings."
2nd_avenue/south_to_north/003_n00048_N.jpg,n00048,0.7132302731835942,"There are trees visible on the sidewalk, particularly on the right side of the image, and there are also some trees in the background near the church."
2nd_avenue/south_to_north/004_n00049_N.jpg,n00049,0.5311246438004591,"There are trees visible on the sidewalk, specifically on the left side of the image near the buildings and on the right side near the construction site."
2nd_avenue/south_to_north/005_n00050_N.jpg,n00050,0.5908440027500399,There are trees with green leaves on the sidewalk and a tree with yellow leaves further down the street.
2nd_avenue/south_to_north/006_n00051_N.jpg,n00051,0.5377945962130362,"There are trees with green leaves visible on the right side of the image, near the buildings and the road."
2nd_avenue/south_to_north/007_n00052_N.jpg,n00052,0.6065507126512231,"There are trees visible on the right side of the image, near the buildings and the construction site."
2nd_avenue/south_to_north/008_n00053_N.jpg,n00053,0.6613260307196764,"There are trees visible on the left side of the image, near the sidewalk, and on the right side, near the buildings."
2nd_avenue/south_to_north/009_n00054_N.jpg,n00054,0.6296911674160881,"There are trees visible on the left side of the image, near the buildings."
2nd_avenue/south_to_north/010_n00055_N.jpg,n00055,0.6797460198603655,"There are trees visible on the left side of the street, near the sidewalk."
2nd_avenue/south_to_north/011_n00056_N.jpg,n00056,0.6394095795330379,"There are trees visible on the sidewalks, particularly on the left side of the image near the buildings."
2nd_avenue/south_to_north/012_n00058_N.jpg,n00058,0.7077728402118058,"There are trees visible on the sidewalks, particularly on the left and right sides of the image, providing greenery along the street."
2nd_avenue/south_to_north/013_n00059_N.jpg,n00059,0.8091347572452394,"There is a tree with budding leaves on the sidewalk, and some greenery near the buildings."
2nd_avenue/south_to_north/014_n00060_N.jpg,n00060,0.7105473154469104,"There are leafless trees visible along the sidewalk, indicating it might be winter or early spring."
2nd_avenue/south_to_north/015_n00061_N.jpg,n00061,0.7378639981984781,"There is a tree visible on the left side of the image, near the sidewalk."
2nd_avenue/south_to_north/016_n00062_N.jpg,n00062,0.7247317587884579,"There is a small tree visible on the left side of the image, near the intersection."
2nd_avenue/south_to_north/017_n00063_N.jpg,n00063,0.6306564971130642,"There are trees visible on the left side of the image, near the buildings."
2nd_avenue/south_to_north/018_n00064_N.jpg,n00064,0.6549022157125246,"There are trees visible in the background, lining the street and providing shade."
2nd_avenue/south_to_north/019_n00065_N.jpg,n00065,0.5931985311797562,There is no visible vegetation in this view.
2nd_avenue/south_to_north/020_n00066_N.jpg,n00066,0.5562434531718652,"There are trees visible on the right side of the image, near the buildings."
2nd_avenue/south_to_north/021_n00067_N.jpg,n00067,0.3733121298697222,"There are trees visible in the distance, lining the street and providing a green contrast to the urban environment."
2nd_avenue/south_to_north/022_n00068_N.jpg,n00068,0.3748168784361781,"There are trees visible along the sidewalk, particularly on the left side of the image, near the buildings."
2nd_avenue/south_to_north/023_n00069_N.jpg,n00069,0.5501848526887025,"There are trees visible on the left side of the image, near the sidewalk."
2nd_avenue/south_to_north/024_n00070_N.jpg,n00070,0.7237585547070493,"There are trees visible on the sidewalks, particularly on the right side of the image near the buildings and on the left side near the crosswalk."
2nd_avenue/south_to_north/025_n00071_N.jpg,n00071,0.7506268906350487,"There are trees visible on the sidewalks, particularly on the left side of the image near the buildings and on the right side closer to the center of the street."
2nd_avenue/south_to_north/026_n00072_N.jpg,n00072,0.7846735156880621,"There is a tree visible on the right side of the image, near the sidewalk."
2nd_avenue/south_to_north/027_n00073_N.jpg,n00073,0.6411951347375409,"There are trees visible on the right side of the image, lining the sidewalk."
2nd_avenue/south_to_north/028_n00074_N.jpg,n00074,0.6857822421742317,"There are trees visible on the right side of the image, along the sidewalk."
2nd_avenue/south_to_north/029_n00075_N.jpg,n00075,0.5045082922907528,"There are trees visible along the sidewalk on the right side of the image, providing greenery to the urban environment."
2nd_avenue/south_to_north/030_n00076_N.jpg,n00076,0.6700891794977522,"There are trees visible on the sidewalks, specifically on the left and right sides of the image, near the buildings."
2nd_avenue/south_to_north/031_n00077_N.jpg,n00077,0.7042213046468802,"There are trees visible on the sidewalks, particularly on the left side of the image near the buildings."
2nd_avenue/south_to_north/032_n00078_N.jpg,n00078,0.6925271568705995,"There are trees visible on the left side of the image, near the buildings and along the sidewalk."
2nd_avenue/south_to_north/033_n00079_N.jpg,n00079,0.6335834040652176,"There is a tree visible on the left side of the image, near the sidewalk."
3rd_avenue/north_to_south/001_n00113_S.jpg,n00113,0.6561568209525168,"There are trees visible along the street, particularly on the right side of the image, near the buildings."
3rd_avenue/north_to_south/002_n00112_S.jpg,n00112,0.6276528742051029,"There are trees visible along the sidewalk on the left side of the image, lining the street."
3rd_avenue/north_to_south/003_n00111_S.jpg,n00111,0.7350863166111234,"There are leafless trees visible along the sidewalk, particularly on the right side of the image."
3rd_avenue/north_to_south/004_n00110_S.jpg,n00110,0.6648908636438084,"There are leafless trees visible on the sidewalks, located on both sides of the street."
3rd_avenue/north_to_south/005_n00109_S.jpg,n00109,0.6581520783021175,"There are trees visible on the sidewalks, particularly on the left side of the image near the buildings."
3rd_avenue/north_to_south/006_n00108_S.jpg,n00108,0.51307877143229,"There are trees visible on the left side of the image, near the sidewalk."
3rd_avenue/north_to_south/007_n00107_S.jpg,n00107,0.5000824657013724,"There is a tree visible on the left side of the image, near the sidewalk."
3rd_avenue/north_to_south/008_n00106_S.jpg,n00106,0.5314151606055879,"There are trees visible on the left side of the image, near the buildings."
3rd_avenue/north_to_south/009_n00105_S.jpg,n00105,0.6602755384710283,"There are trees visible on the right side of the image, lining the street."
3rd_avenue/north_to_south/010_n00104_S.jpg,n00104,0.699498471955929,"There are leafless trees visible along the sidewalk, particularly on the left side of the image."
3rd_avenue/north_to_south/011_n00103_S.jpg,n00103,0.6739039543660024,"There are leafless trees visible along the sidewalk, particularly on the left side of the image."
3rd_avenue/north_to_south/012_n00102_S.jpg,n00102,0.7411803753020135,"There are trees visible on the sidewalks, particularly on the left side of the image, and there are also some bushes near the buildings."
3rd_avenue/north_to_south/013_n00101_S.jpg,n00101,0.678321077525482,"There are trees visible along the sidewalk, particularly on the left side of the image, near the intersection."
3rd_avenue/north_to_south/014_n00100_S.jpg,n00100,0.6941101744663769,"There are trees visible along the sidewalk on the left side of the image, and there are also trees lining the street in the distance."
3rd_avenue/north_to_south/015_n00099_S.jpg,n00099,0.6825207776895763,"There are trees visible on the sidewalks, particularly on the right side of the image, and there are also trees lining the street in the distance."
3rd_avenue/north_to_south/016_n00098_S.jpg,n00098,0.73098478881391,"There is a tree with blossoms on the left side of the image, near the sidewalk."
3rd_avenue/north_to_south/017_n00097_S.jpg,n00097,0.6258985602690119,"There are trees visible in the background, lining the street and providing shade."
3rd_avenue/north_to_south/018_n00096_S.jpg,n00096,0.7155308208646786,"There are trees visible on the left side of the image, along the sidewalk."
3rd_avenue/north_to_south/019_n00095_S.jpg,n00095,0.6425468330432866,"There is a tree visible on the left side of the image, near the sidewalk."
3rd_avenue/north_to_south/020_n00094_S.jpg,n00094,0.5774225283063837,"There is a tree visible on the left side of the image, near the sidewalk."
3rd_avenue/north_to_south/021_n00093_S.jpg,n00093,0.7180931369660376,"There are trees visible in the background, lining the street and providing shade."
3rd_avenue/north_to_south/022_n00092_S.jpg,n00092,0.71987437416903,"There are trees visible on the left side of the image, along the sidewalk."
3rd_avenue/north_to_south/023_n00091_S.jpg,n00091,0.6394900087827333,"There is a tree visible on the left side of the image, near the sidewalk."
3rd_avenue/north_to_south/024_n00090_S.jpg,n00090,0.6360520764456923,There are no visible plants or vegetation in this view.
3rd_avenue/north_to_south/025_n00089_S.jpg,n00089,0.6001776409931818,"There are trees visible on the left side of the image, near the buildings."
3rd_avenue/north_to_south/026_n00088_S.jpg,n00088,0.6063843162858902,"There are trees visible on the sidewalks, particularly on the left side of the image, and some leafless trees further down the street."
3rd_avenue/north_to_south/027_n00087_S.jpg,n00087,0.7718564023161847,"There are trees visible along the sidewalk on the left side of the image, and they are located between the buildings and the street."
3rd_avenue/north_to_south/028_n00086_S.jpg,n00086,0.7863021633082825,"There is a tree visible on the left side of the image, near the sidewalk."
3rd_avenue/north_to_south/029_n00085_S.jpg,n00085,0.7461237840338197,"There are trees visible in the background, lining the street and providing shade."
3rd_avenue/north_to_south/030_n00084_S.jpg,n00084,0.7350478826494048,"There are trees visible on the right side of the image, lining the street."
3rd_avenue/north_to_south/031_n00083_S.jpg,n00083,0.7118927483683104,"There is a tree visible on the right side of the image, near the sidewalk."
3rd_avenue/north_to_south/032_n00082_S.jpg,n00082,0.6681553255891908,"There are trees visible on the sidewalks, particularly on the right side of the image near the buildings."
3rd_avenue/north_to_south/033_n00081_S.jpg,n00081,0.6192059487024408,"There are trees visible on the right side of the image, lining the street."
3rd_avenue/north_to_south/034_n00080_S.jpg,n00080,0.6211214394009384,"There are trees visible on the right side of the image, lining the street."
3rd_avenue/south_to_north/001_n00080_N.jpg,n00080,0.6211214394009384,"There are trees visible on the left side of the image, near the buildings and along the sidewalk."
3rd_avenue/south_to_north/002_n00081_N.jpg,n00081,0.6192059487024408,"There are trees visible on the left side of the image, along the sidewalk."
3rd_avenue/south_to_north/003_n00082_N.jpg,n00082,0.6681553255891908,"There are trees visible on the left side of the image, lining the street."
3rd_avenue/south_to_north/004_n00083_N.jpg,n00083,0.7118927483683104,"There is a tree visible on the left side of the image, near the sidewalk."
3rd_avenue/south_to_north/005_n00084_N.jpg,n00084,0.7350478826494048,"There is a small tree visible on the left side of the image, near the sidewalk."
3rd_avenue/south_to_north/006_n00085_N.jpg,n00085,0.7461237840338197,"There are trees visible on the left side of the image, near the buildings."
3rd_avenue/south_to_north/007_n00086_N.jpg,n00086,0.7863021633082825,"There are trees visible on the sidewalks, particularly on the right side of the image, and some greenery is also present on the left side near the buildings."
3rd_avenue/south_to_north/008_n00087_N.jpg,n00087,0.7718564023161847,"There are trees with blooming white flowers on the right side of the street, and a few potted plants on the sidewalk."
3rd_avenue/south_to_north/009_n00088_N.jpg,n00088,0.6063843162858902,There are no visible plants or trees in this view.
3rd_avenue/south_to_north/010_n00089_N.jpg,n00089,0.6001776409931818,There is no visible vegetation in this view.
3rd_avenue/south_to_north/011_n00090_N.jpg,n00090,0.6360520764456923,"There are trees visible on the right side of the image, along the sidewalk."
3rd_avenue/south_to_north/012_n00091_N.jpg,n00091,0.6394900087827333,"There are trees with white blossoms on the right side of the image, and some leafless trees on the left side."
3rd_avenue/south_to_north/013_n00092_N.jpg,n00092,0.71987437416903,"There are trees visible on the sidewalks, particularly on the right side of the image near the buildings."
3rd_avenue/south_to_north/014_n00093_N.jpg,n00093,0.7180931369660376,"There are trees visible along the sidewalk, particularly on the right side of the image, near the buildings."
3rd_avenue/south_to_north/015_n00094_N.jpg,n00094,0.5774225283063837,"There are trees visible on the right side of the image, along the sidewalk."
3rd_avenue/south_to_north/016_n00095_N.jpg,n00095,0.6425468330432866,"There are trees visible on the right side of the image, lining the street."
3rd_avenue/south_to_north/017_n00096_N.jpg,n00096,0.7155308208646786,"There are trees visible on the right side of the image, near the sidewalk and buildings."
3rd_avenue/south_to_north/018_n00097_N.jpg,n00097,0.6258985602690119,"There are trees visible on the right side of the image, near the buildings and construction site."
3rd_avenue/south_to_north/019_n00098_N.jpg,n00098,0.73098478881391,"There are trees visible on the right side of the image, along the sidewalk."
3rd_avenue/south_to_north/020_n00099_N.jpg,n00099,0.6825207776895763,There are no visible plants or trees in this view.
3rd_avenue/south_to_north/021_n00100_N.jpg,n00100,0.6941101744663769,"There are trees visible on the right side of the image, along the sidewalk."
3rd_avenue/south_to_north/022_n00101_N.jpg,n00101,0.678321077525482,"There are leafless trees visible along the sidewalk on the right side of the image, indicating it might be late autumn or winter."
3rd_avenue/south_to_north/023_n00102_N.jpg,n00102,0.7411803753020135,"There are leafless trees visible along the sidewalk, particularly on the right side of the image."
3rd_avenue/south_to_north/024_n00103_N.jpg,n00103,0.6739039543660024,"There are leafless trees visible along the sidewalk, particularly on the left side of the image."
3rd_avenue/south_to_north/025_n00104_N.jpg,n00104,0.699498471955929,"There are trees visible on the left side of the image, near the buildings."
3rd_avenue/south_to_north/026_n00105_N.jpg,n00105,0.6602755384710283,"There are trees visible on the right side of the image, along the sidewalk."
3rd_avenue/south_to_north/027_n00106_N.jpg,n00106,0.5314151606055879,"There are trees visible on the right side of the image, near the buildings."
3rd_avenue/south_to_north/028_n00107_N.jpg,n00107,0.5000824657013724,There are no visible plants or vegetation in this view.
3rd_avenue/south_to_north/029_n00108_N.jpg,n00108,0.51307877143229,There are no visible plants or vegetation in this view.
3rd_avenue/south_to_north/030_n00109_N.jpg,n00109,0.6581520783021175,"There are trees visible along the sidewalk, particularly on the left side of the image, near the buildings."
3rd_avenue/south_to_north/031_n00110_N.jpg,n00110,0.6648908636438084,"There are leafless trees visible along the sidewalk, particularly on the left side of the image."
3rd_avenue/south_to_north/032_n00111_N.jpg,n00111,0.7350863166111234,"There are trees visible on the left side of the image, lining the street."
3rd_avenue/south_to_north/033_n00112_N.jpg,n00112,0.6276528742051029,There is no visible vegetation in this view.
3rd_avenue/south_to_north/034_n00113_N.jpg,n00113,0.6561568209525168,There are no visible plants or vegetation in this view.
east_34th_street/east_to_west/001_n00313_W.jpg,n00313,0.6973382660372938,"There are trees visible on the sidewalks, particularly on the left side of the image near the buildings and on the right side near the buildings."
east_34th_street/east_to_west/002_n00312_W.jpg,n00312,0.6930494406057178,"There are trees visible on the left side of the street, near the sidewalk."
east_34th_street/east_to_west/003_n00311_W.jpg,n00311,0.6855003576354142,"There is a tree with white blossoms on the left side of the image, near the sidewalk."
east_34th_street/east_to_west/004_n00310_W.jpg,n00310,0.7054109351377236,"There are trees visible along the sidewalk on the left side of the image, and they appear to be in a row, providing a natural boundary between the street and the buildings."
east_34th_street/east_to_west/005_n00309_W.jpg,n00309,0.7258066360458563,"There are trees visible along the sidewalk on the left side of the image, and there are also trees lining the street on the right side."
east_34th_street/east_to_west/006_n00308_W.jpg,n00308,0.7133142847299903,"There are trees with blooming white flowers on the right side of the image, and leafless trees on the left side."
east_34th_street/east_to_west/007_n00307_W.jpg,n00307,0.7267341125187076,"There is a tree with white blossoms visible on the left side of the image, near the sidewalk."
east_34th_street/east_to_west/008_n00306_W.jpg,n00306,0.6769047330508856,"There are trees visible in the background, lining the street and providing shade."
east_34th_street/east_to_west/009_n00305_W.jpg,n00305,0.7037806629722934,"There are trees visible on the left side of the image, near the buildings."
east_34th_street/east_to_west/010_n00304_W.jpg,n00304,0.6311316278582269,"There are leafless trees visible on the right side of the image, indicating a winter or early spring season."
east_34th_street/east_to_west/011_n00303_W.jpg,n00303,0.703678471450243,"There are trees visible on the right side of the image, near the sidewalk and the buildings."
east_34th_street/east_to_west/012_n00302_W.jpg,n00302,0.6764717156967359,"There are trees visible along the sidewalk, particularly on the right side of the image, near the buildings."
east_34th_street/east_to_west/013_n00301_W.jpg,n00301,0.7429855075326204,"There are trees visible on the right side of the image, lining the sidewalk and providing shade."
east_34th_street/east_to_west/014_n00300_W.jpg,n00300,0.6318855643340173,"There are trees visible on the left side of the image, along the sidewalk."
east_34th_street/east_to_west/015_n00299_W.jpg,n00299,0.6737745266748825,"There is a tree visible in the foreground on the left side of the image, and some leafless trees are scattered along the street."
east_34th_street/east_to_west/016_n00298_W.jpg,n00298,0.6835665417182859,"There are trees visible along the sidewalk, particularly on the left side of the image, and they appear to be in a row."
east_34th_street/east_to_west/017_n00297_W.jpg,n00297,0.7097747949308377,"There are trees visible along the sidewalk on the left side of the image, and there are also some trees on the right side, near the buildings."
east_34th_street/east_to_west/018_n00296_W.jpg,n00296,0.7261522055011976,"There are trees visible on the sidewalks, lining the street."
east_34th_street/east_to_west/019_n00295_W.jpg,n00295,0.6787693071097523,"There are leafless trees visible on the sidewalk, located on the left side of the image."
east_34th_street/east_to_west/020_n00294_W.jpg,n00294,0.7800969657763064,"There are leafless trees visible along the sidewalk, particularly near the buildings and the street."
east_34th_street/east_to_west/021_n00293_W.jpg,n00293,0.7820146299832113,"There are trees visible on the right side of the image, along the sidewalk."
east_34th_street/east_to_west/022_n00292_W.jpg,n00292,0.726540636209031,"There are trees visible along the sidewalk, particularly on the right side of the image, near the buildings."
east_34th_street/east_to_west/023_n00291_W.jpg,n00291,0.6313107638126774,"There are leafless trees visible along the sidewalk, particularly near the crosswalks and the buildings."
east_34th_street/east_to_west/024_n00290_W.jpg,n00290,0.66061872534466,"There are trees visible on the sidewalk, particularly on the left side of the image, near the buildings."
east_34th_street/east_to_west/025_n00289_W.jpg,n00289,0.640769850020616,"There are trees visible on the left side of the image, along the sidewalk."
east_34th_street/east_to_west/026_n00288_W.jpg,n00288,0.5881132153335198,"There are leafless trees visible on the left side of the image, along the sidewalk."
east_34th_street/east_to_west/027_n00287_W.jpg,n00287,0.6391484782430444,"There are trees visible on the left side of the image, near the sidewalk."
east_34th_street/east_to_west/028_n00286_W.jpg,n00286,0.676971727487641,"There are trees visible on the sidewalks, particularly on the right side of the street."
east_34th_street/east_to_west/029_n00285_W.jpg,n00285,0.6802574621859692,"There are trees visible along the street, particularly on the right side of the image, near the buildings."
east_34th_street/east_to_west/030_n00284_W.jpg,n00284,0.7029238105218665,"There are trees visible in the background, lining the street and providing shade."
east_34th_street/east_to_west/031_n00283_W.jpg,n00283,0.6767102436829475,"There are trees visible in the background, lining the street and providing shade."
east_34th_street/east_to_west/032_n00282_W.jpg,n00282,0.7378273210752899,"There are trees visible along the sidewalk on the left side of the image, and there are also some plants near the base of the buildings."
east_34th_street/east_to_west/033_n00281_W.jpg,n00281,0.7947197175921163,"There are trees visible along the sidewalk, particularly on the left side of the image, and they appear to be in a row."
east_34th_street/east_to_west/034_n00280_W.jpg,n00280,0.7884264606242284,"There are trees visible along the sidewalk, particularly on the left side of the image, and some greenery near the buildings."
east_34th_street/east_to_west/035_n00279_W.jpg,n00279,0.6400299714690257,There are trees with bare branches on the left side of the image and trees with green leaves on the right side of the image.
east_34th_street/east_to_west/036_n00278_W.jpg,n00278,0.6921339611543393,"There are trees visible on the right side of the image, along the sidewalk."
east_34th_street/east_to_west/037_n00277_W.jpg,n00277,0.6281842941719493,"There are trees visible in the background, lining the street and providing shade."
east_34th_street/east_to_west/038_n00276_W.jpg,n00276,0.7044278202438499,"There are trees visible on the right side of the image, near the buildings and along the sidewalk."
east_34th_street/east_to_west/039_n00275_W.jpg,n00275,0.5050914012765046,"There are trees visible on the right side of the image, near the buildings."
east_34th_street/east_to_west/040_n00274_W.jpg,n00274,0.6804987206085651,"There are trees visible on the right side of the image, lining the sidewalk and providing shade."
east_34th_street/east_to_west/041_n00273_W.jpg,n00273,0.5918480741633914,"There are potted plants visible on the sidewalk, specifically on the left side of the image near the buildings."
east_34th_street/east_to_west/042_n00272_W.jpg,n00272,0.708199152741896,There are no visible plants or vegetation in this view.
east_34th_street/east_to_west/043_n00271_W.jpg,n00271,0.7697792431608572,"There are potted plants visible on the sidewalk, specifically near the buildings on the left side of the image."
east_34th_street/east_to_west/044_n00270_W.jpg,n00270,0.6889101866353673,"There are potted plants visible on the sidewalk, specifically near the buildings and along the street."
east_34th_street/east_to_west/045_n00269_W.jpg,n00269,0.6529283428612953,"There is a potted plant visible on the sidewalk, near the intersection."
east_34th_street/east_to_west/046_n00268_W.jpg,n00268,0.7233022596294553,"There are trees visible in the background, lining the street and providing shade."
east_34th_street/east_to_west/047_n00267_W.jpg,n00267,0.7073307003132066,"There are trees visible on the sidewalk, located between the buildings and the street."
east_34th_street/west_to_east/001_n00267_E.jpg,n00267,0.7073307003132066,There are no visible plants or vegetation in this view.
east_34th_street/west_to_east/002_n00268_E.jpg,n00268,0.7233022596294553,"There are potted plants visible on the sidewalks, one near the left side of the image and another near the right side."
east_34th_street/west_to_east/003_n00269_E.jpg,n00269,0.6529283428612953,There is a potted plant on the sidewalk on the right side of the image.
east_34th_street/west_to_east/004_n00270_E.jpg,n00270,0.6889101866353673,"There are potted plants visible on the sidewalk, specifically near the buildings and along the street."
east_34th_street/west_to_east/005_n00271_E.jpg,n00271,0.7697792431608572,"There are potted plants on the sidewalk, specifically on the right side of the image, near the buildings."
east_34th_street/west_to_east/006_n00272_E.jpg,n00272,0.708199152741896,"There are trees visible along the sidewalk, lining the street."
east_34th_street/west_to_east/007_n00273_E.jpg,n00273,0.5918480741633914,"There are trees visible on the left side of the image, along the sidewalk."
east_34th_street/west_to_east/008_n00274_E.jpg,n00274,0.6804987206085651,"There are trees visible on the left side of the image, near the buildings."
east_34th_street/west_to_east/009_n00275_E.jpg,n00275,0.5050914012765046,"There are trees visible on the left side of the image, near the sidewalk."
east_34th_street/west_to_east/010_n00276_E.jpg,n00276,0.7044278202438499,"There are trees visible along the sidewalk, particularly on the left side of the image, near the buildings."
east_34th_street/west_to_east/011_n00277_E.jpg,n00277,0.6281842941719493,"There are trees with blossoms on the right side of the image, and some leafless trees on the left side."
east_34th_street/west_to_east/012_n00278_E.jpg,n00278,0.6921339611543393,"There are trees visible on the left side of the street, lining the sidewalk."
east_34th_street/west_to_east/013_n00279_E.jpg,n00279,0.6400299714690257,"There are trees visible along the sidewalk, particularly on the right side of the image, and some greenery near the buildings."
east_34th_street/west_to_east/014_n00280_E.jpg,n00280,0.7884264606242284,"There are trees visible along the sidewalk on both sides of the street, providing greenery and shade."
east_34th_street/west_to_east/015_n00281_E.jpg,n00281,0.7947197175921163,"There is a tree visible in the middle of the image, near the intersection."
east_34th_street/west_to_east/016_n00282_E.jpg,n00282,0.7378273210752899,"There are trees visible on the right side of the image, near the sidewalk and the buildings."
east_34th_street/west_to_east/017_n00283_E.jpg,n00283,0.6767102436829475,"There are trees visible along the sidewalk, particularly on the left side of the image, near the crosswalk."
east_34th_street/west_to_east/018_n00284_E.jpg,n00284,0.7029238105218665,"There are trees visible on the left side of the image, near the sidewalk."
east_34th_street/west_to_east/019_n00285_E.jpg,n00285,0.6802574621859692,"There are trees visible on the right side of the image, near the sidewalk and buildings."
east_34th_street/west_to_east/020_n00286_E.jpg,n00286,0.676971727487641,"There are trees visible on the left side of the image, near the sidewalk."
east_34th_street/west_to_east/021_n00287_E.jpg,n00287,0.6391484782430444,"There are leafless trees visible on the sidewalks, particularly on the right side of the image."
east_34th_street/west_to_east/022_n00288_E.jpg,n00288,0.5881132153335198,"There are trees visible on the right side of the image, lining the street."
east_34th_street/west_to_east/023_n00289_E.jpg,n00289,0.640769850020616,"There is a tree visible on the right side of the image, near the sidewalk."
east_34th_street/west_to_east/024_n00290_E.jpg,n00290,0.66061872534466,"There are trees visible in the background, lining the streets and providing greenery to the urban environment."
east_34th_street/west_to_east/025_n00291_E.jpg,n00291,0.6313107638126774,"There are trees visible along the sidewalk, particularly on the left side of the image, near the buildings."
east_34th_street/west_to_east/026_n00292_E.jpg,n00292,0.726540636209031,"There are trees with bare branches, indicating a winter or early spring season, located along the sidewalk on both sides of the street."
east_34th_street/west_to_east/027_n00293_E.jpg,n00293,0.7820146299832113,There are leafless trees lining the sidewalk on both sides of the street.
east_34th_street/west_to_east/028_n00294_E.jpg,n00294,0.7800969657763064,"There is a tree visible on the sidewalk, located towards the right side of the image, near the building with the ""PARKING"" sign."
east_34th_street/west_to_east/029_n00295_E.jpg,n00295,0.6787693071097523,"There are trees visible on the sidewalks, particularly on the right side of the image, near the buildings."
east_34th_street/west_to_east/030_n00296_E.jpg,n00296,0.7261522055011976,"There are trees visible along the sidewalk on the right side of the image, and some greenery is also present on the left side near the buildings."
east_34th_street/west_to_east/031_n00297_E.jpg,n00297,0.7097747949308377,"There are leafless trees visible along the sidewalk, particularly on the left side of the image."
east_34th_street/west_to_east/032_n00298_E.jpg,n00298,0.6835665417182859,"There are leafless trees visible on the sidewalks, particularly on the right side of the image."
east_34th_street/west_to_east/033_n00299_E.jpg,n00299,0.6737745266748825,"There are trees visible on the left side of the image, along the sidewalk."
east_34th_street/west_to_east/034_n00300_E.jpg,n00300,0.6318855643340173,"There are trees visible on the left side of the image, lining the street."
east_34th_street/west_to_east/035_n00301_E.jpg,n00301,0.7429855075326204,"There are trees with blooming white flowers on the left side of the image, near the intersection."
east_34th_street/west_to_east/036_n00302_E.jpg,n00302,0.6764717156967359,"There are trees visible in the view, located on the left side of the image near the church and along the sidewalk."
east_34th_street/west_to_east/037_n00303_E.jpg,n00303,0.703678471450243,"There are trees visible on the left side of the image, along the sidewalk."
east_34th_street/west_to_east/038_n00304_E.jpg,n00304,0.6311316278582269,"There are trees visible on the right side of the image, near the buildings."
east_34th_street/west_to_east/039_n00305_E.jpg,n00305,0.7037806629722934,"There are trees visible on the right side of the image, lining the street and providing shade."
east_34th_street/west_to_east/040_n00306_E.jpg,n00306,0.6769047330508856,"There are trees with white blossoms on the right side of the image, along the sidewalk."
east_34th_street/west_to_east/041_n00307_E.jpg,n00307,0.7267341125187076,"There are trees visible on the left side of the image, near the sidewalk."
east_34th_street/west_to_east/042_n00308_E.jpg,n00308,0.7133142847299903,"There are trees visible along the sidewalk, particularly on the right side of the image, near the buildings."
east_34th_street/west_to_east/043_n00309_E.jpg,n00309,0.7258066360458563,"There are trees visible on the sidewalks, particularly on the left side of the image near the buildings."
east_34th_street/west_to_east/044_n00310_E.jpg,n00310,0.7054109351377236,"There are trees visible on the right side of the image, along the sidewalk."
east_34th_street/west_to_east/045_n00311_E.jpg,n00311,0.6855003576354142,"There are trees with white blossoms on the right side of the image, near the sidewalk."
east_34th_street/west_to_east/046_n00312_E.jpg,n00312,0.6930494406057178,"There is a tree with blooming white flowers on the right side of the image, near the edge of the frame."
east_34th_street/west_to_east/047_n00313_E.jpg,n00313,0.6973382660372938,"There are trees visible along the sidewalk, particularly on the left side of the image, near the crosswalk."
east_35th_street/east_to_west/001_n00360_W.jpg,n00360,0.6282839559954229,"There are trees visible in the background, lining the street and providing shade."
east_35th_street/east_to_west/002_n00359_W.jpg,n00359,0.5370067915616394,"There are trees with bare branches visible along the sidewalk, indicating it might be late autumn or winter."
east_35th_street/east_to_west/003_n00358_W.jpg,n00358,0.4386464913180592,"There are leafless trees lining the street, and some greenery in the background near the buildings."
east_35th_street/east_to_west/004_n00357_W.jpg,n00357,0.59229186667341,There are leafless trees lining the street and a park with trees and benches visible on the right side of the image.
east_35th_street/east_to_west/005_n00356_W.jpg,n00356,0.4958982346171461,There are leafless trees lining the street and a fenced area with greenery on the right side of the image.
east_35th_street/east_to_west/006_n00355_W.jpg,n00355,0.6967650229047548,"There are leafless trees lining the street, visible on both sides of the road, and a fenced area with trees in the background."
east_35th_street/east_to_west/007_n00354_W.jpg,n00354,0.7554753716880515,There are trees with bare branches lining the street and a park with green grass and trees in the background.
east_35th_street/east_to_west/008_n00353_W.jpg,n00353,0.74925749019742,"There are trees with bare branches, indicating it might be late autumn or winter, located on the right side of the image near the park."
east_35th_street/east_to_west/009_n00352_W.jpg,n00352,0.604977232342024,"There are leafless trees visible on the right side of the image, along the sidewalk."
east_35th_street/east_to_west/010_n00351_W.jpg,n00351,0.4997536186612317,"There are leafless trees lining the street, visible on the right side of the image."
east_35th_street/east_to_west/011_n00350_W.jpg,n00350,0.30380213140769713,"There are trees visible on the left side of the image, near the construction site, and some bushes on the right side, near the sidewalk."
east_35th_street/east_to_west/012_n00349_W.jpg,n00349,0.285995834157885,"There are trees visible on the right side of the image, near the sidewalk and the buildings."
east_35th_street/east_to_west/013_n00348_W.jpg,n00348,0.5417133338549467,"There are trees visible along the sidewalk, particularly on the left side of the image, near the buildings."
east_35th_street/east_to_west/014_n00347_W.jpg,n00347,0.5948094484862034,"There are trees visible on the sidewalk, particularly near the buildings on the left side of the image."
east_35th_street/east_to_west/015_n00346_W.jpg,n00346,0.6730030150532571,"There are trees with white blossoms visible on the left side of the image, and a small tree is also present on the far left."
east_35th_street/east_to_west/016_n00345_W.jpg,n00345,0.6991691627655162,"There are trees with blooming white flowers on the right side of the street, and a potted plant on the sidewalk in front of the brick building on the left."
east_35th_street/east_to_west/017_n00344_W.jpg,n00344,0.724451714131469,"There are trees with blooming white flowers on the right side of the image, and a wooden bench on the sidewalk on the left side of the image."
east_35th_street/east_to_west/018_n00343_W.jpg,n00343,0.7405051156654325,"There are trees visible along the street, particularly on the right side, and some bushes near the buildings."
east_35th_street/east_to_west/019_n00342_W.jpg,n00342,0.6640829793873892,"There are trees visible along the street, particularly on the left side, and some smaller plants or bushes near the buildings."
east_35th_street/east_to_west/020_n00341_W.jpg,n00341,0.6402514681995122,"There are trees visible on the left side of the image, near the buildings."
east_35th_street/east_to_west/021_n00340_W.jpg,n00340,0.7911503140285663,"There are trees visible on the sidewalks, particularly on the left side of the street, and some greenery on the buildings, such as awnings and air conditioning units."
east_35th_street/east_to_west/022_n00339_W.jpg,n00339,0.7841838786845948,"There is a tree with branches and leaves visible on the left side of the image, near the sidewalk."
east_35th_street/east_to_west/023_n00338_W.jpg,n00338,0.7401268280430267,There are potted plants visible on the sidewalk in front of the brick building on the left side of the image.
east_35th_street/east_to_west/024_n00337_W.jpg,n00337,0.7738175119645256,"There are trees visible on the left side of the image, near the buildings, and there is a tree with white blossoms on the right side of the image, near the intersection."
east_35th_street/east_to_west/025_n00336_W.jpg,n00336,0.7891395761448523,"There are trees with white blossoms on the right side of the image, and smaller trees without leaves on the left side."
east_35th_street/east_to_west/026_n00335_W.jpg,n00335,0.7876904208055325,"There are trees visible in the view, with one tree on the left side of the image and another tree on the right side, both casting shadows on the street."
east_35th_street/east_to_west/027_n00334_W.jpg,n00334,0.8309099107119708,"There are trees visible on the left and right sides of the street, casting shadows on the sidewalk."
east_35th_street/east_to_west/028_n00333_W.jpg,n00333,0.780164367348845,"There are trees with bare branches visible on the right side of the image, indicating it might be late autumn or winter."
east_35th_street/east_to_west/029_n00332_W.jpg,n00332,0.7301788589564877,"There are trees with white blossoms on the right side of the street, and potted plants on the sidewalks on both sides of the street."
east_35th_street/east_to_west/030_n00331_W.jpg,n00331,0.8342917785917259,There are trees with green leaves on the left side of the street and a tree with white blossoms on the right side of the street.
east_35th_street/east_to_west/031_n00330_W.jpg,n00330,0.7787294938921623,"There are trees visible in the background, lining the street and providing shade."
east_35th_street/east_to_west/032_n00329_W.jpg,n00329,0.768423931243134,"There are trees visible along the street, particularly on the right side, and some bushes near the buildings."
east_35th_street/east_to_west/033_n00328_W.jpg,n00328,0.8543395740213888,"There are trees with bare branches lining the street, and some trees with blooming white flowers are visible on the right side of the image."
east_35th_street/east_to_west/034_n00327_W.jpg,n00327,0.855477402821601,"There are trees visible along the street, particularly on the left side, and some greenery near the buildings."
east_35th_street/east_to_west/035_n00326_W.jpg,n00326,0.8615543365106788,"There are trees visible on the sidewalks, particularly on the right side of the street, and some greenery near the buildings."
east_35th_street/east_to_west/036_n00325_W.jpg,n00325,0.8226076799743185,"There are trees visible along the street, casting shadows on the road, and a few potted plants on the sidewalks."
east_35th_street/east_to_west/037_n00324_W.jpg,n00324,0.7881546811624136,"There are trees visible on the sidewalks, specifically on the left and right sides of the street."
east_35th_street/east_to_west/038_n00323_W.jpg,n00323,0.7940252188654084,"There are trees with bare branches visible on the left side of the image, and some greenery on the right side near a building."
east_35th_street/east_to_west/039_n00322_W.jpg,n00322,0.7973672360789548,"There are trees with pink blossoms on the right side of the image, near the sidewalk and the traffic lights."
east_35th_street/east_to_west/040_n00321_W.jpg,n00321,0.7960583589497311,"There are trees visible on the right side of the image, lining the street."
east_35th_street/east_to_west/041_n00320_W.jpg,n00320,0.4560024557461229,"There are trees visible on the right side of the image, near the buildings."
east_35th_street/east_to_west/042_n00319_W.jpg,n00319,0.5135542915016287,"There are trees with blossoms visible on the right side of the street, and green fencing with a mesh pattern is present on the left side of the street."
east_35th_street/east_to_west/043_n00318_W.jpg,n00318,0.45038366179441586,"There are trees with white blossoms visible on the right side of the street, and some greenery near the sidewalk on the right."
east_35th_street/east_to_west/044_n00317_W.jpg,n00317,0.44140426193065135,"There are trees with blooming flowers on the right side of the image, near the sidewalk."
east_35th_street/east_to_west/045_n00316_W.jpg,n00316,0.8192693033544063,There are trees and bushes lining the sidewalk on the right side of the image.
east_35th_street/east_to_west/046_n00315_W.jpg,n00315,0.8127241253944273,"There are trees visible on the sidewalk, specifically on the right side of the image, near the church."
east_35th_street/east_to_west/047_n00314_W.jpg,n00314,0.6840077728669883,"There are trees visible on the right side of the image, along the sidewalk."
east_35th_street/west_to_east/001_n00314_E.jpg,n00314,0.6840077728669883,"There is a tree with green leaves on the sidewalk on the left side of the image, and a small bush near the church."
east_35th_street/west_to_east/002_n00315_E.jpg,n00315,0.8127241253944273,There are trees and bushes lining the sidewalk on the left side of the street.
east_35th_street/west_to_east/003_n00316_E.jpg,n00316,0.8192693033544063,"There are trees visible along the sidewalk, particularly on the left side of the image."
east_35th_street/west_to_east/004_n00317_E.jpg,n00317,0.44140426193065135,"There are trees with white blossoms visible on the left side of the image, near the sidewalk."
east_35th_street/west_to_east/005_n00318_E.jpg,n00318,0.45038366179441586,"There are trees visible along the sidewalk, particularly on the left side of the image, and some greenery near the construction site."
east_35th_street/west_to_east/006_n00319_E.jpg,n00319,0.5135542915016287,"There is a small tree on the sidewalk near the building on the left, and a green fence with some graffiti on it on the right side of the image."
east_35th_street/west_to_east/007_n00320_E.jpg,n00320,0.4560024557461229,"There are trees visible on the sidewalks, particularly on the left side of the image near the buildings and on the right side closer to the street."
east_35th_street/west_to_east/008_n00321_E.jpg,n00321,0.7960583589497311,"There are trees with pink blossoms on the right side of the image, near the sidewalk and the road."
east_35th_street/west_to_east/009_n00322_E.jpg,n00322,0.7973672360789548,"There are trees visible along the sidewalk, particularly on the left side of the image, near the buildings."
east_35th_street/west_to_east/010_n00323_E.jpg,n00323,0.7940252188654084,"There are trees visible on the sidewalks, particularly on the left side of the image, and some leafless trees on the right side."
east_35th_street/west_to_east/011_n00324_E.jpg,n00324,0.7881546811624136,"There are trees lining the street, and there are potted plants on the sidewalks near the buildings."
east_35th_street/west_to_east/012_n00325_E.jpg,n00325,0.8226076799743185,"There are trees visible in the view, lining the street and providing shade. They are located on both sides of the street, creating a canopy effect."
east_35th_street/west_to_east/013_n00326_E.jpg,n00326,0.8615543365106788,"There are trees with budding leaves along the sidewalk, and some greenery near the buildings."
east_35th_street/west_to_east/014_n00327_E.jpg,n00327,0.855477402821601,"There are trees with bare branches, likely indicating a winter or early spring season, located along the sidewalk and in the middle of the street."
east_35th_street/west_to_east/015_n00328_E.jpg,n00328,0.8543395740213888,"There are trees visible on the left side of the image, along the sidewalk, and some bushes near the buildings."
east_35th_street/west_to_east/016_n00329_E.jpg,n00329,0.768423931243134,"There are trees visible along the sidewalk, particularly on the right side of the image, near the buildings."
east_35th_street/west_to_east/017_n00330_E.jpg,n00330,0.7787294938921623,"There are trees with blooming white flowers on the sidewalk, located between the buildings and the street."
east_35th_street/west_to_east/018_n00331_E.jpg,n00331,0.8342917785917259,"There are trees with blooming white flowers on the left side of the street, and a few smaller trees on the right side."
east_35th_street/west_to_east/019_n00332_E.jpg,n00332,0.7301788589564877,"There are trees visible in the background, lining the street, and a small bush is visible on the right side of the image."
east_35th_street/west_to_east/020_n00333_E.jpg,n00333,0.780164367348845,"There are trees visible along the street, particularly on the right side, and some foliage on the left side near the buildings."
east_35th_street/west_to_east/021_n00334_E.jpg,n00334,0.8309099107119708,"There are trees with white blossoms visible in the middle of the image, and a tree with green leaves on the right side."
east_35th_street/west_to_east/022_n00335_E.jpg,n00335,0.7876904208055325,"There are trees visible on the right side of the image, lining the street."
east_35th_street/west_to_east/023_n00336_E.jpg,n00336,0.7891395761448523,"There are trees visible on the left side of the image, near the sidewalk."
east_35th_street/west_to_east/024_n00337_E.jpg,n00337,0.7738175119645256,"There are trees visible on the sidewalks, particularly on the left side of the image near the buildings."
east_35th_street/west_to_east/025_n00338_E.jpg,n00338,0.7401268280430267,"There are trees visible in the view, located on the sidewalk and near the buildings."
east_35th_street/west_to_east/026_n00339_E.jpg,n00339,0.7841838786845948,"There are trees visible along the sidewalk, particularly on the left side of the street, and they appear to be in the early stages of spring with some leaves starting to emerge."
east_35th_street/west_to_east/027_n00340_E.jpg,n00340,0.7911503140285663,"There are leafless trees visible on the sidewalks, particularly on the right side of the image near the buildings."
east_35th_street/west_to_east/028_n00341_E.jpg,n00341,0.6402514681995122,"There are leafless trees visible along the street, particularly on the left side of the image near the buildings."
east_35th_street/west_to_east/029_n00342_E.jpg,n00342,0.6640829793873892,"There are trees visible along the street, particularly on the right side, and some greenery on the sidewalk."
east_35th_street/west_to_east/030_n00343_E.jpg,n00343,0.7405051156654325,"There are trees with white blossoms visible on the left side of the street, and there are also some trees without leaves further down the street."
east_35th_street/west_to_east/031_n00344_E.jpg,n00344,0.724451714131469,There are trees with white blossoms on the left side of the street and a few bushes near the buildings.
east_35th_street/west_to_east/032_n00345_E.jpg,n00345,0.6991691627655162,"There is a tree with white blossoms on the right side of the image, and a potted plant on the sidewalk near the bottom right corner."
east_35th_street/west_to_east/033_n00346_E.jpg,n00346,0.6730030150532571,"There are trees visible on the right side of the image, near the buildings."
east_35th_street/west_to_east/034_n00347_E.jpg,n00347,0.5948094484862034,"There are trees visible in the background, along the street and near the church."
east_35th_street/west_to_east/035_n00348_E.jpg,n00348,0.5417133338549467,"There are trees with green leaves on the left side of the image, near the buildings, and a tree with yellow leaves on the right side, closer to the construction area."
east_35th_street/west_to_east/036_n00349_E.jpg,n00349,0.285995834157885,"There are trees visible on the right side of the image, near the construction area, and some bushes on the left side near the sidewalk."
east_35th_street/west_to_east/037_n00350_E.jpg,n00350,0.30380213140769713,"There are trees visible in the background, lining the street and providing shade."
east_35th_street/west_to_east/038_n00351_E.jpg,n00351,0.4997536186612317,"There are leafless trees visible along the sidewalk, particularly on the left side of the image."
east_35th_street/west_to_east/039_n00352_E.jpg,n00352,0.604977232342024,There are leafless trees lining the street and a park with green grass and trees in the background.
east_35th_street/west_to_east/040_n00353_E.jpg,n00353,0.74925749019742,"There are trees with bare branches lining the street, and there is a fenced area with greenery, possibly a park or garden, on the left side of the image."
east_35th_street/west_to_east/041_n00354_E.jpg,n00354,0.7554753716880515,"There are trees visible on the left side of the image, near the sidewalk, and on the right side, near the buildings."
east_35th_street/west_to_east/042_n00355_E.jpg,n00355,0.6967650229047548,There are trees with bare branches lining the sidewalk on the left side of the image.
east_35th_street/west_to_east/043_n00356_E.jpg,n00356,0.4958982346171461,There are leafless trees lining the street and a few green bushes near the sidewalk.
east_35th_street/west_to_east/044_n00357_E.jpg,n00357,0.59229186667341,"There are trees with blossoms on the left side of the image, near the sidewalk."
east_35th_street/west_to_east/045_n00358_E.jpg,n00358,0.4386464913180592,"There are leafless trees visible on the left side of the image, near the sidewalk."
east_35th_street/west_to_east/046_n00359_E.jpg,n00359,0.5370067915616394,"There are leafless trees visible along the street, particularly on the right side of the image, near the buildings."
east_35th_street/west_to_east/047_n00360_E.jpg,n00360,0.6282839559954229,There are leafless trees along the sidewalk on the right side of the image.
east_36th_street/east_to_west/001_n00407_W.jpg,n00407,0.5247203434631906,"There are leafless trees visible along the street, particularly on the left side of the image, and some greenery in the distance near the buildings."
east_36th_street/east_to_west/002_n00406_W.jpg,n00406,0.4711627096145262,"There are trees with bare branches, indicating it might be late autumn or winter, located along the street and in the background."
east_36th_street/east_to_west/003_n00405_W.jpg,n00405,0.49360836385807205,"There are trees with bare branches visible along the street, indicating it might be late autumn or winter."
east_36th_street/east_to_west/004_n00404_W.jpg,n00404,0.2166279367662172,"There are leafless trees lining the street, and they are visible on both sides of the road."
east_36th_street/east_to_west/005_n00403_W.jpg,n00403,0.34421230068970143,"There are leafless trees lining both sides of the street, providing a natural boundary and creating a canopy effect over the road."
east_36th_street/east_to_west/006_n00402_W.jpg,n00402,0.2886389353035971,"There are leafless trees lining the street, and a grassy area with a fence on the left side of the image."
east_36th_street/east_to_west/007_n00401_W.jpg,n00401,0.3526678927641024,"There are leafless trees lining the street, and a grassy area with a fence on the left side of the image."
east_36th_street/east_to_west/008_n00400_W.jpg,n00400,0.4024362704278214,There are leafless trees along the sidewalk on the left side of the image.
east_36th_street/east_to_west/009_n00399_W.jpg,n00399,0.49062464560263924,"There are leafless trees visible along the sidewalk, particularly on the left side of the image."
east_36th_street/east_to_west/010_n00398_W.jpg,n00398,0.573758109085401,"There are trees visible on the left side of the image, near the sidewalk and the street."
east_36th_street/east_to_west/011_n00397_W.jpg,n00397,0.6761933744758502,"There are trees with bare branches visible on the left side of the image, indicating a season like late autumn or winter."
east_36th_street/east_to_west/012_n00396_W.jpg,n00396,0.6619032776475755,"There are trees visible in the background, along the sidewalk on the right side of the image."
east_36th_street/east_to_west/013_n00395_W.jpg,n00395,0.637814767144542,"There are leafless trees visible along the sidewalk, particularly near the intersection and along the street."
east_36th_street/east_to_west/014_n00394_W.jpg,n00394,0.5970976637732778,"There are trees visible on the sidewalks, particularly on the right side of the image, and some leafless trees are also present, indicating a winter or early spring season."
east_36th_street/east_to_west/015_n00393_W.jpg,n00393,0.6654493049199128,"There are trees visible along the sidewalk on the left side of the image, near the brick building."
east_36th_street/east_to_west/016_n00392_W.jpg,n00392,0.6152679414022282,"There is a tree visible on the left side of the image, near the sidewalk."
east_36th_street/east_to_west/017_n00391_W.jpg,n00391,0.5846269676085681,"There are trees visible on the sidewalks, particularly on the right side of the street."
east_36th_street/east_to_west/018_n00390_W.jpg,n00390,0.6951500034171272,"There are trees visible on the left side of the image, along the sidewalk."
east_36th_street/east_to_west/019_n00389_W.jpg,n00389,0.6095176823281376,"There are trees visible on the left side of the street, lining the sidewalk."
east_36th_street/east_to_west/020_n00388_W.jpg,n00388,0.5602381348452399,"There are bushes visible on the left side of the image, near the sidewalk."
east_36th_street/east_to_west/021_n00387_W.jpg,n00387,0.5398242195783619,"There is a small tree visible on the sidewalk, located towards the center of the image."
east_36th_street/east_to_west/022_n00386_W.jpg,n00386,0.5714957347739724,"There is a small tree visible on the left side of the image, near the sidewalk."
east_36th_street/east_to_west/023_n00385_W.jpg,n00385,0.6106982647478496,"There are trees visible in the background, lining the street and providing shade."
east_36th_street/east_to_west/024_n00384_W.jpg,n00384,0.4781246507425826,"There are trees visible on the left side of the image, along the sidewalk."
east_36th_street/east_to_west/025_n00383_W.jpg,n00383,0.60226660456395,"There is a tree visible on the left side of the image, near the sidewalk."
east_36th_street/east_to_west/026_n00382_W.jpg,n00382,0.7825319716685983,"There are potted plants on the sidewalk, one near the middle of the street and another closer to the right side of the image."
east_36th_street/east_to_west/027_n00381_W.jpg,n00381,0.7710991682105206,"There are trees visible along the sidewalk, particularly on the right side of the image, and a small bush in a planter on the right side of the street."
east_36th_street/east_to_west/028_n00380_W.jpg,n00380,0.7228644250762191,"There are trees visible along the sidewalk, particularly on the left side of the image, and there is a small tree in a planter on the right side of the image."
east_36th_street/east_to_west/029_n00379_W.jpg,n00379,0.69614154888027,"There are trees visible along the sidewalk, particularly on the right side of the image, and some small bushes near the buildings."
east_36th_street/east_to_west/030_n00378_W.jpg,n00378,0.7799629395523001,"There are trees visible in the background, lining the street and providing shade."
east_36th_street/east_to_west/031_n00377_W.jpg,n00377,0.8052774159316214,"There are trees visible in the background, lining the street and providing shade."
east_36th_street/east_to_west/032_n00376_W.jpg,n00376,0.6951980903414763,"There are trees with blooming white flowers on the left side of the street, and a few leafless trees further down the street."
east_36th_street/east_to_west/033_n00375_W.jpg,n00375,0.8831241151517952,"There are trees visible along the sidewalk, particularly on the right side of the image, and some small plants or bushes near the buildings."
east_36th_street/east_to_west/034_n00374_W.jpg,n00374,0.8136243040806277,"There are trees visible on the sidewalks, particularly on the right side of the street, and some leafless branches are seen on the left side."
east_36th_street/east_to_west/035_n00373_W.jpg,n00373,0.8480796233354364,There are trees lining the street and small bushes near the buildings.
east_36th_street/east_to_west/036_n00372_W.jpg,n00372,0.8190503537586862,"There are trees lining the street, specifically on the right side, and some bushes are visible near the sidewalk on the left."
east_36th_street/east_to_west/037_n00371_W.jpg,n00371,0.7350446273000206,"There are trees visible on the sidewalks, particularly on the right side of the image, and some flowering plants near the sidewalk on the left."
east_36th_street/east_to_west/038_n00370_W.jpg,n00370,0.7535912239893092,"There are trees with pink blossoms along the sidewalk, located on the left side of the image, and deciduous trees without leaves further down the street."
east_36th_street/east_to_west/039_n00369_W.jpg,n00369,0.808319980097788,"There are trees visible on the right side of the image, near the buildings and along the sidewalk."
east_36th_street/east_to_west/040_n00368_W.jpg,n00368,0.799609476140803,"There are bushes visible on the right side of the image, along the sidewalk."
east_36th_street/east_to_west/041_n00367_W.jpg,n00367,0.616385415898027,"There are trees with bare branches on the right side of the image, and some green bushes are visible near the sidewalk on the right side."
east_36th_street/east_to_west/042_n00366_W.jpg,n00366,0.760524069536494,"There are trees visible on the right side of the image, along the sidewalk, and some bushes are present near the buildings on the left side of the image."
east_36th_street/east_to_west/043_n00365_W.jpg,n00365,0.7692526329953042,"There are trees lining the street, particularly on the right side, and some bushes near the buildings."
east_36th_street/east_to_west/044_n00364_W.jpg,n00364,0.752564398713956,"There are leafless trees lining the street, visible on both sides of the road."
east_36th_street/east_to_west/045_n00363_W.jpg,n00363,0.6247467756912128,There is no visible vegetation in this view.
east_36th_street/east_to_west/046_n00362_W.jpg,n00362,0.6611460010069764,"There are trees visible on the right side of the image, near the buildings and along the sidewalk."
east_36th_street/east_to_west/047_n00361_W.jpg,n00361,0.5734557619552645,"There is a tree visible on the right side of the image, near the sidewalk."
east_36th_street/west_to_east/001_n00361_E.jpg,n00361,0.5734557619552645,"There are trees with blossoms visible on the left side of the image, near the crosswalk."
east_36th_street/west_to_east/002_n00362_E.jpg,n00362,0.6611460010069764,"There are trees visible in the background, lining the street and providing shade."
east_36th_street/west_to_east/003_n00363_E.jpg,n00363,0.6247467756912128,"There are leafless trees lining the street, visible on both sides of the road."
east_36th_street/west_to_east/004_n00364_E.jpg,n00364,0.752564398713956,"There are trees lining the street, visible on both sides of the road, and a small patch of grass near the sidewalk on the left side of the image."
east_36th_street/west_to_east/005_n00365_E.jpg,n00365,0.7692526329953042,"There are trees visible along the sidewalk on the left side of the image, and there are also some bushes near the entrance of the building on the right side."
east_36th_street/west_to_east/006_n00366_E.jpg,n00366,0.760524069536494,"There are trees lining the sidewalk on the left side of the street, and some greenery near the buildings on the right side."
east_36th_street/west_to_east/007_n00367_E.jpg,n00367,0.616385415898027,"There are leafless trees along the sidewalk, and some greenery near the bottom left corner of the image."
east_36th_street/west_to_east/008_n00368_E.jpg,n00368,0.799609476140803,"There are trees with pink blossoms on the sidewalk, located on the right side of the image, near the crosswalk."
east_36th_street/west_to_east/009_n00369_E.jpg,n00369,0.808319980097788,"There are trees with pink blossoms on the right side of the image, near the buildings."
east_36th_street/west_to_east/010_n00370_E.jpg,n00370,0.7535912239893092,"There are trees visible along the sidewalk, particularly on the right side of the image, and some bushes near the entrance of the building on the left."
east_36th_street/west_to_east/011_n00371_E.jpg,n00371,0.7350446273000206,"There are trees with bare branches, likely indicating a winter or early spring season, and a small flower bed with yellow flowers on the sidewalk."
east_36th_street/west_to_east/012_n00372_E.jpg,n00372,0.8190503537586862,"There are trees visible along the sidewalk, particularly on the left side of the street, and some bushes near the buildings."
east_36th_street/west_to_east/013_n00373_E.jpg,n00373,0.8480796233354364,"There are trees with bare branches lining the street, and some greenery near the buildings, including bushes and plants."
east_36th_street/west_to_east/014_n00374_E.jpg,n00374,0.8136243040806277,"There are trees lining the street, and some bushes are visible near the buildings on the left side of the image."
east_36th_street/west_to_east/015_n00375_E.jpg,n00375,0.8831241151517952,"There are trees with white blossoms on the right side of the street, and a tree with green leaves on the left side of the street."
east_36th_street/west_to_east/016_n00376_E.jpg,n00376,0.6951980903414763,"There are trees visible along the sidewalk, particularly on the left side of the image, and some greenery in planters near the buildings."
east_36th_street/west_to_east/017_n00377_E.jpg,n00377,0.8052774159316214,"There are trees visible along the sidewalk, particularly on the left side of the image, and some greenery near the buildings."
east_36th_street/west_to_east/018_n00378_E.jpg,n00378,0.7799629395523001,"There are trees with bare branches lining the street, and some greenery near the buildings, including bushes and plants."
east_36th_street/west_to_east/019_n00379_E.jpg,n00379,0.69614154888027,"There is a tree on the left side of the image, and some leafless trees lining the street."
east_36th_street/west_to_east/020_n00380_E.jpg,n00380,0.7228644250762191,"There are trees visible along the sidewalk, particularly on the right side of the image, and some plants are seen on the balconies of the buildings."
east_36th_street/west_to_east/021_n00381_E.jpg,n00381,0.7710991682105206,"There is a small tree with bare branches on the sidewalk, and a potted plant near the curb."
east_36th_street/west_to_east/022_n00382_E.jpg,n00382,0.7825319716685983,"There are trees visible on the sidewalks, particularly on the right side of the street."
east_36th_street/west_to_east/023_n00383_E.jpg,n00383,0.60226660456395,"There are leafless trees visible on the right side of the image, along the sidewalk."
east_36th_street/west_to_east/024_n00384_E.jpg,n00384,0.4781246507425826,"There are trees visible on the right side of the image, near the buildings."
east_36th_street/west_to_east/025_n00385_E.jpg,n00385,0.6106982647478496,"There are trees visible on the right side of the image, near the buildings."
east_36th_street/west_to_east/026_n00386_E.jpg,n00386,0.5714957347739724,"There is a tree visible on the right side of the image, near the sidewalk."
east_36th_street/west_to_east/027_n00387_E.jpg,n00387,0.5398242195783619,"There are trees visible on the right side of the image, along the sidewalk."
east_36th_street/west_to_east/028_n00388_E.jpg,n00388,0.5602381348452399,"There are bushes visible on the right side of the image, near the buildings."
east_36th_street/west_to_east/029_n00389_E.jpg,n00389,0.6095176823281376,"There are trees visible in the distance, lining the street and providing a green backdrop to the urban environment."
east_36th_street/west_to_east/030_n00390_E.jpg,n00390,0.6951500034171272,"There are trees visible on the sidewalks, particularly on the right side of the street."
east_36th_street/west_to_east/031_n00391_E.jpg,n00391,0.5846269676085681,"There are trees visible along the sidewalk, particularly on the right side of the image, near the buildings."
east_36th_street/west_to_east/032_n00392_E.jpg,n00392,0.6152679414022282,"There are trees visible along the sidewalk, particularly on the left side of the image, and some bushes near the buildings on the right side."
east_36th_street/west_to_east/033_n00393_E.jpg,n00393,0.6654493049199128,"There are trees visible on the left side of the image, along the sidewalk."
east_36th_street/west_to_east/034_n00394_E.jpg,n00394,0.5970976637732778,"There are leafless trees visible along the sidewalk, particularly near the buildings and the intersection."
east_36th_street/west_to_east/035_n00395_E.jpg,n00395,0.637814767144542,"There are trees visible on the right side of the image, near the buildings and the crosswalk."
east_36th_street/west_to_east/036_n00396_E.jpg,n00396,0.6619032776475755,"There are leafless trees along the sidewalk, particularly noticeable on the right side of the image."
east_36th_street/west_to_east/037_n00397_E.jpg,n00397,0.6761933744758502,There are leafless trees along the sidewalk on the right side of the image.
east_36th_street/west_to_east/038_n00398_E.jpg,n00398,0.573758109085401,"There are trees visible on the right side of the image, near the sidewalk and the road."
east_36th_street/west_to_east/039_n00399_E.jpg,n00399,0.49062464560263924,There are leafless trees lining the sidewalk on the right side of the image.
east_36th_street/west_to_east/040_n00400_E.jpg,n00400,0.4024362704278214,"There are leafless trees lining the street, located on both sides of the road."
east_36th_street/west_to_east/041_n00401_E.jpg,n00401,0.3526678927641024,"There are leafless trees lining the street, and a grassy area with a fence on the right side of the image."
east_36th_street/west_to_east/042_n00402_E.jpg,n00402,0.2886389353035971,"There are leafless trees lining the street, and they are visible on both sides of the road."
east_36th_street/west_to_east/043_n00403_E.jpg,n00403,0.34421230068970143,"There are leafless trees lining the street on both sides, and they are visible from the sidewalk to the road."
east_36th_street/west_to_east/044_n00404_E.jpg,n00404,0.2166279367662172,"There are trees with bare branches lining the street, and some greenery is visible on the left side, possibly bushes or small trees, along the sidewalk."
east_36th_street/west_to_east/045_n00405_E.jpg,n00405,0.49360836385807205,"There are leafless trees lining the street, and some trees with green leaves are visible in the background."
east_36th_street/west_to_east/046_n00406_E.jpg,n00406,0.4711627096145262,"There are leafless trees visible on the right side of the image, near the buildings and the construction area."
east_36th_street/west_to_east/047_n00407_E.jpg,n00407,0.5247203434631906,"There are leafless trees visible along the sidewalk, particularly on the left side of the image."
east_37th_street/east_to_west/001_n00454_W.jpg,n00454,0.6451169310015741,"There are trees visible on the left side of the image, lining the street and providing shade."
east_37th_street/east_to_west/002_n00452_W.jpg,n00452,0.6652599200882936,"There are trees visible on both sides of the street, lining the sidewalk and providing shade."
east_37th_street/east_to_west/003_n00451_W.jpg,n00451,0.7477673219646868,"There are trees visible on the left side of the image, along the sidewalk, and some bushes near the buildings."
east_37th_street/east_to_west/004_n00449_W.jpg,n00449,0.7835373308653294,"There are trees visible on the left side of the image, along the sidewalk, and some smaller trees near the buildings on the right side of the image."
east_37th_street/east_to_west/005_n00448_W.jpg,n00448,0.754170130679622,"There are trees visible on the left side of the image, along the sidewalk and near the buildings."
east_37th_street/east_to_west/006_n00447_W.jpg,n00447,0.6670578360334036,"There are trees visible on the right side of the image, casting shadows on the street."
east_37th_street/east_to_west/007_n00446_W.jpg,n00446,0.6549241328670306,"There are trees visible on the right side of the image, near the buildings, and there are also trees in the background, lining the street."
east_37th_street/east_to_west/008_n00445_W.jpg,n00445,0.7165949929610747,"There are trees visible on the right side of the image, lining the street."
east_37th_street/east_to_west/009_n00444_W.jpg,n00444,0.6430768773598303,"There are trees visible on the right side of the image, near the buildings."
east_37th_street/east_to_west/010_n00443_W.jpg,n00443,0.7111926649777994,"There is a tree visible on the right side of the image, near the sidewalk."
east_37th_street/east_to_west/011_n00442_W.jpg,n00442,0.7424241697238714,"There are trees visible on the right side of the image, near the buildings and along the sidewalk."
east_37th_street/east_to_west/012_n00441_W.jpg,n00441,0.7618858845591263,"There is a tree with green leaves on the sidewalk, and some smaller plants near the building."
east_37th_street/east_to_west/013_n00440_W.jpg,n00440,0.5822393696282715,"There are trees visible on the right side of the image, along the sidewalk and near the buildings."
east_37th_street/east_to_west/014_n00439_W.jpg,n00439,0.7332834543771569,"There are trees visible on the left side of the street, near the sidewalk."
east_37th_street/east_to_west/015_n00438_W.jpg,n00438,0.45235564425370156,"There are plants visible in the background, along the sidewalk on the right side of the image."
east_37th_street/east_to_west/016_n00437_W.jpg,n00437,0.4712312950153378,"There are trees visible in the background, along the sidewalk on the left side of the image."
east_37th_street/east_to_west/017_n00436_W.jpg,n00436,0.5015917879988392,"There are trees visible in the background, lining the street and providing shade."
east_37th_street/east_to_west/018_n00435_W.jpg,n00435,0.5332362538076474,"There is a tree visible on the right side of the image, near the sidewalk."
east_37th_street/east_to_west/019_n00434_W.jpg,n00434,0.2687533704485371,There is no visible vegetation in this view.
east_37th_street/east_to_west/020_n00433_W.jpg,n00433,0.5081288654214475,"There are trees visible in the background, lining the street and providing shade."
east_37th_street/east_to_west/021_n00432_W.jpg,n00432,0.5273477655875893,"There are trees visible in the background, along the sidewalk on the left side of the image."
east_37th_street/east_to_west/022_n00431_W.jpg,n00431,0.640750963993099,"There are trees visible along the sidewalk, particularly near the Decor Art Gallery and along the street."
east_37th_street/east_to_west/023_n00430_W.jpg,n00430,0.49847020673397835,"There is a tree visible on the right side of the image, near the sidewalk."
east_37th_street/east_to_west/024_n00429_W.jpg,n00429,0.5424125205161879,"There is a tree visible on the sidewalk, and some bushes are located near the buildings on the right side of the image."
east_37th_street/east_to_west/025_n00428_W.jpg,n00428,0.7818343645830715,"There is a tree visible on the sidewalk, located towards the center of the image."
east_37th_street/east_to_west/026_n00427_W.jpg,n00427,0.8468051990564434,"There are trees with white blossoms on the right side of the street, and some bushes are visible along the sidewalk on both sides of the street."
east_37th_street/east_to_west/027_n00426_W.jpg,n00426,0.858447187586042,"There is a tree visible in the middle of the street, and some bushes are located near the steps of the building on the left side of the image."
east_37th_street/east_to_west/028_n00425_W.jpg,n00425,0.7100720966983023,"There are trees visible along the sidewalk, particularly on the right side of the image."
east_37th_street/east_to_west/029_n00424_W.jpg,n00424,0.6387477100068557,"There are trees visible in the background, lining the street and providing shade."
east_37th_street/east_to_west/030_n00423_W.jpg,n00423,0.7627332098067416,"There are trees visible along the sidewalk on the left side of the image, and there are also some plants in front of the buildings on the right side."
east_37th_street/east_to_west/031_n00422_W.jpg,n00422,0.8112759043483027,"There are trees visible along the street, particularly on the left side, and some leafless trees on the right side, indicating a mix of deciduous and evergreen vegetation."
east_37th_street/east_to_west/032_n00421_W.jpg,n00421,0.7772410063512897,"There are trees lining the street, with some in the foreground and others further down the street."
east_37th_street/east_to_west/033_n00420_W.jpg,n00420,0.8531297555422277,"There are trees visible on both sides of the street, casting shadows on the road."
east_37th_street/east_to_west/034_n00419_W.jpg,n00419,0.7436913617924201,"There are trees visible on both sides of the street, casting shadows on the road."
east_37th_street/east_to_west/035_n00418_W.jpg,n00418,0.70037837984196,"There are trees visible on the right side of the image, along the sidewalk."
east_37th_street/east_to_west/036_n00417_W.jpg,n00417,0.800827122656895,"There are trees with pink blossoms on the sidewalks, located on both sides of the street."
east_37th_street/east_to_west/037_n00416_W.jpg,n00416,0.812493555664119,"There are trees with pink blossoms lining the street, located on both sides of the intersection."
east_37th_street/east_to_west/038_n00415_W.jpg,n00415,0.8373015206718984,"There are trees visible along the street, particularly on the right side of the image, near the buildings."
east_37th_street/east_to_west/039_n00414_W.jpg,n00414,0.7860457786359198,"There are trees with white blossoms on the right side of the street, and a tree with bare branches on the left side of the street."
east_37th_street/east_to_west/040_n00413_W.jpg,n00413,0.786974806655298,"There are trees visible on the right side of the image, lining the street."
east_37th_street/east_to_west/041_n00412_W.jpg,n00412,0.6399077761506182,"There are trees visible along the street, particularly on the right side, and some greenery near the buildings."
east_37th_street/east_to_west/042_n00411_W.jpg,n00411,0.8665643063886421,"There are trees visible on the right side of the image, casting shadows on the street."
east_37th_street/east_to_west/043_n00410_W.jpg,n00410,0.7554259750615634,"There are trees with yellowing leaves on the left side of the street, and a tree with bare branches further down the street."
east_37th_street/east_to_west/044_n00409_W.jpg,n00409,0.6174938612338061,"There is a tree visible on the left side of the image, near the sidewalk."
east_37th_street/east_to_west/045_n00408_W.jpg,n00408,0.7102669328849677,"There are trees visible on the left side of the image, near the sidewalk."
east_37th_street/west_to_east/001_n00408_E.jpg,n00408,0.7102669328849677,"There are trees visible in the view, located on the sidewalks and near the buildings."
east_37th_street/west_to_east/002_n00409_E.jpg,n00409,0.6174938612338061,"There are trees visible on the right side of the image, lining the street."
east_37th_street/west_to_east/003_n00410_E.jpg,n00410,0.7554259750615634,"There are trees visible along the street, particularly on the left side, and they are located between the buildings and the sidewalk."
east_37th_street/west_to_east/004_n00411_E.jpg,n00411,0.8665643063886421,"There are trees visible along the street, particularly on the left side, and they are also present on the right side, lining the sidewalk."
east_37th_street/west_to_east/005_n00412_E.jpg,n00412,0.6399077761506182,"There are trees with green leaves visible on the left side of the street, and some trees with yellow leaves on the right side, indicating a mix of deciduous trees."
east_37th_street/west_to_east/006_n00413_E.jpg,n00413,0.786974806655298,"There are trees with green leaves and white blossoms lining the street, and bushes are visible near the buildings."
east_37th_street/west_to_east/007_n00414_E.jpg,n00414,0.7860457786359198,"There are trees with pink blossoms visible on the right side of the image, near the crosswalk."
east_37th_street/west_to_east/008_n00415_E.jpg,n00415,0.8373015206718984,There are cherry blossom trees with pink flowers lining the street on the left side of the image.
east_37th_street/west_to_east/009_n00416_E.jpg,n00416,0.812493555664119,"There are trees visible on the sidewalks, lining the street on both sides."
east_37th_street/west_to_east/010_n00417_E.jpg,n00417,0.800827122656895,"There are trees visible along the sidewalk, particularly on the left side of the street."
east_37th_street/west_to_east/011_n00418_E.jpg,n00418,0.70037837984196,"There are trees visible along the sidewalk, particularly on the left side of the image, and some foliage on the right side near the buildings."
east_37th_street/west_to_east/012_n00419_E.jpg,n00419,0.7436913617924201,"There are trees lining the street, visible on both sides of the road, and some bushes near the buildings."
east_37th_street/west_to_east/013_n00420_E.jpg,n00420,0.8531297555422277,"There are trees lining the street, with one on the left side near the sidewalk and another on the right side closer to the building."
east_37th_street/west_to_east/014_n00421_E.jpg,n00421,0.7772410063512897,"There are trees visible on the sidewalks, particularly on the left side of the image near the brick building."
east_37th_street/west_to_east/015_n00422_E.jpg,n00422,0.8112759043483027,"There are trees visible on the sidewalks, particularly on the left side of the image near the buildings."
east_37th_street/west_to_east/016_n00423_E.jpg,n00423,0.7627332098067416,"There are trees visible in the view, located on the sidewalk near the buildings and along the street."
east_37th_street/west_to_east/017_n00424_E.jpg,n00424,0.6387477100068557,"There are trees visible along the sidewalk, particularly on the left side of the image, and a small tree near the center of the street."
east_37th_street/west_to_east/018_n00425_E.jpg,n00425,0.7100720966983023,"There are trees visible along the sidewalk, particularly on the left side of the image, and they appear to be in a row."
east_37th_street/west_to_east/019_n00426_E.jpg,n00426,0.858447187586042,"There are trees with green leaves and blossoms visible on the sidewalks, and a tree with white blossoms in the foreground."
east_37th_street/west_to_east/020_n00427_E.jpg,n00427,0.8468051990564434,"There are trees visible on the sidewalks, particularly on the right side of the image, and there are also some bushes near the entrance of the building on the right."
east_37th_street/west_to_east/021_n00428_E.jpg,n00428,0.7818343645830715,"There are several potted plants visible in the view. One is near the entrance of a building at 156, another is on the sidewalk further down the street, and a third is near the corner of the street."
east_37th_street/west_to_east/022_n00429_E.jpg,n00429,0.5424125205161879,"There are leafless trees visible on the left side of the image, along the sidewalk."
east_37th_street/west_to_east/023_n00430_E.jpg,n00430,0.49847020673397835,"There are trees visible in the background, lining the street and providing shade."
east_37th_street/west_to_east/024_n00431_E.jpg,n00431,0.640750963993099,"There are leafless trees visible along the sidewalk, particularly on the left side of the image."
east_37th_street/west_to_east/025_n00432_E.jpg,n00432,0.5273477655875893,"There is a small tree visible on the left side of the image, near the sidewalk."
east_37th_street/west_to_east/026_n00433_E.jpg,n00433,0.5081288654214475,"There is a tree visible on the sidewalk, located towards the center of the image."
east_37th_street/west_to_east/027_n00434_E.jpg,n00434,0.2687533704485371,"There is a small tree visible on the left side of the image, near the sidewalk."
east_37th_street/west_to_east/028_n00435_E.jpg,n00435,0.5332362538076474,There is no visible vegetation in this view.
east_37th_street/west_to_east/029_n00436_E.jpg,n00436,0.5015917879988392,"There are trees visible in the distance, lining the street and providing a green backdrop to the urban setting."
east_37th_street/west_to_east/030_n00437_E.jpg,n00437,0.4712312950153378,"There are trees visible in the distance, lining the street and providing greenery to the urban environment."
east_37th_street/west_to_east/031_n00438_E.jpg,n00438,0.45235564425370156,"There are trees visible on the right side of the image, along the sidewalk and near the road."
east_37th_street/west_to_east/032_n00439_E.jpg,n00439,0.7332834543771569,"There are trees visible along the sidewalk, particularly on the right side of the image, and there are also some bushes near the sidewalk."
east_37th_street/west_to_east/033_n00440_E.jpg,n00440,0.5822393696282715,"There are trees visible on the right side of the image, near the sidewalk and the road."
east_37th_street/west_to_east/034_n00441_E.jpg,n00441,0.7618858845591263,"There are trees visible on the left side of the image, near the sidewalk and the buildings."
east_37th_street/west_to_east/035_n00442_E.jpg,n00442,0.7424241697238714,"There are trees visible on the left side of the image, near the sidewalk and the buildings."
east_37th_street/west_to_east/036_n00443_E.jpg,n00443,0.7111926649777994,"There is a tree with green leaves visible on the sidewalk, and it is located near the middle of the image."
east_37th_street/west_to_east/037_n00444_E.jpg,n00444,0.6430768773598303,"There are trees visible on the left side of the image, near the buildings, and a fence with greenery behind it on the right side."
east_37th_street/west_to_east/038_n00445_E.jpg,n00445,0.7165949929610747,"There are trees visible on the left side of the image, near the sidewalk and buildings."
east_37th_street/west_to_east/039_n00446_E.jpg,n00446,0.6549241328670306,"There are trees visible in the background, lining the street and providing shade."
east_37th_street/west_to_east/040_n00447_E.jpg,n00447,0.6670578360334036,"There are trees visible on both sides of the street, with one tree on the left side near the sidewalk and another tree on the right side closer to the center of the street."
east_37th_street/west_to_east/041_n00448_E.jpg,n00448,0.754170130679622,"There are trees lining the sidewalk on the right side of the street, and there are also some trees visible in the background, beyond the buildings."
east_37th_street/west_to_east/042_n00449_E.jpg,n00449,0.7835373308653294,"There are trees lining the street on the right side, and there are also trees visible in the background, behind the buildings."
east_37th_street/west_to_east/043_n00451_E.jpg,n00451,0.7477673219646868,"There are trees visible on the left side of the image, lining the street, and on the right side, there is a fence with trees behind it."
east_37th_street/west_to_east/044_n00452_E.jpg,n00452,0.6652599200882936,"There are trees visible on the left and right sides of the image, lining the street and providing shade."
east_37th_street/west_to_east/045_n00454_E.jpg,n00454,0.6451169310015741,"There are trees visible in the background, lining the street and providing shade."
east_38th_street/east_to_west/001_n00501_W.jpg,n00501,0.5824673920454331,"There are trees with blooming white flowers on the left side of the image, near the crosswalk."
east_38th_street/east_to_west/002_n00500_W.jpg,n00500,0.6936128312637945,"There are trees with blooming white flowers on the left side of the image, and there are also trees without leaves further down the street."
east_38th_street/east_to_west/003_n00499_W.jpg,n00499,0.7246061268504229,"There are trees with pink blossoms on the left side of the image, and a green bush is visible in the middle of the street."
east_38th_street/east_to_west/004_n00498_W.jpg,n00498,0.616337311425656,"There are trees visible on the left side of the image, along the sidewalk."
east_38th_street/east_to_west/005_n00497_W.jpg,n00497,0.6319391196845813,"There is a small tree visible on the left side of the image, near the sidewalk."
east_38th_street/east_to_west/006_n00496_W.jpg,n00496,0.4735216414399055,"There are leafless trees visible on the left side of the image, along the sidewalk."
east_38th_street/east_to_west/007_n00495_W.jpg,n00495,0.5780814308107033,"There are trees visible on the right side of the image, lining the sidewalk and providing shade."
east_38th_street/east_to_west/008_n00494_W.jpg,n00494,0.8071961926053371,"There are trees visible on the sidewalks, particularly on the right side of the image, and there are also potted plants near the buildings."
east_38th_street/east_to_west/009_n00493_W.jpg,n00493,0.6856913361543636,"There are trees with green leaves visible on the right side of the image, near the buildings."
east_38th_street/east_to_west/010_n00492_W.jpg,n00492,0.712106739798265,"There are leafless trees visible on the right side of the image, along the sidewalk."
east_38th_street/east_to_west/011_n00491_W.jpg,n00491,0.5900137556633924,"There are trees visible in the image, with one on the left side near the red building and another on the right side near the white truck."
east_38th_street/east_to_west/012_n00490_W.jpg,n00490,0.7586845664670678,"There are trees visible along the sidewalk, particularly on the left side of the image, near the buildings."
east_38th_street/east_to_west/013_n00489_W.jpg,n00489,0.6542167702607331,"There are trees visible along the sidewalk, particularly on the left side of the image, and some greenery is also present in the background, indicating a park or a green space."
east_38th_street/east_to_west/014_n00488_W.jpg,n00488,0.661695318006537,"There are trees visible on the right side of the image, lining the street."
east_38th_street/east_to_west/015_n00487_W.jpg,n00487,0.6713008174686976,"There are trees with blooming white flowers on the left side of the image, and leafless trees on the right side."
east_38th_street/east_to_west/016_n00486_W.jpg,n00486,0.6951783849597187,"There are trees with green leaves visible on the right side of the image, and some trees with white blossoms on the left side."
east_38th_street/east_to_west/017_n00485_W.jpg,n00485,0.5172763773374575,"There are leafless trees visible along the street, particularly on the right side of the image."
east_38th_street/east_to_west/018_n00484_W.jpg,n00484,0.7453045965983092,"There are trees with blossoms on the right side of the image, near the sidewalk and buildings."
east_38th_street/east_to_west/019_n00483_W.jpg,n00483,0.7192563511955906,"There are trees visible in the view, located on the right side of the image, near the construction site."
east_38th_street/east_to_west/020_n00482_W.jpg,n00482,0.5864669877651222,"There are trees visible in the view, located on the sidewalks and in the background, providing shade and greenery to the urban environment."
east_38th_street/east_to_west/021_n00481_W.jpg,n00481,0.6755708979023474,"There are trees with blooming white flowers on the left side of the image, and another tree with bare branches on the right side."
east_38th_street/east_to_west/022_n00480_W.jpg,n00480,0.643090605817227,"There are trees visible in the background, lining the street and providing shade."
east_38th_street/east_to_west/023_n00479_W.jpg,n00479,0.6960970868174721,"There are leafless trees visible along the sidewalk, particularly on the left side of the image."
east_38th_street/east_to_west/024_n00478_W.jpg,n00478,0.7297986224502999,"There are trees visible along the sidewalk, particularly on the left side of the image, and they appear to be in a row."
east_38th_street/east_to_west/025_n00477_W.jpg,n00477,0.769706881912722,There are trees with bare branches on the left side of the street and trees with white blossoms on the right side of the street.
east_38th_street/east_to_west/026_n00476_W.jpg,n00476,0.7606938338726077,"There are trees visible on both sides of the street, with some having blossoms, and they are located along the sidewalk."
east_38th_street/east_to_west/027_n00475_W.jpg,n00475,0.8350241902868172,There are trees with green leaves on the left side of the street and trees with white blossoms on the right side of the street.
east_38th_street/east_to_west/028_n00474_W.jpg,n00474,0.8406392901029291,"There are trees visible along the sidewalk on the right side of the image, and some leafless trees are present in the background."
east_38th_street/east_to_west/029_n00473_W.jpg,n00473,0.7403485262591063,"There is a tree visible on the left side of the image, near the sidewalk."
east_38th_street/east_to_west/030_n00472_W.jpg,n00472,0.6131377283018196,"There are trees visible on the right side of the image, along the sidewalk."
east_38th_street/east_to_west/031_n00471_W.jpg,n00471,0.5979333524381477,"There are trees visible on the left side of the image, near the buildings."
east_38th_street/east_to_west/032_n00470_W.jpg,n00470,0.66032856509602,"There are trees visible in the background, lining the street and providing shade."
east_38th_street/east_to_west/033_n00469_W.jpg,n00469,0.5250865436782932,"There are leafless trees along the sidewalk, and they are visible on both sides of the street."
east_38th_street/east_to_west/034_n00468_W.jpg,n00468,0.79223830440754,"There are trees with pink blossoms on the right side of the street, and a tree with green leaves on the left side of the street."
east_38th_street/east_to_west/035_n00467_W.jpg,n00467,0.7718106180534885,"There are trees visible along the sidewalk, particularly on the left side of the image, and some greenery near the buildings."
east_38th_street/east_to_west/036_n00466_W.jpg,n00466,0.6183045807521149,"There are trees visible in the view, located on the left side of the street, near the sidewalk and buildings."
east_38th_street/east_to_west/037_n00465_W.jpg,n00465,0.7665651548506512,"There are trees visible on the left side of the image, near the sidewalk, and there are also some small plants in planters on the right side of the image, near the buildings."
east_38th_street/east_to_west/038_n00464_W.jpg,n00464,0.7485490409179072,"There are trees visible on the left side of the image, near the sidewalk and across the street."
east_38th_street/east_to_west/039_n00463_W.jpg,n00463,0.7220243954159242,"There are trees visible on the left side of the image, near the sidewalk."
east_38th_street/east_to_west/040_n00462_W.jpg,n00462,0.7675328588759969,"There are trees visible along the sidewalk, particularly on the right side of the image, near the buildings."
east_38th_street/east_to_west/041_n00461_W.jpg,n00461,0.738294775399965,"There are trees visible on the sidewalks, particularly on the right side of the image, and some leafless trees are also present along the street."
east_38th_street/east_to_west/042_n00460_W.jpg,n00460,0.8215585421502515,"There are trees with bare branches lining the street, and a few potted plants on the sidewalks."
east_38th_street/east_to_west/043_n00459_W.jpg,n00459,0.8693978998334014,"There are trees visible in the view, located on the sidewalks and near the buildings."
east_38th_street/east_to_west/044_n00458_W.jpg,n00458,0.7851641835233798,"There are bushes visible on the right side of the image, near the sidewalk."
east_38th_street/east_to_west/045_n00457_W.jpg,n00457,0.6988515806837701,There is no visible vegetation in this view.
east_38th_street/east_to_west/046_n00456_W.jpg,n00456,0.5103734891760824,There is no visible vegetation in this view.
east_38th_street/east_to_west/047_n00455_W.jpg,n00455,0.44667207512415835,There is no vegetation visible in this view.
east_38th_street/west_to_east/001_n00455_E.jpg,n00455,0.44667207512415835,There is no visible vegetation in this view.
east_38th_street/west_to_east/002_n00456_E.jpg,n00456,0.5103734891760824,"There are trees visible along the sidewalk, lining the street."
east_38th_street/west_to_east/003_n00457_E.jpg,n00457,0.6988515806837701,"There are leafless trees lining the street, visible on the right side of the image."
east_38th_street/west_to_east/004_n00458_E.jpg,n00458,0.7851641835233798,"There are trees visible along the street, casting shadows on the road, and a small tree with bare branches on the sidewalk."
east_38th_street/west_to_east/005_n00459_E.jpg,n00459,0.8693978998334014,"There are leafless trees lining the street, visible from the sidewalk to the road."
east_38th_street/west_to_east/006_n00460_E.jpg,n00460,0.8215585421502515,"There are trees visible along the sidewalk on the left side of the image, and a small tree is also present in the median of the street."
east_38th_street/west_to_east/007_n00461_E.jpg,n00461,0.738294775399965,"There is a tree visible on the left side of the image, near the sidewalk."
east_38th_street/west_to_east/008_n00462_E.jpg,n00462,0.7675328588759969,"There are trees with pink blossoms visible on the right side of the image, near the crosswalk."
east_38th_street/west_to_east/009_n00463_E.jpg,n00463,0.7220243954159242,"There are trees visible on the right side of the image, near the sidewalk and buildings."
east_38th_street/west_to_east/010_n00464_E.jpg,n00464,0.7485490409179072,"There are trees visible on the right side of the image, along the sidewalk and near the church."
east_38th_street/west_to_east/011_n00465_E.jpg,n00465,0.7665651548506512,"There is a tree with bare branches on the right side of the image, and a small tree with green leaves on the left side of the image."
east_38th_street/west_to_east/012_n00466_E.jpg,n00466,0.6183045807521149,"There are trees visible along the sidewalk, particularly on the left side of the image, and a small tree near the center of the street."
east_38th_street/west_to_east/013_n00467_E.jpg,n00467,0.7718106180534885,"There is a tree with pink blossoms on the left side of the street, and some greenery along the sidewalk."
east_38th_street/west_to_east/014_n00468_E.jpg,n00468,0.79223830440754,"There are bare trees lining the street, visible from the sidewalk to the road."
east_38th_street/west_to_east/015_n00469_E.jpg,n00469,0.5250865436782932,There is no visible vegetation in this view.
east_38th_street/west_to_east/016_n00470_E.jpg,n00470,0.66032856509602,"There are trees visible in the background, lining the street and providing shade."
east_38th_street/west_to_east/017_n00471_E.jpg,n00471,0.5979333524381477,"There are trees visible on the left side of the image, near the buildings and along the sidewalk."
east_38th_street/west_to_east/018_n00472_E.jpg,n00472,0.6131377283018196,"There are trees visible along the sidewalk on the left side of the image, and there are also some trees in the distance towards the right side of the image."
east_38th_street/west_to_east/019_n00473_E.jpg,n00473,0.7403485262591063,"There are trees lining the street, visible on both sides of the road, and some bushes near the buildings."
east_38th_street/west_to_east/020_n00474_E.jpg,n00474,0.8406392901029291,"There are trees visible on the sidewalks, particularly on the right side of the street, and some bushes are present near the buildings."
east_38th_street/west_to_east/021_n00475_E.jpg,n00475,0.8350241902868172,"There are trees with green leaves and some with bare branches lining the street, and there are also trees with white blossoms on the left side of the image."
east_38th_street/west_to_east/022_n00476_E.jpg,n00476,0.7606938338726077,"There are leafless trees lining the street, and some bushes are visible near the buildings."
east_38th_street/west_to_east/023_n00477_E.jpg,n00477,0.769706881912722,"There are trees visible in the view, located on the sidewalks and in the median of the street."
east_38th_street/west_to_east/024_n00478_E.jpg,n00478,0.7297986224502999,"There are trees visible on the sidewalks, particularly on the left side of the image near the buildings and on the right side closer to the intersection."
east_38th_street/west_to_east/025_n00479_E.jpg,n00479,0.6960970868174721,"There are trees visible on the right side of the image, near the buildings and along the sidewalk."
east_38th_street/west_to_east/026_n00480_E.jpg,n00480,0.643090605817227,"There are trees with blooming white flowers on the right side of the image, and a young tree with bare branches on the left side."
east_38th_street/west_to_east/027_n00481_E.jpg,n00481,0.6755708979023474,"There are trees visible in the background, lining the street and providing shade."
east_38th_street/west_to_east/028_n00482_E.jpg,n00482,0.5864669877651222,"There are trees with green leaves visible on the right side of the image, near the buildings."
east_38th_street/west_to_east/029_n00483_E.jpg,n00483,0.7192563511955906,"There are trees visible on the left side of the image, near the sidewalk and buildings."
east_38th_street/west_to_east/030_n00484_E.jpg,n00484,0.7453045965983092,"There are trees with bare branches visible along the street, and some greenery is present on the rooftops of buildings."
east_38th_street/west_to_east/031_n00485_E.jpg,n00485,0.5172763773374575,"There are trees visible in the background, lining the street, and some greenery is also present on the scaffolding on the right side of the image."
east_38th_street/west_to_east/032_n00486_E.jpg,n00486,0.6951783849597187,"There are trees with blooming white flowers on the right side of the image, and leafless trees on the left side."
east_38th_street/west_to_east/033_n00487_E.jpg,n00487,0.6713008174686976,"There are trees visible on the left side of the image, along the sidewalk."
east_38th_street/west_to_east/034_n00488_E.jpg,n00488,0.661695318006537,"There is a tree visible on the right side of the image, near the sidewalk."
east_38th_street/west_to_east/035_n00489_E.jpg,n00489,0.6542167702607331,"There are trees visible in the background, along the right side of the image, near the buildings."
east_38th_street/west_to_east/036_n00490_E.jpg,n00490,0.7586845664670678,"There are trees visible on the sidewalks, particularly near the buildings and along the street."
east_38th_street/west_to_east/037_n00491_E.jpg,n00491,0.5900137556633924,"There are trees visible on the left side of the street, lining the sidewalk."
east_38th_street/west_to_east/038_n00492_E.jpg,n00492,0.712106739798265,"There are trees visible on the left side of the street, near the sidewalk and buildings."
east_38th_street/west_to_east/039_n00493_E.jpg,n00493,0.6856913361543636,"There are trees visible on the left side of the image, near the sidewalk."
east_38th_street/west_to_east/040_n00494_E.jpg,n00494,0.8071961926053371,"There are trees visible on the sidewalks, particularly on the left side of the image near the crosswalk and on the right side closer to the buildings."
east_38th_street/west_to_east/041_n00495_E.jpg,n00495,0.5780814308107033,"There are leafless trees lining the street, visible on both sides of the road."
east_38th_street/west_to_east/042_n00496_E.jpg,n00496,0.4735216414399055,"There is a tree visible on the right side of the image, near the top."
east_38th_street/west_to_east/043_n00497_E.jpg,n00497,0.6319391196845813,"There are trees visible in the background, lining the street and providing shade."
east_38th_street/west_to_east/044_n00498_E.jpg,n00498,0.616337311425656,"There are trees with pink blossoms on the right side of the street, and some greenery near the buildings."
east_38th_street/west_to_east/045_n00499_E.jpg,n00499,0.7246061268504229,"There are trees with blooming white flowers on the right side of the image, near the sidewalk."
east_38th_street/west_to_east/046_n00500_E.jpg,n00500,0.6936128312637945,"There are trees visible on the right side of the image, near the sidewalk and the buildings."
east_38th_street/west_to_east/047_n00501_E.jpg,n00501,0.5824673920454331,There is no visible vegetation in this view.
east_39th_street/east_to_west/001_n00548_W.jpg,n00548,0.2661810369458494,"There are trees visible along the sidewalk, particularly on the right side of the image, near the intersection."
east_39th_street/east_to_west/002_n00547_W.jpg,n00547,0.2958760495473235,"There is a small tree visible on the sidewalk, located near the building with the ""FOOD MARKET"" sign."
east_39th_street/east_to_west/003_n00546_W.jpg,n00546,0.18013629693442196,"There is a small tree visible on the right side of the image, near the sidewalk."
east_39th_street/east_to_west/004_n00545_W.jpg,n00545,0.4031393057188032,"There are trees visible in the background, lining the street and providing shade."
east_39th_street/east_to_west/005_n00544_W.jpg,n00544,0.289012611939361,"There are leafless trees visible along the sidewalk, particularly on the left side of the image."
east_39th_street/east_to_west/006_n00543_W.jpg,n00543,0.2765999342119463,"There are trees visible along the sidewalk, particularly on the left side of the image, and some bushes near the buildings."
east_39th_street/east_to_west/007_n00542_W.jpg,n00542,0.6381970651294013,"There are leafless trees visible along the sidewalk, particularly on the left side of the image."
east_39th_street/east_to_west/008_n00541_W.jpg,n00541,0.6108123986755555,"There are trees visible along the sidewalk, particularly on the left side of the image, near the buildings."
east_39th_street/east_to_west/009_n00540_W.jpg,n00540,0.5689528078858508,"There are leafless trees lining the street, visible on the left side of the image."
east_39th_street/east_to_west/010_n00539_W.jpg,n00539,0.46185337501863516,"There are trees visible on the left and right sides of the image, lining the street."
east_39th_street/east_to_west/011_n00538_W.jpg,n00538,0.574870679163604,"There are leafless trees along the sidewalk, specifically on the left side of the image."
east_39th_street/east_to_west/012_n00537_W.jpg,n00537,0.5352697497403014,"There are trees visible in the background, lining the street and providing shade."
east_39th_street/east_to_west/013_n00536_W.jpg,n00536,0.5928717804191752,"There is a tree visible on the sidewalk, located towards the center of the image, near the crosswalk."
east_39th_street/east_to_west/014_n00535_W.jpg,n00535,0.6477275802629989,"There are trees with blossoms visible on the left side of the street, and a small tree with no leaves on the right side of the street."
east_39th_street/east_to_west/015_n00534_W.jpg,n00534,0.7645263069522237,"There are leafless trees lining the street, visible on both sides of the road."
east_39th_street/east_to_west/016_n00533_W.jpg,n00533,0.797204286424103,"There are trees with blooming white flowers on the right side of the street, and a few trees without leaves on the left side."
east_39th_street/east_to_west/017_n00532_W.jpg,n00532,0.7931151344631995,"There are trees visible along the sidewalk, particularly on the left side of the image, and some smaller plants or bushes near the buildings."
east_39th_street/east_to_west/018_n00531_W.jpg,n00531,0.830681750025539,"There are trees visible on the sidewalks, specifically on the left and right sides of the street, and there are also small bushes and plants near the buildings."
east_39th_street/east_to_west/019_n00530_W.jpg,n00530,0.8033540359588904,"There are trees visible on the sidewalks, particularly near the buildings and along the street."
east_39th_street/east_to_west/020_n00529_W.jpg,n00529,0.6829806841930683,"There are trees visible on the sidewalks, particularly on the left side of the street."
east_39th_street/east_to_west/021_n00528_W.jpg,n00528,0.7865107596219947,There is a small tree with green leaves on the sidewalk on the right side of the image.
east_39th_street/east_to_west/022_n00527_W.jpg,n00527,0.7620498822531793,"There are leafless trees visible on the sidewalks, particularly on the right side of the image."
east_39th_street/east_to_west/023_n00526_W.jpg,n00526,0.6444203675192118,"There are trees visible on the left side of the image, near the buildings."
east_39th_street/east_to_west/024_n00525_W.jpg,n00525,0.6674003391515233,"There are trees visible along the sidewalk, particularly on the left side of the image, near the buildings."
east_39th_street/east_to_west/025_n00524_W.jpg,n00524,0.646035304017633,"There are trees visible along the sidewalk, particularly on the left side of the image."
east_39th_street/east_to_west/026_n00523_W.jpg,n00523,0.7390887920483837,"There are trees visible along the sidewalk, particularly on the left side of the image, and some greenery near the Murray Hill East building on the right."
east_39th_street/east_to_west/027_n00522_W.jpg,n00522,0.7104946681576365,"There are trees visible along the street, particularly on the left side, adding greenery to the urban environment."
east_39th_street/east_to_west/028_n00521_W.jpg,n00521,0.7667235904163945,"There are trees visible on the sidewalk, particularly on the right side of the image, near the buildings."
east_39th_street/east_to_west/029_n00520_W.jpg,n00520,0.8279462019305559,"There are trees lining the street, visible on both sides of the road, and some potted plants near the buildings."
east_39th_street/east_to_west/030_n00519_W.jpg,n00519,0.7156692929549116,"There are trees visible in the background, lining the street and providing shade."
east_39th_street/east_to_west/031_n00518_W.jpg,n00518,0.8591177120979945,"There are trees visible along the sidewalk, particularly on the left side of the image, and they are spaced at intervals along the street."
east_39th_street/east_to_west/032_n00517_W.jpg,n00517,0.7432828635876085,"There are trees visible along the sidewalk, particularly on the left side of the image, and some leafless trees in the background."
east_39th_street/east_to_west/033_n00516_W.jpg,n00516,0.8352237823140769,"There are trees lining the street, and some bushes are visible near the sidewalk on the right side of the image."
east_39th_street/east_to_west/034_n00515_W.jpg,n00515,0.7973446778254293,"There are trees visible on the sidewalks, particularly on the right side of the image, and some small plants or flowers near the entrances of the buildings."
east_39th_street/east_to_west/035_n00514_W.jpg,n00514,0.7614479917681323,"There are trees visible on the sidewalks, specifically on the right side of the street."
east_39th_street/east_to_west/036_n00513_W.jpg,n00513,0.7710593928263584,"There is a tree visible on the left side of the image, near the sidewalk."
east_39th_street/east_to_west/037_n00512_W.jpg,n00512,0.7504514507783971,"There is a small tree on the sidewalk on the left side of the image, and a few potted plants on the sidewalk on the right side of the image."
east_39th_street/east_to_west/038_n00511_W.jpg,n00511,0.7170948291904846,"There are trees visible on the left side of the image, near the buildings."
east_39th_street/east_to_west/039_n00510_W.jpg,n00510,0.7813887432849536,"There are trees visible on the sidewalks, specifically on the right side of the image near the buildings."
east_39th_street/east_to_west/040_n00509_W.jpg,n00509,0.7194972329861828,"There are trees visible along the sidewalk on the left side of the image, lining the street."
east_39th_street/east_to_west/041_n00508_W.jpg,n00508,0.6838259527674242,"There is a tree visible on the left side of the image, near the sidewalk."
east_39th_street/east_to_west/042_n00507_W.jpg,n00507,0.7408315515122182,"There are trees visible along the sidewalk, particularly on the left side of the image, near the parking sign."
east_39th_street/east_to_west/043_n00506_W.jpg,n00506,0.7853021457475632,"There is a tree visible on the sidewalk, located towards the center of the image, and a small green area on the road, possibly a median or a bike lane."
east_39th_street/east_to_west/044_n00505_W.jpg,n00505,0.7876413672403453,"There are trees visible on the left side of the image, near the sidewalk."
east_39th_street/east_to_west/045_n00504_W.jpg,n00504,0.7532619681210334,"There are potted plants on the sidewalk, specifically on the right side of the street, near the buildings."
east_39th_street/east_to_west/046_n00503_W.jpg,n00503,0.6318100172840156,"There is a tree visible on the right side of the image, near the sidewalk."
east_39th_street/east_to_west/047_n00502_W.jpg,n00502,0.5307242314896452,There is no vegetation visible in this view.
east_39th_street/west_to_east/001_n00502_E.jpg,n00502,0.5307242314896452,There are no visible plants or vegetation in this view.
east_39th_street/west_to_east/002_n00503_E.jpg,n00503,0.6318100172840156,"There are trees visible on the sidewalk, specifically on the right side of the image, near the construction scaffolding."
east_39th_street/west_to_east/003_n00504_E.jpg,n00504,0.7532619681210334,"There is a small tree on the sidewalk near the left side of the image, and a tree is visible in the distance towards the right side of the image."
east_39th_street/west_to_east/004_n00505_E.jpg,n00505,0.7876413672403453,There is a tree with green leaves on the sidewalk on the right side of the image.
east_39th_street/west_to_east/005_n00506_E.jpg,n00506,0.7853021457475632,"There is a tree visible on the right side of the image, near the sidewalk."
east_39th_street/west_to_east/006_n00507_E.jpg,n00507,0.7408315515122182,There are trees visible along the sidewalk on the right side of the image.
east_39th_street/west_to_east/007_n00508_E.jpg,n00508,0.6838259527674242,"There are trees visible on the sidewalks, particularly on the right side of the image, and some bushes are also present near the buildings."
east_39th_street/west_to_east/008_n00509_E.jpg,n00509,0.7194972329861828,"There are trees visible on the left side of the image, near the buildings."
east_39th_street/west_to_east/009_n00510_E.jpg,n00510,0.7813887432849536,"There are trees visible on the right side of the image, near the sidewalk and the buildings."
east_39th_street/west_to_east/010_n00511_E.jpg,n00511,0.7170948291904846,"There are trees visible in the background, lining the street and providing shade."
east_39th_street/west_to_east/011_n00512_E.jpg,n00512,0.7504514507783971,"There is a tree visible on the sidewalk, located near the building with the green awning."
east_39th_street/west_to_east/012_n00513_E.jpg,n00513,0.7710593928263584,"There is a tree visible on the right side of the image, near the sidewalk."
east_39th_street/west_to_east/013_n00514_E.jpg,n00514,0.7614479917681323,"There are trees visible along the sidewalk, particularly on the left side of the image, and some greenery near the buildings."
east_39th_street/west_to_east/014_n00515_E.jpg,n00515,0.7973446778254293,"There are trees visible along the sidewalk, particularly on the left side of the image, and there are also some leafless trees, likely due to the season being winter or early spring."
east_39th_street/west_to_east/015_n00516_E.jpg,n00516,0.8352237823140769,"There are trees visible in the view, with one large tree on the left side of the street and smaller trees lining the sidewalk on the right side."
east_39th_street/west_to_east/016_n00517_E.jpg,n00517,0.7432828635876085,"There are trees visible on the right side of the image, near the buildings."
east_39th_street/west_to_east/017_n00518_E.jpg,n00518,0.8591177120979945,"There are trees visible along the sidewalk on the right side of the image, lining the street."
east_39th_street/west_to_east/018_n00519_E.jpg,n00519,0.7156692929549116,"There are trees lining the street, and some potted plants are placed along the sidewalk."
east_39th_street/west_to_east/019_n00520_E.jpg,n00520,0.8279462019305559,"There are trees visible on the left side of the image, lining the sidewalk."
east_39th_street/west_to_east/020_n00521_E.jpg,n00521,0.7667235904163945,"There is a tree with blooming white flowers on the right side of the image, and some greenery on the left side near the buildings."
east_39th_street/west_to_east/021_n00522_E.jpg,n00522,0.7104946681576365,"There are trees visible along the sidewalk, particularly on the left side of the image."
east_39th_street/west_to_east/022_n00523_E.jpg,n00523,0.7390887920483837,"There are trees visible on the left side of the image, near the sidewalk and buildings."
east_39th_street/west_to_east/023_n00524_E.jpg,n00524,0.646035304017633,"There is a tree visible on the left side of the image, near the sidewalk."
east_39th_street/west_to_east/024_n00525_E.jpg,n00525,0.6674003391515233,"There are trees visible along the sidewalk, particularly on the left side of the image, near the buildings."
east_39th_street/west_to_east/025_n00526_E.jpg,n00526,0.6444203675192118,"There are trees visible along the sidewalk on the left side of the image, near the buildings."
east_39th_street/west_to_east/026_n00527_E.jpg,n00527,0.7620498822531793,"There are trees visible on the sidewalks, one on the left side and another on the right side of the street."
east_39th_street/west_to_east/027_n00528_E.jpg,n00528,0.7865107596219947,"There are leafless trees visible on the sidewalks, located on both sides of the street."
east_39th_street/west_to_east/028_n00529_E.jpg,n00529,0.6829806841930683,"There are trees visible in the background, lining the street and providing greenery to the urban environment."
east_39th_street/west_to_east/029_n00530_E.jpg,n00530,0.8033540359588904,"There are trees visible along the sidewalk, particularly on the right side of the image, and some greenery near the buildings on the left side."
east_39th_street/west_to_east/030_n00531_E.jpg,n00531,0.830681750025539,"There are trees with blooming white flowers on the right side of the image, and a few smaller trees without leaves on the left side."
east_39th_street/west_to_east/031_n00532_E.jpg,n00532,0.7931151344631995,"There are trees visible on the sidewalks, particularly on the left side of the image near the green building and on the right side near the brown building."
east_39th_street/west_to_east/032_n00533_E.jpg,n00533,0.797204286424103,There are trees with bare branches on the left side of the street and trees with green leaves on the right side of the street.
east_39th_street/west_to_east/033_n00534_E.jpg,n00534,0.7645263069522237,"There are trees with blooming flowers on the right side of the image, near the sidewalk."
