street,walk,node_id,file,bearing,travel,offset_deg,swapped
abchurch_lane,north_to_south,n00008,abchurch_lane/north_to_south/001_n00008_S.jpg,203.7,208.1,4.4,False
abchurch_lane,north_to_south,n00007,abchurch_lane/north_to_south/002_n00007_S.jpg,203.7,206.9,3.1,False
abchurch_lane,north_to_south,n00006,abchurch_lane/north_to_south/003_n00006_S.jpg,203.7,232.6,28.9,False
abchurch_lane,north_to_south,n00005,abchurch_lane/north_to_south/004_n00005_S.jpg,234.2,185.5,48.7,False
abchurch_lane,north_to_south,n00004,abchurch_lane/north_to_south/005_n00004_S.jpg,187.0,206.7,19.7,False
abchurch_lane,north_to_south,n00003,abchurch_lane/north_to_south/006_n00003_S.jpg,203.7,204.5,0.8,False
abchurch_lane,north_to_south,n00002,abchurch_lane/north_to_south/007_n00002_S.jpg,203.7,202.9,0.8,False
abchurch_lane,north_to_south,n00001,abchurch_lane/north_to_south/008_n00001_S.jpg,203.7,187.5,16.2,False
abchurch_lane,north_to_south,n00000,abchurch_lane/north_to_south/009_n00000_S.jpg,189.0,187.5,1.5,False
abchurch_lane,south_to_north,n00000,abchurch_lane/south_to_north/001_n00000_N.jpg,9.0,7.5,1.5,False
abchurch_lane,south_to_north,n00001,abchurch_lane/south_to_north/002_n00001_N.jpg,23.7,22.9,0.8,False
abchurch_lane,south_to_north,n00002,abchurch_lane/south_to_north/003_n00002_N.jpg,23.7,24.5,0.8,False
abchurch_lane,south_to_north,n00003,abchurch_lane/south_to_north/004_n00003_N.jpg,23.7,26.7,2.9,False
abchurch_lane,south_to_north,n00004,abchurch_lane/south_to_north/005_n00004_N.jpg,7.0,5.5,1.5,False
abchurch_lane,south_to_north,n00005,abchurch_lane/south_to_north/006_n00005_N.jpg,54.2,52.6,1.6,False
abchurch_lane,south_to_north,n00006,abchurch_lane/south_to_north/007_n00006_N.jpg,23.7,26.9,3.1,False
abchurch_lane,south_to_north,n00007,abchurch_lane/south_to_north/008_n00007_N.jpg,23.7,28.1,4.4,False
abchurch_lane,south_to_north,n00008,abchurch_lane/south_to_north/009_n00008_N.jpg,23.7,28.1,4.4,False
abchurch_yard,east_to_west,n00009,abchurch_yard/east_to_west/001_n00009_W.jpg,286.5,285.2,1.3,False
abchurch_yard,east_to_west,n00010,abchurch_yard/east_to_west/002_n00010_W.jpg,314.5,8.3,53.8,False
abchurch_yard,east_to_west,n00011,abchurch_yard/west_to_east/001_n00011_E.jpg,9.9,8.3,1.6,True
abchurch_yard,west_to_east,n00011,abchurch_yard/east_to_west/003_n00011_W.jpg,189.9,188.3,1.6,True
abchurch_yard,west_to_east,n00010,abchurch_yard/west_to_east/002_n00010_E.jpg,134.5,105.2,29.3,False
abchurch_yard,west_to_east,n00009,abchurch_yard/west_to_east/003_n00009_E.jpg,106.5,105.2,1.3,False
adams_court,east_to_west,n00013,adams_court/east_to_west/001_n00013_W.jpg,320.2,319.0,1.2,False
adams_court,east_to_west,n00015,adams_court/east_to_west/002_n00015_W.jpg,320.2,319.0,1.2,False
adams_court,east_to_west,n00012,adams_court/east_to_west/003_n00012_W.jpg,252.9,251.3,1.6,False
adams_court,east_to_west,n00014,adams_court/east_to_west/004_n00014_W.jpg,298.2,292.4,5.8,False
adams_court,east_to_west,n00016,adams_court/east_to_west/005_n00016_W.jpg,298.2,292.4,5.8,False
adams_court,west_to_east,n00016,adams_court/west_to_east/001_n00016_E.jpg,118.2,112.4,5.8,False
adams_court,west_to_east,n00014,adams_court/west_to_east/002_n00014_E.jpg,118.2,71.3,46.9,False
adams_court,west_to_east,n00012,adams_court/west_to_east/003_n00012_E.jpg,72.9,71.3,1.6,False
adams_court,west_to_east,n00015,adams_court/west_to_east/004_n00015_E.jpg,140.2,139.0,1.2,False
adams_court,west_to_east,n00013,adams_court/west_to_east/005_n00013_E.jpg,140.2,139.0,1.2,False
alderman_s_walk,east_to_west,n00017,alderman_s_walk/east_to_west/001_n00017_W.jpg,285.1,284.0,1.1,False
alderman_s_walk,east_to_west,n00018,alderman_s_walk/east_to_west/002_n00018_W.jpg,285.1,285.6,0.6,False
alderman_s_walk,east_to_west,n00019,alderman_s_walk/east_to_west/003_n00019_W.jpg,285.1,285.5,0.4,False
alderman_s_walk,east_to_west,n00020,alderman_s_walk/east_to_west/004_n00020_W.jpg,285.1,285.5,0.4,False
alderman_s_walk,west_to_east,n00020,alderman_s_walk/west_to_east/001_n00020_E.jpg,105.1,105.5,0.4,False
alderman_s_walk,west_to_east,n00019,alderman_s_walk/west_to_east/002_n00019_E.jpg,105.1,105.6,0.6,False
alderman_s_walk,west_to_east,n00018,alderman_s_walk/west_to_east/003_n00018_E.jpg,105.1,104.0,1.1,False
alderman_s_walk,west_to_east,n00017,alderman_s_walk/west_to_east/004_n00017_E.jpg,105.1,104.0,1.1,False
aldermanbury,north_to_south,n00031,aldermanbury/north_to_south/001_n00031_S.jpg,198.2,216.2,18.1,False
aldermanbury,north_to_south,n00029,aldermanbury/north_to_south/002_n00029_S.jpg,198.2,206.2,8.1,False
aldermanbury,north_to_south,n00027,aldermanbury/north_to_south/003_n00027_S.jpg,198.2,204.4,6.3,False
aldermanbury,north_to_south,n00025,aldermanbury/north_to_south/004_n00025_S.jpg,198.2,211.8,13.7,False
aldermanbury,north_to_south,n00023,aldermanbury/north_to_south/005_n00023_S.jpg,198.2,189.0,9.1,False
aldermanbury,north_to_south,n00021,aldermanbury/south_to_north/006_n00021_N.jpg,71.2,359.5,71.7,True
aldermanbury,north_to_south,n00032,aldermanbury/north_to_south/007_n00032_S.jpg,182.0,180.4,1.6,False
aldermanbury,north_to_south,n00030,aldermanbury/south_to_north/005_n00030_N.jpg,2.0,30.6,28.6,True
aldermanbury,north_to_south,n00028,aldermanbury/north_to_south/009_n00028_S.jpg,178.9,178.5,0.4,False
aldermanbury,north_to_south,n00026,aldermanbury/south_to_north/003_n00026_N.jpg,0.0,17.2,17.2,True
aldermanbury,north_to_south,n00024,aldermanbury/north_to_south/011_n00024_S.jpg,180.1,182.6,2.5,False
aldermanbury,north_to_south,n00022,aldermanbury/south_to_north/001_n00022_N.jpg,4.1,359.5,4.6,True
aldermanbury,south_to_north,n00022,aldermanbury/south_to_north/001_n00022_N.jpg,4.1,359.5,4.6,False
aldermanbury,south_to_north,n00024,aldermanbury/south_to_north/002_n00024_N.jpg,0.1,358.5,1.6,False
aldermanbury,south_to_north,n00026,aldermanbury/south_to_north/003_n00026_N.jpg,0.0,17.2,17.2,False
aldermanbury,south_to_north,n00028,aldermanbury/south_to_north/004_n00028_N.jpg,358.9,24.8,25.9,False
aldermanbury,south_to_north,n00030,aldermanbury/south_to_north/005_n00030_N.jpg,2.0,0.4,1.6,False
aldermanbury,south_to_north,n00021,aldermanbury/south_to_north/006_n00021_N.jpg,71.2,69.6,1.6,False
aldermanbury,south_to_north,n00032,aldermanbury/south_to_north/007_n00032_N.jpg,2.0,36.2,34.2,False
aldermanbury,south_to_north,n00023,aldermanbury/north_to_south/005_n00023_S.jpg,198.2,189.0,9.1,True
aldermanbury,south_to_north,n00025,aldermanbury/south_to_north/009_n00025_N.jpg,18.2,30.5,12.3,False
aldermanbury,south_to_north,n00027,aldermanbury/north_to_south/003_n00027_S.jpg,198.2,204.4,6.3,True
aldermanbury,south_to_north,n00029,aldermanbury/north_to_south/002_n00029_S.jpg,198.2,210.6,12.5,True
aldermanbury,south_to_north,n00031,aldermanbury/south_to_north/012_n00031_N.jpg,18.2,36.2,18.1,False
aldermanbury_square,east_to_west,n00037,aldermanbury_square/east_to_west/001_n00037_W.jpg,280.1,292.5,12.4,False
aldermanbury_square,east_to_west,n00036,aldermanbury_square/east_to_west/002_n00036_W.jpg,280.1,279.0,1.0,False
aldermanbury_square,east_to_west,n00034,aldermanbury_square/east_to_west/003_n00034_W.jpg,0.0,197.0,163.0,False
aldermanbury_square,east_to_west,n00035,aldermanbury_square/east_to_west/004_n00035_W.jpg,280.1,0.0,79.9,False
aldermanbury_square,east_to_west,n00033,aldermanbury_square/east_to_west/005_n00033_W.jpg,198.2,197.0,1.2,False
aldermanbury_square,west_to_east,n00033,aldermanbury_square/west_to_east/001_n00033_E.jpg,18.2,17.0,1.2,False
aldermanbury_square,west_to_east,n00034,aldermanbury_square/east_to_west/003_n00034_W.jpg,0.0,0.0,0.0,True
aldermanbury_square,west_to_east,n00035,aldermanbury_square/west_to_east/003_n00035_E.jpg,100.1,99.0,1.0,False
aldermanbury_square,west_to_east,n00036,aldermanbury_square/west_to_east/004_n00036_E.jpg,100.1,112.5,12.4,False
aldermanbury_square,west_to_east,n00037,aldermanbury_square/west_to_east/005_n00037_E.jpg,100.1,112.5,12.4,False
aldersgate_rotunda,north_to_south,n00045,aldersgate_rotunda/north_to_south/001_n00045_S.jpg,225.5,224.1,1.4,False
aldersgate_rotunda,north_to_south,n00044,aldersgate_rotunda/north_to_south/002_n00044_S.jpg,225.5,198.1,27.4,False
aldersgate_rotunda,north_to_south,n00043,aldersgate_rotunda/north_to_south/003_n00043_S.jpg,199.6,161.3,38.3,False
aldersgate_rotunda,north_to_south,n00042,aldersgate_rotunda/north_to_south/004_n00042_S.jpg,162.6,121.9,40.7,False
aldersgate_rotunda,north_to_south,n00041,aldersgate_rotunda/north_to_south/005_n00041_S.jpg,137.2,92.2,44.9,False
aldersgate_rotunda,north_to_south,n00038,aldersgate_rotunda/south_to_north/003_n00038_N.jpg,24.1,22.4,1.7,True
aldersgate_rotunda,north_to_south,n00040,aldersgate_rotunda/north_to_south/007_n00040_S.jpg,93.5,63.4,30.1,False
aldersgate_rotunda,north_to_south,n00039,aldersgate_rotunda/south_to_north/001_n00039_N.jpg,65.1,22.4,42.7,True
aldersgate_rotunda,south_to_north,n00039,aldersgate_rotunda/north_to_south/008_n00039_S.jpg,245.1,243.4,1.7,True
aldersgate_rotunda,south_to_north,n00040,aldersgate_rotunda/south_to_north/002_n00040_N.jpg,273.5,272.2,1.3,False
aldersgate_rotunda,south_to_north,n00038,aldersgate_rotunda/north_to_south/006_n00038_S.jpg,204.1,202.4,1.7,True
aldersgate_rotunda,south_to_north,n00041,aldersgate_rotunda/south_to_north/004_n00041_N.jpg,317.2,301.9,15.2,False
aldersgate_rotunda,south_to_north,n00042,aldersgate_rotunda/south_to_north/005_n00042_N.jpg,342.6,341.3,1.3,False
aldersgate_rotunda,south_to_north,n00043,aldersgate_rotunda/south_to_north/006_n00043_N.jpg,19.6,18.1,1.5,False
aldersgate_rotunda,south_to_north,n00044,aldersgate_rotunda/south_to_north/007_n00044_N.jpg,45.5,44.1,1.4,False
aldersgate_rotunda,south_to_north,n00045,aldersgate_rotunda/south_to_north/008_n00045_N.jpg,45.5,44.1,1.4,False
aldersgate_street,north_to_south,n00055,aldersgate_street/north_to_south/001_n00055_S.jpg,174.9,171.0,3.9,False
aldersgate_street,north_to_south,n00054,aldersgate_street/north_to_south/002_n00054_S.jpg,174.9,176.0,1.1,False
aldersgate_street,north_to_south,n00053,aldersgate_street/north_to_south/003_n00053_S.jpg,174.9,171.9,3.0,False
aldersgate_street,north_to_south,n00051,aldersgate_street/north_to_south/004_n00051_S.jpg,174.9,178.1,3.1,False
aldersgate_street,north_to_south,n00050,aldersgate_street/north_to_south/005_n00050_S.jpg,174.9,197.8,22.9,False
aldersgate_street,north_to_south,n00048,aldersgate_street/south_to_north/005_n00048_N.jpg,340.9,2.0,21.1,True
aldersgate_street,north_to_south,n00047,aldersgate_street/north_to_south/007_n00047_S.jpg,199.4,197.8,1.6,False
aldersgate_street,north_to_south,n00052,aldersgate_street/south_to_north/003_n00052_N.jpg,354.9,357.2,2.2,True
aldersgate_street,north_to_south,n00049,aldersgate_street/north_to_south/009_n00049_S.jpg,174.9,184.3,9.4,False
aldersgate_street,north_to_south,n00046,aldersgate_street/south_to_north/001_n00046_N.jpg,354.9,2.0,7.0,True
aldersgate_street,south_to_north,n00046,aldersgate_street/south_to_north/001_n00046_N.jpg,354.9,2.0,7.0,False
aldersgate_street,south_to_north,n00049,aldersgate_street/south_to_north/002_n00049_N.jpg,354.9,358.1,3.1,False
aldersgate_street,south_to_north,n00052,aldersgate_street/south_to_north/003_n00052_N.jpg,354.9,356.0,1.1,False
aldersgate_street,south_to_north,n00047,aldersgate_street/south_to_north/004_n00047_N.jpg,19.4,17.8,1.6,False
aldersgate_street,south_to_north,n00048,aldersgate_street/north_to_south/006_n00048_S.jpg,160.9,181.5,20.6,True
aldersgate_street,south_to_north,n00050,aldersgate_street/south_to_north/006_n00050_N.jpg,354.9,351.9,3.0,False
aldersgate_street,south_to_north,n00051,aldersgate_street/north_to_south/004_n00051_S.jpg,174.9,177.2,2.2,True
aldersgate_street,south_to_north,n00053,aldersgate_street/south_to_north/008_n00053_N.jpg,354.9,351.0,3.9,False
aldersgate_street,south_to_north,n00054,aldersgate_street/south_to_north/009_n00054_N.jpg,354.9,356.0,1.1,False
aldersgate_street,south_to_north,n00055,aldersgate_street/south_to_north/010_n00055_N.jpg,354.9,351.0,3.9,False
all_hallows_lane,north_to_south,n00062,all_hallows_lane/north_to_south/001_n00062_S.jpg,196.3,198.1,1.7,False
all_hallows_lane,north_to_south,n00061,all_hallows_lane/north_to_south/002_n00061_S.jpg,196.3,196.4,0.1,False
all_hallows_lane,north_to_south,n00060,all_hallows_lane/north_to_south/003_n00060_S.jpg,196.3,197.0,0.7,False
all_hallows_lane,north_to_south,n00059,all_hallows_lane/north_to_south/004_n00059_S.jpg,196.3,196.6,0.3,False
all_hallows_lane,north_to_south,n00058,all_hallows_lane/north_to_south/005_n00058_S.jpg,196.3,195.2,1.1,False
all_hallows_lane,north_to_south,n00057,all_hallows_lane/north_to_south/006_n00057_S.jpg,196.3,194.1,2.2,False
all_hallows_lane,north_to_south,n00056,all_hallows_lane/north_to_south/007_n00056_S.jpg,196.3,194.1,2.2,False
all_hallows_lane,south_to_north,n00056,all_hallows_lane/south_to_north/001_n00056_N.jpg,16.3,14.1,2.2,False
all_hallows_lane,south_to_north,n00057,all_hallows_lane/south_to_north/002_n00057_N.jpg,16.3,15.2,1.1,False
all_hallows_lane,south_to_north,n00058,all_hallows_lane/south_to_north/003_n00058_N.jpg,16.3,16.6,0.3,False
all_hallows_lane,south_to_north,n00059,all_hallows_lane/south_to_north/004_n00059_N.jpg,16.3,17.0,0.7,False
all_hallows_lane,south_to_north,n00060,all_hallows_lane/south_to_north/005_n00060_N.jpg,16.3,16.4,0.1,False
all_hallows_lane,south_to_north,n00061,all_hallows_lane/south_to_north/006_n00061_N.jpg,16.3,18.1,1.7,False
all_hallows_lane,south_to_north,n00062,all_hallows_lane/south_to_north/007_n00062_N.jpg,16.3,18.1,1.7,False
angel_court,north_to_south,n00067,angel_court/north_to_south/001_n00067_S.jpg,166.9,171.9,5.0,False
angel_court,north_to_south,n00066,angel_court/north_to_south/002_n00066_S.jpg,166.9,170.2,3.3,False
angel_court,north_to_south,n00065,angel_court/north_to_south/003_n00065_S.jpg,166.9,161.4,5.5,False
angel_court,north_to_south,n00064,angel_court/north_to_south/004_n00064_S.jpg,166.9,161.6,5.2,False
angel_court,north_to_south,n00063,angel_court/north_to_south/005_n00063_S.jpg,166.9,161.6,5.2,False
angel_court,south_to_north,n00063,angel_court/south_to_north/001_n00063_N.jpg,346.9,341.6,5.2,False
angel_court,south_to_north,n00064,angel_court/south_to_north/002_n00064_N.jpg,346.9,341.4,5.5,False
angel_court,south_to_north,n00065,angel_court/south_to_north/003_n00065_N.jpg,346.9,350.2,3.3,False
angel_court,south_to_north,n00066,angel_court/south_to_north/004_n00066_N.jpg,346.9,351.9,5.0,False
angel_court,south_to_north,n00067,angel_court/south_to_north/005_n00067_N.jpg,346.9,351.9,5.0,False
angel_lane,north_to_south,n00069,angel_lane/north_to_south/001_n00069_S.jpg,195.6,195.6,0.0,False
angel_lane,north_to_south,n00068,angel_lane/north_to_south/002_n00068_S.jpg,195.6,195.6,0.0,False
angel_lane,south_to_north,n00068,angel_lane/south_to_north/001_n00068_N.jpg,15.6,15.6,0.0,False
angel_lane,south_to_north,n00069,angel_lane/south_to_north/002_n00069_N.jpg,15.6,15.6,0.0,False
angel_street,east_to_west,n00070,angel_street/east_to_west/001_n00070_W.jpg,289.8,323.0,33.2,False
angel_street,east_to_west,n00071,angel_street/east_to_west/002_n00071_W.jpg,304.7,303.4,1.3,False
angel_street,east_to_west,n00072,angel_street/east_to_west/003_n00072_W.jpg,289.8,275.4,14.3,False
angel_street,east_to_west,n00073,angel_street/east_to_west/004_n00073_W.jpg,289.8,273.0,16.7,False
angel_street,east_to_west,n00074,angel_street/east_to_west/005_n00074_W.jpg,289.8,273.0,16.7,False
angel_street,west_to_east,n00074,angel_street/west_to_east/001_n00074_E.jpg,109.8,93.0,16.7,False
angel_street,west_to_east,n00073,angel_street/west_to_east/002_n00073_E.jpg,109.8,95.4,14.3,False
angel_street,west_to_east,n00072,angel_street/west_to_east/003_n00072_E.jpg,109.8,123.4,13.6,False
angel_street,west_to_east,n00071,angel_street/west_to_east/004_n00071_E.jpg,124.7,143.0,18.3,False
angel_street,west_to_east,n00070,angel_street/west_to_east/005_n00070_E.jpg,109.8,143.0,33.2,False
arthur_street,north_to_south,n00077,arthur_street/north_to_south/001_n00077_S.jpg,193.9,204.9,11.0,False
arthur_street,north_to_south,n00076,arthur_street/north_to_south/002_n00076_S.jpg,193.9,183.6,10.3,False
arthur_street,north_to_south,n00075,arthur_street/north_to_south/003_n00075_S.jpg,193.9,183.6,10.3,False
arthur_street,south_to_north,n00075,arthur_street/south_to_north/001_n00075_N.jpg,13.9,3.6,10.3,False
arthur_street,south_to_north,n00076,arthur_street/south_to_north/002_n00076_N.jpg,13.9,24.9,11.0,False
arthur_street,south_to_north,n00077,arthur_street/south_to_north/003_n00077_N.jpg,13.9,24.9,11.0,False
austin_friars,north_to_south,n00083,austin_friars/north_to_south/001_n00083_S.jpg,108.3,107.0,1.3,False
austin_friars,north_to_south,n00081,austin_friars/north_to_south/002_n00081_S.jpg,108.3,113.9,5.6,False
austin_friars,north_to_south,n00079,austin_friars/north_to_south/003_n00079_S.jpg,115.5,113.9,1.6,False
austin_friars,north_to_south,n00086,austin_friars/north_to_south/004_n00086_S.jpg,264.0,194.4,69.6,False
austin_friars,north_to_south,n00087,austin_friars/south_to_north/007_n00087_N.jpg,274.6,262.5,12.1,True
austin_friars,north_to_south,n00085,austin_friars/north_to_south/006_n00085_S.jpg,196.1,193.8,2.3,False
austin_friars,north_to_south,n00088,austin_friars/south_to_north/005_n00088_N.jpg,340.7,273.4,67.2,True
austin_friars,north_to_south,n00084,austin_friars/north_to_south/008_n00084_S.jpg,195.3,181.0,14.3,False
austin_friars,north_to_south,n00082,austin_friars/north_to_south/009_n00082_S.jpg,182.6,119.9,62.7,False
austin_friars,north_to_south,n00080,austin_friars/north_to_south/010_n00080_S.jpg,121.4,133.2,11.8,False
austin_friars,north_to_south,n00078,austin_friars/north_to_south/011_n00078_S.jpg,134.6,133.2,1.4,False
austin_friars,south_to_north,n00078,austin_friars/south_to_north/001_n00078_N.jpg,314.6,313.2,1.4,False
austin_friars,south_to_north,n00080,austin_friars/south_to_north/002_n00080_N.jpg,301.4,299.9,1.5,False
austin_friars,south_to_north,n00082,austin_friars/south_to_north/003_n00082_N.jpg,2.6,1.0,1.6,False
austin_friars,south_to_north,n00084,austin_friars/south_to_north/004_n00084_N.jpg,15.3,13.8,1.5,False
austin_friars,south_to_north,n00088,austin_friars/north_to_south/007_n00088_S.jpg,160.7,93.4,67.2,True
austin_friars,south_to_north,n00085,austin_friars/south_to_north/006_n00085_N.jpg,16.1,14.4,1.7,False
austin_friars,south_to_north,n00087,austin_friars/north_to_south/005_n00087_S.jpg,94.6,93.4,1.2,True
austin_friars,south_to_north,n00079,austin_friars/south_to_north/008_n00079_N.jpg,295.5,293.9,1.6,False
austin_friars,south_to_north,n00086,austin_friars/south_to_north/009_n00086_N.jpg,84.0,82.5,1.5,False
austin_friars,south_to_north,n00081,austin_friars/south_to_north/010_n00081_N.jpg,288.3,287.0,1.3,False
austin_friars,south_to_north,n00083,austin_friars/south_to_north/011_n00083_N.jpg,288.3,287.0,1.3,False
bakers_hall_court,east_to_west,n00090,bakers_hall_court/east_to_west/001_n00090_W.jpg,352.6,351.2,1.4,False
bakers_hall_court,east_to_west,n00091,bakers_hall_court/east_to_west/002_n00091_W.jpg,243.4,241.9,1.5,False
bakers_hall_court,east_to_west,n00089,bakers_hall_court/west_to_east/001_n00089_E.jpg,112.4,120.8,8.4,True
bakers_hall_court,east_to_west,n00092,bakers_hall_court/east_to_west/004_n00092_W.jpg,243.4,241.9,1.5,False
bakers_hall_court,west_to_east,n00089,bakers_hall_court/east_to_west/003_n00089_W.jpg,292.4,300.8,8.4,True
bakers_hall_court,west_to_east,n00092,bakers_hall_court/west_to_east/002_n00092_E.jpg,63.4,61.9,1.5,False
bakers_hall_court,west_to_east,n00091,bakers_hall_court/east_to_west/002_n00091_W.jpg,243.4,171.2,72.2,True
bakers_hall_court,west_to_east,n00090,bakers_hall_court/east_to_west/001_n00090_W.jpg,352.6,300.8,51.8,True
bankside,east_to_west,n00093,bankside/east_to_west/001_n00093_W.jpg,268.9,270.2,1.3,False
bankside,east_to_west,n00094,bankside/east_to_west/002_n00094_W.jpg,268.9,267.1,1.8,False
bankside,east_to_west,n00095,bankside/east_to_west/003_n00095_W.jpg,268.9,268.2,0.7,False
bankside,east_to_west,n00096,bankside/east_to_west/004_n00096_W.jpg,268.9,269.8,0.9,False
bankside,east_to_west,n00097,bankside/east_to_west/005_n00097_W.jpg,268.9,270.7,1.9,False
bankside,east_to_west,n00098,bankside/east_to_west/006_n00098_W.jpg,268.9,270.7,1.9,False
bankside,west_to_east,n00098,bankside/west_to_east/001_n00098_E.jpg,88.9,90.7,1.9,False
bankside,west_to_east,n00097,bankside/west_to_east/002_n00097_E.jpg,88.9,89.8,0.9,False
bankside,west_to_east,n00096,bankside/west_to_east/003_n00096_E.jpg,88.9,88.2,0.7,False
bankside,west_to_east,n00095,bankside/west_to_east/004_n00095_E.jpg,88.9,87.1,1.8,False
bankside,west_to_east,n00094,bankside/west_to_east/005_n00094_E.jpg,88.9,90.2,1.3,False
bankside,west_to_east,n00093,bankside/west_to_east/006_n00093_E.jpg,88.9,90.2,1.3,False
bartholomew_lane,north_to_south,n00103,bartholomew_lane/north_to_south/001_n00103_S.jpg,156.4,158.9,2.5,False
bartholomew_lane,north_to_south,n00102,bartholomew_lane/north_to_south/002_n00102_S.jpg,156.4,156.8,0.4,False
bartholomew_lane,north_to_south,n00101,bartholomew_lane/north_to_south/003_n00101_S.jpg,156.4,155.3,1.1,False
bartholomew_lane,north_to_south,n00100,bartholomew_lane/north_to_south/004_n00100_S.jpg,156.4,155.5,0.9,False
bartholomew_lane,north_to_south,n00099,bartholomew_lane/north_to_south/005_n00099_S.jpg,156.4,155.5,0.9,False
bartholomew_lane,south_to_north,n00099,bartholomew_lane/south_to_north/001_n00099_N.jpg,336.4,335.5,0.9,False
bartholomew_lane,south_to_north,n00100,bartholomew_lane/south_to_north/002_n00100_N.jpg,336.4,335.3,1.1,False
bartholomew_lane,south_to_north,n00101,bartholomew_lane/south_to_north/003_n00101_N.jpg,336.4,336.8,0.4,False
bartholomew_lane,south_to_north,n00102,bartholomew_lane/south_to_north/004_n00102_N.jpg,336.4,338.9,2.5,False
bartholomew_lane,south_to_north,n00103,bartholomew_lane/south_to_north/005_n00103_N.jpg,336.4,338.9,2.5,False
basinghall_avenue,east_to_west,n00110,basinghall_avenue/east_to_west/001_n00110_W.jpg,268.4,277.0,8.6,False
basinghall_avenue,east_to_west,n00109,basinghall_avenue/east_to_west/002_n00109_W.jpg,268.4,267.6,0.8,False
basinghall_avenue,east_to_west,n00108,basinghall_avenue/east_to_west/003_n00108_W.jpg,268.4,268.2,0.2,False
basinghall_avenue,east_to_west,n00107,basinghall_avenue/east_to_west/004_n00107_W.jpg,268.4,273.5,5.1,False
basinghall_avenue,east_to_west,n00106,basinghall_avenue/east_to_west/005_n00106_W.jpg,268.4,273.5,5.1,False
basinghall_avenue,east_to_west,n00105,basinghall_avenue/east_to_west/006_n00105_W.jpg,268.4,234.2,34.1,False
basinghall_avenue,east_to_west,n00104,basinghall_avenue/east_to_west/007_n00104_W.jpg,236.1,234.2,1.9,False
basinghall_avenue,west_to_east,n00104,basinghall_avenue/west_to_east/001_n00104_E.jpg,56.1,54.2,1.9,False
basinghall_avenue,west_to_east,n00105,basinghall_avenue/west_to_east/002_n00105_E.jpg,88.4,93.5,5.1,False
basinghall_avenue,west_to_east,n00106,basinghall_avenue/west_to_east/003_n00106_E.jpg,88.4,93.5,5.1,False
basinghall_avenue,west_to_east,n00107,basinghall_avenue/west_to_east/004_n00107_E.jpg,88.4,88.2,0.2,False
basinghall_avenue,west_to_east,n00108,basinghall_avenue/west_to_east/005_n00108_E.jpg,88.4,87.6,0.8,False
basinghall_avenue,west_to_east,n00109,basinghall_avenue/west_to_east/006_n00109_E.jpg,88.4,97.0,8.6,False
basinghall_avenue,west_to_east,n00110,basinghall_avenue/west_to_east/007_n00110_E.jpg,88.4,97.0,8.6,False
basinghall_street,north_to_south,n00125,basinghall_street/north_to_south/001_n00125_S.jpg,94.8,93.3,1.5,False
basinghall_street,north_to_south,n00124,basinghall_street/north_to_south/002_n00124_S.jpg,94.8,107.5,12.7,False
basinghall_street,north_to_south,n00123,basinghall_street/north_to_south/003_n00123_S.jpg,108.8,101.7,7.1,False
basinghall_street,north_to_south,n00122,basinghall_street/north_to_south/004_n00122_S.jpg,103.1,180.7,77.6,False
basinghall_street,north_to_south,n00121,basinghall_street/north_to_south/005_n00121_S.jpg,182.0,181.8,0.2,False
basinghall_street,north_to_south,n00120,basinghall_street/north_to_south/006_n00120_S.jpg,183.4,166.9,16.5,False
basinghall_street,north_to_south,n00119,basinghall_street/north_to_south/007_n00119_S.jpg,161.7,151.9,9.8,False
basinghall_street,north_to_south,n00118,basinghall_street/north_to_south/008_n00118_S.jpg,161.7,151.1,10.6,False
basinghall_street,north_to_south,n00117,basinghall_street/north_to_south/009_n00117_S.jpg,161.7,153.8,7.9,False
basinghall_street,north_to_south,n00116,basinghall_street/north_to_south/010_n00116_S.jpg,161.7,173.7,11.9,False
basinghall_street,north_to_south,n00115,basinghall_street/north_to_south/011_n00115_S.jpg,161.7,184.5,22.8,False
basinghall_street,north_to_south,n00114,basinghall_street/north_to_south/012_n00114_S.jpg,186.1,191.1,5.0,False
basinghall_street,north_to_south,n00113,basinghall_street/north_to_south/013_n00113_S.jpg,192.7,182.6,10.1,False
basinghall_street,north_to_south,n00112,basinghall_street/north_to_south/014_n00112_S.jpg,161.7,179.3,17.5,False
basinghall_street,north_to_south,n00111,basinghall_street/north_to_south/015_n00111_S.jpg,180.7,179.3,1.4,False
basinghall_street,south_to_north,n00111,basinghall_street/south_to_north/001_n00111_N.jpg,0.7,359.3,1.4,False
basinghall_street,south_to_north,n00112,basinghall_street/south_to_north/002_n00112_N.jpg,341.7,2.6,20.9,False
basinghall_street,south_to_north,n00113,basinghall_street/south_to_north/003_n00113_N.jpg,12.7,11.1,1.6,False
basinghall_street,south_to_north,n00114,basinghall_street/south_to_north/004_n00114_N.jpg,6.1,4.5,1.6,False
basinghall_street,south_to_north,n00115,basinghall_street/south_to_north/005_n00115_N.jpg,341.7,353.7,11.9,False
basinghall_street,south_to_north,n00116,basinghall_street/south_to_north/006_n00116_N.jpg,341.7,333.8,7.9,False
basinghall_street,south_to_north,n00117,basinghall_street/south_to_north/007_n00117_N.jpg,341.7,331.1,10.6,False
basinghall_street,south_to_north,n00118,basinghall_street/south_to_north/008_n00118_N.jpg,341.7,331.9,9.8,False
basinghall_street,south_to_north,n00119,basinghall_street/south_to_north/009_n00119_N.jpg,341.7,346.9,5.2,False
basinghall_street,south_to_north,n00120,basinghall_street/south_to_north/010_n00120_N.jpg,3.4,1.8,1.6,False
basinghall_street,south_to_north,n00121,basinghall_street/south_to_north/011_n00121_N.jpg,2.0,0.7,1.3,False
basinghall_street,south_to_north,n00122,basinghall_street/south_to_north/012_n00122_N.jpg,283.1,281.7,1.4,False
basinghall_street,south_to_north,n00123,basinghall_street/south_to_north/013_n00123_N.jpg,288.8,287.5,1.3,False
basinghall_street,south_to_north,n00124,basinghall_street/south_to_north/014_n00124_N.jpg,274.8,273.3,1.5,False
basinghall_street,south_to_north,n00125,basinghall_street/south_to_north/015_n00125_N.jpg,274.8,273.3,1.5,False
beehive_passage,north_to_south,n00127,beehive_passage/north_to_south/001_n00127_S.jpg,167.2,167.2,0.0,False
beehive_passage,north_to_south,n00126,beehive_passage/north_to_south/002_n00126_S.jpg,167.2,167.2,0.0,False
beehive_passage,south_to_north,n00126,beehive_passage/south_to_north/001_n00126_N.jpg,347.2,347.2,0.0,False
beehive_passage,south_to_north,n00127,beehive_passage/south_to_north/002_n00127_N.jpg,347.2,347.2,0.0,False
billingsgate_walk,north_to_south,n00129,billingsgate_walk/north_to_south/001_n00129_S.jpg,138.0,138.0,0.0,False
billingsgate_walk,north_to_south,n00128,billingsgate_walk/north_to_south/002_n00128_S.jpg,138.0,138.0,0.0,False
billingsgate_walk,south_to_north,n00128,billingsgate_walk/south_to_north/001_n00128_N.jpg,318.0,318.0,0.0,False
billingsgate_walk,south_to_north,n00129,billingsgate_walk/south_to_north/002_n00129_N.jpg,318.0,318.0,0.0,False
billiter_street,north_to_south,n00137,billiter_street/north_to_south/001_n00137_S.jpg,171.9,186.7,14.7,False
billiter_street,north_to_south,n00136,billiter_street/north_to_south/002_n00136_S.jpg,171.9,181.8,9.8,False
billiter_street,north_to_south,n00135,billiter_street/north_to_south/003_n00135_S.jpg,171.9,169.7,2.3,False
billiter_street,north_to_south,n00134,billiter_street/north_to_south/004_n00134_S.jpg,171.9,173.7,1.8,False
billiter_street,north_to_south,n00133,billiter_street/north_to_south/005_n00133_S.jpg,171.9,166.0,5.9,False
billiter_street,north_to_south,n00132,billiter_street/north_to_south/006_n00132_S.jpg,171.9,172.0,0.1,False
billiter_street,north_to_south,n00131,billiter_street/north_to_south/007_n00131_S.jpg,171.9,162.8,9.1,False
billiter_street,north_to_south,n00130,billiter_street/north_to_south/008_n00130_S.jpg,171.9,162.8,9.1,False
billiter_street,south_to_north,n00130,billiter_street/south_to_north/001_n00130_N.jpg,351.9,342.8,9.1,False
billiter_street,south_to_north,n00131,billiter_street/south_to_north/002_n00131_N.jpg,351.9,352.0,0.1,False
billiter_street,south_to_north,n00132,billiter_street/south_to_north/003_n00132_N.jpg,351.9,346.0,5.9,False
billiter_street,south_to_north,n00133,billiter_street/south_to_north/004_n00133_N.jpg,351.9,353.7,1.8,False
billiter_street,south_to_north,n00134,billiter_street/south_to_north/005_n00134_N.jpg,351.9,349.7,2.3,False
billiter_street,south_to_north,n00135,billiter_street/south_to_north/006_n00135_N.jpg,351.9,1.8,9.8,False
billiter_street,south_to_north,n00136,billiter_street/south_to_north/007_n00136_N.jpg,351.9,6.7,14.7,False
billiter_street,south_to_north,n00137,billiter_street/south_to_north/008_n00137_N.jpg,351.9,6.7,14.7,False
bishopsgate,north_to_south,n00173,bishopsgate/north_to_south/001_n00173_S.jpg,209.8,204.0,5.8,False
bishopsgate,north_to_south,n00172,bishopsgate/north_to_south/002_n00172_S.jpg,209.8,216.0,6.3,False
bishopsgate,north_to_south,n00171,bishopsgate/north_to_south/003_n00171_S.jpg,209.8,208.0,1.7,False
bishopsgate,north_to_south,n00169,bishopsgate/north_to_south/004_n00169_S.jpg,209.8,209.3,0.4,False
bishopsgate,north_to_south,n00167,bishopsgate/north_to_south/005_n00167_S.jpg,209.8,207.6,2.2,False
bishopsgate,north_to_south,n00165,bishopsgate/north_to_south/006_n00165_S.jpg,209.8,207.2,2.5,False
bishopsgate,north_to_south,n00163,bishopsgate/north_to_south/007_n00163_S.jpg,209.8,208.8,0.9,False
bishopsgate,north_to_south,n00161,bishopsgate/north_to_south/008_n00161_S.jpg,209.8,206.5,3.2,False
bishopsgate,north_to_south,n00159,bishopsgate/north_to_south/009_n00159_S.jpg,209.8,211.0,1.2,False
bishopsgate,north_to_south,n00157,bishopsgate/north_to_south/010_n00157_S.jpg,209.8,202.2,7.5,False
bishopsgate,north_to_south,n00154,bishopsgate/north_to_south/011_n00154_S.jpg,209.8,205.4,4.4,False
bishopsgate,north_to_south,n00155,bishopsgate/north_to_south/012_n00155_S.jpg,209.8,205.4,4.4,False
bishopsgate,north_to_south,n00151,bishopsgate/north_to_south/013_n00151_S.jpg,209.8,185.5,24.3,False
bishopsgate,north_to_south,n00152,bishopsgate/north_to_south/014_n00152_S.jpg,209.8,214.7,4.9,False
bishopsgate,north_to_south,n00148,bishopsgate/north_to_south/015_n00148_S.jpg,187.0,234.3,47.3,False
bishopsgate,north_to_south,n00149,bishopsgate/north_to_south/016_n00149_S.jpg,209.8,212.1,2.3,False
bishopsgate,north_to_south,n00144,bishopsgate/north_to_south/017_n00144_S.jpg,235.9,211.4,24.5,False
bishopsgate,north_to_south,n00145,bishopsgate/north_to_south/018_n00145_S.jpg,209.8,211.4,1.7,False
bishopsgate,north_to_south,n00140,bishopsgate/north_to_south/019_n00140_S.jpg,209.8,211.4,1.7,False
bishopsgate,north_to_south,n00141,bishopsgate/north_to_south/020_n00141_S.jpg,209.8,211.4,1.7,False
bishopsgate,north_to_south,n00147,bishopsgate/north_to_south/021_n00147_S.jpg,209.8,211.3,1.6,False
bishopsgate,north_to_south,n00143,bishopsgate/north_to_south/022_n00143_S.jpg,209.8,211.2,1.4,False
bishopsgate,north_to_south,n00139,bishopsgate/north_to_south/023_n00139_S.jpg,209.8,211.2,1.4,False
bishopsgate,north_to_south,n00170,bishopsgate/north_to_south/024_n00170_S.jpg,209.8,210.2,0.4,False
bishopsgate,north_to_south,n00168,bishopsgate/north_to_south/025_n00168_S.jpg,209.8,211.0,1.3,False
bishopsgate,north_to_south,n00166,bishopsgate/north_to_south/026_n00166_S.jpg,209.8,215.6,5.9,False
bishopsgate,north_to_south,n00164,bishopsgate/north_to_south/027_n00164_S.jpg,209.8,219.9,10.2,False
bishopsgate,north_to_south,n00162,bishopsgate/north_to_south/028_n00162_S.jpg,209.8,225.2,15.4,False
bishopsgate,north_to_south,n00160,bishopsgate/north_to_south/029_n00160_S.jpg,226.8,223.7,3.1,False
bishopsgate,north_to_south,n00158,bishopsgate/north_to_south/030_n00158_S.jpg,209.8,188.3,21.4,False
bishopsgate,north_to_south,n00156,bishopsgate/north_to_south/031_n00156_S.jpg,189.7,202.3,12.6,False
bishopsgate,north_to_south,n00153,bishopsgate/north_to_south/032_n00153_S.jpg,209.8,200.8,9.0,False
bishopsgate,north_to_south,n00150,bishopsgate/north_to_south/033_n00150_S.jpg,209.8,191.2,18.6,False
bishopsgate,north_to_south,n00146,bishopsgate/north_to_south/034_n00146_S.jpg,192.7,193.7,1.0,False
bishopsgate,north_to_south,n00142,bishopsgate/north_to_south/035_n00142_S.jpg,195.3,194.0,1.3,False
bishopsgate,north_to_south,n00138,bishopsgate/north_to_south/036_n00138_S.jpg,195.5,194.0,1.5,False
bishopsgate,south_to_north,n00138,bishopsgate/south_to_north/001_n00138_N.jpg,15.5,14.0,1.5,False
bishopsgate,south_to_north,n00142,bishopsgate/south_to_north/002_n00142_N.jpg,15.3,13.7,1.6,False
bishopsgate,south_to_north,n00146,bishopsgate/south_to_north/003_n00146_N.jpg,12.7,11.2,1.5,False
bishopsgate,south_to_north,n00150,bishopsgate/south_to_north/004_n00150_N.jpg,29.8,20.8,9.0,False
bishopsgate,south_to_north,n00153,bishopsgate/south_to_north/005_n00153_N.jpg,29.8,22.3,7.4,False
bishopsgate,south_to_north,n00156,bishopsgate/south_to_north/006_n00156_N.jpg,9.7,8.3,1.4,False
bishopsgate,south_to_north,n00158,bishopsgate/south_to_north/007_n00158_N.jpg,29.8,43.7,13.9,False
bishopsgate,south_to_north,n00160,bishopsgate/south_to_north/008_n00160_N.jpg,46.8,45.2,1.6,False
bishopsgate,south_to_north,n00162,bishopsgate/south_to_north/009_n00162_N.jpg,29.8,39.9,10.2,False
bishopsgate,south_to_north,n00164,bishopsgate/south_to_north/010_n00164_N.jpg,29.8,35.6,5.9,False
bishopsgate,south_to_north,n00166,bishopsgate/south_to_north/011_n00166_N.jpg,29.8,31.0,1.3,False
bishopsgate,south_to_north,n00168,bishopsgate/south_to_north/012_n00168_N.jpg,29.8,30.2,0.4,False
bishopsgate,south_to_north,n00170,bishopsgate/south_to_north/013_n00170_N.jpg,29.8,30.2,0.4,False
bishopsgate,south_to_north,n00139,bishopsgate/south_to_north/014_n00139_N.jpg,29.8,31.2,1.4,False
bishopsgate,south_to_north,n00143,bishopsgate/south_to_north/015_n00143_N.jpg,29.8,31.3,1.6,False
bishopsgate,south_to_north,n00147,bishopsgate/south_to_north/016_n00147_N.jpg,29.8,31.3,1.6,False
bishopsgate,south_to_north,n00140,bishopsgate/south_to_north/017_n00140_N.jpg,29.8,31.4,1.7,False
bishopsgate,south_to_north,n00141,bishopsgate/south_to_north/018_n00141_N.jpg,29.8,31.4,1.7,False
bishopsgate,south_to_north,n00144,bishopsgate/south_to_north/019_n00144_N.jpg,55.9,54.3,1.6,False
bishopsgate,south_to_north,n00145,bishopsgate/south_to_north/020_n00145_N.jpg,29.8,32.1,2.3,False
bishopsgate,south_to_north,n00149,bishopsgate/south_to_north/021_n00149_N.jpg,29.8,34.7,4.9,False
bishopsgate,south_to_north,n00148,bishopsgate/south_to_north/022_n00148_N.jpg,7.0,5.5,1.5,False
bishopsgate,south_to_north,n00151,bishopsgate/south_to_north/023_n00151_N.jpg,29.8,25.4,4.4,False
bishopsgate,south_to_north,n00152,bishopsgate/south_to_north/024_n00152_N.jpg,29.8,25.4,4.4,False
bishopsgate,south_to_north,n00154,bishopsgate/south_to_north/025_n00154_N.jpg,29.8,22.2,7.5,False
bishopsgate,south_to_north,n00155,bishopsgate/south_to_north/026_n00155_N.jpg,29.8,25.4,4.4,False
bishopsgate,south_to_north,n00157,bishopsgate/south_to_north/027_n00157_N.jpg,29.8,31.0,1.2,False
bishopsgate,south_to_north,n00159,bishopsgate/south_to_north/028_n00159_N.jpg,29.8,26.5,3.2,False
bishopsgate,south_to_north,n00161,bishopsgate/south_to_north/029_n00161_N.jpg,29.8,28.8,0.9,False
bishopsgate,south_to_north,n00163,bishopsgate/south_to_north/030_n00163_N.jpg,29.8,27.2,2.5,False
bishopsgate,south_to_north,n00165,bishopsgate/south_to_north/031_n00165_N.jpg,29.8,27.6,2.2,False
bishopsgate,south_to_north,n00167,bishopsgate/south_to_north/032_n00167_N.jpg,29.8,29.3,0.4,False
bishopsgate,south_to_north,n00169,bishopsgate/south_to_north/033_n00169_N.jpg,29.8,28.0,1.7,False
bishopsgate,south_to_north,n00171,bishopsgate/south_to_north/034_n00171_N.jpg,29.8,36.0,6.3,False
bishopsgate,south_to_north,n00172,bishopsgate/south_to_north/035_n00172_N.jpg,29.8,24.0,5.8,False
bishopsgate,south_to_north,n00173,bishopsgate/south_to_north/036_n00173_N.jpg,29.8,24.0,5.8,False
bishopsgate_arcade,east_to_west,n00174,bishopsgate_arcade/east_to_west/001_n00174_W.jpg,273.7,272.4,1.3,False
bishopsgate_arcade,east_to_west,n00175,bishopsgate_arcade/east_to_west/002_n00175_W.jpg,292.9,284.7,8.2,False
bishopsgate_arcade,east_to_west,n00176,bishopsgate_arcade/east_to_west/003_n00176_W.jpg,329.3,327.9,1.4,False
bishopsgate_arcade,east_to_west,n00177,bishopsgate_arcade/east_to_west/004_n00177_W.jpg,329.3,327.9,1.4,False
bishopsgate_arcade,west_to_east,n00177,bishopsgate_arcade/west_to_east/001_n00177_E.jpg,149.3,147.9,1.4,False
bishopsgate_arcade,west_to_east,n00176,bishopsgate_arcade/west_to_east/002_n00176_E.jpg,149.3,104.7,44.6,False
bishopsgate_arcade,west_to_east,n00175,bishopsgate_arcade/west_to_east/003_n00175_E.jpg,112.9,92.4,20.5,False
bishopsgate_arcade,west_to_east,n00174,bishopsgate_arcade/west_to_east/004_n00174_E.jpg,93.7,92.4,1.3,False
bishopsgate_churchyard,east_to_west,n00178,bishopsgate_churchyard/east_to_west/001_n00178_W.jpg,285.3,299.7,14.4,False
bishopsgate_churchyard,east_to_west,n00179,bishopsgate_churchyard/east_to_west/002_n00179_W.jpg,285.3,283.9,1.4,False
bishopsgate_churchyard,east_to_west,n00180,bishopsgate_churchyard/east_to_west/003_n00180_W.jpg,285.3,285.3,0.0,False
bishopsgate_churchyard,east_to_west,n00181,bishopsgate_churchyard/east_to_west/004_n00181_W.jpg,285.3,285.4,0.0,False
bishopsgate_churchyard,east_to_west,n00182,bishopsgate_churchyard/east_to_west/005_n00182_W.jpg,264.2,262.7,1.5,False
bishopsgate_churchyard,east_to_west,n00183,bishopsgate_churchyard/east_to_west/006_n00183_W.jpg,285.3,323.5,38.2,False
bishopsgate_churchyard,east_to_west,n00184,bishopsgate_churchyard/east_to_west/007_n00184_W.jpg,324.9,323.5,1.4,False
bishopsgate_churchyard,west_to_east,n00184,bishopsgate_churchyard/west_to_east/001_n00184_E.jpg,144.9,143.5,1.4,False
bishopsgate_churchyard,west_to_east,n00183,bishopsgate_churchyard/west_to_east/002_n00183_E.jpg,105.3,82.7,22.7,False
bishopsgate_churchyard,west_to_east,n00182,bishopsgate_churchyard/west_to_east/003_n00182_E.jpg,84.2,105.4,21.2,False
bishopsgate_churchyard,west_to_east,n00181,bishopsgate_churchyard/west_to_east/004_n00181_E.jpg,105.3,105.3,0.0,False
bishopsgate_churchyard,west_to_east,n00180,bishopsgate_churchyard/west_to_east/005_n00180_E.jpg,105.3,103.9,1.4,False
bishopsgate_churchyard,west_to_east,n00179,bishopsgate_churchyard/west_to_east/006_n00179_E.jpg,105.3,119.7,14.4,False
bishopsgate_churchyard,west_to_east,n00178,bishopsgate_churchyard/west_to_east/007_n00178_E.jpg,105.3,119.7,14.4,False
blomfield_street,north_to_south,n00193,blomfield_street/north_to_south/001_n00193_S.jpg,216.9,222.3,5.4,False
blomfield_street,north_to_south,n00192,blomfield_street/north_to_south/002_n00192_S.jpg,216.9,201.9,15.0,False
blomfield_street,north_to_south,n00191,blomfield_street/north_to_south/003_n00191_S.jpg,216.9,214.4,2.4,False
blomfield_street,north_to_south,n00190,blomfield_street/north_to_south/004_n00190_S.jpg,216.9,214.3,2.6,False
blomfield_street,north_to_south,n00189,blomfield_street/north_to_south/005_n00189_S.jpg,216.9,214.2,2.7,False
blomfield_street,north_to_south,n00188,blomfield_street/north_to_south/006_n00188_S.jpg,216.9,213.9,3.0,False
blomfield_street,north_to_south,n00187,blomfield_street/north_to_south/007_n00187_S.jpg,216.9,227.0,10.2,False
blomfield_street,north_to_south,n00186,blomfield_street/north_to_south/008_n00186_S.jpg,216.9,234.0,17.1,False
blomfield_street,north_to_south,n00185,blomfield_street/north_to_south/009_n00185_S.jpg,235.5,234.0,1.5,False
blomfield_street,south_to_north,n00185,blomfield_street/south_to_north/001_n00185_N.jpg,55.5,54.0,1.5,False
blomfield_street,south_to_north,n00186,blomfield_street/south_to_north/002_n00186_N.jpg,36.9,47.0,10.2,False
blomfield_street,south_to_north,n00187,blomfield_street/south_to_north/003_n00187_N.jpg,36.9,33.9,3.0,False
blomfield_street,south_to_north,n00188,blomfield_street/south_to_north/004_n00188_N.jpg,36.9,34.2,2.7,False
blomfield_street,south_to_north,n00189,blomfield_street/south_to_north/005_n00189_N.jpg,36.9,34.3,2.6,False
blomfield_street,south_to_north,n00190,blomfield_street/south_to_north/006_n00190_N.jpg,36.9,34.4,2.4,False
blomfield_street,south_to_north,n00191,blomfield_street/south_to_north/007_n00191_N.jpg,36.9,21.9,15.0,False
blomfield_street,south_to_north,n00192,blomfield_street/south_to_north/008_n00192_N.jpg,36.9,42.3,5.4,False
blomfield_street,south_to_north,n00193,blomfield_street/south_to_north/009_n00193_N.jpg,36.9,42.3,5.4,False
bloomberg_arcade,east_to_west,n00194,bloomberg_arcade/east_to_west/001_n00194_W.jpg,308.7,313.7,5.0,False
bloomberg_arcade,east_to_west,n00196,bloomberg_arcade/east_to_west/002_n00196_W.jpg,308.7,306.6,2.1,False
bloomberg_arcade,east_to_west,n00198,bloomberg_arcade/east_to_west/003_n00198_W.jpg,308.7,306.6,2.1,False
bloomberg_arcade,east_to_west,n00195,bloomberg_arcade/east_to_west/004_n00195_W.jpg,308.7,308.4,0.3,False
bloomberg_arcade,east_to_west,n00197,bloomberg_arcade/east_to_west/005_n00197_W.jpg,308.7,308.4,0.3,False
bloomberg_arcade,west_to_east,n00197,bloomberg_arcade/west_to_east/001_n00197_E.jpg,128.7,128.4,0.3,False
bloomberg_arcade,west_to_east,n00195,bloomberg_arcade/west_to_east/002_n00195_E.jpg,128.7,128.4,0.3,False
bloomberg_arcade,west_to_east,n00198,bloomberg_arcade/west_to_east/003_n00198_E.jpg,128.7,126.6,2.1,False
bloomberg_arcade,west_to_east,n00196,bloomberg_arcade/west_to_east/004_n00196_E.jpg,128.7,133.7,5.0,False
bloomberg_arcade,west_to_east,n00194,bloomberg_arcade/west_to_east/005_n00194_E.jpg,128.7,133.7,5.0,False
bond_court,east_to_west,n00201,bond_court/east_to_west/001_n00201_W.jpg,303.7,307.5,3.8,False
bond_court,east_to_west,n00199,bond_court/east_to_west/002_n00199_W.jpg,303.7,299.7,4.0,False
bond_court,east_to_west,n00200,bond_court/west_to_east/001_n00200_E.jpg,123.7,127.5,3.8,True
bond_court,east_to_west,n00202,bond_court/east_to_west/004_n00202_W.jpg,303.7,307.5,3.8,False
bond_court,west_to_east,n00200,bond_court/west_to_east/001_n00200_E.jpg,123.7,119.7,4.0,False
bond_court,west_to_east,n00202,bond_court/west_to_east/002_n00202_E.jpg,123.7,127.5,3.8,False
bond_court,west_to_east,n00199,bond_court/east_to_west/002_n00199_W.jpg,303.7,299.7,4.0,True
bond_court,west_to_east,n00201,bond_court/west_to_east/004_n00201_E.jpg,123.7,127.5,3.8,False
botolph_alley,east_to_west,n00203,botolph_alley/east_to_west/001_n00203_W.jpg,297.9,297.9,0.0,False
botolph_alley,east_to_west,n00204,botolph_alley/east_to_west/002_n00204_W.jpg,297.9,297.9,0.0,False
botolph_alley,west_to_east,n00204,botolph_alley/west_to_east/001_n00204_E.jpg,117.9,117.9,0.0,False
botolph_alley,west_to_east,n00203,botolph_alley/west_to_east/002_n00203_E.jpg,117.9,117.9,0.0,False
botolph_lane,north_to_south,n00210,botolph_lane/north_to_south/001_n00210_S.jpg,193.3,193.6,0.4,False
botolph_lane,north_to_south,n00209,botolph_lane/north_to_south/002_n00209_S.jpg,193.3,194.6,1.3,False
botolph_lane,north_to_south,n00208,botolph_lane/north_to_south/003_n00208_S.jpg,193.3,194.5,1.2,False
botolph_lane,north_to_south,n00207,botolph_lane/north_to_south/004_n00207_S.jpg,193.3,194.6,1.3,False
botolph_lane,north_to_south,n00206,botolph_lane/north_to_south/005_n00206_S.jpg,193.3,187.0,6.3,False
botolph_lane,north_to_south,n00205,botolph_lane/north_to_south/006_n00205_S.jpg,193.3,187.0,6.3,False
botolph_lane,south_to_north,n00205,botolph_lane/south_to_north/001_n00205_N.jpg,13.3,7.0,6.3,False
botolph_lane,south_to_north,n00206,botolph_lane/south_to_north/002_n00206_N.jpg,13.3,14.6,1.3,False
botolph_lane,south_to_north,n00207,botolph_lane/south_to_north/003_n00207_N.jpg,13.3,14.5,1.2,False
botolph_lane,south_to_north,n00208,botolph_lane/south_to_north/004_n00208_N.jpg,13.3,14.6,1.3,False
botolph_lane,south_to_north,n00209,botolph_lane/south_to_north/005_n00209_N.jpg,13.3,13.6,0.4,False
botolph_lane,south_to_north,n00210,botolph_lane/south_to_north/006_n00210_N.jpg,13.3,13.6,0.4,False
bow_churchyard,north_to_south,n00214,bow_churchyard/north_to_south/001_n00214_S.jpg,184.9,183.3,1.6,False
bow_churchyard,north_to_south,n00213,bow_churchyard/north_to_south/002_n00213_S.jpg,184.9,141.9,43.0,False
bow_churchyard,north_to_south,n00212,bow_churchyard/north_to_south/003_n00212_S.jpg,145.3,106.0,39.3,False
bow_churchyard,north_to_south,n00211,bow_churchyard/north_to_south/004_n00211_S.jpg,107.2,106.0,1.2,False
bow_churchyard,south_to_north,n00211,bow_churchyard/south_to_north/001_n00211_N.jpg,287.2,286.0,1.2,False
bow_churchyard,south_to_north,n00212,bow_churchyard/south_to_north/002_n00212_N.jpg,325.3,321.9,3.4,False
bow_churchyard,south_to_north,n00213,bow_churchyard/south_to_north/003_n00213_N.jpg,4.9,3.3,1.6,False
bow_churchyard,south_to_north,n00214,bow_churchyard/south_to_north/004_n00214_N.jpg,4.9,3.3,1.6,False
bow_lane,north_to_south,n00223,bow_lane/north_to_south/001_n00223_S.jpg,190.3,196.2,5.8,False
bow_lane,north_to_south,n00222,bow_lane/north_to_south/002_n00222_S.jpg,190.3,199.2,8.9,False
bow_lane,north_to_south,n00221,bow_lane/north_to_south/003_n00221_S.jpg,190.3,195.3,4.9,False
bow_lane,north_to_south,n00220,bow_lane/north_to_south/004_n00220_S.jpg,190.3,200.9,10.6,False
bow_lane,north_to_south,n00219,bow_lane/north_to_south/005_n00219_S.jpg,190.3,168.8,21.6,False
bow_lane,north_to_south,n00218,bow_lane/north_to_south/006_n00218_S.jpg,190.3,192.1,1.8,False
bow_lane,north_to_south,n00217,bow_lane/north_to_south/007_n00217_S.jpg,190.3,171.0,19.3,False
bow_lane,north_to_south,n00216,bow_lane/north_to_south/008_n00216_S.jpg,172.5,196.5,24.0,False
bow_lane,north_to_south,n00215,bow_lane/north_to_south/009_n00215_S.jpg,190.3,196.5,6.2,False
bow_lane,south_to_north,n00215,bow_lane/south_to_north/001_n00215_N.jpg,10.3,16.5,6.2,False
bow_lane,south_to_north,n00216,bow_lane/south_to_north/002_n00216_N.jpg,352.5,351.0,1.5,False
bow_lane,south_to_north,n00217,bow_lane/south_to_north/003_n00217_N.jpg,10.3,12.1,1.8,False
bow_lane,south_to_north,n00218,bow_lane/south_to_north/004_n00218_N.jpg,10.3,348.8,21.6,False
bow_lane,south_to_north,n00219,bow_lane/south_to_north/005_n00219_N.jpg,10.3,20.9,10.6,False
bow_lane,south_to_north,n00220,bow_lane/south_to_north/006_n00220_N.jpg,10.3,15.3,4.9,False
bow_lane,south_to_north,n00221,bow_lane/south_to_north/007_n00221_N.jpg,10.3,19.2,8.9,False
bow_lane,south_to_north,n00222,bow_lane/south_to_north/008_n00222_N.jpg,10.3,16.2,5.8,False
bow_lane,south_to_north,n00223,bow_lane/south_to_north/009_n00223_N.jpg,10.3,16.2,5.8,False
bread_street,north_to_south,n00235,bread_street/north_to_south/001_n00235_S.jpg,193.6,194.2,0.6,False
bread_street,north_to_south,n00234,bread_street/north_to_south/002_n00234_S.jpg,193.6,194.2,0.5,False
bread_street,north_to_south,n00233,bread_street/north_to_south/003_n00233_S.jpg,193.6,194.2,0.5,False
bread_street,north_to_south,n00232,bread_street/north_to_south/004_n00232_S.jpg,193.6,194.1,0.5,False
bread_street,north_to_south,n00231,bread_street/north_to_south/005_n00231_S.jpg,193.6,194.2,0.6,False
bread_street,north_to_south,n00230,bread_street/north_to_south/006_n00230_S.jpg,193.6,194.1,0.5,False
bread_street,north_to_south,n00229,bread_street/north_to_south/007_n00229_S.jpg,193.6,195.2,1.6,False
bread_street,north_to_south,n00227,bread_street/north_to_south/008_n00227_S.jpg,193.6,180.8,12.8,False
bread_street,north_to_south,n00225,bread_street/north_to_south/009_n00225_S.jpg,193.6,180.8,12.8,False
bread_street,north_to_south,n00228,bread_street/north_to_south/010_n00228_S.jpg,193.6,196.0,2.4,False
bread_street,north_to_south,n00226,bread_street/north_to_south/011_n00226_S.jpg,193.6,159.4,34.2,False
bread_street,north_to_south,n00224,bread_street/north_to_south/012_n00224_S.jpg,160.9,159.4,1.5,False
bread_street,south_to_north,n00224,bread_street/south_to_north/001_n00224_N.jpg,340.9,339.4,1.5,False
bread_street,south_to_north,n00226,bread_street/south_to_north/002_n00226_N.jpg,13.6,16.0,2.4,False
bread_street,south_to_north,n00228,bread_street/south_to_north/003_n00228_N.jpg,13.6,16.0,2.4,False
bread_street,south_to_north,n00225,bread_street/south_to_north/004_n00225_N.jpg,13.6,0.8,12.8,False
bread_street,south_to_north,n00227,bread_street/south_to_north/005_n00227_N.jpg,13.6,15.2,1.6,False
bread_street,south_to_north,n00229,bread_street/south_to_north/006_n00229_N.jpg,13.6,14.1,0.5,False
bread_street,south_to_north,n00230,bread_street/south_to_north/007_n00230_N.jpg,13.6,14.2,0.6,False
bread_street,south_to_north,n00231,bread_street/south_to_north/008_n00231_N.jpg,13.6,14.1,0.5,False
bread_street,south_to_north,n00232,bread_street/south_to_north/009_n00232_N.jpg,13.6,14.2,0.5,False
bread_street,south_to_north,n00233,bread_street/south_to_north/010_n00233_N.jpg,13.6,14.2,0.5,False
bread_street,south_to_north,n00234,bread_street/south_to_north/011_n00234_N.jpg,13.6,14.2,0.6,False
bread_street,south_to_north,n00235,bread_street/south_to_north/012_n00235_N.jpg,13.6,14.2,0.6,False
brewers_hall_garden,north_to_south,n00237,brewers_hall_garden/north_to_south/001_n00237_S.jpg,196.3,196.3,0.0,False
brewers_hall_garden,north_to_south,n00236,brewers_hall_garden/north_to_south/002_n00236_S.jpg,196.3,196.3,0.0,False
brewers_hall_garden,south_to_north,n00236,brewers_hall_garden/south_to_north/001_n00236_N.jpg,16.3,16.3,0.0,False
brewers_hall_garden,south_to_north,n00237,brewers_hall_garden/south_to_north/002_n00237_N.jpg,16.3,16.3,0.0,False
broad_street_avenue,east_to_west,n00238,broad_street_avenue/east_to_west/001_n00238_W.jpg,250.1,309.0,58.9,False
broad_street_avenue,east_to_west,n00239,broad_street_avenue/east_to_west/002_n00239_W.jpg,225.8,224.3,1.5,False
broad_street_avenue,east_to_west,n00240,broad_street_avenue/east_to_west/003_n00240_W.jpg,250.1,224.3,25.8,False
broad_street_avenue,west_to_east,n00240,broad_street_avenue/west_to_east/001_n00240_E.jpg,70.1,44.3,25.8,False
broad_street_avenue,west_to_east,n00239,broad_street_avenue/west_to_east/002_n00239_E.jpg,45.8,129.0,83.2,False
broad_street_avenue,west_to_east,n00238,broad_street_avenue/west_to_east/003_n00238_E.jpg,70.1,129.0,58.9,False
broken_wharf,north_to_south,n00243,broken_wharf/north_to_south/001_n00243_S.jpg,194.0,193.2,0.8,False
broken_wharf,north_to_south,n00242,broken_wharf/north_to_south/002_n00242_S.jpg,194.0,194.3,0.3,False
broken_wharf,north_to_south,n00241,broken_wharf/north_to_south/003_n00241_S.jpg,194.0,194.3,0.3,False
broken_wharf,south_to_north,n00241,broken_wharf/south_to_north/001_n00241_N.jpg,14.0,14.3,0.3,False
broken_wharf,south_to_north,n00242,broken_wharf/south_to_north/002_n00242_N.jpg,14.0,13.2,0.8,False
broken_wharf,south_to_north,n00243,broken_wharf/south_to_north/003_n00243_N.jpg,14.0,13.2,0.8,False
brown_s_buildings,east_to_west,n00244,brown_s_buildings/east_to_west/001_n00244_W.jpg,290.3,302.7,12.4,False
brown_s_buildings,east_to_west,n00245,brown_s_buildings/east_to_west/002_n00245_W.jpg,290.3,286.9,3.4,False
brown_s_buildings,east_to_west,n00246,brown_s_buildings/east_to_west/003_n00246_W.jpg,290.3,286.6,3.8,False
brown_s_buildings,east_to_west,n00247,brown_s_buildings/east_to_west/004_n00247_W.jpg,290.3,286.6,3.8,False
brown_s_buildings,west_to_east,n00247,brown_s_buildings/west_to_east/001_n00247_E.jpg,110.3,106.6,3.8,False
brown_s_buildings,west_to_east,n00246,brown_s_buildings/west_to_east/002_n00246_E.jpg,110.3,106.9,3.4,False
brown_s_buildings,west_to_east,n00245,brown_s_buildings/west_to_east/003_n00245_E.jpg,110.3,122.7,12.4,False
brown_s_buildings,west_to_east,n00244,brown_s_buildings/west_to_east/004_n00244_E.jpg,110.3,122.7,12.4,False
bucklersbury,east_to_west,n00248,bucklersbury/east_to_west/001_n00248_W.jpg,295.6,282.9,12.7,False
bucklersbury,east_to_west,n00249,bucklersbury/east_to_west/002_n00249_W.jpg,295.6,302.0,6.4,False
bucklersbury,east_to_west,n00250,bucklersbury/east_to_west/003_n00250_W.jpg,295.6,302.0,6.4,False
bucklersbury,west_to_east,n00250,bucklersbury/west_to_east/001_n00250_E.jpg,115.6,122.0,6.4,False
bucklersbury,west_to_east,n00249,bucklersbury/west_to_east/002_n00249_E.jpg,115.6,102.9,12.7,False
bucklersbury,west_to_east,n00248,bucklersbury/west_to_east/003_n00248_E.jpg,115.6,102.9,12.7,False
bull_s_head_passage,east_to_west,n00251,bull_s_head_passage/east_to_west/001_n00251_W.jpg,288.8,283.6,5.1,False
bull_s_head_passage,east_to_west,n00252,bull_s_head_passage/east_to_west/002_n00252_W.jpg,288.8,293.3,4.5,False
bull_s_head_passage,east_to_west,n00253,bull_s_head_passage/east_to_west/003_n00253_W.jpg,288.8,293.3,4.5,False
bull_s_head_passage,west_to_east,n00253,bull_s_head_passage/west_to_east/001_n00253_E.jpg,108.8,113.3,4.5,False
bull_s_head_passage,west_to_east,n00252,bull_s_head_passage/west_to_east/002_n00252_E.jpg,108.8,103.6,5.1,False
bull_s_head_passage,west_to_east,n00251,bull_s_head_passage/west_to_east/003_n00251_E.jpg,108.8,103.6,5.1,False
bury_court,east_to_west,n00254,bury_court/east_to_west/001_n00254_W.jpg,297.1,300.7,3.6,False
bury_court,east_to_west,n00255,bury_court/east_to_west/002_n00255_W.jpg,297.1,291.2,5.8,False
bury_court,east_to_west,n00256,bury_court/east_to_west/003_n00256_W.jpg,297.1,291.2,5.8,False
bury_court,west_to_east,n00256,bury_court/west_to_east/001_n00256_E.jpg,117.1,111.2,5.8,False
bury_court,west_to_east,n00255,bury_court/west_to_east/002_n00255_E.jpg,117.1,120.7,3.6,False
bury_court,west_to_east,n00254,bury_court/west_to_east/003_n00254_E.jpg,117.1,120.7,3.6,False
bush_lane,north_to_south,n00262,bush_lane/north_to_south/001_n00262_S.jpg,201.0,200.2,0.8,False
bush_lane,north_to_south,n00261,bush_lane/north_to_south/002_n00261_S.jpg,201.0,206.3,5.3,False
bush_lane,north_to_south,n00260,bush_lane/north_to_south/003_n00260_S.jpg,201.0,211.9,10.9,False
bush_lane,north_to_south,n00259,bush_lane/north_to_south/004_n00259_S.jpg,201.0,211.0,10.0,False
bush_lane,north_to_south,n00258,bush_lane/north_to_south/005_n00258_S.jpg,201.0,133.3,67.7,False
bush_lane,north_to_south,n00257,bush_lane/north_to_south/006_n00257_S.jpg,134.5,133.3,1.2,False
bush_lane,south_to_north,n00257,bush_lane/south_to_north/001_n00257_N.jpg,314.5,313.3,1.2,False
bush_lane,south_to_north,n00258,bush_lane/south_to_north/002_n00258_N.jpg,21.0,31.0,10.0,False
bush_lane,south_to_north,n00259,bush_lane/south_to_north/003_n00259_N.jpg,21.0,31.9,10.9,False
bush_lane,south_to_north,n00260,bush_lane/south_to_north/004_n00260_N.jpg,21.0,26.3,5.3,False
bush_lane,south_to_north,n00261,bush_lane/south_to_north/005_n00261_N.jpg,21.0,20.2,0.8,False
bush_lane,south_to_north,n00262,bush_lane/south_to_north/006_n00262_N.jpg,21.0,20.2,0.8,False
byward_street,east_to_west,n00277,byward_street/east_to_west/001_n00277_W.jpg,271.7,270.3,1.4,False
byward_street,east_to_west,n00275,byward_street/east_to_west/002_n00275_W.jpg,271.7,214.4,57.3,False
byward_street,east_to_west,n00278,byward_street/west_to_east/014_n00278_E.jpg,66.3,58.5,7.9,True
byward_street,east_to_west,n00273,byward_street/east_to_west/004_n00273_W.jpg,246.3,215.8,30.5,False
byward_street,east_to_west,n00276,byward_street/west_to_east/012_n00276_E.jpg,66.3,352.8,73.5,True
byward_street,east_to_west,n00274,byward_street/east_to_west/006_n00274_W.jpg,246.3,236.8,9.5,False
byward_street,east_to_west,n00271,byward_street/east_to_west/007_n00271_W.jpg,246.3,239.9,6.5,False
byward_street,east_to_west,n00269,byward_street/east_to_west/008_n00269_W.jpg,246.3,236.6,9.7,False
byward_street,east_to_west,n00272,byward_street/west_to_east/008_n00272_E.jpg,66.3,42.2,24.1,True
byward_street,east_to_west,n00267,byward_street/east_to_west/010_n00267_W.jpg,246.3,252.3,6.0,False
byward_street,east_to_west,n00270,byward_street/west_to_east/006_n00270_E.jpg,66.3,60.5,5.9,True
byward_street,east_to_west,n00268,byward_street/west_to_east/005_n00268_E.jpg,66.3,44.3,22.1,True
byward_street,east_to_west,n00265,byward_street/east_to_west/013_n00265_W.jpg,246.3,253.4,7.0,False
byward_street,east_to_west,n00263,byward_street/west_to_east/003_n00263_E.jpg,66.3,65.4,0.9,True
byward_street,east_to_west,n00266,byward_street/west_to_east/002_n00266_E.jpg,66.3,71.0,4.7,True
byward_street,east_to_west,n00264,byward_street/west_to_east/001_n00264_E.jpg,66.3,65.4,0.9,True
byward_street,west_to_east,n00264,byward_street/west_to_east/001_n00264_E.jpg,66.3,65.4,0.9,False
byward_street,west_to_east,n00266,byward_street/west_to_east/002_n00266_E.jpg,66.3,71.0,4.7,False
byward_street,west_to_east,n00263,byward_street/east_to_west/014_n00263_W.jpg,246.3,181.7,64.6,True
byward_street,west_to_east,n00265,byward_street/west_to_east/004_n00265_E.jpg,66.3,132.6,66.3,False
byward_street,west_to_east,n00268,byward_street/west_to_east/005_n00268_E.jpg,66.3,44.3,22.1,False
byward_street,west_to_east,n00270,byward_street/west_to_east/006_n00270_E.jpg,66.3,60.5,5.9,False
byward_street,west_to_east,n00267,byward_street/east_to_west/010_n00267_W.jpg,246.3,184.0,62.4,True
byward_street,west_to_east,n00272,byward_street/west_to_east/008_n00272_E.jpg,66.3,42.2,24.1,False
byward_street,west_to_east,n00269,byward_street/east_to_west/008_n00269_W.jpg,246.3,187.1,59.3,True
byward_street,west_to_east,n00271,byward_street/west_to_east/010_n00271_E.jpg,66.3,140.8,74.4,False
byward_street,west_to_east,n00274,byward_street/west_to_east/011_n00274_E.jpg,66.3,35.8,30.5,False
byward_street,west_to_east,n00276,byward_street/west_to_east/012_n00276_E.jpg,66.3,34.4,31.9,False
byward_street,west_to_east,n00273,byward_street/east_to_west/004_n00273_W.jpg,246.3,172.8,73.5,True
byward_street,west_to_east,n00278,byward_street/west_to_east/014_n00278_E.jpg,66.3,58.5,7.9,False
byward_street,west_to_east,n00275,byward_street/west_to_east/015_n00275_E.jpg,91.7,164.3,72.6,False
byward_street,west_to_east,n00277,byward_street/west_to_east/016_n00277_E.jpg,91.7,58.5,33.2,False
camomile_street,east_to_west,n00279,camomile_street/east_to_west/001_n00279_W.jpg,303.2,311.6,8.4,False
camomile_street,east_to_west,n00281,camomile_street/east_to_west/002_n00281_W.jpg,303.2,309.3,6.0,False
camomile_street,east_to_west,n00283,camomile_street/east_to_west/003_n00283_W.jpg,303.2,308.9,5.7,False
camomile_street,east_to_west,n00285,camomile_street/east_to_west/004_n00285_W.jpg,303.2,301.3,1.9,False
camomile_street,east_to_west,n00286,camomile_street/east_to_west/005_n00286_W.jpg,303.2,293.6,9.6,False
camomile_street,east_to_west,n00280,camomile_street/east_to_west/006_n00280_W.jpg,303.2,290.9,12.3,False
camomile_street,east_to_west,n00287,camomile_street/east_to_west/007_n00287_W.jpg,303.2,291.7,11.6,False
camomile_street,east_to_west,n00282,camomile_street/east_to_west/008_n00282_W.jpg,303.2,292.4,10.8,False
camomile_street,east_to_west,n00288,camomile_street/east_to_west/009_n00288_W.jpg,303.2,292.3,11.0,False
camomile_street,east_to_west,n00284,camomile_street/east_to_west/010_n00284_W.jpg,303.2,292.4,10.8,False
camomile_street,east_to_west,n00289,camomile_street/east_to_west/011_n00289_W.jpg,303.2,292.3,11.0,False
camomile_street,west_to_east,n00289,camomile_street/west_to_east/001_n00289_E.jpg,123.2,112.3,11.0,False
camomile_street,west_to_east,n00284,camomile_street/west_to_east/002_n00284_E.jpg,123.2,112.4,10.8,False
camomile_street,west_to_east,n00288,camomile_street/west_to_east/003_n00288_E.jpg,123.2,111.7,11.6,False
camomile_street,west_to_east,n00282,camomile_street/west_to_east/004_n00282_E.jpg,123.2,110.9,12.3,False
camomile_street,west_to_east,n00287,camomile_street/west_to_east/005_n00287_E.jpg,123.2,113.6,9.6,False
camomile_street,west_to_east,n00280,camomile_street/west_to_east/006_n00280_E.jpg,123.2,110.9,12.3,False
camomile_street,west_to_east,n00286,camomile_street/west_to_east/007_n00286_E.jpg,123.2,121.3,1.9,False
camomile_street,west_to_east,n00285,camomile_street/west_to_east/008_n00285_E.jpg,123.2,128.9,5.7,False
camomile_street,west_to_east,n00283,camomile_street/west_to_east/009_n00283_E.jpg,123.2,129.3,6.0,False
camomile_street,west_to_east,n00281,camomile_street/west_to_east/010_n00281_E.jpg,123.2,131.6,8.4,False
camomile_street,west_to_east,n00279,camomile_street/west_to_east/011_n00279_E.jpg,123.2,131.6,8.4,False
cannon_street,east_to_west,n00290,cannon_street/east_to_west/001_n00290_W.jpg,286.8,291.9,5.2,False
cannon_street,east_to_west,n00291,cannon_street/east_to_west/002_n00291_W.jpg,286.8,276.6,10.2,False
cannon_street,east_to_west,n00294,cannon_street/east_to_west/003_n00294_W.jpg,286.8,291.5,4.7,False
cannon_street,east_to_west,n00295,cannon_street/east_to_west/004_n00295_W.jpg,286.8,276.6,10.2,False
cannon_street,east_to_west,n00298,cannon_street/east_to_west/005_n00298_W.jpg,286.8,288.1,1.3,False
cannon_street,east_to_west,n00301,cannon_street/east_to_west/006_n00301_W.jpg,286.8,286.2,0.6,False
cannon_street,east_to_west,n00303,cannon_street/east_to_west/007_n00303_W.jpg,286.8,285.8,1.0,False
cannon_street,east_to_west,n00305,cannon_street/east_to_west/008_n00305_W.jpg,286.8,285.9,0.8,False
cannon_street,east_to_west,n00306,cannon_street/east_to_west/009_n00306_W.jpg,286.8,279.8,7.0,False
cannon_street,east_to_west,n00307,cannon_street/east_to_west/010_n00307_W.jpg,286.8,282.7,4.1,False
cannon_street,east_to_west,n00308,cannon_street/east_to_west/011_n00308_W.jpg,286.8,287.0,0.2,False
cannon_street,east_to_west,n00309,cannon_street/east_to_west/012_n00309_W.jpg,286.8,290.1,3.3,False
cannon_street,east_to_west,n00310,cannon_street/east_to_west/013_n00310_W.jpg,286.8,285.6,1.2,False
cannon_street,east_to_west,n00311,cannon_street/east_to_west/014_n00311_W.jpg,286.8,281.4,5.4,False
cannon_street,east_to_west,n00312,cannon_street/east_to_west/015_n00312_W.jpg,286.8,294.1,7.4,False
cannon_street,east_to_west,n00313,cannon_street/east_to_west/016_n00313_W.jpg,286.8,285.2,1.6,False
cannon_street,east_to_west,n00314,cannon_street/east_to_west/017_n00314_W.jpg,286.8,285.4,1.4,False
cannon_street,east_to_west,n00315,cannon_street/east_to_west/018_n00315_W.jpg,286.8,288.4,1.7,False
cannon_street,east_to_west,n00316,cannon_street/east_to_west/019_n00316_W.jpg,286.8,287.9,1.1,False
cannon_street,east_to_west,n00317,cannon_street/east_to_west/020_n00317_W.jpg,286.8,291.1,4.3,False
cannon_street,east_to_west,n00318,cannon_street/east_to_west/021_n00318_W.jpg,286.8,288.6,1.9,False
cannon_street,east_to_west,n00319,cannon_street/east_to_west/022_n00319_W.jpg,286.8,286.2,0.6,False
cannon_street,east_to_west,n00320,cannon_street/east_to_west/023_n00320_W.jpg,286.8,285.8,1.0,False
cannon_street,east_to_west,n00321,cannon_street/east_to_west/024_n00321_W.jpg,286.8,288.9,2.2,False
cannon_street,east_to_west,n00322,cannon_street/east_to_west/025_n00322_W.jpg,286.8,283.5,3.3,False
cannon_street,east_to_west,n00323,cannon_street/east_to_west/026_n00323_W.jpg,286.8,286.0,0.7,False
cannon_street,east_to_west,n00292,cannon_street/east_to_west/027_n00292_W.jpg,307.3,305.9,1.4,False
cannon_street,east_to_west,n00324,cannon_street/east_to_west/028_n00324_W.jpg,286.8,287.0,0.2,False
cannon_street,east_to_west,n00296,cannon_street/east_to_west/029_n00296_W.jpg,286.8,300.4,13.6,False
cannon_street,east_to_west,n00325,cannon_street/east_to_west/030_n00325_W.jpg,286.8,279.0,7.7,False
cannon_street,east_to_west,n00299,cannon_street/east_to_west/031_n00299_W.jpg,286.8,282.5,4.3,False
cannon_street,east_to_west,n00326,cannon_street/east_to_west/032_n00326_W.jpg,286.8,297.8,11.0,False
cannon_street,east_to_west,n00302,cannon_street/east_to_west/033_n00302_W.jpg,286.8,278.4,8.4,False
cannon_street,east_to_west,n00327,cannon_street/east_to_west/034_n00327_W.jpg,286.8,285.1,1.6,False
cannon_street,east_to_west,n00304,cannon_street/east_to_west/035_n00304_W.jpg,286.8,278.4,8.4,False
cannon_street,east_to_west,n00328,cannon_street/east_to_west/036_n00328_W.jpg,307.6,306.3,1.3,False
cannon_street,east_to_west,n00329,cannon_street/east_to_west/037_n00329_W.jpg,286.8,286.9,0.2,False
cannon_street,east_to_west,n00330,cannon_street/east_to_west/038_n00330_W.jpg,286.8,282.5,4.2,False
cannon_street,east_to_west,n00293,cannon_street/east_to_west/039_n00293_W.jpg,286.8,291.3,4.5,False
cannon_street,east_to_west,n00331,cannon_street/east_to_west/040_n00331_W.jpg,286.8,266.6,20.1,False
cannon_street,east_to_west,n00332,cannon_street/east_to_west/041_n00332_W.jpg,286.8,288.5,1.7,False
cannon_street,east_to_west,n00297,cannon_street/east_to_west/042_n00297_W.jpg,286.8,279.0,7.8,False
cannon_street,east_to_west,n00300,cannon_street/east_to_west/043_n00300_W.jpg,286.8,279.0,7.8,False
cannon_street,east_to_west,n00333,cannon_street/east_to_west/044_n00333_W.jpg,286.8,282.4,4.4,False
cannon_street,east_to_west,n00334,cannon_street/east_to_west/045_n00334_W.jpg,286.8,272.3,14.5,False
cannon_street,east_to_west,n00335,cannon_street/east_to_west/046_n00335_W.jpg,286.8,301.2,14.4,False
cannon_street,east_to_west,n00336,cannon_street/east_to_west/047_n00336_W.jpg,286.8,272.0,14.8,False
cannon_street,east_to_west,n00337,cannon_street/east_to_west/048_n00337_W.jpg,286.8,286.8,0.0,False
cannon_street,east_to_west,n00338,cannon_street/east_to_west/049_n00338_W.jpg,286.8,286.8,0.0,False
cannon_street,west_to_east,n00338,cannon_street/west_to_east/001_n00338_E.jpg,106.8,106.8,0.0,False
cannon_street,west_to_east,n00337,cannon_street/west_to_east/002_n00337_E.jpg,106.8,92.0,14.8,False
cannon_street,west_to_east,n00336,cannon_street/west_to_east/003_n00336_E.jpg,106.8,121.2,14.4,False
cannon_street,west_to_east,n00335,cannon_street/west_to_east/004_n00335_E.jpg,106.8,92.3,14.5,False
cannon_street,west_to_east,n00334,cannon_street/west_to_east/005_n00334_E.jpg,106.8,102.4,4.4,False
cannon_street,west_to_east,n00333,cannon_street/west_to_east/006_n00333_E.jpg,106.8,108.5,1.7,False
cannon_street,west_to_east,n00300,cannon_street/west_to_east/007_n00300_E.jpg,106.8,99.0,7.8,False
cannon_street,west_to_east,n00297,cannon_street/west_to_east/008_n00297_E.jpg,106.8,111.3,4.5,False
cannon_street,west_to_east,n00332,cannon_street/west_to_east/009_n00332_E.jpg,106.8,86.6,20.1,False
cannon_street,west_to_east,n00293,cannon_street/west_to_east/010_n00293_E.jpg,106.8,111.3,4.5,False
cannon_street,west_to_east,n00331,cannon_street/west_to_east/011_n00331_E.jpg,106.8,102.5,4.2,False
cannon_street,west_to_east,n00330,cannon_street/west_to_east/012_n00330_E.jpg,106.8,106.9,0.2,False
cannon_street,west_to_east,n00329,cannon_street/west_to_east/013_n00329_E.jpg,106.8,126.3,19.5,False
cannon_street,west_to_east,n00328,cannon_street/west_to_east/014_n00328_E.jpg,127.6,105.1,22.5,False
cannon_street,west_to_east,n00304,cannon_street/west_to_east/015_n00304_E.jpg,106.8,98.4,8.4,False
cannon_street,west_to_east,n00327,cannon_street/west_to_east/016_n00327_E.jpg,106.8,117.8,11.0,False
cannon_street,west_to_east,n00302,cannon_street/west_to_east/017_n00302_E.jpg,106.8,102.5,4.3,False
cannon_street,west_to_east,n00326,cannon_street/west_to_east/018_n00326_E.jpg,106.8,99.0,7.7,False
cannon_street,west_to_east,n00299,cannon_street/west_to_east/019_n00299_E.jpg,106.8,120.4,13.6,False
cannon_street,west_to_east,n00325,cannon_street/west_to_east/020_n00325_E.jpg,106.8,107.0,0.2,False
cannon_street,west_to_east,n00296,cannon_street/west_to_east/021_n00296_E.jpg,106.8,125.9,19.1,False
cannon_street,west_to_east,n00324,cannon_street/west_to_east/022_n00324_E.jpg,106.8,106.0,0.7,False
cannon_street,west_to_east,n00292,cannon_street/west_to_east/023_n00292_E.jpg,127.3,125.9,1.4,False
cannon_street,west_to_east,n00323,cannon_street/west_to_east/024_n00323_E.jpg,106.8,103.5,3.3,False
cannon_street,west_to_east,n00322,cannon_street/west_to_east/025_n00322_E.jpg,106.8,108.9,2.2,False
cannon_street,west_to_east,n00321,cannon_street/west_to_east/026_n00321_E.jpg,106.8,105.8,1.0,False
cannon_street,west_to_east,n00320,cannon_street/west_to_east/027_n00320_E.jpg,106.8,106.2,0.6,False
cannon_street,west_to_east,n00319,cannon_street/west_to_east/028_n00319_E.jpg,106.8,108.6,1.9,False
cannon_street,west_to_east,n00318,cannon_street/west_to_east/029_n00318_E.jpg,106.8,111.1,4.3,False
cannon_street,west_to_east,n00317,cannon_street/west_to_east/030_n00317_E.jpg,106.8,107.9,1.1,False
cannon_street,west_to_east,n00316,cannon_street/west_to_east/031_n00316_E.jpg,106.8,108.4,1.7,False
cannon_street,west_to_east,n00315,cannon_street/west_to_east/032_n00315_E.jpg,106.8,105.4,1.4,False
cannon_street,west_to_east,n00314,cannon_street/west_to_east/033_n00314_E.jpg,106.8,105.2,1.6,False
cannon_street,west_to_east,n00313,cannon_street/west_to_east/034_n00313_E.jpg,106.8,114.1,7.4,False
cannon_street,west_to_east,n00312,cannon_street/west_to_east/035_n00312_E.jpg,106.8,101.4,5.4,False
cannon_street,west_to_east,n00311,cannon_street/west_to_east/036_n00311_E.jpg,106.8,105.6,1.2,False
cannon_street,west_to_east,n00310,cannon_street/west_to_east/037_n00310_E.jpg,106.8,110.1,3.3,False
cannon_street,west_to_east,n00309,cannon_street/west_to_east/038_n00309_E.jpg,106.8,107.0,0.2,False
cannon_street,west_to_east,n00308,cannon_street/west_to_east/039_n00308_E.jpg,106.8,102.7,4.1,False
cannon_street,west_to_east,n00307,cannon_street/west_to_east/040_n00307_E.jpg,106.8,99.8,7.0,False
cannon_street,west_to_east,n00306,cannon_street/west_to_east/041_n00306_E.jpg,106.8,105.9,0.8,False
cannon_street,west_to_east,n00305,cannon_street/west_to_east/042_n00305_E.jpg,106.8,105.8,1.0,False
cannon_street,west_to_east,n00303,cannon_street/west_to_east/043_n00303_E.jpg,106.8,106.2,0.6,False
cannon_street,west_to_east,n00301,cannon_street/west_to_east/044_n00301_E.jpg,106.8,108.1,1.3,False
cannon_street,west_to_east,n00298,cannon_street/west_to_east/045_n00298_E.jpg,106.8,111.5,4.7,False
cannon_street,west_to_east,n00294,cannon_street/west_to_east/046_n00294_E.jpg,106.8,111.9,5.2,False
cannon_street,west_to_east,n00295,cannon_street/west_to_east/047_n00295_E.jpg,106.8,96.6,10.2,False
cannon_street,west_to_east,n00291,cannon_street/west_to_east/048_n00291_E.jpg,106.8,96.6,10.2,False
cannon_street,west_to_east,n00290,cannon_street/west_to_east/049_n00290_E.jpg,106.8,111.9,5.2,False
carey_lane,east_to_west,n00339,carey_lane/east_to_west/001_n00339_W.jpg,275.7,257.6,18.1,False
carey_lane,east_to_west,n00340,carey_lane/east_to_west/002_n00340_W.jpg,275.7,279.7,4.0,False
carey_lane,east_to_west,n00341,carey_lane/east_to_west/003_n00341_W.jpg,275.7,281.2,5.5,False
carey_lane,east_to_west,n00342,carey_lane/east_to_west/004_n00342_W.jpg,275.7,281.2,5.5,False
carey_lane,west_to_east,n00342,carey_lane/west_to_east/001_n00342_E.jpg,95.7,101.2,5.5,False
carey_lane,west_to_east,n00341,carey_lane/west_to_east/002_n00341_E.jpg,95.7,99.7,4.0,False
carey_lane,west_to_east,n00340,carey_lane/west_to_east/003_n00340_E.jpg,95.7,77.6,18.1,False
carey_lane,west_to_east,n00339,carey_lane/west_to_east/004_n00339_E.jpg,95.7,77.6,18.1,False
carter_lane,east_to_west,n00343,carter_lane/east_to_west/001_n00343_W.jpg,261.4,249.0,12.3,False
carter_lane,east_to_west,n00344,carter_lane/east_to_west/002_n00344_W.jpg,261.4,262.5,1.2,False
carter_lane,east_to_west,n00345,carter_lane/east_to_west/003_n00345_W.jpg,261.4,276.0,14.7,False
carter_lane,east_to_west,n00346,carter_lane/east_to_west/004_n00346_W.jpg,261.4,276.0,14.7,False
carter_lane,west_to_east,n00346,carter_lane/west_to_east/001_n00346_E.jpg,81.4,96.0,14.7,False
carter_lane,west_to_east,n00345,carter_lane/west_to_east/002_n00345_E.jpg,81.4,82.5,1.2,False
carter_lane,west_to_east,n00344,carter_lane/west_to_east/003_n00344_E.jpg,81.4,69.0,12.3,False
carter_lane,west_to_east,n00343,carter_lane/west_to_east/004_n00343_E.jpg,81.4,69.0,12.3,False
castle_baynard_street,east_to_west,n00347,castle_baynard_street/east_to_west/001_n00347_W.jpg,274.7,275.6,0.8,False
castle_baynard_street,east_to_west,n00348,castle_baynard_street/east_to_west/002_n00348_W.jpg,274.7,276.3,1.6,False
castle_baynard_street,east_to_west,n00349,castle_baynard_street/east_to_west/003_n00349_W.jpg,274.7,288.3,13.6,False
castle_baynard_street,east_to_west,n00350,castle_baynard_street/east_to_west/004_n00350_W.jpg,274.7,260.2,14.6,False
castle_baynard_street,east_to_west,n00351,castle_baynard_street/east_to_west/005_n00351_W.jpg,274.7,272.6,2.2,False
castle_baynard_street,east_to_west,n00352,castle_baynard_street/east_to_west/006_n00352_W.jpg,274.7,272.6,2.2,False
castle_baynard_street,west_to_east,n00352,castle_baynard_street/west_to_east/001_n00352_E.jpg,94.7,92.6,2.2,False
castle_baynard_street,west_to_east,n00351,castle_baynard_street/west_to_east/002_n00351_E.jpg,94.7,80.2,14.6,False
castle_baynard_street,west_to_east,n00350,castle_baynard_street/west_to_east/003_n00350_E.jpg,94.7,108.3,13.6,False
castle_baynard_street,west_to_east,n00349,castle_baynard_street/west_to_east/004_n00349_E.jpg,94.7,96.3,1.6,False
castle_baynard_street,west_to_east,n00348,castle_baynard_street/west_to_east/005_n00348_E.jpg,94.7,95.6,0.8,False
castle_baynard_street,west_to_east,n00347,castle_baynard_street/west_to_east/006_n00347_E.jpg,94.7,95.6,0.8,False
cavendish_court,north_to_south,n00355,cavendish_court/north_to_south/001_n00355_S.jpg,194.7,206.5,11.8,False
cavendish_court,north_to_south,n00354,cavendish_court/north_to_south/002_n00354_S.jpg,194.7,181.5,13.3,False
cavendish_court,north_to_south,n00353,cavendish_court/north_to_south/003_n00353_S.jpg,194.7,181.5,13.3,False
cavendish_court,south_to_north,n00353,cavendish_court/south_to_north/001_n00353_N.jpg,14.7,1.5,13.3,False
cavendish_court,south_to_north,n00354,cavendish_court/south_to_north/002_n00354_N.jpg,14.7,26.5,11.8,False
cavendish_court,south_to_north,n00355,cavendish_court/south_to_north/003_n00355_N.jpg,14.7,26.5,11.8,False
change_alley,east_to_west,n00356,change_alley/east_to_west/001_n00356_W.jpg,287.0,287.0,0.0,False
change_alley,east_to_west,n00357,change_alley/east_to_west/002_n00357_W.jpg,287.0,287.0,0.0,False
change_alley,west_to_east,n00357,change_alley/west_to_east/001_n00357_E.jpg,107.0,107.0,0.0,False
change_alley,west_to_east,n00356,change_alley/west_to_east/002_n00356_E.jpg,107.0,107.0,0.0,False
cheapside,east_to_west,n00358,cheapside/east_to_west/001_n00358_W.jpg,287.6,281.9,5.7,False
cheapside,east_to_west,n00360,cheapside/east_to_west/002_n00360_W.jpg,287.6,281.8,5.8,False
cheapside,east_to_west,n00362,cheapside/east_to_west/003_n00362_W.jpg,287.6,281.5,6.1,False
cheapside,east_to_west,n00364,cheapside/east_to_west/004_n00364_W.jpg,287.6,288.1,0.5,False
cheapside,east_to_west,n00366,cheapside/east_to_west/005_n00366_W.jpg,287.6,277.1,10.5,False
cheapside,east_to_west,n00368,cheapside/east_to_west/006_n00368_W.jpg,287.6,282.0,5.6,False
cheapside,east_to_west,n00369,cheapside/east_to_west/007_n00369_W.jpg,287.6,281.6,6.0,False
cheapside,east_to_west,n00370,cheapside/east_to_west/008_n00370_W.jpg,287.6,286.4,1.2,False
cheapside,east_to_west,n00371,cheapside/east_to_west/009_n00371_W.jpg,287.6,283.2,4.4,False
cheapside,east_to_west,n00372,cheapside/east_to_west/010_n00372_W.jpg,287.6,283.6,4.0,False
cheapside,east_to_west,n00373,cheapside/east_to_west/011_n00373_W.jpg,287.6,281.5,6.1,False
cheapside,east_to_west,n00374,cheapside/east_to_west/012_n00374_W.jpg,287.6,286.4,1.2,False
cheapside,east_to_west,n00375,cheapside/east_to_west/013_n00375_W.jpg,287.6,283.0,4.6,False
cheapside,east_to_west,n00376,cheapside/east_to_west/014_n00376_W.jpg,287.6,284.2,3.4,False
cheapside,east_to_west,n00377,cheapside/east_to_west/015_n00377_W.jpg,287.6,283.8,3.8,False
cheapside,east_to_west,n00378,cheapside/east_to_west/016_n00378_W.jpg,287.6,282.3,5.3,False
cheapside,east_to_west,n00379,cheapside/east_to_west/017_n00379_W.jpg,287.6,285.5,2.1,False
cheapside,east_to_west,n00380,cheapside/east_to_west/018_n00380_W.jpg,287.6,284.3,3.3,False
cheapside,east_to_west,n00381,cheapside/east_to_west/019_n00381_W.jpg,287.6,288.7,1.1,False
cheapside,east_to_west,n00382,cheapside/east_to_west/020_n00382_W.jpg,287.6,297.5,9.9,False
cheapside,east_to_west,n00383,cheapside/east_to_west/021_n00383_W.jpg,316.7,315.2,1.5,False
cheapside,east_to_west,n00359,cheapside/east_to_west/022_n00359_W.jpg,326.6,325.3,1.3,False
cheapside,east_to_west,n00384,cheapside/east_to_west/023_n00384_W.jpg,287.6,290.0,2.4,False
cheapside,east_to_west,n00361,cheapside/east_to_west/024_n00361_W.jpg,330.1,328.5,1.6,False
cheapside,east_to_west,n00385,cheapside/east_to_west/025_n00385_W.jpg,316.5,315.1,1.4,False
cheapside,east_to_west,n00363,cheapside/east_to_west/026_n00363_W.jpg,341.9,340.5,1.4,False
cheapside,east_to_west,n00386,cheapside/east_to_west/027_n00386_W.jpg,308.0,306.6,1.4,False
cheapside,east_to_west,n00365,cheapside/east_to_west/028_n00365_W.jpg,359.4,358.0,1.4,False
cheapside,east_to_west,n00367,cheapside/east_to_west/029_n00367_W.jpg,359.4,358.0,1.4,False
cheapside,east_to_west,n00387,cheapside/east_to_west/030_n00387_W.jpg,308.0,306.6,1.4,False
cheapside,west_to_east,n00387,cheapside/west_to_east/001_n00387_E.jpg,128.0,126.6,1.4,False
cheapside,west_to_east,n00367,cheapside/west_to_east/002_n00367_E.jpg,179.4,178.0,1.4,False
cheapside,west_to_east,n00365,cheapside/west_to_east/003_n00365_E.jpg,179.4,160.5,18.9,False
cheapside,west_to_east,n00386,cheapside/west_to_east/004_n00386_E.jpg,128.0,135.1,7.1,False
cheapside,west_to_east,n00363,cheapside/west_to_east/005_n00363_E.jpg,161.9,148.5,13.4,False
cheapside,west_to_east,n00385,cheapside/west_to_east/006_n00385_E.jpg,136.5,110.0,26.5,False
cheapside,west_to_east,n00361,cheapside/west_to_east/007_n00361_E.jpg,150.1,145.3,4.8,False
cheapside,west_to_east,n00384,cheapside/west_to_east/008_n00384_E.jpg,107.6,135.2,27.6,False
cheapside,west_to_east,n00359,cheapside/west_to_east/009_n00359_E.jpg,146.6,145.3,1.3,False
cheapside,west_to_east,n00383,cheapside/west_to_east/010_n00383_E.jpg,136.7,117.5,19.2,False
cheapside,west_to_east,n00382,cheapside/west_to_east/011_n00382_E.jpg,107.6,108.7,1.1,False
cheapside,west_to_east,n00381,cheapside/west_to_east/012_n00381_E.jpg,107.6,104.3,3.3,False
cheapside,west_to_east,n00380,cheapside/west_to_east/013_n00380_E.jpg,107.6,105.5,2.1,False
cheapside,west_to_east,n00379,cheapside/west_to_east/014_n00379_E.jpg,107.6,102.3,5.3,False
cheapside,west_to_east,n00378,cheapside/west_to_east/015_n00378_E.jpg,107.6,103.8,3.8,False
cheapside,west_to_east,n00377,cheapside/west_to_east/016_n00377_E.jpg,107.6,104.2,3.4,False
cheapside,west_to_east,n00376,cheapside/west_to_east/017_n00376_E.jpg,107.6,103.0,4.6,False
cheapside,west_to_east,n00375,cheapside/west_to_east/018_n00375_E.jpg,107.6,106.4,1.2,False
cheapside,west_to_east,n00374,cheapside/west_to_east/019_n00374_E.jpg,107.6,101.5,6.1,False
cheapside,west_to_east,n00373,cheapside/west_to_east/020_n00373_E.jpg,107.6,103.6,4.0,False
cheapside,west_to_east,n00372,cheapside/west_to_east/021_n00372_E.jpg,107.6,103.2,4.4,False
cheapside,west_to_east,n00371,cheapside/west_to_east/022_n00371_E.jpg,107.6,106.4,1.2,False
cheapside,west_to_east,n00370,cheapside/west_to_east/023_n00370_E.jpg,107.6,101.6,6.0,False
cheapside,west_to_east,n00369,cheapside/west_to_east/024_n00369_E.jpg,107.6,102.0,5.6,False
cheapside,west_to_east,n00368,cheapside/west_to_east/025_n00368_E.jpg,107.6,97.1,10.5,False
cheapside,west_to_east,n00366,cheapside/west_to_east/026_n00366_E.jpg,107.6,108.1,0.5,False
cheapside,west_to_east,n00364,cheapside/west_to_east/027_n00364_E.jpg,107.6,101.5,6.1,False
cheapside,west_to_east,n00362,cheapside/west_to_east/028_n00362_E.jpg,107.6,101.8,5.8,False
cheapside,west_to_east,n00360,cheapside/west_to_east/029_n00360_E.jpg,107.6,101.9,5.7,False
cheapside,west_to_east,n00358,cheapside/west_to_east/030_n00358_E.jpg,107.6,101.9,5.7,False
circus_place,north_to_south,n00392,circus_place/north_to_south/001_n00392_S.jpg,193.2,191.8,1.4,False
circus_place,north_to_south,n00391,circus_place/north_to_south/002_n00391_S.jpg,193.2,191.8,1.5,False
circus_place,north_to_south,n00390,circus_place/north_to_south/003_n00390_S.jpg,193.2,195.5,2.2,False
circus_place,north_to_south,n00389,circus_place/north_to_south/004_n00389_S.jpg,193.2,191.8,1.5,False
circus_place,north_to_south,n00388,circus_place/north_to_south/005_n00388_S.jpg,193.2,195.5,2.2,False
circus_place,south_to_north,n00388,circus_place/south_to_north/001_n00388_N.jpg,13.2,15.5,2.2,False
circus_place,south_to_north,n00389,circus_place/south_to_north/002_n00389_N.jpg,13.2,11.8,1.5,False
circus_place,south_to_north,n00390,circus_place/south_to_north/003_n00390_N.jpg,13.2,11.8,1.4,False
circus_place,south_to_north,n00391,circus_place/south_to_north/004_n00391_N.jpg,13.2,11.8,1.5,False
circus_place,south_to_north,n00392,circus_place/south_to_north/005_n00392_N.jpg,13.2,11.8,1.4,False
clements_lane,north_to_south,n00399,clements_lane/north_to_south/001_n00399_S.jpg,203.4,204.0,0.5,False
clements_lane,north_to_south,n00398,clements_lane/north_to_south/002_n00398_S.jpg,203.4,202.4,1.1,False
clements_lane,north_to_south,n00397,clements_lane/north_to_south/003_n00397_S.jpg,203.4,201.8,1.7,False
clements_lane,north_to_south,n00396,clements_lane/north_to_south/004_n00396_S.jpg,203.4,200.0,3.4,False
clements_lane,north_to_south,n00395,clements_lane/north_to_south/005_n00395_S.jpg,203.4,202.4,1.0,False
clements_lane,north_to_south,n00394,clements_lane/north_to_south/006_n00394_S.jpg,203.4,222.2,18.8,False
clements_lane,north_to_south,n00393,clements_lane/north_to_south/007_n00393_S.jpg,223.8,222.2,1.6,False
clements_lane,south_to_north,n00393,clements_lane/south_to_north/001_n00393_N.jpg,43.8,42.2,1.6,False
clements_lane,south_to_north,n00394,clements_lane/south_to_north/002_n00394_N.jpg,23.4,22.4,1.0,False
clements_lane,south_to_north,n00395,clements_lane/south_to_north/003_n00395_N.jpg,23.4,20.0,3.4,False
clements_lane,south_to_north,n00396,clements_lane/south_to_north/004_n00396_N.jpg,23.4,21.8,1.7,False
clements_lane,south_to_north,n00397,clements_lane/south_to_north/005_n00397_N.jpg,23.4,22.4,1.1,False
clements_lane,south_to_north,n00398,clements_lane/south_to_north/006_n00398_N.jpg,23.4,24.0,0.5,False
clements_lane,south_to_north,n00399,clements_lane/south_to_north/007_n00399_N.jpg,23.4,24.0,0.5,False
clerks_place,east_to_west,n00400,clerks_place/east_to_west/001_n00400_W.jpg,289.8,326.2,36.4,False
clerks_place,east_to_west,n00401,clerks_place/east_to_west/002_n00401_W.jpg,289.8,299.0,9.2,False
clerks_place,east_to_west,n00402,clerks_place/east_to_west/003_n00402_W.jpg,263.8,262.3,1.5,False
clerks_place,east_to_west,n00403,clerks_place/east_to_west/004_n00403_W.jpg,289.8,285.5,4.3,False
clerks_place,east_to_west,n00404,clerks_place/east_to_west/005_n00404_W.jpg,289.8,290.3,0.5,False
clerks_place,east_to_west,n00405,clerks_place/east_to_west/006_n00405_W.jpg,289.8,293.4,3.6,False
clerks_place,east_to_west,n00406,clerks_place/east_to_west/007_n00406_W.jpg,289.8,293.4,3.6,False
clerks_place,west_to_east,n00406,clerks_place/west_to_east/001_n00406_E.jpg,109.8,113.4,3.6,False
clerks_place,west_to_east,n00405,clerks_place/west_to_east/002_n00405_E.jpg,109.8,110.3,0.5,False
clerks_place,west_to_east,n00404,clerks_place/west_to_east/003_n00404_E.jpg,109.8,105.5,4.3,False
clerks_place,west_to_east,n00403,clerks_place/west_to_east/004_n00403_E.jpg,109.8,82.3,27.6,False
clerks_place,west_to_east,n00402,clerks_place/west_to_east/005_n00402_E.jpg,83.8,119.0,35.2,False
clerks_place,west_to_east,n00401,clerks_place/west_to_east/006_n00401_E.jpg,109.8,146.2,36.4,False
clerks_place,west_to_east,n00400,clerks_place/west_to_east/007_n00400_E.jpg,109.8,146.2,36.4,False
cloak_lane,east_to_west,n00407,cloak_lane/east_to_west/001_n00407_W.jpg,284.5,286.9,2.4,False
cloak_lane,east_to_west,n00408,cloak_lane/east_to_west/002_n00408_W.jpg,284.5,285.4,0.9,False
cloak_lane,east_to_west,n00409,cloak_lane/east_to_west/003_n00409_W.jpg,284.5,285.4,0.9,False
cloak_lane,east_to_west,n00410,cloak_lane/east_to_west/004_n00410_W.jpg,284.5,285.3,0.8,False
cloak_lane,east_to_west,n00411,cloak_lane/east_to_west/005_n00411_W.jpg,284.5,284.3,0.2,False
cloak_lane,east_to_west,n00412,cloak_lane/east_to_west/006_n00412_W.jpg,284.5,281.8,2.7,False
cloak_lane,east_to_west,n00413,cloak_lane/east_to_west/007_n00413_W.jpg,284.5,281.8,2.7,False
cloak_lane,east_to_west,n00414,cloak_lane/east_to_west/008_n00414_W.jpg,284.5,281.8,2.7,False
cloak_lane,west_to_east,n00414,cloak_lane/west_to_east/001_n00414_E.jpg,104.5,101.8,2.7,False
cloak_lane,west_to_east,n00413,cloak_lane/west_to_east/002_n00413_E.jpg,104.5,101.8,2.7,False
cloak_lane,west_to_east,n00412,cloak_lane/west_to_east/003_n00412_E.jpg,104.5,104.3,0.2,False
cloak_lane,west_to_east,n00411,cloak_lane/west_to_east/004_n00411_E.jpg,104.5,105.3,0.8,False
cloak_lane,west_to_east,n00410,cloak_lane/west_to_east/005_n00410_E.jpg,104.5,105.4,0.9,False
cloak_lane,west_to_east,n00409,cloak_lane/west_to_east/006_n00409_E.jpg,104.5,105.4,0.9,False
cloak_lane,west_to_east,n00408,cloak_lane/west_to_east/007_n00408_E.jpg,104.5,106.9,2.4,False
cloak_lane,west_to_east,n00407,cloak_lane/west_to_east/008_n00407_E.jpg,104.5,106.9,2.4,False
coleman_street,north_to_south,n00428,coleman_street/north_to_south/001_n00428_S.jpg,189.1,191.4,2.3,False
coleman_street,north_to_south,n00427,coleman_street/north_to_south/002_n00427_S.jpg,189.1,189.2,0.2,False
coleman_street,north_to_south,n00426,coleman_street/north_to_south/003_n00426_S.jpg,189.1,183.2,5.9,False
coleman_street,north_to_south,n00425,coleman_street/north_to_south/004_n00425_S.jpg,189.1,178.9,10.2,False
coleman_street,north_to_south,n00424,coleman_street/north_to_south/005_n00424_S.jpg,189.1,179.7,9.4,False
coleman_street,north_to_south,n00423,coleman_street/north_to_south/006_n00423_S.jpg,189.1,183.9,5.2,False
coleman_street,north_to_south,n00422,coleman_street/north_to_south/007_n00422_S.jpg,189.1,190.7,1.6,False
coleman_street,north_to_south,n00421,coleman_street/north_to_south/008_n00421_S.jpg,189.1,191.6,2.5,False
coleman_street,north_to_south,n00420,coleman_street/north_to_south/009_n00420_S.jpg,189.1,194.2,5.1,False
coleman_street,north_to_south,n00419,coleman_street/north_to_south/010_n00419_S.jpg,189.1,183.4,5.7,False
coleman_street,north_to_south,n00418,coleman_street/north_to_south/011_n00418_S.jpg,189.1,209.8,20.8,False
coleman_street,north_to_south,n00417,coleman_street/north_to_south/012_n00417_S.jpg,211.4,197.6,13.8,False
coleman_street,north_to_south,n00416,coleman_street/north_to_south/013_n00416_S.jpg,189.1,194.9,5.9,False
coleman_street,north_to_south,n00415,coleman_street/north_to_south/014_n00415_S.jpg,189.1,194.9,5.9,False
coleman_street,south_to_north,n00415,coleman_street/south_to_north/001_n00415_N.jpg,9.1,14.9,5.9,False
coleman_street,south_to_north,n00416,coleman_street/south_to_north/002_n00416_N.jpg,9.1,17.6,8.6,False
coleman_street,south_to_north,n00417,coleman_street/south_to_north/003_n00417_N.jpg,31.4,29.8,1.6,False
coleman_street,south_to_north,n00418,coleman_street/south_to_north/004_n00418_N.jpg,9.1,3.4,5.7,False
coleman_street,south_to_north,n00419,coleman_street/south_to_north/005_n00419_N.jpg,9.1,14.2,5.1,False
coleman_street,south_to_north,n00420,coleman_street/south_to_north/006_n00420_N.jpg,9.1,11.6,2.5,False
coleman_street,south_to_north,n00421,coleman_street/south_to_north/007_n00421_N.jpg,9.1,10.7,1.6,False
coleman_street,south_to_north,n00422,coleman_street/south_to_north/008_n00422_N.jpg,9.1,3.9,5.2,False
coleman_street,south_to_north,n00423,coleman_street/south_to_north/009_n00423_N.jpg,9.1,359.7,9.4,False
coleman_street,south_to_north,n00424,coleman_street/south_to_north/010_n00424_N.jpg,9.1,358.9,10.2,False
coleman_street,south_to_north,n00425,coleman_street/south_to_north/011_n00425_N.jpg,9.1,3.2,5.9,False
coleman_street,south_to_north,n00426,coleman_street/south_to_north/012_n00426_N.jpg,9.1,9.2,0.2,False
coleman_street,south_to_north,n00427,coleman_street/south_to_north/013_n00427_N.jpg,9.1,11.4,2.3,False
coleman_street,south_to_north,n00428,coleman_street/south_to_north/014_n00428_N.jpg,9.1,11.4,2.3,False
college_hill,north_to_south,n00434,college_hill/north_to_south/001_n00434_S.jpg,190.8,190.0,0.8,False
college_hill,north_to_south,n00433,college_hill/north_to_south/002_n00433_S.jpg,190.8,193.2,2.4,False
college_hill,north_to_south,n00432,college_hill/north_to_south/003_n00432_S.jpg,190.8,203.3,12.6,False
college_hill,north_to_south,n00431,college_hill/north_to_south/004_n00431_S.jpg,190.8,194.6,3.8,False
college_hill,north_to_south,n00430,college_hill/north_to_south/005_n00430_S.jpg,190.8,133.1,57.7,False
college_hill,north_to_south,n00429,college_hill/north_to_south/006_n00429_S.jpg,134.6,133.1,1.5,False
college_hill,south_to_north,n00429,college_hill/south_to_north/001_n00429_N.jpg,314.6,313.1,1.5,False
college_hill,south_to_north,n00430,college_hill/south_to_north/002_n00430_N.jpg,10.8,14.6,3.8,False
college_hill,south_to_north,n00431,college_hill/south_to_north/003_n00431_N.jpg,10.8,23.3,12.6,False
college_hill,south_to_north,n00432,college_hill/south_to_north/004_n00432_N.jpg,10.8,13.2,2.4,False
college_hill,south_to_north,n00433,college_hill/south_to_north/005_n00433_N.jpg,10.8,10.0,0.8,False
college_hill,south_to_north,n00434,college_hill/south_to_north/006_n00434_N.jpg,10.8,10.0,0.8,False
college_street,east_to_west,n00435,college_street/east_to_west/001_n00435_W.jpg,306.2,304.8,1.4,False
college_street,east_to_west,n00436,college_street/east_to_west/002_n00436_W.jpg,283.8,293.5,9.6,False
college_street,east_to_west,n00437,college_street/east_to_west/003_n00437_W.jpg,283.8,289.4,5.6,False
college_street,east_to_west,n00438,college_street/east_to_west/004_n00438_W.jpg,271.0,269.8,1.2,False
college_street,east_to_west,n00439,college_street/east_to_west/005_n00439_W.jpg,266.3,264.6,1.7,False
college_street,east_to_west,n00440,college_street/east_to_west/006_n00440_W.jpg,283.8,285.4,1.5,False
college_street,east_to_west,n00441,college_street/east_to_west/007_n00441_W.jpg,283.8,285.4,1.5,False
college_street,west_to_east,n00441,college_street/west_to_east/001_n00441_E.jpg,103.8,105.4,1.5,False
college_street,west_to_east,n00440,college_street/west_to_east/002_n00440_E.jpg,103.8,84.6,19.3,False
college_street,west_to_east,n00439,college_street/west_to_east/003_n00439_E.jpg,86.3,89.8,3.5,False
college_street,west_to_east,n00438,college_street/west_to_east/004_n00438_E.jpg,91.0,109.4,18.4,False
college_street,west_to_east,n00437,college_street/west_to_east/005_n00437_E.jpg,103.8,113.5,9.6,False
college_street,west_to_east,n00436,college_street/west_to_east/006_n00436_E.jpg,103.8,124.8,21.0,False
college_street,west_to_east,n00435,college_street/west_to_east/007_n00435_E.jpg,126.2,124.8,1.4,False
copthall_avenue,north_to_south,n00454,copthall_avenue/north_to_south/001_n00454_S.jpg,186.2,184.8,1.4,False
copthall_avenue,north_to_south,n00453,copthall_avenue/north_to_south/002_n00453_S.jpg,186.2,184.1,2.1,False
copthall_avenue,north_to_south,n00452,copthall_avenue/north_to_south/003_n00452_S.jpg,185.6,182.7,2.9,False
copthall_avenue,north_to_south,n00451,copthall_avenue/north_to_south/004_n00451_S.jpg,184.3,186.2,1.9,False
copthall_avenue,north_to_south,n00450,copthall_avenue/north_to_south/005_n00450_S.jpg,187.8,192.3,4.5,False
copthall_avenue,north_to_south,n00449,copthall_avenue/north_to_south/006_n00449_S.jpg,193.9,196.5,2.6,False
copthall_avenue,north_to_south,n00448,copthall_avenue/north_to_south/007_n00448_S.jpg,198.0,179.9,18.1,False
copthall_avenue,north_to_south,n00447,copthall_avenue/north_to_south/008_n00447_S.jpg,181.5,131.2,50.3,False
copthall_avenue,north_to_south,n00446,copthall_avenue/north_to_south/009_n00446_S.jpg,132.4,91.0,41.4,False
copthall_avenue,north_to_south,n00445,copthall_avenue/north_to_south/010_n00445_S.jpg,92.6,89.5,3.1,False
copthall_avenue,north_to_south,n00444,copthall_avenue/north_to_south/011_n00444_S.jpg,90.8,87.2,3.6,False
copthall_avenue,north_to_south,n00443,copthall_avenue/south_to_north/002_n00443_N.jpg,88.7,84.8,3.9,True
copthall_avenue,north_to_south,n00442,copthall_avenue/south_to_north/001_n00442_N.jpg,86.4,84.8,1.6,True
copthall_avenue,south_to_north,n00442,copthall_avenue/north_to_south/013_n00442_S.jpg,266.4,264.8,1.6,True
copthall_avenue,south_to_north,n00443,copthall_avenue/north_to_south/012_n00443_S.jpg,268.7,267.2,1.5,True
copthall_avenue,south_to_north,n00444,copthall_avenue/south_to_north/003_n00444_N.jpg,270.8,269.5,1.3,False
copthall_avenue,south_to_north,n00445,copthall_avenue/south_to_north/004_n00445_N.jpg,272.6,271.0,1.6,False
copthall_avenue,south_to_north,n00446,copthall_avenue/south_to_north/005_n00446_N.jpg,312.4,311.2,1.2,False
copthall_avenue,south_to_north,n00447,copthall_avenue/south_to_north/006_n00447_N.jpg,1.5,359.9,1.6,False
copthall_avenue,south_to_north,n00448,copthall_avenue/south_to_north/007_n00448_N.jpg,18.0,16.5,1.5,False
copthall_avenue,south_to_north,n00449,copthall_avenue/south_to_north/008_n00449_N.jpg,13.9,12.3,1.6,False
copthall_avenue,south_to_north,n00450,copthall_avenue/south_to_north/009_n00450_N.jpg,7.8,6.2,1.6,False
copthall_avenue,south_to_north,n00451,copthall_avenue/south_to_north/010_n00451_N.jpg,4.3,2.7,1.6,False
copthall_avenue,south_to_north,n00452,copthall_avenue/south_to_north/011_n00452_N.jpg,5.6,4.1,1.5,False
copthall_avenue,south_to_north,n00453,copthall_avenue/south_to_north/012_n00453_N.jpg,6.2,4.8,1.4,False
copthall_avenue,south_to_north,n00454,copthall_avenue/south_to_north/013_n00454_N.jpg,6.2,4.8,1.4,False
cornhill,east_to_west,n00470,cornhill/east_to_west/001_n00470_W.jpg,267.2,253.3,13.9,False
cornhill,east_to_west,n00469,cornhill/east_to_west/002_n00469_W.jpg,267.2,276.2,9.0,False
cornhill,east_to_west,n00468,cornhill/east_to_west/003_n00468_W.jpg,267.2,262.3,4.9,False
cornhill,east_to_west,n00467,cornhill/east_to_west/004_n00467_W.jpg,267.2,265.2,2.0,False
cornhill,east_to_west,n00466,cornhill/east_to_west/005_n00466_W.jpg,267.2,266.8,0.4,False
cornhill,east_to_west,n00465,cornhill/east_to_west/006_n00465_W.jpg,267.2,266.3,0.9,False
cornhill,east_to_west,n00464,cornhill/east_to_west/007_n00464_W.jpg,267.2,268.8,1.6,False
cornhill,east_to_west,n00463,cornhill/east_to_west/008_n00463_W.jpg,267.2,265.0,2.2,False
cornhill,east_to_west,n00462,cornhill/east_to_west/009_n00462_W.jpg,267.2,263.9,3.3,False
cornhill,east_to_west,n00461,cornhill/east_to_west/010_n00461_W.jpg,267.2,263.0,4.2,False
cornhill,east_to_west,n00460,cornhill/east_to_west/011_n00460_W.jpg,267.2,266.3,1.0,False
cornhill,east_to_west,n00459,cornhill/east_to_west/012_n00459_W.jpg,267.2,272.7,5.5,False
cornhill,east_to_west,n00458,cornhill/east_to_west/013_n00458_W.jpg,267.2,273.7,6.5,False
cornhill,east_to_west,n00457,cornhill/east_to_west/014_n00457_W.jpg,267.2,276.7,9.4,False
cornhill,east_to_west,n00456,cornhill/east_to_west/015_n00456_W.jpg,267.2,273.0,5.8,False
cornhill,east_to_west,n00455,cornhill/east_to_west/016_n00455_W.jpg,267.2,273.0,5.8,False
cornhill,west_to_east,n00455,cornhill/west_to_east/001_n00455_E.jpg,87.2,93.0,5.8,False
cornhill,west_to_east,n00456,cornhill/west_to_east/002_n00456_E.jpg,87.2,96.7,9.4,False
cornhill,west_to_east,n00457,cornhill/west_to_east/003_n00457_E.jpg,87.2,93.7,6.5,False
cornhill,west_to_east,n00458,cornhill/west_to_east/004_n00458_E.jpg,87.2,92.7,5.5,False
cornhill,west_to_east,n00459,cornhill/west_to_east/005_n00459_E.jpg,87.2,86.3,1.0,False
cornhill,west_to_east,n00460,cornhill/west_to_east/006_n00460_E.jpg,87.2,83.0,4.2,False
cornhill,west_to_east,n00461,cornhill/west_to_east/007_n00461_E.jpg,87.2,83.9,3.3,False
cornhill,west_to_east,n00462,cornhill/west_to_east/008_n00462_E.jpg,87.2,85.0,2.2,False
cornhill,west_to_east,n00463,cornhill/west_to_east/009_n00463_E.jpg,87.2,88.8,1.6,False
cornhill,west_to_east,n00464,cornhill/west_to_east/010_n00464_E.jpg,87.2,86.3,0.9,False
cornhill,west_to_east,n00465,cornhill/west_to_east/011_n00465_E.jpg,87.2,86.8,0.4,False
cornhill,west_to_east,n00466,cornhill/west_to_east/012_n00466_E.jpg,87.2,85.2,2.0,False
cornhill,west_to_east,n00467,cornhill/west_to_east/013_n00467_E.jpg,87.2,82.3,4.9,False
cornhill,west_to_east,n00468,cornhill/west_to_east/014_n00468_E.jpg,87.2,96.2,9.0,False
cornhill,west_to_east,n00469,cornhill/west_to_east/015_n00469_E.jpg,87.2,73.3,13.9,False
cornhill,west_to_east,n00470,cornhill/west_to_east/016_n00470_E.jpg,87.2,73.3,13.9,False
cousin_lane,north_to_south,n00476,cousin_lane/north_to_south/001_n00476_S.jpg,194.3,196.1,1.8,False
cousin_lane,north_to_south,n00475,cousin_lane/north_to_south/002_n00475_S.jpg,194.3,196.2,1.9,False
cousin_lane,north_to_south,n00474,cousin_lane/north_to_south/003_n00474_S.jpg,194.3,196.8,2.5,False
cousin_lane,north_to_south,n00473,cousin_lane/north_to_south/004_n00473_S.jpg,194.3,197.2,2.9,False
cousin_lane,north_to_south,n00472,cousin_lane/north_to_south/005_n00472_S.jpg,194.3,177.2,17.1,False
cousin_lane,north_to_south,n00471,cousin_lane/north_to_south/006_n00471_S.jpg,194.3,177.2,17.1,False
cousin_lane,south_to_north,n00471,cousin_lane/south_to_north/001_n00471_N.jpg,14.3,357.2,17.1,False
cousin_lane,south_to_north,n00472,cousin_lane/south_to_north/002_n00472_N.jpg,14.3,17.2,2.9,False
cousin_lane,south_to_north,n00473,cousin_lane/south_to_north/003_n00473_N.jpg,14.3,16.8,2.5,False
cousin_lane,south_to_north,n00474,cousin_lane/south_to_north/004_n00474_N.jpg,14.3,16.2,1.9,False
cousin_lane,south_to_north,n00475,cousin_lane/south_to_north/005_n00475_N.jpg,14.3,16.1,1.8,False
cousin_lane,south_to_north,n00476,cousin_lane/south_to_north/006_n00476_N.jpg,14.3,16.1,1.8,False
cross_lane,east_to_west,n00477,cross_lane/east_to_west/001_n00477_W.jpg,308.0,308.0,0.0,False
cross_lane,east_to_west,n00478,cross_lane/east_to_west/002_n00478_W.jpg,308.0,308.0,0.0,False
cross_lane,west_to_east,n00478,cross_lane/west_to_east/001_n00478_E.jpg,128.0,128.0,0.0,False
cross_lane,west_to_east,n00477,cross_lane/west_to_east/002_n00477_E.jpg,128.0,128.0,0.0,False
cullum_street,east_to_west,n00479,cullum_street/east_to_west/001_n00479_W.jpg,188.1,186.6,1.5,False
cullum_street,east_to_west,n00481,cullum_street/east_to_west/002_n00481_W.jpg,188.1,186.6,1.5,False
cullum_street,east_to_west,n00480,cullum_street/east_to_west/003_n00480_W.jpg,286.6,285.4,1.2,False
cullum_street,east_to_west,n00482,cullum_street/east_to_west/004_n00482_W.jpg,280.7,279.0,1.7,False
cullum_street,east_to_west,n00483,cullum_street/east_to_west/005_n00483_W.jpg,313.4,326.3,12.9,False
cullum_street,east_to_west,n00484,cullum_street/east_to_west/006_n00484_W.jpg,313.4,326.3,12.9,False
cullum_street,west_to_east,n00484,cullum_street/west_to_east/001_n00484_E.jpg,133.4,146.3,12.9,False
cullum_street,west_to_east,n00483,cullum_street/west_to_east/002_n00483_E.jpg,133.4,99.0,34.4,False
cullum_street,west_to_east,n00482,cullum_street/west_to_east/003_n00482_E.jpg,100.7,105.4,4.7,False
cullum_street,west_to_east,n00480,cullum_street/west_to_east/004_n00480_E.jpg,106.6,105.4,1.2,False
cullum_street,west_to_east,n00481,cullum_street/west_to_east/005_n00481_E.jpg,8.1,6.6,1.5,False
cullum_street,west_to_east,n00479,cullum_street/west_to_east/006_n00479_E.jpg,8.1,6.6,1.5,False
custom_house_walkway,east_to_west,n00485,custom_house_walkway/east_to_west/001_n00485_W.jpg,279.2,279.6,0.4,False
custom_house_walkway,east_to_west,n00486,custom_house_walkway/east_to_west/002_n00486_W.jpg,265.7,264.3,1.4,False
custom_house_walkway,east_to_west,n00487,custom_house_walkway/east_to_west/003_n00487_W.jpg,279.2,292.4,13.3,False
custom_house_walkway,east_to_west,n00488,custom_house_walkway/east_to_west/004_n00488_W.jpg,279.2,289.7,10.6,False
custom_house_walkway,east_to_west,n00489,custom_house_walkway/east_to_west/005_n00489_W.jpg,279.2,273.7,5.5,False
custom_house_walkway,east_to_west,n00490,custom_house_walkway/east_to_west/006_n00490_W.jpg,279.2,268.7,10.4,False
custom_house_walkway,east_to_west,n00491,custom_house_walkway/east_to_west/007_n00491_W.jpg,279.2,268.7,10.4,False
custom_house_walkway,west_to_east,n00491,custom_house_walkway/west_to_east/001_n00491_E.jpg,99.2,88.7,10.4,False
custom_house_walkway,west_to_east,n00490,custom_house_walkway/west_to_east/002_n00490_E.jpg,99.2,93.7,5.5,False
custom_house_walkway,west_to_east,n00489,custom_house_walkway/west_to_east/003_n00489_E.jpg,99.2,109.7,10.6,False
custom_house_walkway,west_to_east,n00488,custom_house_walkway/west_to_east/004_n00488_E.jpg,99.2,112.4,13.3,False
custom_house_walkway,west_to_east,n00487,custom_house_walkway/west_to_east/005_n00487_E.jpg,99.2,84.3,14.8,False
custom_house_walkway,west_to_east,n00486,custom_house_walkway/west_to_east/006_n00486_E.jpg,85.7,99.6,13.9,False
custom_house_walkway,west_to_east,n00485,custom_house_walkway/west_to_east/007_n00485_E.jpg,99.2,99.6,0.4,False
dark_house_walk,east_to_west,n00492,dark_house_walk/east_to_west/001_n00492_W.jpg,283.2,294.4,11.2,False
dark_house_walk,east_to_west,n00493,dark_house_walk/east_to_west/002_n00493_W.jpg,283.2,276.3,6.9,False
dark_house_walk,east_to_west,n00494,dark_house_walk/east_to_west/003_n00494_W.jpg,283.2,276.3,6.9,False
dark_house_walk,west_to_east,n00494,dark_house_walk/west_to_east/001_n00494_E.jpg,103.2,96.3,6.9,False
dark_house_walk,west_to_east,n00493,dark_house_walk/west_to_east/002_n00493_E.jpg,103.2,114.4,11.2,False
dark_house_walk,west_to_east,n00492,dark_house_walk/west_to_east/003_n00492_E.jpg,103.2,114.4,11.2,False
devonshire_row,east_to_west,n00495,devonshire_row/east_to_west/001_n00495_W.jpg,294.9,296.0,1.0,False
devonshire_row,east_to_west,n00496,devonshire_row/east_to_west/002_n00496_W.jpg,294.9,293.9,1.0,False
devonshire_row,east_to_west,n00497,devonshire_row/east_to_west/003_n00497_W.jpg,294.9,294.7,0.2,False
devonshire_row,east_to_west,n00498,devonshire_row/east_to_west/004_n00498_W.jpg,294.9,294.7,0.2,False
devonshire_row,west_to_east,n00498,devonshire_row/west_to_east/001_n00498_E.jpg,114.9,114.7,0.2,False
devonshire_row,west_to_east,n00497,devonshire_row/west_to_east/002_n00497_E.jpg,114.9,113.9,1.0,False
devonshire_row,west_to_east,n00496,devonshire_row/west_to_east/003_n00496_E.jpg,114.9,116.0,1.0,False
devonshire_row,west_to_east,n00495,devonshire_row/west_to_east/004_n00495_E.jpg,114.9,116.0,1.0,False
distaff_lane,east_to_west,n00507,distaff_lane/east_to_west/001_n00507_W.jpg,189.1,187.5,1.6,False
distaff_lane,east_to_west,n00506,distaff_lane/east_to_west/002_n00506_W.jpg,189.1,187.6,1.5,False
distaff_lane,east_to_west,n00505,distaff_lane/east_to_west/003_n00505_W.jpg,189.0,213.8,24.8,False
distaff_lane,east_to_west,n00504,distaff_lane/east_to_west/004_n00504_W.jpg,215.3,276.2,60.9,False
distaff_lane,east_to_west,n00503,distaff_lane/east_to_west/005_n00503_W.jpg,277.8,273.3,4.5,False
distaff_lane,east_to_west,n00502,distaff_lane/east_to_west/006_n00502_W.jpg,274.7,271.3,3.4,False
distaff_lane,east_to_west,n00501,distaff_lane/east_to_west/007_n00501_W.jpg,272.8,264.4,8.4,False
distaff_lane,east_to_west,n00500,distaff_lane/east_to_west/008_n00500_W.jpg,265.8,275.1,9.3,False
distaff_lane,east_to_west,n00499,distaff_lane/east_to_west/009_n00499_W.jpg,251.6,275.1,23.5,False
distaff_lane,west_to_east,n00499,distaff_lane/west_to_east/001_n00499_E.jpg,71.6,95.1,23.5,False
distaff_lane,west_to_east,n00500,distaff_lane/west_to_east/002_n00500_E.jpg,85.8,84.4,1.4,False
distaff_lane,west_to_east,n00501,distaff_lane/west_to_east/003_n00501_E.jpg,92.8,91.3,1.5,False
distaff_lane,west_to_east,n00502,distaff_lane/west_to_east/004_n00502_E.jpg,94.7,93.3,1.4,False
distaff_lane,west_to_east,n00503,distaff_lane/west_to_east/005_n00503_E.jpg,97.8,96.2,1.6,False
distaff_lane,west_to_east,n00504,distaff_lane/west_to_east/006_n00504_E.jpg,35.3,33.8,1.5,False
distaff_lane,west_to_east,n00505,distaff_lane/west_to_east/007_n00505_E.jpg,9.0,7.6,1.4,False
distaff_lane,west_to_east,n00506,distaff_lane/west_to_east/008_n00506_E.jpg,9.1,7.5,1.6,False
distaff_lane,west_to_east,n00507,distaff_lane/west_to_east/009_n00507_E.jpg,9.1,7.5,1.6,False
dowgate_hill,north_to_south,n00514,dowgate_hill/north_to_south/001_n00514_S.jpg,194.4,199.5,5.1,False
dowgate_hill,north_to_south,n00513,dowgate_hill/north_to_south/002_n00513_S.jpg,194.4,189.2,5.2,False
dowgate_hill,north_to_south,n00512,dowgate_hill/north_to_south/003_n00512_S.jpg,194.4,193.6,0.8,False
dowgate_hill,north_to_south,n00511,dowgate_hill/north_to_south/004_n00511_S.jpg,194.4,193.5,0.9,False
dowgate_hill,north_to_south,n00510,dowgate_hill/north_to_south/005_n00510_S.jpg,194.4,194.5,0.1,False
dowgate_hill,north_to_south,n00509,dowgate_hill/north_to_south/006_n00509_S.jpg,194.4,199.8,5.4,False
dowgate_hill,north_to_south,n00508,dowgate_hill/north_to_south/007_n00508_S.jpg,194.4,199.8,5.4,False
dowgate_hill,south_to_north,n00508,dowgate_hill/south_to_north/001_n00508_N.jpg,14.4,19.8,5.4,False
dowgate_hill,south_to_north,n00509,dowgate_hill/south_to_north/002_n00509_N.jpg,14.4,14.5,0.1,False
dowgate_hill,south_to_north,n00510,dowgate_hill/south_to_north/003_n00510_N.jpg,14.4,13.5,0.9,False
dowgate_hill,south_to_north,n00511,dowgate_hill/south_to_north/004_n00511_N.jpg,14.4,13.6,0.8,False
dowgate_hill,south_to_north,n00512,dowgate_hill/south_to_north/005_n00512_N.jpg,14.4,9.2,5.2,False
dowgate_hill,south_to_north,n00513,dowgate_hill/south_to_north/006_n00513_N.jpg,14.4,19.5,5.1,False
dowgate_hill,south_to_north,n00514,dowgate_hill/south_to_north/007_n00514_N.jpg,14.4,19.5,5.1,False
dunster_court,east_to_west,n00519,dunster_court/east_to_west/001_n00519_W.jpg,260.7,236.3,24.3,False
dunster_court,east_to_west,n00518,dunster_court/east_to_west/002_n00518_W.jpg,260.7,198.0,62.6,False
dunster_court,east_to_west,n00516,dunster_court/east_to_west/003_n00516_W.jpg,260.7,198.0,62.6,False
dunster_court,east_to_west,n00515,dunster_court/east_to_west/004_n00515_W.jpg,0.0,0.0,0.0,False
dunster_court,east_to_west,n00517,dunster_court/east_to_west/005_n00517_W.jpg,0.0,0.0,0.0,False
dunster_court,west_to_east,n00515,dunster_court/east_to_west/004_n00515_W.jpg,0.0,0.0,0.0,True
dunster_court,west_to_east,n00517,dunster_court/east_to_west/005_n00517_W.jpg,0.0,0.0,0.0,True
dunster_court,west_to_east,n00516,dunster_court/west_to_east/003_n00516_E.jpg,80.7,18.0,62.6,False
dunster_court,west_to_east,n00518,dunster_court/west_to_east/004_n00518_E.jpg,80.7,56.3,24.3,False
dunster_court,west_to_east,n00519,dunster_court/west_to_east/005_n00519_E.jpg,80.7,56.3,24.3,False
eastcheap,east_to_west,n00520,eastcheap/east_to_west/001_n00520_W.jpg,277.5,291.2,13.7,False
eastcheap,east_to_west,n00522,eastcheap/east_to_west/002_n00522_W.jpg,294.9,293.5,1.4,False
eastcheap,east_to_west,n00524,eastcheap/east_to_west/003_n00524_W.jpg,277.5,277.8,0.3,False
eastcheap,east_to_west,n00526,eastcheap/east_to_west/004_n00526_W.jpg,277.5,273.2,4.3,False
eastcheap,east_to_west,n00528,eastcheap/east_to_west/005_n00528_W.jpg,277.5,277.0,0.5,False
eastcheap,east_to_west,n00529,eastcheap/east_to_west/006_n00529_W.jpg,277.5,280.0,2.5,False
eastcheap,east_to_west,n00530,eastcheap/east_to_west/007_n00530_W.jpg,277.5,277.7,0.2,False
eastcheap,east_to_west,n00531,eastcheap/east_to_west/008_n00531_W.jpg,277.5,272.0,5.4,False
eastcheap,east_to_west,n00532,eastcheap/east_to_west/009_n00532_W.jpg,277.5,268.0,9.5,False
eastcheap,east_to_west,n00533,eastcheap/east_to_west/010_n00533_W.jpg,277.5,281.5,4.1,False
eastcheap,east_to_west,n00521,eastcheap/east_to_west/011_n00521_W.jpg,277.5,274.0,3.4,False
eastcheap,east_to_west,n00534,eastcheap/east_to_west/012_n00534_W.jpg,254.9,253.2,1.7,False
eastcheap,east_to_west,n00523,eastcheap/east_to_west/013_n00523_W.jpg,277.5,284.5,7.0,False
eastcheap,east_to_west,n00535,eastcheap/east_to_west/014_n00535_W.jpg,277.5,284.0,6.6,False
eastcheap,east_to_west,n00525,eastcheap/east_to_west/015_n00525_W.jpg,277.5,285.8,8.3,False
eastcheap,east_to_west,n00536,eastcheap/east_to_west/016_n00536_W.jpg,277.5,284.0,6.6,False
eastcheap,east_to_west,n00527,eastcheap/east_to_west/017_n00527_W.jpg,277.5,285.8,8.3,False
eastcheap,west_to_east,n00527,eastcheap/west_to_east/001_n00527_E.jpg,97.5,105.8,8.3,False
eastcheap,west_to_east,n00536,eastcheap/west_to_east/002_n00536_E.jpg,97.5,104.0,6.6,False
eastcheap,west_to_east,n00525,eastcheap/west_to_east/003_n00525_E.jpg,97.5,104.5,7.0,False
eastcheap,west_to_east,n00535,eastcheap/west_to_east/004_n00535_E.jpg,97.5,73.2,24.3,False
eastcheap,west_to_east,n00523,eastcheap/west_to_east/005_n00523_E.jpg,97.5,94.0,3.4,False
eastcheap,west_to_east,n00534,eastcheap/west_to_east/006_n00534_E.jpg,74.9,101.5,26.6,False
eastcheap,west_to_east,n00521,eastcheap/west_to_east/007_n00521_E.jpg,97.5,94.0,3.4,False
eastcheap,west_to_east,n00533,eastcheap/west_to_east/008_n00533_E.jpg,97.5,88.0,9.5,False
eastcheap,west_to_east,n00532,eastcheap/west_to_east/009_n00532_E.jpg,97.5,92.0,5.4,False
eastcheap,west_to_east,n00531,eastcheap/west_to_east/010_n00531_E.jpg,97.5,97.7,0.2,False
eastcheap,west_to_east,n00530,eastcheap/west_to_east/011_n00530_E.jpg,97.5,100.0,2.5,False
eastcheap,west_to_east,n00529,eastcheap/west_to_east/012_n00529_E.jpg,97.5,97.0,0.5,False
eastcheap,west_to_east,n00528,eastcheap/west_to_east/013_n00528_E.jpg,97.5,93.2,4.3,False
eastcheap,west_to_east,n00526,eastcheap/west_to_east/014_n00526_E.jpg,97.5,97.8,0.3,False
eastcheap,west_to_east,n00524,eastcheap/west_to_east/015_n00524_E.jpg,97.5,113.5,16.1,False
eastcheap,west_to_east,n00522,eastcheap/west_to_east/016_n00522_E.jpg,114.9,111.2,3.7,False
eastcheap,west_to_east,n00520,eastcheap/west_to_east/017_n00520_E.jpg,97.5,111.2,13.7,False
eldon_street,east_to_west,n00537,eldon_street/east_to_west/001_n00537_W.jpg,342.1,340.9,1.2,False
eldon_street,east_to_west,n00538,eldon_street/east_to_west/002_n00538_W.jpg,306.9,294.5,12.4,False
eldon_street,east_to_west,n00539,eldon_street/east_to_west/003_n00539_W.jpg,306.9,293.1,13.8,False
eldon_street,east_to_west,n00540,eldon_street/east_to_west/004_n00540_W.jpg,306.9,293.1,13.8,False
eldon_street,west_to_east,n00540,eldon_street/west_to_east/001_n00540_E.jpg,126.9,113.1,13.8,False
eldon_street,west_to_east,n00539,eldon_street/west_to_east/002_n00539_E.jpg,126.9,114.5,12.4,False
eldon_street,west_to_east,n00538,eldon_street/west_to_east/003_n00538_E.jpg,126.9,160.9,34.0,False
eldon_street,west_to_east,n00537,eldon_street/west_to_east/004_n00537_E.jpg,162.1,160.9,1.2,False
fen_court,north_to_south,n00545,fen_court/north_to_south/001_n00545_S.jpg,165.6,179.4,13.8,False
fen_court,north_to_south,n00544,fen_court/north_to_south/002_n00544_S.jpg,165.6,190.5,24.9,False
fen_court,north_to_south,n00543,fen_court/north_to_south/003_n00543_S.jpg,165.6,142.5,23.1,False
fen_court,north_to_south,n00542,fen_court/north_to_south/004_n00542_S.jpg,144.0,150.0,6.0,False
fen_court,north_to_south,n00541,fen_court/north_to_south/005_n00541_S.jpg,165.6,150.0,15.6,False
fen_court,south_to_north,n00541,fen_court/south_to_north/001_n00541_N.jpg,345.6,330.0,15.6,False
fen_court,south_to_north,n00542,fen_court/south_to_north/002_n00542_N.jpg,324.0,322.5,1.5,False
fen_court,south_to_north,n00543,fen_court/south_to_north/003_n00543_N.jpg,345.6,10.5,24.9,False
fen_court,south_to_north,n00544,fen_court/south_to_north/004_n00544_N.jpg,345.6,359.4,13.8,False
fen_court,south_to_north,n00545,fen_court/south_to_north/005_n00545_N.jpg,345.6,359.4,13.8,False
fenchurch_avenue,east_to_west,n00546,fenchurch_avenue/east_to_west/001_n00546_W.jpg,270.7,263.3,7.4,False
fenchurch_avenue,east_to_west,n00547,fenchurch_avenue/east_to_west/002_n00547_W.jpg,270.7,260.1,10.6,False
fenchurch_avenue,east_to_west,n00548,fenchurch_avenue/east_to_west/003_n00548_W.jpg,270.7,266.9,3.8,False
fenchurch_avenue,east_to_west,n00549,fenchurch_avenue/east_to_west/004_n00549_W.jpg,270.7,271.3,0.6,False
fenchurch_avenue,east_to_west,n00550,fenchurch_avenue/east_to_west/005_n00550_W.jpg,270.7,282.0,11.3,False
fenchurch_avenue,east_to_west,n00551,fenchurch_avenue/east_to_west/006_n00551_W.jpg,270.7,282.8,12.1,False
fenchurch_avenue,east_to_west,n00552,fenchurch_avenue/east_to_west/007_n00552_W.jpg,270.7,282.8,12.1,False
fenchurch_avenue,west_to_east,n00552,fenchurch_avenue/west_to_east/001_n00552_E.jpg,90.7,102.8,12.1,False
fenchurch_avenue,west_to_east,n00551,fenchurch_avenue/west_to_east/002_n00551_E.jpg,90.7,102.0,11.3,False
fenchurch_avenue,west_to_east,n00550,fenchurch_avenue/west_to_east/003_n00550_E.jpg,90.7,91.3,0.6,False
fenchurch_avenue,west_to_east,n00549,fenchurch_avenue/west_to_east/004_n00549_E.jpg,90.7,86.9,3.8,False
fenchurch_avenue,west_to_east,n00548,fenchurch_avenue/west_to_east/005_n00548_E.jpg,90.7,80.1,10.6,False
fenchurch_avenue,west_to_east,n00547,fenchurch_avenue/west_to_east/006_n00547_E.jpg,90.7,83.3,7.4,False
fenchurch_avenue,west_to_east,n00546,fenchurch_avenue/west_to_east/007_n00546_E.jpg,90.7,83.3,7.4,False
fenchurch_street,east_to_west,n00571,fenchurch_street/east_to_west/001_n00571_W.jpg,245.0,243.3,1.7,False
fenchurch_street,east_to_west,n00570,fenchurch_street/east_to_west/002_n00570_W.jpg,245.0,242.3,2.7,False
fenchurch_street,east_to_west,n00569,fenchurch_street/east_to_west/003_n00569_W.jpg,243.6,243.7,0.1,False
fenchurch_street,east_to_west,n00568,fenchurch_street/east_to_west/004_n00568_W.jpg,245.3,240.8,4.5,False
fenchurch_street,east_to_west,n00567,fenchurch_street/east_to_west/005_n00567_W.jpg,265.0,248.4,16.6,False
fenchurch_street,east_to_west,n00566,fenchurch_street/east_to_west/006_n00566_W.jpg,265.0,250.1,14.8,False
fenchurch_street,east_to_west,n00565,fenchurch_street/east_to_west/007_n00565_W.jpg,265.0,251.0,13.9,False
fenchurch_street,east_to_west,n00564,fenchurch_street/east_to_west/008_n00564_W.jpg,265.0,257.2,7.8,False
fenchurch_street,east_to_west,n00563,fenchurch_street/east_to_west/009_n00563_W.jpg,265.0,263.8,1.1,False
fenchurch_street,east_to_west,n00562,fenchurch_street/east_to_west/010_n00562_W.jpg,265.0,268.8,3.9,False
fenchurch_street,east_to_west,n00561,fenchurch_street/east_to_west/011_n00561_W.jpg,265.0,274.4,9.5,False
fenchurch_street,east_to_west,n00560,fenchurch_street/east_to_west/012_n00560_W.jpg,265.0,278.4,13.4,False
fenchurch_street,east_to_west,n00559,fenchurch_street/east_to_west/013_n00559_W.jpg,279.9,278.9,1.0,False
fenchurch_street,east_to_west,n00558,fenchurch_street/east_to_west/014_n00558_W.jpg,280.3,282.8,2.5,False
fenchurch_street,east_to_west,n00557,fenchurch_street/east_to_west/015_n00557_W.jpg,284.1,283.3,0.8,False
fenchurch_street,east_to_west,n00556,fenchurch_street/east_to_west/016_n00556_W.jpg,284.8,291.0,6.2,False
fenchurch_street,east_to_west,n00555,fenchurch_street/east_to_west/017_n00555_W.jpg,292.5,265.2,27.3,False
fenchurch_street,east_to_west,n00554,fenchurch_street/east_to_west/018_n00554_W.jpg,265.0,288.5,23.6,False
fenchurch_street,east_to_west,n00553,fenchurch_street/east_to_west/019_n00553_W.jpg,265.0,288.5,23.6,False
fenchurch_street,west_to_east,n00553,fenchurch_street/west_to_east/001_n00553_E.jpg,85.0,108.5,23.6,False
fenchurch_street,west_to_east,n00554,fenchurch_street/west_to_east/002_n00554_E.jpg,85.0,85.2,0.2,False
fenchurch_street,west_to_east,n00555,fenchurch_street/west_to_east/003_n00555_E.jpg,112.5,111.0,1.5,False
fenchurch_street,west_to_east,n00556,fenchurch_street/west_to_east/004_n00556_E.jpg,104.8,103.3,1.5,False
fenchurch_street,west_to_east,n00557,fenchurch_street/west_to_east/005_n00557_E.jpg,104.1,102.8,1.3,False
fenchurch_street,west_to_east,n00558,fenchurch_street/west_to_east/006_n00558_E.jpg,100.3,98.9,1.4,False
fenchurch_street,west_to_east,n00559,fenchurch_street/west_to_east/007_n00559_E.jpg,99.9,98.4,1.5,False
fenchurch_street,west_to_east,n00560,fenchurch_street/west_to_east/008_n00560_E.jpg,85.0,94.4,9.5,False
fenchurch_street,west_to_east,n00561,fenchurch_street/west_to_east/009_n00561_E.jpg,85.0,88.8,3.9,False
fenchurch_street,west_to_east,n00562,fenchurch_street/west_to_east/010_n00562_E.jpg,85.0,83.8,1.1,False
fenchurch_street,west_to_east,n00563,fenchurch_street/west_to_east/011_n00563_E.jpg,85.0,77.2,7.8,False
fenchurch_street,west_to_east,n00564,fenchurch_street/west_to_east/012_n00564_E.jpg,85.0,71.0,13.9,False
fenchurch_street,west_to_east,n00565,fenchurch_street/west_to_east/013_n00565_E.jpg,85.0,70.1,14.8,False
fenchurch_street,west_to_east,n00566,fenchurch_street/west_to_east/014_n00566_E.jpg,85.0,68.4,16.6,False
fenchurch_street,west_to_east,n00567,fenchurch_street/west_to_east/015_n00567_E.jpg,85.0,60.8,24.1,False
fenchurch_street,west_to_east,n00568,fenchurch_street/west_to_east/016_n00568_E.jpg,65.3,63.7,1.6,False
fenchurch_street,west_to_east,n00569,fenchurch_street/west_to_east/017_n00569_E.jpg,63.6,62.3,1.3,False
fenchurch_street,west_to_east,n00570,fenchurch_street/west_to_east/018_n00570_E.jpg,65.0,63.3,1.7,False
fenchurch_street,west_to_east,n00571,fenchurch_street/west_to_east/019_n00571_E.jpg,65.0,63.3,1.7,False
finch_lane,north_to_south,n00576,finch_lane/north_to_south/001_n00576_S.jpg,194.4,197.4,3.0,False
finch_lane,north_to_south,n00575,finch_lane/north_to_south/002_n00575_S.jpg,194.4,183.9,10.5,False
finch_lane,north_to_south,n00574,finch_lane/north_to_south/003_n00574_S.jpg,194.4,204.6,10.2,False
finch_lane,north_to_south,n00573,finch_lane/north_to_south/004_n00573_S.jpg,194.4,186.4,8.0,False
finch_lane,north_to_south,n00572,finch_lane/north_to_south/005_n00572_S.jpg,194.4,186.4,8.0,False
finch_lane,south_to_north,n00572,finch_lane/south_to_north/001_n00572_N.jpg,14.4,6.4,8.0,False
finch_lane,south_to_north,n00573,finch_lane/south_to_north/002_n00573_N.jpg,14.4,24.6,10.2,False
finch_lane,south_to_north,n00574,finch_lane/south_to_north/003_n00574_N.jpg,14.4,3.9,10.5,False
finch_lane,south_to_north,n00575,finch_lane/south_to_north/004_n00575_N.jpg,14.4,17.4,3.0,False
finch_lane,south_to_north,n00576,finch_lane/south_to_north/005_n00576_N.jpg,14.4,17.4,3.0,False
finsbury_circus,east_to_west,n00577,finsbury_circus/east_to_west/001_n00577_W.jpg,281.7,282.9,1.1,False
finsbury_circus,east_to_west,n00579,finsbury_circus/east_to_west/002_n00579_W.jpg,281.7,272.3,9.4,False
finsbury_circus,east_to_west,n00581,finsbury_circus/east_to_west/003_n00581_W.jpg,281.7,292.1,10.3,False
finsbury_circus,east_to_west,n00583,finsbury_circus/east_to_west/004_n00583_W.jpg,281.7,292.1,10.3,False
finsbury_circus,east_to_west,n00586,finsbury_circus/east_to_west/005_n00586_W.jpg,348.4,346.9,1.5,False
finsbury_circus,east_to_west,n00585,finsbury_circus/west_to_east/017_n00585_E.jpg,17.1,15.4,1.7,True
finsbury_circus,east_to_west,n00584,finsbury_circus/west_to_east/016_n00584_E.jpg,39.5,37.9,1.6,True
finsbury_circus,east_to_west,n00587,finsbury_circus/east_to_west/008_n00587_W.jpg,319.3,317.8,1.5,False
finsbury_circus,east_to_west,n00588,finsbury_circus/east_to_west/009_n00588_W.jpg,302.2,300.9,1.3,False
finsbury_circus,east_to_west,n00582,finsbury_circus/west_to_east/013_n00582_E.jpg,67.1,65.7,1.4,True
finsbury_circus,east_to_west,n00580,finsbury_circus/west_to_east/012_n00580_E.jpg,82.3,80.7,1.6,True
finsbury_circus,east_to_west,n00589,finsbury_circus/east_to_west/012_n00589_W.jpg,281.7,286.5,4.7,False
finsbury_circus,east_to_west,n00578,finsbury_circus/west_to_east/010_n00578_E.jpg,81.1,79.5,1.6,True
finsbury_circus,east_to_west,n00590,finsbury_circus/east_to_west/014_n00590_W.jpg,281.7,273.2,8.5,False
finsbury_circus,east_to_west,n00598,finsbury_circus/west_to_east/008_n00598_E.jpg,119.9,118.6,1.3,True
finsbury_circus,east_to_west,n00591,finsbury_circus/east_to_west/016_n00591_W.jpg,260.3,258.6,1.7,False
finsbury_circus,east_to_west,n00597,finsbury_circus/west_to_east/006_n00597_E.jpg,119.9,118.6,1.3,True
finsbury_circus,east_to_west,n00592,finsbury_circus/east_to_west/018_n00592_W.jpg,243.0,241.5,1.5,False
finsbury_circus,east_to_west,n00596,finsbury_circus/west_to_east/004_n00596_E.jpg,134.9,133.6,1.3,True
finsbury_circus,east_to_west,n00593,finsbury_circus/east_to_west/020_n00593_W.jpg,213.4,211.6,1.8,False
finsbury_circus,east_to_west,n00595,finsbury_circus/west_to_east/002_n00595_E.jpg,158.3,156.8,1.5,True
finsbury_circus,east_to_west,n00594,finsbury_circus/east_to_west/022_n00594_W.jpg,188.7,187.3,1.4,False
finsbury_circus,west_to_east,n00594,finsbury_circus/west_to_east/001_n00594_E.jpg,8.7,31.6,22.9,False
finsbury_circus,west_to_east,n00595,finsbury_circus/east_to_west/021_n00595_W.jpg,338.3,7.3,29.0,True
finsbury_circus,west_to_east,n00593,finsbury_circus/west_to_east/003_n00593_E.jpg,33.4,61.5,28.1,False
finsbury_circus,west_to_east,n00596,finsbury_circus/east_to_west/019_n00596_W.jpg,314.9,336.8,21.9,True
finsbury_circus,west_to_east,n00592,finsbury_circus/west_to_east/005_n00592_E.jpg,63.0,78.6,15.6,False
finsbury_circus,west_to_east,n00597,finsbury_circus/east_to_west/017_n00597_W.jpg,299.9,313.6,13.7,True
finsbury_circus,west_to_east,n00591,finsbury_circus/west_to_east/007_n00591_E.jpg,80.3,93.2,12.9,False
finsbury_circus,west_to_east,n00598,finsbury_circus/east_to_west/015_n00598_W.jpg,299.9,298.6,1.3,True
finsbury_circus,west_to_east,n00590,finsbury_circus/west_to_east/009_n00590_E.jpg,101.7,106.5,4.7,False
finsbury_circus,west_to_east,n00578,finsbury_circus/east_to_west/013_n00578_W.jpg,261.1,259.5,1.6,True
finsbury_circus,west_to_east,n00589,finsbury_circus/west_to_east/011_n00589_E.jpg,101.7,120.9,19.2,False
finsbury_circus,west_to_east,n00580,finsbury_circus/east_to_west/011_n00580_W.jpg,262.3,259.5,2.8,True
finsbury_circus,west_to_east,n00582,finsbury_circus/east_to_west/010_n00582_W.jpg,247.1,260.7,13.6,True
finsbury_circus,west_to_east,n00588,finsbury_circus/west_to_east/014_n00588_E.jpg,122.2,137.8,15.6,False
finsbury_circus,west_to_east,n00587,finsbury_circus/west_to_east/015_n00587_E.jpg,139.3,166.9,27.6,False
finsbury_circus,west_to_east,n00584,finsbury_circus/east_to_west/007_n00584_W.jpg,219.5,245.7,26.2,True
finsbury_circus,west_to_east,n00585,finsbury_circus/east_to_west/006_n00585_W.jpg,197.1,217.9,20.8,True
finsbury_circus,west_to_east,n00586,finsbury_circus/west_to_east/018_n00586_E.jpg,168.4,195.4,27.0,False
finsbury_circus,west_to_east,n00583,finsbury_circus/west_to_east/019_n00583_E.jpg,101.7,112.1,10.3,False
finsbury_circus,west_to_east,n00581,finsbury_circus/west_to_east/020_n00581_E.jpg,101.7,92.3,9.4,False
finsbury_circus,west_to_east,n00579,finsbury_circus/west_to_east/021_n00579_E.jpg,101.7,102.9,1.1,False
finsbury_circus,west_to_east,n00577,finsbury_circus/west_to_east/022_n00577_E.jpg,101.7,102.9,1.1,False
fish_street_hill,north_to_south,n00602,fish_street_hill/north_to_south/001_n00602_S.jpg,200.7,194.1,6.6,False
fish_street_hill,north_to_south,n00601,fish_street_hill/north_to_south/002_n00601_S.jpg,200.7,203.3,2.6,False
fish_street_hill,north_to_south,n00600,fish_street_hill/north_to_south/003_n00600_S.jpg,200.7,210.5,9.8,False
fish_street_hill,north_to_south,n00599,fish_street_hill/north_to_south/004_n00599_S.jpg,200.7,210.5,9.8,False
fish_street_hill,south_to_north,n00599,fish_street_hill/south_to_north/001_n00599_N.jpg,20.7,30.5,9.8,False
fish_street_hill,south_to_north,n00600,fish_street_hill/south_to_north/002_n00600_N.jpg,20.7,23.3,2.6,False
fish_street_hill,south_to_north,n00601,fish_street_hill/south_to_north/003_n00601_N.jpg,20.7,14.1,6.6,False
fish_street_hill,south_to_north,n00602,fish_street_hill/south_to_north/004_n00602_N.jpg,20.7,14.1,6.6,False
fisherman_s_hall_wharf,east_to_west,n00603,fisherman_s_hall_wharf/east_to_west/001_n00603_W.jpg,274.5,271.4,3.1,False
fisherman_s_hall_wharf,east_to_west,n00604,fisherman_s_hall_wharf/east_to_west/002_n00604_W.jpg,298.2,296.7,1.5,False
fisherman_s_hall_wharf,east_to_west,n00606,fisherman_s_hall_wharf/east_to_west/003_n00606_W.jpg,274.5,283.7,9.2,False
fisherman_s_hall_wharf,east_to_west,n00605,fisherman_s_hall_wharf/west_to_east/004_n00605_E.jpg,94.5,105.1,10.6,True
fisherman_s_hall_wharf,east_to_west,n00607,fisherman_s_hall_wharf/east_to_west/005_n00607_W.jpg,274.5,256.8,17.7,False
fisherman_s_hall_wharf,east_to_west,n00608,fisherman_s_hall_wharf/east_to_west/006_n00608_W.jpg,274.5,263.2,11.3,False
fisherman_s_hall_wharf,east_to_west,n00609,fisherman_s_hall_wharf/east_to_west/007_n00609_W.jpg,274.5,263.2,11.3,False
fisherman_s_hall_wharf,west_to_east,n00609,fisherman_s_hall_wharf/west_to_east/001_n00609_E.jpg,94.5,83.2,11.3,False
fisherman_s_hall_wharf,west_to_east,n00608,fisherman_s_hall_wharf/west_to_east/002_n00608_E.jpg,94.5,76.8,17.7,False
fisherman_s_hall_wharf,west_to_east,n00607,fisherman_s_hall_wharf/west_to_east/003_n00607_E.jpg,94.5,103.7,9.2,False
fisherman_s_hall_wharf,west_to_east,n00605,fisherman_s_hall_wharf/west_to_east/004_n00605_E.jpg,94.5,116.7,22.2,False
fisherman_s_hall_wharf,west_to_east,n00606,fisherman_s_hall_wharf/east_to_west/003_n00606_W.jpg,274.5,285.1,10.6,True
fisherman_s_hall_wharf,west_to_east,n00604,fisherman_s_hall_wharf/west_to_east/006_n00604_E.jpg,118.2,91.4,26.8,False
fisherman_s_hall_wharf,west_to_east,n00603,fisherman_s_hall_wharf/west_to_east/007_n00603_E.jpg,94.5,91.4,3.1,False
fore_street,east_to_west,n00610,fore_street/east_to_west/001_n00610_W.jpg,289.4,288.8,0.6,False
fore_street,east_to_west,n00611,fore_street/east_to_west/002_n00611_W.jpg,289.4,289.3,0.1,False
fore_street,east_to_west,n00612,fore_street/east_to_west/003_n00612_W.jpg,289.4,289.8,0.4,False
fore_street,east_to_west,n00613,fore_street/east_to_west/004_n00613_W.jpg,289.4,290.8,1.4,False
fore_street,east_to_west,n00614,fore_street/east_to_west/005_n00614_W.jpg,289.4,288.3,1.1,False
fore_street,east_to_west,n00615,fore_street/east_to_west/006_n00615_W.jpg,289.4,288.0,1.3,False
fore_street,east_to_west,n00616,fore_street/east_to_west/007_n00616_W.jpg,289.4,290.1,0.7,False
fore_street,east_to_west,n00617,fore_street/east_to_west/008_n00617_W.jpg,289.4,289.9,0.5,False
fore_street,east_to_west,n00618,fore_street/east_to_west/009_n00618_W.jpg,289.4,289.9,0.5,False
fore_street,west_to_east,n00618,fore_street/west_to_east/001_n00618_E.jpg,109.4,109.9,0.5,False
fore_street,west_to_east,n00617,fore_street/west_to_east/002_n00617_E.jpg,109.4,110.1,0.7,False
fore_street,west_to_east,n00616,fore_street/west_to_east/003_n00616_E.jpg,109.4,108.0,1.3,False
fore_street,west_to_east,n00615,fore_street/west_to_east/004_n00615_E.jpg,109.4,108.3,1.1,False
fore_street,west_to_east,n00614,fore_street/west_to_east/005_n00614_E.jpg,109.4,110.8,1.4,False
fore_street,west_to_east,n00613,fore_street/west_to_east/006_n00613_E.jpg,109.4,109.8,0.4,False
fore_street,west_to_east,n00612,fore_street/west_to_east/007_n00612_E.jpg,109.4,109.3,0.1,False
fore_street,west_to_east,n00611,fore_street/west_to_east/008_n00611_E.jpg,109.4,108.8,0.6,False
fore_street,west_to_east,n00610,fore_street/west_to_east/009_n00610_E.jpg,109.4,108.8,0.6,False
fore_street_avenue,east_to_west,n00623,fore_street_avenue/east_to_west/001_n00623_W.jpg,289.5,288.2,1.3,False
fore_street_avenue,east_to_west,n00622,fore_street_avenue/east_to_west/002_n00622_W.jpg,289.5,280.7,8.8,False
fore_street_avenue,east_to_west,n00621,fore_street_avenue/east_to_west/003_n00621_W.jpg,282.3,203.4,78.9,False
fore_street_avenue,east_to_west,n00620,fore_street_avenue/east_to_west/004_n00620_W.jpg,205.0,196.7,8.3,False
fore_street_avenue,east_to_west,n00619,fore_street_avenue/east_to_west/005_n00619_W.jpg,198.2,196.7,1.5,False
fore_street_avenue,west_to_east,n00619,fore_street_avenue/west_to_east/001_n00619_E.jpg,18.2,16.7,1.5,False
fore_street_avenue,west_to_east,n00620,fore_street_avenue/west_to_east/002_n00620_E.jpg,25.0,23.4,1.6,False
fore_street_avenue,west_to_east,n00621,fore_street_avenue/west_to_east/003_n00621_E.jpg,102.3,100.7,1.6,False
fore_street_avenue,west_to_east,n00622,fore_street_avenue/west_to_east/004_n00622_E.jpg,109.5,108.2,1.3,False
fore_street_avenue,west_to_east,n00623,fore_street_avenue/west_to_east/005_n00623_E.jpg,109.5,108.2,1.3,False
foster_lane,north_to_south,n00632,foster_lane/north_to_south/001_n00632_S.jpg,186.1,194.1,8.0,False
foster_lane,north_to_south,n00631,foster_lane/north_to_south/002_n00631_S.jpg,186.1,194.2,8.1,False
foster_lane,north_to_south,n00630,foster_lane/north_to_south/003_n00630_S.jpg,186.1,193.8,7.7,False
foster_lane,north_to_south,n00629,foster_lane/north_to_south/004_n00629_S.jpg,186.1,181.0,5.1,False
foster_lane,north_to_south,n00628,foster_lane/north_to_south/005_n00628_S.jpg,186.1,181.1,5.0,False
foster_lane,north_to_south,n00627,foster_lane/north_to_south/006_n00627_S.jpg,186.1,180.1,6.1,False
foster_lane,north_to_south,n00626,foster_lane/north_to_south/007_n00626_S.jpg,186.1,183.6,2.5,False
foster_lane,north_to_south,n00625,foster_lane/north_to_south/008_n00625_S.jpg,186.1,191.0,4.9,False
foster_lane,north_to_south,n00624,foster_lane/north_to_south/009_n00624_S.jpg,186.1,191.0,4.9,False
foster_lane,south_to_north,n00624,foster_lane/south_to_north/001_n00624_N.jpg,6.1,11.0,4.9,False
foster_lane,south_to_north,n00625,foster_lane/south_to_north/002_n00625_N.jpg,6.1,3.6,2.5,False
foster_lane,south_to_north,n00626,foster_lane/south_to_north/003_n00626_N.jpg,6.1,0.1,6.1,False
foster_lane,south_to_north,n00627,foster_lane/south_to_north/004_n00627_N.jpg,6.1,1.1,5.0,False
foster_lane,south_to_north,n00628,foster_lane/south_to_north/005_n00628_N.jpg,6.1,1.0,5.1,False
foster_lane,south_to_north,n00629,foster_lane/south_to_north/006_n00629_N.jpg,6.1,13.8,7.7,False
foster_lane,south_to_north,n00630,foster_lane/south_to_north/007_n00630_N.jpg,6.1,14.2,8.1,False
foster_lane,south_to_north,n00631,foster_lane/south_to_north/008_n00631_N.jpg,6.1,14.1,8.0,False
foster_lane,south_to_north,n00632,foster_lane/south_to_north/009_n00632_N.jpg,6.1,14.1,8.0,False
frederick_s_place,east_to_west,n00633,frederick_s_place/east_to_west/001_n00633_W.jpg,281.3,281.8,0.5,False
frederick_s_place,east_to_west,n00634,frederick_s_place/east_to_west/002_n00634_W.jpg,281.3,280.6,0.6,False
frederick_s_place,east_to_west,n00635,frederick_s_place/east_to_west/003_n00635_W.jpg,281.3,280.6,0.6,False
frederick_s_place,west_to_east,n00635,frederick_s_place/west_to_east/001_n00635_E.jpg,101.3,100.6,0.6,False
frederick_s_place,west_to_east,n00634,frederick_s_place/west_to_east/002_n00634_E.jpg,101.3,101.8,0.5,False
frederick_s_place,west_to_east,n00633,frederick_s_place/west_to_east/003_n00633_E.jpg,101.3,101.8,0.5,False
friday_street,north_to_south,n00640,friday_street/north_to_south/001_n00640_S.jpg,187.4,186.7,0.6,False
friday_street,north_to_south,n00639,friday_street/north_to_south/002_n00639_S.jpg,187.4,191.8,4.4,False
friday_street,north_to_south,n00638,friday_street/north_to_south/003_n00638_S.jpg,187.4,188.0,0.6,False
friday_street,north_to_south,n00637,friday_street/north_to_south/004_n00637_S.jpg,187.4,180.3,7.1,False
friday_street,north_to_south,n00636,friday_street/north_to_south/005_n00636_S.jpg,187.4,180.3,7.1,False
friday_street,south_to_north,n00636,friday_street/south_to_north/001_n00636_N.jpg,7.4,0.3,7.1,False
friday_street,south_to_north,n00637,friday_street/south_to_north/002_n00637_N.jpg,7.4,8.0,0.6,False
friday_street,south_to_north,n00638,friday_street/south_to_north/003_n00638_N.jpg,7.4,11.8,4.4,False
friday_street,south_to_north,n00639,friday_street/south_to_north/004_n00639_N.jpg,7.4,6.7,0.6,False
friday_street,south_to_north,n00640,friday_street/south_to_north/005_n00640_N.jpg,7.4,6.7,0.6,False
fyefoot_lane,north_to_south,n00643,fyefoot_lane/north_to_south/001_n00643_S.jpg,181.8,181.8,0.0,False
fyefoot_lane,north_to_south,n00642,fyefoot_lane/north_to_south/002_n00642_S.jpg,181.8,181.8,0.0,False
fyefoot_lane,north_to_south,n00641,fyefoot_lane/north_to_south/003_n00641_S.jpg,181.8,181.8,0.0,False
fyefoot_lane,south_to_north,n00641,fyefoot_lane/south_to_north/001_n00641_N.jpg,1.8,1.8,0.0,False
fyefoot_lane,south_to_north,n00642,fyefoot_lane/south_to_north/002_n00642_N.jpg,1.8,1.8,0.0,False
fyefoot_lane,south_to_north,n00643,fyefoot_lane/south_to_north/003_n00643_N.jpg,1.8,1.8,0.0,False
gardner_s_lane,north_to_south,n00646,gardner_s_lane/north_to_south/001_n00646_S.jpg,208.4,214.9,6.5,False
gardner_s_lane,north_to_south,n00645,gardner_s_lane/north_to_south/002_n00645_S.jpg,216.5,194.7,21.8,False
gardner_s_lane,north_to_south,n00644,gardner_s_lane/north_to_south/003_n00644_S.jpg,208.4,194.7,13.6,False
gardner_s_lane,south_to_north,n00644,gardner_s_lane/south_to_north/001_n00644_N.jpg,28.4,14.7,13.6,False
gardner_s_lane,south_to_north,n00645,gardner_s_lane/south_to_north/002_n00645_N.jpg,36.5,34.9,1.6,False
gardner_s_lane,south_to_north,n00646,gardner_s_lane/south_to_north/003_n00646_N.jpg,28.4,34.9,6.5,False
garlick_hill,north_to_south,n00653,garlick_hill/north_to_south/001_n00653_S.jpg,184.5,180.9,3.6,False
garlick_hill,north_to_south,n00652,garlick_hill/north_to_south/002_n00652_S.jpg,184.5,194.2,9.7,False
garlick_hill,north_to_south,n00651,garlick_hill/north_to_south/003_n00651_S.jpg,184.5,177.6,6.9,False
garlick_hill,north_to_south,n00650,garlick_hill/north_to_south/004_n00650_S.jpg,184.5,186.7,2.2,False
garlick_hill,north_to_south,n00649,garlick_hill/north_to_south/005_n00649_S.jpg,184.5,182.4,2.1,False
garlick_hill,north_to_south,n00648,garlick_hill/north_to_south/006_n00648_S.jpg,184.5,182.4,2.1,False
garlick_hill,north_to_south,n00647,garlick_hill/north_to_south/007_n00647_S.jpg,184.5,182.4,2.1,False
garlick_hill,south_to_north,n00647,garlick_hill/south_to_north/001_n00647_N.jpg,4.5,2.4,2.1,False
garlick_hill,south_to_north,n00648,garlick_hill/south_to_north/002_n00648_N.jpg,4.5,2.4,2.1,False
garlick_hill,south_to_north,n00649,garlick_hill/south_to_north/003_n00649_N.jpg,4.5,6.7,2.2,False
garlick_hill,south_to_north,n00650,garlick_hill/south_to_north/004_n00650_N.jpg,4.5,357.6,6.9,False
garlick_hill,south_to_north,n00651,garlick_hill/south_to_north/005_n00651_N.jpg,4.5,14.2,9.7,False
garlick_hill,south_to_north,n00652,garlick_hill/south_to_north/006_n00652_N.jpg,4.5,0.9,3.6,False
garlick_hill,south_to_north,n00653,garlick_hill/south_to_north/007_n00653_N.jpg,4.5,0.9,3.6,False
george_yard,north_to_south,n00656,george_yard/north_to_south/001_n00656_S.jpg,205.6,205.3,0.4,False
george_yard,north_to_south,n00655,george_yard/north_to_south/002_n00655_S.jpg,205.6,206.5,0.8,False
george_yard,north_to_south,n00654,george_yard/north_to_south/003_n00654_S.jpg,205.6,206.5,0.8,False
george_yard,south_to_north,n00654,george_yard/south_to_north/001_n00654_N.jpg,25.6,26.5,0.8,False
george_yard,south_to_north,n00655,george_yard/south_to_north/002_n00655_N.jpg,25.6,25.3,0.4,False
george_yard,south_to_north,n00656,george_yard/south_to_north/003_n00656_N.jpg,25.6,25.3,0.4,False
globe_view_walkway,east_to_west,n00663,globe_view_walkway/east_to_west/001_n00663_W.jpg,218.6,217.1,1.5,False
globe_view_walkway,east_to_west,n00662,globe_view_walkway/east_to_west/002_n00662_W.jpg,218.6,228.8,10.2,False
globe_view_walkway,east_to_west,n00661,globe_view_walkway/east_to_west/003_n00661_W.jpg,239.3,280.5,41.3,False
globe_view_walkway,east_to_west,n00660,globe_view_walkway/east_to_west/004_n00660_W.jpg,281.8,204.5,77.3,False
globe_view_walkway,east_to_west,n00659,globe_view_walkway/east_to_west/005_n00659_W.jpg,206.3,192.3,14.0,False
globe_view_walkway,east_to_west,n00658,globe_view_walkway/east_to_west/006_n00658_W.jpg,193.6,274.6,81.0,False
globe_view_walkway,east_to_west,n00657,globe_view_walkway/east_to_west/007_n00657_W.jpg,239.3,274.6,35.4,False
globe_view_walkway,west_to_east,n00657,globe_view_walkway/west_to_east/001_n00657_E.jpg,59.3,94.6,35.4,False
globe_view_walkway,west_to_east,n00658,globe_view_walkway/west_to_east/002_n00658_E.jpg,13.6,12.3,1.3,False
globe_view_walkway,west_to_east,n00659,globe_view_walkway/west_to_east/003_n00659_E.jpg,26.3,24.5,1.8,False
globe_view_walkway,west_to_east,n00660,globe_view_walkway/west_to_east/004_n00660_E.jpg,101.8,100.5,1.3,False
globe_view_walkway,west_to_east,n00661,globe_view_walkway/west_to_east/005_n00661_E.jpg,59.3,48.8,10.4,False
globe_view_walkway,west_to_east,n00662,globe_view_walkway/west_to_east/006_n00662_E.jpg,38.6,37.1,1.5,False
globe_view_walkway,west_to_east,n00663,globe_view_walkway/west_to_east/007_n00663_E.jpg,38.6,37.1,1.5,False
goldsmith_street,east_to_west,n00664,goldsmith_street/east_to_west/001_n00664_W.jpg,281.5,284.7,3.2,False
goldsmith_street,east_to_west,n00665,goldsmith_street/east_to_west/002_n00665_W.jpg,281.5,277.6,3.9,False
goldsmith_street,east_to_west,n00666,goldsmith_street/east_to_west/003_n00666_W.jpg,281.5,277.6,3.9,False
goldsmith_street,west_to_east,n00666,goldsmith_street/west_to_east/001_n00666_E.jpg,101.5,97.6,3.9,False
goldsmith_street,west_to_east,n00665,goldsmith_street/west_to_east/002_n00665_E.jpg,101.5,104.7,3.2,False
goldsmith_street,west_to_east,n00664,goldsmith_street/west_to_east/003_n00664_E.jpg,101.5,104.7,3.2,False
gophir_lane,east_to_west,n00667,gophir_lane/east_to_west/001_n00667_W.jpg,303.1,303.1,0.0,False
gophir_lane,east_to_west,n00668,gophir_lane/east_to_west/002_n00668_W.jpg,303.1,303.1,0.0,False
gophir_lane,west_to_east,n00668,gophir_lane/west_to_east/001_n00668_E.jpg,123.1,123.1,0.0,False
gophir_lane,west_to_east,n00667,gophir_lane/west_to_east/002_n00667_E.jpg,123.1,123.1,0.0,False
gracechurch_street,north_to_south,n00692,gracechurch_street/north_to_south/001_n00692_S.jpg,206.0,195.3,10.8,False
gracechurch_street,north_to_south,n00691,gracechurch_street/north_to_south/002_n00691_S.jpg,206.0,199.2,6.8,False
gracechurch_street,north_to_south,n00690,gracechurch_street/north_to_south/003_n00690_S.jpg,206.0,199.5,6.5,False
gracechurch_street,north_to_south,n00689,gracechurch_street/north_to_south/004_n00689_S.jpg,206.0,202.0,4.0,False
gracechurch_street,north_to_south,n00688,gracechurch_street/north_to_south/005_n00688_S.jpg,206.0,204.2,1.8,False
gracechurch_street,north_to_south,n00687,gracechurch_street/north_to_south/006_n00687_S.jpg,206.0,203.1,2.9,False
gracechurch_street,north_to_south,n00686,gracechurch_street/north_to_south/007_n00686_S.jpg,206.0,203.8,2.3,False
gracechurch_street,north_to_south,n00685,gracechurch_street/north_to_south/008_n00685_S.jpg,206.0,210.5,4.4,False
gracechurch_street,north_to_south,n00684,gracechurch_street/north_to_south/009_n00684_S.jpg,206.0,203.8,2.2,False
gracechurch_street,north_to_south,n00683,gracechurch_street/north_to_south/010_n00683_S.jpg,206.0,193.6,12.4,False
gracechurch_street,north_to_south,n00682,gracechurch_street/north_to_south/011_n00682_S.jpg,206.0,200.2,5.8,False
gracechurch_street,north_to_south,n00681,gracechurch_street/north_to_south/012_n00681_S.jpg,206.0,191.8,14.2,False
gracechurch_street,north_to_south,n00680,gracechurch_street/north_to_south/013_n00680_S.jpg,206.0,206.3,0.2,False
gracechurch_street,north_to_south,n00679,gracechurch_street/north_to_south/014_n00679_S.jpg,206.0,193.2,12.8,False
gracechurch_street,north_to_south,n00675,gracechurch_street/north_to_south/015_n00675_S.jpg,232.7,231.1,1.6,False
gracechurch_street,north_to_south,n00678,gracechurch_street/north_to_south/016_n00678_S.jpg,206.0,177.5,28.6,False
gracechurch_street,north_to_south,n00676,gracechurch_street/north_to_south/017_n00676_S.jpg,168.7,230.4,61.7,False
gracechurch_street,north_to_south,n00673,gracechurch_street/north_to_south/018_n00673_S.jpg,232.7,239.9,7.2,False
gracechurch_street,north_to_south,n00677,gracechurch_street/south_to_north/006_n00677_N.jpg,358.9,347.3,11.6,True
gracechurch_street,north_to_south,n00674,gracechurch_street/north_to_south/020_n00674_S.jpg,231.9,248.8,16.9,False
gracechurch_street,north_to_south,n00671,gracechurch_street/north_to_south/021_n00671_S.jpg,241.3,268.5,27.2,False
gracechurch_street,north_to_south,n00669,gracechurch_street/north_to_south/022_n00669_S.jpg,90.0,268.5,178.5,False
gracechurch_street,north_to_south,n00672,gracechurch_street/north_to_south/023_n00672_S.jpg,250.3,265.6,15.3,False
gracechurch_street,north_to_south,n00670,gracechurch_street/north_to_south/024_n00670_S.jpg,267.2,265.6,1.6,False
gracechurch_street,south_to_north,n00670,gracechurch_street/south_to_north/001_n00670_N.jpg,87.2,85.6,1.6,False
gracechurch_street,south_to_north,n00672,gracechurch_street/south_to_north/002_n00672_N.jpg,70.3,68.8,1.5,False
gracechurch_street,south_to_north,n00669,gracechurch_street/north_to_south/022_n00669_S.jpg,90.0,88.5,1.5,True
gracechurch_street,south_to_north,n00671,gracechurch_street/south_to_north/004_n00671_N.jpg,61.3,59.9,1.4,False
gracechurch_street,south_to_north,n00674,gracechurch_street/south_to_north/005_n00674_N.jpg,51.9,50.4,1.5,False
gracechurch_street,south_to_north,n00677,gracechurch_street/south_to_north/006_n00677_N.jpg,358.9,357.5,1.4,False
gracechurch_street,south_to_north,n00673,gracechurch_street/south_to_north/007_n00673_N.jpg,52.7,51.1,1.6,False
gracechurch_street,south_to_north,n00676,gracechurch_street/north_to_south/017_n00676_S.jpg,168.7,167.3,1.4,True
gracechurch_street,south_to_north,n00678,gracechurch_street/south_to_north/009_n00678_N.jpg,26.0,13.2,12.8,False
gracechurch_street,south_to_north,n00675,gracechurch_street/south_to_north/010_n00675_N.jpg,52.7,51.1,1.6,False
gracechurch_street,south_to_north,n00679,gracechurch_street/south_to_north/011_n00679_N.jpg,26.0,26.3,0.2,False
gracechurch_street,south_to_north,n00680,gracechurch_street/south_to_north/012_n00680_N.jpg,26.0,11.8,14.2,False
gracechurch_street,south_to_north,n00681,gracechurch_street/south_to_north/013_n00681_N.jpg,26.0,20.2,5.8,False
gracechurch_street,south_to_north,n00682,gracechurch_street/south_to_north/014_n00682_N.jpg,26.0,13.6,12.4,False
gracechurch_street,south_to_north,n00683,gracechurch_street/south_to_north/015_n00683_N.jpg,26.0,23.8,2.2,False
gracechurch_street,south_to_north,n00684,gracechurch_street/south_to_north/016_n00684_N.jpg,26.0,30.5,4.4,False
gracechurch_street,south_to_north,n00685,gracechurch_street/south_to_north/017_n00685_N.jpg,26.0,23.8,2.3,False
gracechurch_street,south_to_north,n00686,gracechurch_street/south_to_north/018_n00686_N.jpg,26.0,23.1,2.9,False
gracechurch_street,south_to_north,n00687,gracechurch_street/south_to_north/019_n00687_N.jpg,26.0,24.2,1.8,False
gracechurch_street,south_to_north,n00688,gracechurch_street/south_to_north/020_n00688_N.jpg,26.0,22.0,4.0,False
gracechurch_street,south_to_north,n00689,gracechurch_street/south_to_north/021_n00689_N.jpg,26.0,19.5,6.5,False
gracechurch_street,south_to_north,n00690,gracechurch_street/south_to_north/022_n00690_N.jpg,26.0,19.2,6.8,False
gracechurch_street,south_to_north,n00691,gracechurch_street/south_to_north/023_n00691_N.jpg,26.0,15.3,10.8,False
gracechurch_street,south_to_north,n00692,gracechurch_street/south_to_north/024_n00692_N.jpg,26.0,15.3,10.8,False
great_bell_alley,east_to_west,n00693,great_bell_alley/east_to_west/001_n00693_W.jpg,276.7,276.7,0.0,False
great_bell_alley,east_to_west,n00694,great_bell_alley/east_to_west/002_n00694_W.jpg,276.7,276.7,0.0,False
great_bell_alley,west_to_east,n00694,great_bell_alley/west_to_east/001_n00694_E.jpg,96.7,96.7,0.0,False
great_bell_alley,west_to_east,n00693,great_bell_alley/west_to_east/002_n00693_E.jpg,96.7,96.7,0.0,False
great_st_helens,east_to_west,n00695,great_st_helens/east_to_west/001_n00695_W.jpg,297.7,300.1,2.5,False
great_st_helens,east_to_west,n00696,great_st_helens/east_to_west/002_n00696_W.jpg,297.7,295.1,2.5,False
great_st_helens,east_to_west,n00697,great_st_helens/east_to_west/003_n00697_W.jpg,297.7,299.0,1.3,False
great_st_helens,east_to_west,n00698,great_st_helens/east_to_west/004_n00698_W.jpg,297.7,299.0,1.3,False
great_st_helens,west_to_east,n00698,great_st_helens/west_to_east/001_n00698_E.jpg,117.7,119.0,1.3,False
great_st_helens,west_to_east,n00697,great_st_helens/west_to_east/002_n00697_E.jpg,117.7,115.1,2.5,False
great_st_helens,west_to_east,n00696,great_st_helens/west_to_east/003_n00696_E.jpg,117.7,120.1,2.5,False
great_st_helens,west_to_east,n00695,great_st_helens/west_to_east/004_n00695_E.jpg,117.7,120.1,2.5,False
great_st_thomas_apostle,east_to_west,n00699,great_st_thomas_apostle/east_to_west/001_n00699_W.jpg,281.1,281.0,0.0,False
great_st_thomas_apostle,east_to_west,n00700,great_st_thomas_apostle/east_to_west/002_n00700_W.jpg,281.1,281.2,0.1,False
great_st_thomas_apostle,east_to_west,n00701,great_st_thomas_apostle/east_to_west/003_n00701_W.jpg,281.1,281.0,0.1,False
great_st_thomas_apostle,east_to_west,n00702,great_st_thomas_apostle/east_to_west/004_n00702_W.jpg,281.1,281.0,0.1,False
great_st_thomas_apostle,west_to_east,n00702,great_st_thomas_apostle/west_to_east/001_n00702_E.jpg,101.1,101.0,0.1,False
great_st_thomas_apostle,west_to_east,n00701,great_st_thomas_apostle/west_to_east/002_n00701_E.jpg,101.1,101.2,0.1,False
great_st_thomas_apostle,west_to_east,n00700,great_st_thomas_apostle/west_to_east/003_n00700_E.jpg,101.1,101.0,0.0,False
great_st_thomas_apostle,west_to_east,n00699,great_st_thomas_apostle/west_to_east/004_n00699_E.jpg,101.1,101.0,0.0,False
great_swan_alley,east_to_west,n00703,great_swan_alley/east_to_west/001_n00703_W.jpg,276.8,288.4,11.6,False
great_swan_alley,east_to_west,n00705,great_swan_alley/east_to_west/002_n00705_W.jpg,276.8,288.4,11.6,False
great_swan_alley,east_to_west,n00704,great_swan_alley/east_to_west/003_n00704_W.jpg,276.8,273.0,3.7,False
great_swan_alley,east_to_west,n00706,great_swan_alley/east_to_west/004_n00706_W.jpg,276.8,277.3,0.5,False
great_swan_alley,east_to_west,n00707,great_swan_alley/east_to_west/005_n00707_W.jpg,250.8,249.1,1.7,False
great_swan_alley,east_to_west,n00708,great_swan_alley/east_to_west/006_n00708_W.jpg,276.8,286.6,9.8,False
great_swan_alley,east_to_west,n00709,great_swan_alley/east_to_west/007_n00709_W.jpg,276.8,278.5,1.7,False
great_swan_alley,east_to_west,n00710,great_swan_alley/east_to_west/008_n00710_W.jpg,276.8,278.5,1.7,False
great_swan_alley,west_to_east,n00710,great_swan_alley/west_to_east/001_n00710_E.jpg,96.8,98.5,1.7,False
great_swan_alley,west_to_east,n00709,great_swan_alley/west_to_east/002_n00709_E.jpg,96.8,106.6,9.8,False
great_swan_alley,west_to_east,n00708,great_swan_alley/west_to_east/003_n00708_E.jpg,96.8,69.1,27.7,False
great_swan_alley,west_to_east,n00707,great_swan_alley/west_to_east/004_n00707_E.jpg,70.8,97.3,26.5,False
great_swan_alley,west_to_east,n00706,great_swan_alley/west_to_east/005_n00706_E.jpg,96.8,93.0,3.7,False
great_swan_alley,west_to_east,n00704,great_swan_alley/west_to_east/006_n00704_E.jpg,96.8,93.0,3.7,False
great_swan_alley,west_to_east,n00705,great_swan_alley/west_to_east/007_n00705_E.jpg,96.8,108.4,11.6,False
great_swan_alley,west_to_east,n00703,great_swan_alley/west_to_east/008_n00703_E.jpg,96.8,108.4,11.6,False
great_tower_street,east_to_west,n00711,great_tower_street/east_to_west/001_n00711_W.jpg,298.6,313.1,14.5,False
great_tower_street,east_to_west,n00712,great_tower_street/east_to_west/002_n00712_W.jpg,298.6,288.3,10.3,False
great_tower_street,east_to_west,n00713,great_tower_street/east_to_west/003_n00713_W.jpg,298.6,299.0,0.5,False
great_tower_street,east_to_west,n00714,great_tower_street/east_to_west/004_n00714_W.jpg,298.6,294.4,4.2,False
great_tower_street,east_to_west,n00715,great_tower_street/east_to_west/005_n00715_W.jpg,298.6,301.0,2.4,False
great_tower_street,east_to_west,n00716,great_tower_street/east_to_west/006_n00716_W.jpg,298.6,304.2,5.6,False
great_tower_street,east_to_west,n00717,great_tower_street/east_to_west/007_n00717_W.jpg,298.6,302.3,3.7,False
great_tower_street,east_to_west,n00718,great_tower_street/east_to_west/008_n00718_W.jpg,298.6,289.1,9.5,False
great_tower_street,east_to_west,n00719,great_tower_street/east_to_west/009_n00719_W.jpg,298.6,297.5,1.0,False
great_tower_street,east_to_west,n00720,great_tower_street/east_to_west/010_n00720_W.jpg,298.6,297.5,1.0,False
great_tower_street,west_to_east,n00720,great_tower_street/west_to_east/001_n00720_E.jpg,118.6,117.5,1.0,False
great_tower_street,west_to_east,n00719,great_tower_street/west_to_east/002_n00719_E.jpg,118.6,109.1,9.5,False
great_tower_street,west_to_east,n00718,great_tower_street/west_to_east/003_n00718_E.jpg,118.6,122.3,3.7,False
great_tower_street,west_to_east,n00717,great_tower_street/west_to_east/004_n00717_E.jpg,118.6,124.2,5.6,False
great_tower_street,west_to_east,n00716,great_tower_street/west_to_east/005_n00716_E.jpg,118.6,121.0,2.4,False
great_tower_street,west_to_east,n00715,great_tower_street/west_to_east/006_n00715_E.jpg,118.6,114.4,4.2,False
great_tower_street,west_to_east,n00714,great_tower_street/west_to_east/007_n00714_E.jpg,118.6,119.0,0.5,False
great_tower_street,west_to_east,n00713,great_tower_street/west_to_east/008_n00713_E.jpg,118.6,108.3,10.3,False
great_tower_street,west_to_east,n00712,great_tower_street/west_to_east/009_n00712_E.jpg,118.6,133.1,14.5,False
great_tower_street,west_to_east,n00711,great_tower_street/west_to_east/010_n00711_E.jpg,118.6,133.1,14.5,False
great_trinity_lane,east_to_west,n00721,great_trinity_lane/east_to_west/001_n00721_W.jpg,281.6,280.7,0.9,False
great_trinity_lane,east_to_west,n00722,great_trinity_lane/east_to_west/002_n00722_W.jpg,281.6,282.5,1.0,False
great_trinity_lane,east_to_west,n00723,great_trinity_lane/east_to_west/003_n00723_W.jpg,281.6,282.5,1.0,False
great_trinity_lane,west_to_east,n00723,great_trinity_lane/west_to_east/001_n00723_E.jpg,101.6,102.5,1.0,False
great_trinity_lane,west_to_east,n00722,great_trinity_lane/west_to_east/002_n00722_E.jpg,101.6,100.7,0.9,False
great_trinity_lane,west_to_east,n00721,great_trinity_lane/west_to_east/003_n00721_E.jpg,101.6,100.7,0.9,False
great_winchester_street,east_to_west,n00724,great_winchester_street/east_to_west/001_n00724_W.jpg,301.6,295.5,6.2,False
great_winchester_street,east_to_west,n00725,great_winchester_street/east_to_west/002_n00725_W.jpg,301.6,291.5,10.1,False
great_winchester_street,east_to_west,n00726,great_winchester_street/east_to_west/003_n00726_W.jpg,301.6,289.4,12.3,False
great_winchester_street,east_to_west,n00727,great_winchester_street/east_to_west/004_n00727_W.jpg,301.6,291.3,10.3,False
great_winchester_street,east_to_west,n00728,great_winchester_street/east_to_west/005_n00728_W.jpg,285.5,284.1,1.4,False
great_winchester_street,east_to_west,n00729,great_winchester_street/east_to_west/006_n00729_W.jpg,301.6,298.5,3.1,False
great_winchester_street,east_to_west,n00730,great_winchester_street/west_to_east/003_n00730_E.jpg,2.1,0.7,1.4,True
great_winchester_street,east_to_west,n00731,great_winchester_street/west_to_east/002_n00731_E.jpg,19.5,17.9,1.6,True
great_winchester_street,east_to_west,n00732,great_winchester_street/west_to_east/001_n00732_E.jpg,19.5,17.9,1.6,True
great_winchester_street,west_to_east,n00732,great_winchester_street/east_to_west/009_n00732_W.jpg,199.5,197.9,1.6,True
great_winchester_street,west_to_east,n00731,great_winchester_street/east_to_west/008_n00731_W.jpg,199.5,180.7,18.8,True
great_winchester_street,west_to_east,n00730,great_winchester_street/east_to_west/007_n00730_W.jpg,182.1,118.5,63.6,True
great_winchester_street,west_to_east,n00729,great_winchester_street/west_to_east/004_n00729_E.jpg,121.6,104.1,17.5,False
great_winchester_street,west_to_east,n00728,great_winchester_street/west_to_east/005_n00728_E.jpg,105.5,111.3,5.8,False
great_winchester_street,west_to_east,n00727,great_winchester_street/west_to_east/006_n00727_E.jpg,121.6,109.4,12.3,False
great_winchester_street,west_to_east,n00726,great_winchester_street/west_to_east/007_n00726_E.jpg,121.6,111.5,10.1,False
great_winchester_street,west_to_east,n00725,great_winchester_street/west_to_east/008_n00725_E.jpg,121.6,115.5,6.2,False
great_winchester_street,west_to_east,n00724,great_winchester_street/west_to_east/009_n00724_E.jpg,121.6,115.5,6.2,False
gresham_street,east_to_west,n00733,gresham_street/east_to_west/001_n00733_W.jpg,288.7,286.0,2.7,False
gresham_street,east_to_west,n00734,gresham_street/east_to_west/002_n00734_W.jpg,288.7,276.1,12.5,False
gresham_street,east_to_west,n00735,gresham_street/east_to_west/003_n00735_W.jpg,288.7,279.6,9.1,False
gresham_street,east_to_west,n00736,gresham_street/east_to_west/004_n00736_W.jpg,288.7,277.4,11.3,False
gresham_street,east_to_west,n00737,gresham_street/east_to_west/005_n00737_W.jpg,288.7,277.9,10.8,False
gresham_street,east_to_west,n00738,gresham_street/east_to_west/006_n00738_W.jpg,288.7,283.0,5.7,False
gresham_street,east_to_west,n00739,gresham_street/east_to_west/007_n00739_W.jpg,288.7,273.4,15.3,False
gresham_street,east_to_west,n00740,gresham_street/east_to_west/008_n00740_W.jpg,288.7,282.8,5.9,False
gresham_street,east_to_west,n00741,gresham_street/east_to_west/009_n00741_W.jpg,288.7,289.3,0.6,False
gresham_street,east_to_west,n00742,gresham_street/east_to_west/010_n00742_W.jpg,288.7,303.1,14.4,False
gresham_street,east_to_west,n00743,gresham_street/east_to_west/011_n00743_W.jpg,307.0,305.7,1.3,False
gresham_street,east_to_west,n00744,gresham_street/east_to_west/012_n00744_W.jpg,288.7,288.8,0.2,False
gresham_street,east_to_west,n00745,gresham_street/east_to_west/013_n00745_W.jpg,288.7,290.8,2.2,False
gresham_street,east_to_west,n00746,gresham_street/east_to_west/014_n00746_W.jpg,288.7,290.7,2.0,False
gresham_street,east_to_west,n00747,gresham_street/east_to_west/015_n00747_W.jpg,288.7,289.2,0.5,False
gresham_street,east_to_west,n00748,gresham_street/east_to_west/016_n00748_W.jpg,288.7,291.3,2.6,False
gresham_street,east_to_west,n00749,gresham_street/east_to_west/017_n00749_W.jpg,288.7,289.8,1.2,False
gresham_street,east_to_west,n00750,gresham_street/east_to_west/018_n00750_W.jpg,288.7,289.5,0.8,False
gresham_street,east_to_west,n00751,gresham_street/east_to_west/019_n00751_W.jpg,288.7,287.7,1.0,False
gresham_street,east_to_west,n00752,gresham_street/east_to_west/020_n00752_W.jpg,288.7,286.5,2.2,False
gresham_street,east_to_west,n00753,gresham_street/east_to_west/021_n00753_W.jpg,288.7,276.5,12.2,False
gresham_street,east_to_west,n00754,gresham_street/east_to_west/022_n00754_W.jpg,316.1,314.7,1.4,False
gresham_street,east_to_west,n00755,gresham_street/east_to_west/023_n00755_W.jpg,288.7,302.0,13.3,False
gresham_street,east_to_west,n00756,gresham_street/east_to_west/024_n00756_W.jpg,288.7,281.7,7.0,False
gresham_street,east_to_west,n00757,gresham_street/east_to_west/025_n00757_W.jpg,288.7,281.7,7.0,False
gresham_street,west_to_east,n00757,gresham_street/west_to_east/001_n00757_E.jpg,108.7,101.7,7.0,False
gresham_street,west_to_east,n00756,gresham_street/west_to_east/002_n00756_E.jpg,108.7,122.0,13.3,False
gresham_street,west_to_east,n00755,gresham_street/west_to_east/003_n00755_E.jpg,108.7,134.7,26.1,False
gresham_street,west_to_east,n00754,gresham_street/west_to_east/004_n00754_E.jpg,136.1,96.5,39.6,False
gresham_street,west_to_east,n00753,gresham_street/west_to_east/005_n00753_E.jpg,108.7,106.5,2.2,False
gresham_street,west_to_east,n00752,gresham_street/west_to_east/006_n00752_E.jpg,108.7,107.7,1.0,False
gresham_street,west_to_east,n00751,gresham_street/west_to_east/007_n00751_E.jpg,108.7,109.5,0.8,False
gresham_street,west_to_east,n00750,gresham_street/west_to_east/008_n00750_E.jpg,108.7,109.8,1.2,False
gresham_street,west_to_east,n00749,gresham_street/west_to_east/009_n00749_E.jpg,108.7,111.3,2.6,False
gresham_street,west_to_east,n00748,gresham_street/west_to_east/010_n00748_E.jpg,108.7,109.2,0.5,False
gresham_street,west_to_east,n00747,gresham_street/west_to_east/011_n00747_E.jpg,108.7,110.7,2.0,False
gresham_street,west_to_east,n00746,gresham_street/west_to_east/012_n00746_E.jpg,108.7,110.8,2.2,False
gresham_street,west_to_east,n00745,gresham_street/west_to_east/013_n00745_E.jpg,108.7,108.8,0.2,False
gresham_street,west_to_east,n00744,gresham_street/west_to_east/014_n00744_E.jpg,108.7,125.7,17.0,False
gresham_street,west_to_east,n00743,gresham_street/west_to_east/015_n00743_E.jpg,127.0,123.1,3.9,False
gresham_street,west_to_east,n00742,gresham_street/west_to_east/016_n00742_E.jpg,108.7,109.3,0.6,False
gresham_street,west_to_east,n00741,gresham_street/west_to_east/017_n00741_E.jpg,108.7,102.8,5.9,False
gresham_street,west_to_east,n00740,gresham_street/west_to_east/018_n00740_E.jpg,108.7,93.4,15.3,False
gresham_street,west_to_east,n00739,gresham_street/west_to_east/019_n00739_E.jpg,108.7,103.0,5.7,False
gresham_street,west_to_east,n00738,gresham_street/west_to_east/020_n00738_E.jpg,108.7,97.9,10.8,False
gresham_street,west_to_east,n00737,gresham_street/west_to_east/021_n00737_E.jpg,108.7,97.4,11.3,False
gresham_street,west_to_east,n00736,gresham_street/west_to_east/022_n00736_E.jpg,108.7,99.6,9.1,False
gresham_street,west_to_east,n00735,gresham_street/west_to_east/023_n00735_E.jpg,108.7,96.1,12.5,False
gresham_street,west_to_east,n00734,gresham_street/west_to_east/024_n00734_E.jpg,108.7,106.0,2.7,False
gresham_street,west_to_east,n00733,gresham_street/west_to_east/025_n00733_E.jpg,108.7,106.0,2.7,False
grocers_hall_court,north_to_south,n00760,grocers_hall_court/north_to_south/001_n00760_S.jpg,200.9,202.2,1.3,False
grocers_hall_court,north_to_south,n00759,grocers_hall_court/north_to_south/002_n00759_S.jpg,200.9,199.5,1.4,False
grocers_hall_court,north_to_south,n00758,grocers_hall_court/north_to_south/003_n00758_S.jpg,200.9,199.5,1.4,False
grocers_hall_court,south_to_north,n00758,grocers_hall_court/south_to_north/001_n00758_N.jpg,20.9,19.5,1.4,False
grocers_hall_court,south_to_north,n00759,grocers_hall_court/south_to_north/002_n00759_N.jpg,20.9,22.2,1.3,False
grocers_hall_court,south_to_north,n00760,grocers_hall_court/south_to_north/003_n00760_N.jpg,20.9,22.2,1.3,False
guildhall_buildings,east_to_west,n00761,guildhall_buildings/east_to_west/001_n00761_W.jpg,268.0,259.7,8.3,False
guildhall_buildings,east_to_west,n00762,guildhall_buildings/east_to_west/002_n00762_W.jpg,268.0,276.5,8.5,False
guildhall_buildings,east_to_west,n00763,guildhall_buildings/east_to_west/003_n00763_W.jpg,268.0,276.5,8.5,False
guildhall_buildings,west_to_east,n00763,guildhall_buildings/west_to_east/001_n00763_E.jpg,88.0,96.5,8.5,False
guildhall_buildings,west_to_east,n00762,guildhall_buildings/west_to_east/002_n00762_E.jpg,88.0,79.7,8.3,False
guildhall_buildings,west_to_east,n00761,guildhall_buildings/west_to_east/003_n00761_E.jpg,88.0,79.7,8.3,False
guildhall_yard,north_to_south,n00765,guildhall_yard/north_to_south/001_n00765_S.jpg,182.4,182.4,0.0,False
guildhall_yard,north_to_south,n00764,guildhall_yard/north_to_south/002_n00764_S.jpg,182.4,182.4,0.0,False
guildhall_yard,south_to_north,n00764,guildhall_yard/south_to_north/001_n00764_N.jpg,2.4,2.4,0.0,False
guildhall_yard,south_to_north,n00765,guildhall_yard/south_to_north/002_n00765_N.jpg,2.4,2.4,0.0,False
gutter_lane,north_to_south,n00774,gutter_lane/north_to_south/001_n00774_S.jpg,178.5,172.5,6.1,False
gutter_lane,north_to_south,n00773,gutter_lane/north_to_south/002_n00773_S.jpg,178.5,163.5,15.1,False
gutter_lane,north_to_south,n00772,gutter_lane/north_to_south/003_n00772_S.jpg,164.8,177.0,12.2,False
gutter_lane,north_to_south,n00771,gutter_lane/north_to_south/004_n00771_S.jpg,178.5,176.8,1.7,False
gutter_lane,north_to_south,n00770,gutter_lane/north_to_south/005_n00770_S.jpg,178.5,179.9,1.4,False
gutter_lane,north_to_south,n00769,gutter_lane/north_to_south/006_n00769_S.jpg,178.5,182.0,3.4,False
gutter_lane,north_to_south,n00768,gutter_lane/north_to_south/007_n00768_S.jpg,178.5,188.1,9.5,False
gutter_lane,north_to_south,n00767,gutter_lane/north_to_south/008_n00767_S.jpg,178.5,192.3,13.7,False
gutter_lane,north_to_south,n00766,gutter_lane/north_to_south/009_n00766_S.jpg,178.5,192.3,13.7,False
gutter_lane,south_to_north,n00766,gutter_lane/south_to_north/001_n00766_N.jpg,358.5,12.3,13.7,False
gutter_lane,south_to_north,n00767,gutter_lane/south_to_north/002_n00767_N.jpg,358.5,8.1,9.5,False
gutter_lane,south_to_north,n00768,gutter_lane/south_to_north/003_n00768_N.jpg,358.5,2.0,3.4,False
gutter_lane,south_to_north,n00769,gutter_lane/south_to_north/004_n00769_N.jpg,358.5,359.9,1.4,False
gutter_lane,south_to_north,n00770,gutter_lane/south_to_north/005_n00770_N.jpg,358.5,356.8,1.7,False
gutter_lane,south_to_north,n00771,gutter_lane/south_to_north/006_n00771_N.jpg,358.5,357.0,1.5,False
gutter_lane,south_to_north,n00772,gutter_lane/south_to_north/007_n00772_N.jpg,344.8,343.5,1.3,False
gutter_lane,south_to_north,n00773,gutter_lane/south_to_north/008_n00773_N.jpg,358.5,352.5,6.1,False
gutter_lane,south_to_north,n00774,gutter_lane/south_to_north/009_n00774_N.jpg,358.5,352.5,6.1,False
hanseatic_walk,east_to_west,n00775,hanseatic_walk/east_to_west/001_n00775_W.jpg,267.0,265.7,1.3,False
hanseatic_walk,east_to_west,n00776,hanseatic_walk/east_to_west/002_n00776_W.jpg,281.8,290.5,8.7,False
hanseatic_walk,east_to_west,n00777,hanseatic_walk/east_to_west/003_n00777_W.jpg,281.8,283.8,2.1,False
hanseatic_walk,east_to_west,n00778,hanseatic_walk/east_to_west/004_n00778_W.jpg,281.8,286.0,4.2,False
hanseatic_walk,east_to_west,n00779,hanseatic_walk/east_to_west/005_n00779_W.jpg,281.8,286.0,4.2,False
hanseatic_walk,west_to_east,n00779,hanseatic_walk/west_to_east/001_n00779_E.jpg,101.8,106.0,4.2,False
hanseatic_walk,west_to_east,n00778,hanseatic_walk/west_to_east/002_n00778_E.jpg,101.8,103.8,2.1,False
hanseatic_walk,west_to_east,n00777,hanseatic_walk/west_to_east/003_n00777_E.jpg,101.8,110.5,8.7,False
hanseatic_walk,west_to_east,n00776,hanseatic_walk/west_to_east/004_n00776_E.jpg,101.8,85.7,16.0,False
hanseatic_walk,west_to_east,n00775,hanseatic_walk/west_to_east/005_n00775_E.jpg,87.0,85.7,1.3,False
harp_lane,north_to_south,n00781,harp_lane/north_to_south/001_n00781_S.jpg,213.8,213.8,0.0,False
harp_lane,north_to_south,n00780,harp_lane/north_to_south/002_n00780_S.jpg,213.8,213.8,0.0,False
harp_lane,south_to_north,n00780,harp_lane/south_to_north/001_n00780_N.jpg,33.8,33.8,0.0,False
harp_lane,south_to_north,n00781,harp_lane/south_to_north/002_n00781_N.jpg,33.8,33.8,0.0,False
high_timber_street,east_to_west,n00782,high_timber_street/east_to_west/001_n00782_W.jpg,279.6,277.4,2.2,False
high_timber_street,east_to_west,n00783,high_timber_street/east_to_west/002_n00783_W.jpg,279.6,288.7,9.1,False
high_timber_street,east_to_west,n00784,high_timber_street/east_to_west/003_n00784_W.jpg,279.6,277.6,2.0,False
high_timber_street,east_to_west,n00785,high_timber_street/east_to_west/004_n00785_W.jpg,279.6,282.5,2.9,False
high_timber_street,east_to_west,n00786,high_timber_street/east_to_west/005_n00786_W.jpg,279.6,276.2,3.4,False
high_timber_street,east_to_west,n00787,high_timber_street/east_to_west/006_n00787_W.jpg,279.6,268.8,10.8,False
high_timber_street,east_to_west,n00788,high_timber_street/east_to_west/007_n00788_W.jpg,279.6,268.8,10.8,False
high_timber_street,west_to_east,n00788,high_timber_street/west_to_east/001_n00788_E.jpg,99.6,88.8,10.8,False
high_timber_street,west_to_east,n00787,high_timber_street/west_to_east/002_n00787_E.jpg,99.6,96.2,3.4,False
high_timber_street,west_to_east,n00786,high_timber_street/west_to_east/003_n00786_E.jpg,99.6,102.5,2.9,False
high_timber_street,west_to_east,n00785,high_timber_street/west_to_east/004_n00785_E.jpg,99.6,97.6,2.0,False
high_timber_street,west_to_east,n00784,high_timber_street/west_to_east/005_n00784_E.jpg,99.6,108.7,9.1,False
high_timber_street,west_to_east,n00783,high_timber_street/west_to_east/006_n00783_E.jpg,99.6,97.4,2.2,False
high_timber_street,west_to_east,n00782,high_timber_street/west_to_east/007_n00782_E.jpg,99.6,97.4,2.2,False
houndsditch,east_to_west,n00789,houndsditch/east_to_west/001_n00789_W.jpg,328.7,327.3,1.4,False
houndsditch,east_to_west,n00790,houndsditch/east_to_west/002_n00790_W.jpg,308.3,309.0,0.7,False
houndsditch,east_to_west,n00791,houndsditch/east_to_west/003_n00791_W.jpg,308.3,302.8,5.5,False
houndsditch,east_to_west,n00792,houndsditch/east_to_west/004_n00792_W.jpg,308.3,301.5,6.8,False
houndsditch,east_to_west,n00793,houndsditch/east_to_west/005_n00793_W.jpg,308.3,301.5,6.8,False
houndsditch,west_to_east,n00793,houndsditch/west_to_east/001_n00793_E.jpg,128.3,121.5,6.8,False
houndsditch,west_to_east,n00792,houndsditch/west_to_east/002_n00792_E.jpg,128.3,122.8,5.5,False
houndsditch,west_to_east,n00791,houndsditch/west_to_east/003_n00791_E.jpg,128.3,129.0,0.7,False
houndsditch,west_to_east,n00790,houndsditch/west_to_east/004_n00790_E.jpg,128.3,147.3,19.1,False
houndsditch,west_to_east,n00789,houndsditch/west_to_east/005_n00789_E.jpg,148.7,147.3,1.4,False
huggin_hill,north_to_south,n00798,huggin_hill/north_to_south/001_n00798_S.jpg,185.6,174.1,11.4,False
huggin_hill,north_to_south,n00797,huggin_hill/north_to_south/002_n00797_S.jpg,185.6,188.3,2.7,False
huggin_hill,north_to_south,n00796,huggin_hill/north_to_south/003_n00796_S.jpg,185.6,188.6,3.0,False
huggin_hill,north_to_south,n00795,huggin_hill/north_to_south/004_n00795_S.jpg,185.6,188.2,2.6,False
huggin_hill,north_to_south,n00794,huggin_hill/north_to_south/005_n00794_S.jpg,185.6,188.2,2.6,False
huggin_hill,south_to_north,n00794,huggin_hill/south_to_north/001_n00794_N.jpg,5.6,8.2,2.6,False
huggin_hill,south_to_north,n00795,huggin_hill/south_to_north/002_n00795_N.jpg,5.6,8.6,3.0,False
huggin_hill,south_to_north,n00796,huggin_hill/south_to_north/003_n00796_N.jpg,5.6,8.3,2.7,False
huggin_hill,south_to_north,n00797,huggin_hill/south_to_north/004_n00797_N.jpg,5.6,354.1,11.4,False
huggin_hill,south_to_north,n00798,huggin_hill/south_to_north/005_n00798_N.jpg,5.6,354.1,11.4,False
idol_lane,north_to_south,n00803,idol_lane/north_to_south/001_n00803_S.jpg,187.5,194.5,7.0,False
idol_lane,north_to_south,n00802,idol_lane/north_to_south/002_n00802_S.jpg,187.5,191.8,4.3,False
idol_lane,north_to_south,n00801,idol_lane/north_to_south/003_n00801_S.jpg,187.5,185.5,2.0,False
idol_lane,north_to_south,n00800,idol_lane/north_to_south/004_n00800_S.jpg,187.5,181.8,5.7,False
idol_lane,north_to_south,n00799,idol_lane/north_to_south/005_n00799_S.jpg,187.5,181.8,5.7,False
idol_lane,south_to_north,n00799,idol_lane/south_to_north/001_n00799_N.jpg,7.5,1.8,5.7,False
idol_lane,south_to_north,n00800,idol_lane/south_to_north/002_n00800_N.jpg,7.5,5.5,2.0,False
idol_lane,south_to_north,n00801,idol_lane/south_to_north/003_n00801_N.jpg,7.5,11.8,4.3,False
idol_lane,south_to_north,n00802,idol_lane/south_to_north/004_n00802_N.jpg,7.5,14.5,7.0,False
idol_lane,south_to_north,n00803,idol_lane/south_to_north/005_n00803_N.jpg,7.5,14.5,7.0,False
ironmonger_lane,north_to_south,n00811,ironmonger_lane/north_to_south/001_n00811_S.jpg,198.4,200.7,2.3,False
ironmonger_lane,north_to_south,n00810,ironmonger_lane/north_to_south/002_n00810_S.jpg,198.4,200.7,2.3,False
ironmonger_lane,north_to_south,n00809,ironmonger_lane/north_to_south/003_n00809_S.jpg,198.4,206.4,8.0,False
ironmonger_lane,north_to_south,n00808,ironmonger_lane/north_to_south/004_n00808_S.jpg,198.4,201.4,3.0,False
ironmonger_lane,north_to_south,n00807,ironmonger_lane/north_to_south/005_n00807_S.jpg,198.4,197.6,0.8,False
ironmonger_lane,north_to_south,n00806,ironmonger_lane/north_to_south/006_n00806_S.jpg,198.4,194.4,4.0,False
ironmonger_lane,north_to_south,n00805,ironmonger_lane/north_to_south/007_n00805_S.jpg,198.4,179.6,18.8,False
ironmonger_lane,north_to_south,n00804,ironmonger_lane/north_to_south/008_n00804_S.jpg,181.0,179.6,1.4,False
ironmonger_lane,south_to_north,n00804,ironmonger_lane/south_to_north/001_n00804_N.jpg,1.0,359.6,1.4,False
ironmonger_lane,south_to_north,n00805,ironmonger_lane/south_to_north/002_n00805_N.jpg,18.4,14.4,4.0,False
ironmonger_lane,south_to_north,n00806,ironmonger_lane/south_to_north/003_n00806_N.jpg,18.4,17.6,0.8,False
ironmonger_lane,south_to_north,n00807,ironmonger_lane/south_to_north/004_n00807_N.jpg,18.4,21.4,3.0,False
ironmonger_lane,south_to_north,n00808,ironmonger_lane/south_to_north/005_n00808_N.jpg,18.4,26.4,8.0,False
ironmonger_lane,south_to_north,n00809,ironmonger_lane/south_to_north/006_n00809_N.jpg,18.4,20.7,2.3,False
ironmonger_lane,south_to_north,n00810,ironmonger_lane/south_to_north/007_n00810_N.jpg,18.4,20.7,2.3,False
ironmonger_lane,south_to_north,n00811,ironmonger_lane/south_to_north/008_n00811_N.jpg,18.4,20.7,2.3,False
kennett_wharf_lane,north_to_south,n00815,kennett_wharf_lane/north_to_south/001_n00815_S.jpg,197.2,193.7,3.5,False
kennett_wharf_lane,north_to_south,n00813,kennett_wharf_lane/north_to_south/002_n00813_S.jpg,197.2,193.7,3.5,False
kennett_wharf_lane,north_to_south,n00816,kennett_wharf_lane/north_to_south/003_n00816_S.jpg,197.2,184.9,12.3,False
kennett_wharf_lane,north_to_south,n00814,kennett_wharf_lane/north_to_south/004_n00814_S.jpg,197.2,197.1,0.1,False
kennett_wharf_lane,north_to_south,n00812,kennett_wharf_lane/north_to_south/005_n00812_S.jpg,197.2,197.1,0.1,False
kennett_wharf_lane,south_to_north,n00812,kennett_wharf_lane/south_to_north/001_n00812_N.jpg,17.2,17.1,0.1,False
kennett_wharf_lane,south_to_north,n00814,kennett_wharf_lane/south_to_north/002_n00814_N.jpg,17.2,4.9,12.3,False
kennett_wharf_lane,south_to_north,n00816,kennett_wharf_lane/south_to_north/003_n00816_N.jpg,17.2,4.9,12.3,False
kennett_wharf_lane,south_to_north,n00813,kennett_wharf_lane/south_to_north/004_n00813_N.jpg,17.2,13.7,3.5,False
kennett_wharf_lane,south_to_north,n00815,kennett_wharf_lane/south_to_north/005_n00815_N.jpg,17.2,13.7,3.5,False
king_s_arms_yard,east_to_west,n00852,king_s_arms_yard/east_to_west/001_n00852_W.jpg,280.4,290.3,10.0,False
king_s_arms_yard,east_to_west,n00853,king_s_arms_yard/east_to_west/002_n00853_W.jpg,280.4,276.1,4.2,False
king_s_arms_yard,east_to_west,n00854,king_s_arms_yard/east_to_west/003_n00854_W.jpg,263.3,261.8,1.5,False
king_s_arms_yard,east_to_west,n00855,king_s_arms_yard/east_to_west/004_n00855_W.jpg,280.4,293.1,12.8,False
king_s_arms_yard,east_to_west,n00856,king_s_arms_yard/east_to_west/005_n00856_W.jpg,280.4,278.4,2.0,False
king_s_arms_yard,east_to_west,n00857,king_s_arms_yard/east_to_west/006_n00857_W.jpg,280.4,278.4,2.0,False
king_s_arms_yard,west_to_east,n00857,king_s_arms_yard/west_to_east/001_n00857_E.jpg,100.4,98.4,2.0,False
king_s_arms_yard,west_to_east,n00856,king_s_arms_yard/west_to_east/002_n00856_E.jpg,100.4,113.1,12.8,False
king_s_arms_yard,west_to_east,n00855,king_s_arms_yard/west_to_east/003_n00855_E.jpg,100.4,81.8,18.5,False
king_s_arms_yard,west_to_east,n00854,king_s_arms_yard/west_to_east/004_n00854_E.jpg,83.3,96.1,12.8,False
king_s_arms_yard,west_to_east,n00853,king_s_arms_yard/west_to_east/005_n00853_E.jpg,100.4,110.3,10.0,False
king_s_arms_yard,west_to_east,n00852,king_s_arms_yard/west_to_east/006_n00852_E.jpg,100.4,110.3,10.0,False
king_street,north_to_south,n00824,king_street/north_to_south/001_n00824_S.jpg,184.2,197.8,13.6,False
king_street,north_to_south,n00823,king_street/north_to_south/002_n00823_S.jpg,184.2,175.6,8.6,False
king_street,north_to_south,n00822,king_street/north_to_south/003_n00822_S.jpg,184.2,185.5,1.3,False
king_street,north_to_south,n00821,king_street/north_to_south/004_n00821_S.jpg,184.2,184.0,0.2,False
king_street,north_to_south,n00820,king_street/north_to_south/005_n00820_S.jpg,184.2,186.0,1.8,False
king_street,north_to_south,n00819,king_street/north_to_south/006_n00819_S.jpg,184.2,183.2,1.0,False
king_street,north_to_south,n00818,king_street/north_to_south/007_n00818_S.jpg,184.2,187.3,3.1,False
king_street,north_to_south,n00817,king_street/north_to_south/008_n00817_S.jpg,184.2,187.3,3.1,False
king_street,south_to_north,n00817,king_street/south_to_north/001_n00817_N.jpg,4.2,7.3,3.1,False
king_street,south_to_north,n00818,king_street/south_to_north/002_n00818_N.jpg,4.2,3.2,1.0,False
king_street,south_to_north,n00819,king_street/south_to_north/003_n00819_N.jpg,4.2,6.0,1.8,False
king_street,south_to_north,n00820,king_street/south_to_north/004_n00820_N.jpg,4.2,4.0,0.2,False
king_street,south_to_north,n00821,king_street/south_to_north/005_n00821_N.jpg,4.2,5.5,1.3,False
king_street,south_to_north,n00822,king_street/south_to_north/006_n00822_N.jpg,4.2,355.6,8.6,False
king_street,south_to_north,n00823,king_street/south_to_north/007_n00823_N.jpg,4.2,17.8,13.6,False
king_street,south_to_north,n00824,king_street/south_to_north/008_n00824_N.jpg,4.2,17.8,13.6,False
king_william_street,north_to_south,n00851,king_william_street/north_to_south/001_n00851_S.jpg,160.5,161.6,1.1,False
king_william_street,north_to_south,n00850,king_william_street/north_to_south/002_n00850_S.jpg,160.5,153.2,7.2,False
king_william_street,north_to_south,n00849,king_william_street/north_to_south/003_n00849_S.jpg,160.5,156.1,4.4,False
king_william_street,north_to_south,n00848,king_william_street/north_to_south/004_n00848_S.jpg,160.5,155.2,5.3,False
king_william_street,north_to_south,n00847,king_william_street/north_to_south/005_n00847_S.jpg,160.5,145.1,15.4,False
king_william_street,north_to_south,n00846,king_william_street/north_to_south/006_n00846_S.jpg,146.4,151.0,4.6,False
king_william_street,north_to_south,n00845,king_william_street/north_to_south/007_n00845_S.jpg,160.5,147.3,13.2,False
king_william_street,north_to_south,n00844,king_william_street/north_to_south/008_n00844_S.jpg,160.5,150.5,10.0,False
king_william_street,north_to_south,n00843,king_william_street/north_to_south/009_n00843_S.jpg,160.5,150.8,9.7,False
king_william_street,north_to_south,n00842,king_william_street/north_to_south/010_n00842_S.jpg,160.5,151.3,9.2,False
king_william_street,north_to_south,n00841,king_william_street/north_to_south/011_n00841_S.jpg,160.5,149.1,11.4,False
king_william_street,north_to_south,n00840,king_william_street/north_to_south/012_n00840_S.jpg,160.5,161.1,0.6,False
king_william_street,north_to_south,n00839,king_william_street/north_to_south/013_n00839_S.jpg,160.5,106.3,54.1,False
king_william_street,north_to_south,n00837,king_william_street/north_to_south/014_n00837_S.jpg,160.5,181.7,21.2,False
king_william_street,north_to_south,n00838,king_william_street/south_to_north/013_n00838_N.jpg,287.6,207.9,79.7,True
king_william_street,north_to_south,n00836,king_william_street/north_to_south/016_n00836_S.jpg,209.4,196.1,13.3,False
king_william_street,north_to_south,n00835,king_william_street/north_to_south/017_n00835_S.jpg,183.4,192.4,9.0,False
king_william_street,north_to_south,n00834,king_william_street/north_to_south/018_n00834_S.jpg,197.6,193.6,4.0,False
king_william_street,north_to_south,n00833,king_william_street/north_to_south/019_n00833_S.jpg,160.5,194.8,34.3,False
king_william_street,north_to_south,n00832,king_william_street/north_to_south/020_n00832_S.jpg,160.5,193.8,33.3,False
king_william_street,north_to_south,n00831,king_william_street/north_to_south/021_n00831_S.jpg,196.4,192.6,3.8,False
king_william_street,north_to_south,n00830,king_william_street/north_to_south/022_n00830_S.jpg,195.3,192.8,2.5,False
king_william_street,north_to_south,n00829,king_william_street/north_to_south/023_n00829_S.jpg,194.2,193.0,1.2,False
king_william_street,north_to_south,n00828,king_william_street/north_to_south/024_n00828_S.jpg,194.4,192.4,2.0,False
king_william_street,north_to_south,n00827,king_william_street/north_to_south/025_n00827_S.jpg,194.5,193.4,1.1,False
king_william_street,north_to_south,n00826,king_william_street/north_to_south/026_n00826_S.jpg,194.0,192.4,1.6,False
king_william_street,north_to_south,n00825,king_william_street/north_to_south/027_n00825_S.jpg,194.9,193.4,1.5,False
king_william_street,south_to_north,n00825,king_william_street/south_to_north/001_n00825_N.jpg,14.9,13.4,1.5,False
king_william_street,south_to_north,n00826,king_william_street/south_to_north/002_n00826_N.jpg,14.0,12.4,1.6,False
king_william_street,south_to_north,n00827,king_william_street/south_to_north/003_n00827_N.jpg,14.5,13.0,1.5,False
king_william_street,south_to_north,n00828,king_william_street/south_to_north/004_n00828_N.jpg,14.4,12.8,1.6,False
king_william_street,south_to_north,n00829,king_william_street/south_to_north/005_n00829_N.jpg,14.2,12.6,1.6,False
king_william_street,south_to_north,n00830,king_william_street/south_to_north/006_n00830_N.jpg,15.3,13.8,1.5,False
king_william_street,south_to_north,n00831,king_william_street/south_to_north/007_n00831_N.jpg,16.4,14.8,1.6,False
king_william_street,south_to_north,n00832,king_william_street/south_to_north/008_n00832_N.jpg,340.5,13.6,33.2,False
king_william_street,south_to_north,n00833,king_william_street/south_to_north/009_n00833_N.jpg,340.5,12.4,31.9,False
king_william_street,south_to_north,n00834,king_william_street/south_to_north/010_n00834_N.jpg,17.6,16.1,1.5,False
king_william_street,south_to_north,n00835,king_william_street/south_to_north/011_n00835_N.jpg,3.4,1.7,1.7,False
king_william_street,south_to_north,n00836,king_william_street/south_to_north/012_n00836_N.jpg,29.4,27.9,1.5,False
king_william_street,south_to_north,n00838,king_william_street/south_to_north/013_n00838_N.jpg,287.6,286.3,1.3,False
king_william_street,south_to_north,n00837,king_william_street/south_to_north/014_n00837_N.jpg,340.5,1.7,21.2,False
king_william_street,south_to_north,n00839,king_william_street/south_to_north/015_n00839_N.jpg,340.5,341.1,0.6,False
king_william_street,south_to_north,n00840,king_william_street/south_to_north/016_n00840_N.jpg,340.5,329.1,11.4,False
king_william_street,south_to_north,n00841,king_william_street/south_to_north/017_n00841_N.jpg,340.5,331.3,9.2,False
king_william_street,south_to_north,n00842,king_william_street/south_to_north/018_n00842_N.jpg,340.5,330.8,9.7,False
king_william_street,south_to_north,n00843,king_william_street/south_to_north/019_n00843_N.jpg,340.5,330.5,10.0,False
king_william_street,south_to_north,n00844,king_william_street/south_to_north/020_n00844_N.jpg,340.5,327.3,13.2,False
king_william_street,south_to_north,n00845,king_william_street/south_to_north/021_n00845_N.jpg,340.5,331.0,9.5,False
king_william_street,south_to_north,n00846,king_william_street/south_to_north/022_n00846_N.jpg,326.4,325.1,1.3,False
king_william_street,south_to_north,n00847,king_william_street/south_to_north/023_n00847_N.jpg,340.5,335.2,5.3,False
king_william_street,south_to_north,n00848,king_william_street/south_to_north/024_n00848_N.jpg,340.5,336.1,4.4,False
king_william_street,south_to_north,n00849,king_william_street/south_to_north/025_n00849_N.jpg,340.5,333.2,7.2,False
king_william_street,south_to_north,n00850,king_william_street/south_to_north/026_n00850_N.jpg,340.5,341.6,1.1,False
king_william_street,south_to_north,n00851,king_william_street/south_to_north/027_n00851_N.jpg,340.5,341.6,1.1,False
lambeth_hill,east_to_west,n00858,lambeth_hill/east_to_west/001_n00858_W.jpg,342.0,340.3,1.7,False
lambeth_hill,east_to_west,n00859,lambeth_hill/east_to_west/002_n00859_W.jpg,304.2,279.9,24.3,False
lambeth_hill,east_to_west,n00860,lambeth_hill/east_to_west/003_n00860_W.jpg,304.2,276.6,27.6,False
lambeth_hill,east_to_west,n00861,lambeth_hill/east_to_west/004_n00861_W.jpg,312.4,311.1,1.3,False
lambeth_hill,east_to_west,n00862,lambeth_hill/east_to_west/005_n00862_W.jpg,304.2,5.8,61.6,False
lambeth_hill,east_to_west,n00863,lambeth_hill/east_to_west/006_n00863_W.jpg,304.2,5.8,61.6,False
lambeth_hill,west_to_east,n00863,lambeth_hill/west_to_east/001_n00863_E.jpg,124.2,185.8,61.6,False
lambeth_hill,west_to_east,n00862,lambeth_hill/west_to_east/002_n00862_E.jpg,124.2,131.1,6.9,False
lambeth_hill,west_to_east,n00861,lambeth_hill/west_to_east/003_n00861_E.jpg,132.4,96.6,35.8,False
lambeth_hill,west_to_east,n00860,lambeth_hill/west_to_east/004_n00860_E.jpg,124.2,99.9,24.3,False
lambeth_hill,west_to_east,n00859,lambeth_hill/west_to_east/005_n00859_E.jpg,124.2,160.3,36.1,False
lambeth_hill,west_to_east,n00858,lambeth_hill/west_to_east/006_n00858_E.jpg,162.0,160.3,1.7,False
langthorn_court,east_to_west,n00864,langthorn_court/east_to_west/001_n00864_W.jpg,0.0,0.0,0.0,False
langthorn_court,east_to_west,n00865,langthorn_court/east_to_west/002_n00865_W.jpg,0.0,0.0,0.0,False
langthorn_court,west_to_east,n00864,langthorn_court/east_to_west/001_n00864_W.jpg,0.0,0.0,0.0,True
langthorn_court,west_to_east,n00865,langthorn_court/east_to_west/002_n00865_W.jpg,0.0,0.0,0.0,True
laurence_pountney_hill,north_to_south,n00873,laurence_pountney_hill/north_to_south/001_n00873_S.jpg,210.7,209.1,1.6,False
laurence_pountney_hill,north_to_south,n00872,laurence_pountney_hill/north_to_south/002_n00872_S.jpg,210.7,175.9,34.8,False
laurence_pountney_hill,north_to_south,n00871,laurence_pountney_hill/north_to_south/003_n00871_S.jpg,166.6,182.6,16.1,False
laurence_pountney_hill,north_to_south,n00869,laurence_pountney_hill/north_to_south/004_n00869_S.jpg,109.6,108.1,1.5,False
laurence_pountney_hill,north_to_south,n00868,laurence_pountney_hill/north_to_south/005_n00868_S.jpg,109.6,107.6,2.0,False
laurence_pountney_hill,north_to_south,n00870,laurence_pountney_hill/south_to_north/004_n00870_N.jpg,4.1,288.1,76.0,True
laurence_pountney_hill,north_to_south,n00867,laurence_pountney_hill/north_to_south/007_n00867_S.jpg,109.0,80.6,28.4,False
laurence_pountney_hill,north_to_south,n00866,laurence_pountney_hill/south_to_north/001_n00866_N.jpg,82.3,80.6,1.7,True
laurence_pountney_hill,south_to_north,n00866,laurence_pountney_hill/north_to_south/008_n00866_S.jpg,262.3,260.6,1.7,True
laurence_pountney_hill,south_to_north,n00867,laurence_pountney_hill/south_to_north/002_n00867_N.jpg,289.0,287.6,1.4,False
laurence_pountney_hill,south_to_north,n00868,laurence_pountney_hill/south_to_north/003_n00868_N.jpg,289.6,288.1,1.5,False
laurence_pountney_hill,south_to_north,n00870,laurence_pountney_hill/south_to_north/004_n00870_N.jpg,4.1,2.6,1.5,False
laurence_pountney_hill,south_to_north,n00869,laurence_pountney_hill/north_to_south/004_n00869_S.jpg,109.6,108.1,1.5,True
laurence_pountney_hill,south_to_north,n00871,laurence_pountney_hill/south_to_north/006_n00871_N.jpg,346.6,355.9,9.3,False
laurence_pountney_hill,south_to_north,n00872,laurence_pountney_hill/south_to_north/007_n00872_N.jpg,30.7,29.1,1.6,False
laurence_pountney_hill,south_to_north,n00873,laurence_pountney_hill/south_to_north/008_n00873_N.jpg,30.7,29.1,1.6,False
laurence_pountney_lane,north_to_south,n00880,laurence_pountney_lane/north_to_south/001_n00880_S.jpg,198.9,198.6,0.2,False
laurence_pountney_lane,north_to_south,n00879,laurence_pountney_lane/north_to_south/002_n00879_S.jpg,198.9,198.8,0.0,False
laurence_pountney_lane,north_to_south,n00878,laurence_pountney_lane/north_to_south/003_n00878_S.jpg,198.9,199.1,0.2,False
laurence_pountney_lane,north_to_south,n00877,laurence_pountney_lane/north_to_south/004_n00877_S.jpg,198.9,197.9,1.0,False
laurence_pountney_lane,north_to_south,n00876,laurence_pountney_lane/north_to_south/005_n00876_S.jpg,198.9,198.2,0.6,False
laurence_pountney_lane,north_to_south,n00875,laurence_pountney_lane/north_to_south/006_n00875_S.jpg,198.9,201.4,2.5,False
laurence_pountney_lane,north_to_south,n00874,laurence_pountney_lane/north_to_south/007_n00874_S.jpg,198.9,201.4,2.5,False
laurence_pountney_lane,south_to_north,n00874,laurence_pountney_lane/south_to_north/001_n00874_N.jpg,18.9,21.4,2.5,False
laurence_pountney_lane,south_to_north,n00875,laurence_pountney_lane/south_to_north/002_n00875_N.jpg,18.9,18.2,0.6,False
laurence_pountney_lane,south_to_north,n00876,laurence_pountney_lane/south_to_north/003_n00876_N.jpg,18.9,17.9,1.0,False
laurence_pountney_lane,south_to_north,n00877,laurence_pountney_lane/south_to_north/004_n00877_N.jpg,18.9,19.1,0.2,False
laurence_pountney_lane,south_to_north,n00878,laurence_pountney_lane/south_to_north/005_n00878_N.jpg,18.9,18.8,0.0,False
laurence_pountney_lane,south_to_north,n00879,laurence_pountney_lane/south_to_north/006_n00879_N.jpg,18.9,18.6,0.2,False
laurence_pountney_lane,south_to_north,n00880,laurence_pountney_lane/south_to_north/007_n00880_N.jpg,18.9,18.6,0.2,False
lawrence_lane,north_to_south,n00885,lawrence_lane/north_to_south/001_n00885_S.jpg,180.0,193.6,13.6,False
lawrence_lane,north_to_south,n00884,lawrence_lane/north_to_south/002_n00884_S.jpg,180.0,189.7,9.7,False
lawrence_lane,north_to_south,n00883,lawrence_lane/north_to_south/003_n00883_S.jpg,180.0,181.3,1.3,False
lawrence_lane,north_to_south,n00882,lawrence_lane/north_to_south/004_n00882_S.jpg,180.0,127.9,52.1,False
lawrence_lane,north_to_south,n00881,lawrence_lane/north_to_south/005_n00881_S.jpg,180.0,127.9,52.1,False
lawrence_lane,south_to_north,n00881,lawrence_lane/south_to_north/001_n00881_N.jpg,360.0,307.9,52.1,False
lawrence_lane,south_to_north,n00882,lawrence_lane/south_to_north/002_n00882_N.jpg,360.0,1.3,1.3,False
lawrence_lane,south_to_north,n00883,lawrence_lane/south_to_north/003_n00883_N.jpg,360.0,9.7,9.7,False
lawrence_lane,south_to_north,n00884,lawrence_lane/south_to_north/004_n00884_N.jpg,360.0,13.6,13.6,False
lawrence_lane,south_to_north,n00885,lawrence_lane/south_to_north/005_n00885_N.jpg,360.0,13.6,13.6,False
leadenhall_market,east_to_west,n00886,leadenhall_market/east_to_west/001_n00886_W.jpg,287.0,297.2,10.2,False
leadenhall_market,east_to_west,n00887,leadenhall_market/east_to_west/002_n00887_W.jpg,287.0,285.3,1.7,False
leadenhall_market,east_to_west,n00888,leadenhall_market/east_to_west/003_n00888_W.jpg,287.0,283.5,3.4,False
leadenhall_market,east_to_west,n00889,leadenhall_market/east_to_west/004_n00889_W.jpg,287.0,283.6,3.4,False
leadenhall_market,east_to_west,n00890,leadenhall_market/east_to_west/005_n00890_W.jpg,287.0,283.6,3.4,False
leadenhall_market,west_to_east,n00890,leadenhall_market/west_to_east/001_n00890_E.jpg,107.0,103.6,3.4,False
leadenhall_market,west_to_east,n00889,leadenhall_market/west_to_east/002_n00889_E.jpg,107.0,103.5,3.4,False
leadenhall_market,west_to_east,n00888,leadenhall_market/west_to_east/003_n00888_E.jpg,107.0,105.3,1.7,False
leadenhall_market,west_to_east,n00887,leadenhall_market/west_to_east/004_n00887_E.jpg,107.0,117.2,10.2,False
leadenhall_market,west_to_east,n00886,leadenhall_market/west_to_east/005_n00886_E.jpg,107.0,117.2,10.2,False
leadenhall_place,east_to_west,n00891,leadenhall_place/east_to_west/001_n00891_W.jpg,301.2,309.3,8.1,False
leadenhall_place,east_to_west,n00892,leadenhall_place/east_to_west/002_n00892_W.jpg,301.2,292.8,8.4,False
leadenhall_place,east_to_west,n00893,leadenhall_place/east_to_west/003_n00893_W.jpg,301.2,292.8,8.4,False
leadenhall_place,west_to_east,n00893,leadenhall_place/west_to_east/001_n00893_E.jpg,121.2,112.8,8.4,False
leadenhall_place,west_to_east,n00892,leadenhall_place/west_to_east/002_n00892_E.jpg,121.2,129.3,8.1,False
leadenhall_place,west_to_east,n00891,leadenhall_place/west_to_east/003_n00891_E.jpg,121.2,129.3,8.1,False
leadenhall_street,east_to_west,n00894,leadenhall_street/east_to_west/001_n00894_W.jpg,268.6,281.7,13.1,False
leadenhall_street,east_to_west,n00895,leadenhall_street/east_to_west/002_n00895_W.jpg,268.6,273.7,5.1,False
leadenhall_street,east_to_west,n00896,leadenhall_street/east_to_west/003_n00896_W.jpg,268.6,277.5,8.9,False
leadenhall_street,east_to_west,n00897,leadenhall_street/east_to_west/004_n00897_W.jpg,268.6,274.7,6.2,False
leadenhall_street,east_to_west,n00898,leadenhall_street/east_to_west/005_n00898_W.jpg,268.6,272.2,3.6,False
leadenhall_street,east_to_west,n00899,leadenhall_street/east_to_west/006_n00899_W.jpg,268.6,267.6,1.0,False
leadenhall_street,east_to_west,n00900,leadenhall_street/east_to_west/007_n00900_W.jpg,268.6,264.7,3.8,False
leadenhall_street,east_to_west,n00901,leadenhall_street/east_to_west/008_n00901_W.jpg,268.6,265.3,3.3,False
leadenhall_street,east_to_west,n00902,leadenhall_street/east_to_west/009_n00902_W.jpg,268.6,266.2,2.3,False
leadenhall_street,east_to_west,n00903,leadenhall_street/east_to_west/010_n00903_W.jpg,268.6,257.0,11.5,False
leadenhall_street,east_to_west,n00904,leadenhall_street/east_to_west/011_n00904_W.jpg,268.6,268.5,0.1,False
leadenhall_street,east_to_west,n00905,leadenhall_street/east_to_west/012_n00905_W.jpg,268.6,264.3,4.2,False
leadenhall_street,east_to_west,n00906,leadenhall_street/east_to_west/013_n00906_W.jpg,268.6,276.2,7.6,False
leadenhall_street,east_to_west,n00907,leadenhall_street/east_to_west/014_n00907_W.jpg,252.8,251.1,1.7,False
leadenhall_street,east_to_west,n00908,leadenhall_street/east_to_west/015_n00908_W.jpg,252.8,251.1,1.7,False
leadenhall_street,west_to_east,n00908,leadenhall_street/west_to_east/001_n00908_E.jpg,72.8,71.1,1.7,False
leadenhall_street,west_to_east,n00907,leadenhall_street/west_to_east/002_n00907_E.jpg,72.8,96.2,23.4,False
leadenhall_street,west_to_east,n00906,leadenhall_street/west_to_east/003_n00906_E.jpg,88.6,84.3,4.2,False
leadenhall_street,west_to_east,n00905,leadenhall_street/west_to_east/004_n00905_E.jpg,88.6,88.5,0.1,False
leadenhall_street,west_to_east,n00904,leadenhall_street/west_to_east/005_n00904_E.jpg,88.6,77.0,11.5,False
leadenhall_street,west_to_east,n00903,leadenhall_street/west_to_east/006_n00903_E.jpg,88.6,86.2,2.3,False
leadenhall_street,west_to_east,n00902,leadenhall_street/west_to_east/007_n00902_E.jpg,88.6,85.3,3.3,False
leadenhall_street,west_to_east,n00901,leadenhall_street/west_to_east/008_n00901_E.jpg,88.6,84.7,3.8,False
leadenhall_street,west_to_east,n00900,leadenhall_street/west_to_east/009_n00900_E.jpg,88.6,87.6,1.0,False
leadenhall_street,west_to_east,n00899,leadenhall_street/west_to_east/010_n00899_E.jpg,88.6,92.2,3.6,False
leadenhall_street,west_to_east,n00898,leadenhall_street/west_to_east/011_n00898_E.jpg,88.6,94.7,6.2,False
leadenhall_street,west_to_east,n00897,leadenhall_street/west_to_east/012_n00897_E.jpg,88.6,97.5,8.9,False
leadenhall_street,west_to_east,n00896,leadenhall_street/west_to_east/013_n00896_E.jpg,88.6,93.7,5.1,False
leadenhall_street,west_to_east,n00895,leadenhall_street/west_to_east/014_n00895_E.jpg,88.6,101.7,13.1,False
leadenhall_street,west_to_east,n00894,leadenhall_street/west_to_east/015_n00894_E.jpg,88.6,101.7,13.1,False
lime_street,north_to_south,n00923,lime_street/north_to_south/001_n00923_S.jpg,185.3,183.8,1.5,False
lime_street,north_to_south,n00922,lime_street/north_to_south/002_n00922_S.jpg,185.3,198.7,13.4,False
lime_street,north_to_south,n00921,lime_street/north_to_south/003_n00921_S.jpg,200.3,200.5,0.2,False
lime_street,north_to_south,n00920,lime_street/north_to_south/004_n00920_S.jpg,202.1,201.5,0.6,False
lime_street,north_to_south,n00919,lime_street/north_to_south/005_n00919_S.jpg,203.0,205.9,2.9,False
lime_street,north_to_south,n00918,lime_street/north_to_south/006_n00918_S.jpg,219.0,250.0,31.0,False
lime_street,north_to_south,n00917,lime_street/north_to_south/007_n00917_S.jpg,251.7,213.5,38.2,False
lime_street,north_to_south,n00916,lime_street/north_to_south/008_n00916_S.jpg,219.0,211.8,7.3,False
lime_street,north_to_south,n00915,lime_street/north_to_south/009_n00915_S.jpg,219.0,245.1,26.1,False
lime_street,north_to_south,n00914,lime_street/north_to_south/010_n00914_S.jpg,246.7,248.2,1.5,False
lime_street,north_to_south,n00913,lime_street/north_to_south/011_n00913_S.jpg,219.0,253.9,34.8,False
lime_street,north_to_south,n00912,lime_street/north_to_south/012_n00912_S.jpg,255.6,228.0,27.6,False
lime_street,north_to_south,n00911,lime_street/north_to_south/013_n00911_S.jpg,219.0,200.3,18.7,False
lime_street,north_to_south,n00910,lime_street/north_to_south/014_n00910_S.jpg,201.9,195.5,6.4,False
lime_street,north_to_south,n00909,lime_street/north_to_south/015_n00909_S.jpg,197.1,195.5,1.6,False
lime_street,south_to_north,n00909,lime_street/south_to_north/001_n00909_N.jpg,17.1,15.5,1.6,False
lime_street,south_to_north,n00910,lime_street/south_to_north/002_n00910_N.jpg,21.9,20.3,1.6,False
lime_street,south_to_north,n00911,lime_street/south_to_north/003_n00911_N.jpg,39.0,48.0,9.0,False
lime_street,south_to_north,n00912,lime_street/south_to_north/004_n00912_N.jpg,75.6,73.9,1.7,False
lime_street,south_to_north,n00913,lime_street/south_to_north/005_n00913_N.jpg,39.0,68.2,29.1,False
lime_street,south_to_north,n00914,lime_street/south_to_north/006_n00914_N.jpg,66.7,65.1,1.6,False
lime_street,south_to_north,n00915,lime_street/south_to_north/007_n00915_N.jpg,39.0,31.8,7.3,False
lime_street,south_to_north,n00916,lime_street/south_to_north/008_n00916_N.jpg,39.0,33.5,5.6,False
lime_street,south_to_north,n00917,lime_street/south_to_north/009_n00917_N.jpg,71.7,70.0,1.7,False
lime_street,south_to_north,n00918,lime_street/south_to_north/010_n00918_N.jpg,39.0,25.9,13.2,False
lime_street,south_to_north,n00919,lime_street/south_to_north/011_n00919_N.jpg,23.0,21.5,1.5,False
lime_street,south_to_north,n00920,lime_street/south_to_north/012_n00920_N.jpg,22.1,20.5,1.6,False
lime_street,south_to_north,n00921,lime_street/south_to_north/013_n00921_N.jpg,20.3,18.7,1.6,False
lime_street,south_to_north,n00922,lime_street/south_to_north/014_n00922_N.jpg,5.3,3.8,1.5,False
lime_street,south_to_north,n00923,lime_street/south_to_north/015_n00923_N.jpg,5.3,3.8,1.5,False
lime_street_passage,north_to_south,n00928,lime_street_passage/north_to_south/001_n00928_S.jpg,178.7,189.2,10.6,False
lime_street_passage,north_to_south,n00927,lime_street_passage/north_to_south/002_n00927_S.jpg,190.8,202.4,11.6,False
lime_street_passage,north_to_south,n00926,lime_street_passage/north_to_south/003_n00926_S.jpg,178.7,171.9,6.7,False
lime_street_passage,north_to_south,n00925,lime_street_passage/north_to_south/004_n00925_S.jpg,178.7,152.4,26.2,False
lime_street_passage,north_to_south,n00924,lime_street_passage/north_to_south/005_n00924_S.jpg,153.8,152.4,1.4,False
lime_street_passage,south_to_north,n00924,lime_street_passage/south_to_north/001_n00924_N.jpg,333.8,332.4,1.4,False
lime_street_passage,south_to_north,n00925,lime_street_passage/south_to_north/002_n00925_N.jpg,358.7,351.9,6.7,False
lime_street_passage,south_to_north,n00926,lime_street_passage/south_to_north/003_n00926_N.jpg,358.7,22.4,23.8,False
lime_street_passage,south_to_north,n00927,lime_street_passage/south_to_north/004_n00927_N.jpg,10.8,9.2,1.6,False
lime_street_passage,south_to_north,n00928,lime_street_passage/south_to_north/005_n00928_N.jpg,358.7,9.2,10.6,False
little_britain,east_to_west,n00933,little_britain/east_to_west/001_n00933_W.jpg,259.9,269.4,9.5,False
little_britain,east_to_west,n00932,little_britain/east_to_west/002_n00932_W.jpg,259.9,258.7,1.2,False
little_britain,east_to_west,n00931,little_britain/east_to_west/003_n00931_W.jpg,259.9,253.0,6.8,False
little_britain,east_to_west,n00930,little_britain/east_to_west/004_n00930_W.jpg,259.9,256.0,3.9,False
little_britain,east_to_west,n00929,little_britain/east_to_west/005_n00929_W.jpg,259.9,256.0,3.9,False
little_britain,west_to_east,n00929,little_britain/west_to_east/001_n00929_E.jpg,79.9,76.0,3.9,False
little_britain,west_to_east,n00930,little_britain/west_to_east/002_n00930_E.jpg,79.9,73.0,6.8,False
little_britain,west_to_east,n00931,little_britain/west_to_east/003_n00931_E.jpg,79.9,78.7,1.2,False
little_britain,west_to_east,n00932,little_britain/west_to_east/004_n00932_E.jpg,79.9,89.4,9.5,False
little_britain,west_to_east,n00933,little_britain/west_to_east/005_n00933_E.jpg,79.9,89.4,9.5,False
little_college_lane,north_to_south,n00935,little_college_lane/north_to_south/001_n00935_S.jpg,213.1,213.1,0.0,False
little_college_lane,north_to_south,n00934,little_college_lane/north_to_south/002_n00934_S.jpg,213.1,213.1,0.0,False
little_college_lane,south_to_north,n00934,little_college_lane/south_to_north/001_n00934_N.jpg,33.1,33.1,0.0,False
little_college_lane,south_to_north,n00935,little_college_lane/south_to_north/002_n00935_N.jpg,33.1,33.1,0.0,False
little_trinity_lane,north_to_south,n00942,little_trinity_lane/north_to_south/001_n00942_S.jpg,190.6,189.0,1.6,False
little_trinity_lane,north_to_south,n00941,little_trinity_lane/north_to_south/002_n00941_S.jpg,190.6,189.4,1.2,False
little_trinity_lane,north_to_south,n00940,little_trinity_lane/north_to_south/003_n00940_S.jpg,191.0,187.9,3.1,False
little_trinity_lane,north_to_south,n00939,little_trinity_lane/north_to_south/004_n00939_S.jpg,189.4,141.6,47.8,False
little_trinity_lane,north_to_south,n00938,little_trinity_lane/north_to_south/005_n00938_S.jpg,150.9,94.2,56.6,False
little_trinity_lane,north_to_south,n00937,little_trinity_lane/north_to_south/006_n00937_S.jpg,95.8,85.3,10.5,False
little_trinity_lane,north_to_south,n00936,little_trinity_lane/south_to_north/001_n00936_N.jpg,86.7,85.3,1.4,True
little_trinity_lane,south_to_north,n00936,little_trinity_lane/north_to_south/007_n00936_S.jpg,266.7,265.3,1.4,True
little_trinity_lane,south_to_north,n00937,little_trinity_lane/south_to_north/002_n00937_N.jpg,275.8,274.2,1.6,False
little_trinity_lane,south_to_north,n00938,little_trinity_lane/south_to_north/003_n00938_N.jpg,330.9,321.6,9.3,False
little_trinity_lane,south_to_north,n00939,little_trinity_lane/south_to_north/004_n00939_N.jpg,9.4,7.9,1.5,False
little_trinity_lane,south_to_north,n00940,little_trinity_lane/south_to_north/005_n00940_N.jpg,11.0,9.4,1.6,False
little_trinity_lane,south_to_north,n00941,little_trinity_lane/south_to_north/006_n00941_N.jpg,10.6,9.0,1.6,False
little_trinity_lane,south_to_north,n00942,little_trinity_lane/south_to_north/007_n00942_N.jpg,10.6,9.0,1.6,False
liverpool_street,east_to_west,n00943,liverpool_street/east_to_west/001_n00943_W.jpg,313.7,312.4,1.3,False
liverpool_street,east_to_west,n00944,liverpool_street/east_to_west/002_n00944_W.jpg,291.8,290.2,1.7,False
liverpool_street,east_to_west,n00945,liverpool_street/east_to_west/003_n00945_W.jpg,291.8,319.5,27.7,False
liverpool_street,east_to_west,n00946,liverpool_street/east_to_west/004_n00946_W.jpg,291.8,303.9,12.0,False
liverpool_street,east_to_west,n00947,liverpool_street/east_to_west/005_n00947_W.jpg,291.8,289.8,2.0,False
liverpool_street,east_to_west,n00948,liverpool_street/east_to_west/006_n00948_W.jpg,291.8,287.3,4.5,False
liverpool_street,east_to_west,n00949,liverpool_street/east_to_west/007_n00949_W.jpg,291.8,279.4,12.5,False
liverpool_street,east_to_west,n00950,liverpool_street/east_to_west/008_n00950_W.jpg,291.8,293.2,1.4,False
liverpool_street,east_to_west,n00951,liverpool_street/east_to_west/009_n00951_W.jpg,291.8,298.7,6.9,False
liverpool_street,east_to_west,n00952,liverpool_street/east_to_west/010_n00952_W.jpg,291.8,277.8,14.0,False
liverpool_street,east_to_west,n00953,liverpool_street/east_to_west/011_n00953_W.jpg,291.8,285.6,6.2,False
liverpool_street,east_to_west,n00954,liverpool_street/east_to_west/012_n00954_W.jpg,291.8,287.3,4.5,False
liverpool_street,east_to_west,n00955,liverpool_street/east_to_west/013_n00955_W.jpg,291.8,287.3,4.5,False
liverpool_street,west_to_east,n00955,liverpool_street/west_to_east/001_n00955_E.jpg,111.8,107.3,4.5,False
liverpool_street,west_to_east,n00954,liverpool_street/west_to_east/002_n00954_E.jpg,111.8,105.6,6.2,False
liverpool_street,west_to_east,n00953,liverpool_street/west_to_east/003_n00953_E.jpg,111.8,97.8,14.0,False
liverpool_street,west_to_east,n00952,liverpool_street/west_to_east/004_n00952_E.jpg,111.8,118.7,6.9,False
liverpool_street,west_to_east,n00951,liverpool_street/west_to_east/005_n00951_E.jpg,111.8,113.2,1.4,False
liverpool_street,west_to_east,n00950,liverpool_street/west_to_east/006_n00950_E.jpg,111.8,99.4,12.5,False
liverpool_street,west_to_east,n00949,liverpool_street/west_to_east/007_n00949_E.jpg,111.8,107.3,4.5,False
liverpool_street,west_to_east,n00948,liverpool_street/west_to_east/008_n00948_E.jpg,111.8,109.8,2.0,False
liverpool_street,west_to_east,n00947,liverpool_street/west_to_east/009_n00947_E.jpg,111.8,123.9,12.0,False
liverpool_street,west_to_east,n00946,liverpool_street/west_to_east/010_n00946_E.jpg,111.8,139.5,27.7,False
liverpool_street,west_to_east,n00945,liverpool_street/west_to_east/011_n00945_E.jpg,111.8,110.2,1.7,False
liverpool_street,west_to_east,n00944,liverpool_street/west_to_east/012_n00944_E.jpg,111.8,132.4,20.6,False
liverpool_street,west_to_east,n00943,liverpool_street/west_to_east/013_n00943_E.jpg,133.7,132.4,1.3,False
lombard_court,east_to_west,n00956,lombard_court/east_to_west/001_n00956_W.jpg,284.9,285.8,0.9,False
lombard_court,east_to_west,n00957,lombard_court/east_to_west/002_n00957_W.jpg,284.9,284.5,0.4,False
lombard_court,east_to_west,n00958,lombard_court/east_to_west/003_n00958_W.jpg,284.9,284.5,0.4,False
lombard_court,west_to_east,n00958,lombard_court/west_to_east/001_n00958_E.jpg,104.9,104.5,0.4,False
lombard_court,west_to_east,n00957,lombard_court/west_to_east/002_n00957_E.jpg,104.9,105.8,0.9,False
lombard_court,west_to_east,n00956,lombard_court/west_to_east/003_n00956_E.jpg,104.9,105.8,0.9,False
lombard_street,east_to_west,n00959,lombard_street/east_to_west/001_n00959_W.jpg,297.7,298.2,0.5,False
lombard_street,east_to_west,n00960,lombard_street/east_to_west/002_n00960_W.jpg,297.7,286.7,11.0,False
lombard_street,east_to_west,n00961,lombard_street/east_to_west/003_n00961_W.jpg,297.7,288.8,8.9,False
lombard_street,east_to_west,n00962,lombard_street/east_to_west/004_n00962_W.jpg,297.7,297.7,0.0,False
lombard_street,east_to_west,n00963,lombard_street/east_to_west/005_n00963_W.jpg,297.7,303.8,6.1,False
lombard_street,east_to_west,n00964,lombard_street/east_to_west/006_n00964_W.jpg,297.7,306.2,8.5,False
lombard_street,east_to_west,n00965,lombard_street/east_to_west/007_n00965_W.jpg,297.7,300.6,2.9,False
lombard_street,east_to_west,n00966,lombard_street/east_to_west/008_n00966_W.jpg,297.7,301.2,3.5,False
lombard_street,east_to_west,n00967,lombard_street/east_to_west/009_n00967_W.jpg,297.7,296.8,0.9,False
lombard_street,east_to_west,n00968,lombard_street/east_to_west/010_n00968_W.jpg,297.7,292.8,4.9,False
lombard_street,east_to_west,n00969,lombard_street/east_to_west/011_n00969_W.jpg,297.7,293.0,4.7,False
lombard_street,east_to_west,n00970,lombard_street/east_to_west/012_n00970_W.jpg,297.7,284.5,13.2,False
lombard_street,east_to_west,n00971,lombard_street/east_to_west/013_n00971_W.jpg,254.9,253.5,1.4,False
lombard_street,east_to_west,n00972,lombard_street/east_to_west/014_n00972_W.jpg,344.0,342.6,1.4,False
lombard_street,east_to_west,n00973,lombard_street/east_to_west/015_n00973_W.jpg,297.7,308.3,10.6,False
lombard_street,east_to_west,n00974,lombard_street/east_to_west/016_n00974_W.jpg,338.5,337.1,1.4,False
lombard_street,east_to_west,n00975,lombard_street/east_to_west/017_n00975_W.jpg,338.5,337.1,1.4,False
lombard_street,west_to_east,n00975,lombard_street/west_to_east/001_n00975_E.jpg,158.5,157.1,1.4,False
lombard_street,west_to_east,n00974,lombard_street/west_to_east/002_n00974_E.jpg,158.5,128.3,30.2,False
lombard_street,west_to_east,n00973,lombard_street/west_to_east/003_n00973_E.jpg,117.7,162.6,44.9,False
lombard_street,west_to_east,n00972,lombard_street/east_to_west/014_n00972_W.jpg,344.0,73.5,89.5,True
lombard_street,west_to_east,n00971,lombard_street/west_to_east/005_n00971_E.jpg,74.9,104.5,29.6,False
lombard_street,west_to_east,n00970,lombard_street/west_to_east/006_n00970_E.jpg,117.7,113.0,4.7,False
lombard_street,west_to_east,n00969,lombard_street/west_to_east/007_n00969_E.jpg,117.7,112.8,4.9,False
lombard_street,west_to_east,n00968,lombard_street/west_to_east/008_n00968_E.jpg,117.7,116.8,0.9,False
lombard_street,west_to_east,n00967,lombard_street/west_to_east/009_n00967_E.jpg,117.7,121.2,3.5,False
lombard_street,west_to_east,n00966,lombard_street/west_to_east/010_n00966_E.jpg,117.7,120.6,2.9,False
lombard_street,west_to_east,n00965,lombard_street/west_to_east/011_n00965_E.jpg,117.7,126.2,8.5,False
lombard_street,west_to_east,n00964,lombard_street/west_to_east/012_n00964_E.jpg,117.7,123.8,6.1,False
lombard_street,west_to_east,n00963,lombard_street/west_to_east/013_n00963_E.jpg,117.7,117.7,0.0,False
lombard_street,west_to_east,n00962,lombard_street/west_to_east/014_n00962_E.jpg,117.7,108.8,8.9,False
lombard_street,west_to_east,n00961,lombard_street/west_to_east/015_n00961_E.jpg,117.7,106.7,11.0,False
lombard_street,west_to_east,n00960,lombard_street/west_to_east/016_n00960_E.jpg,117.7,118.2,0.5,False
lombard_street,west_to_east,n00959,lombard_street/west_to_east/017_n00959_E.jpg,117.7,118.2,0.5,False
london_wall,east_to_west,n00977,london_wall/east_to_west/001_n00977_W.jpg,276.6,278.7,2.1,False
london_wall,east_to_west,n00976,london_wall/east_to_west/002_n00976_W.jpg,276.6,279.4,2.8,False
london_wall,east_to_west,n00982,london_wall/east_to_west/003_n00982_W.jpg,276.6,277.7,1.0,False
london_wall,east_to_west,n00981,london_wall/east_to_west/004_n00981_W.jpg,276.6,278.7,2.1,False
london_wall,east_to_west,n00986,london_wall/east_to_west/005_n00986_W.jpg,276.6,281.7,5.1,False
london_wall,east_to_west,n00987,london_wall/east_to_west/006_n00987_W.jpg,276.6,277.3,0.7,False
london_wall,east_to_west,n00992,london_wall/east_to_west/007_n00992_W.jpg,276.6,277.0,0.4,False
london_wall,east_to_west,n00991,london_wall/east_to_west/008_n00991_W.jpg,276.6,286.0,9.3,False
london_wall,east_to_west,n00997,london_wall/east_to_west/009_n00997_W.jpg,276.6,276.6,0.0,False
london_wall,east_to_west,n00996,london_wall/east_to_west/010_n00996_W.jpg,276.6,291.5,14.9,False
london_wall,east_to_west,n01002,london_wall/east_to_west/011_n01002_W.jpg,296.1,276.0,20.1,False
london_wall,east_to_west,n01001,london_wall/east_to_west/012_n01001_W.jpg,296.0,294.5,1.5,False
london_wall,east_to_west,n01007,london_wall/east_to_west/013_n01007_W.jpg,295.3,275.9,19.4,False
london_wall,east_to_west,n01006,london_wall/east_to_west/014_n01006_W.jpg,276.6,291.7,15.0,False
london_wall,east_to_west,n01012,london_wall/east_to_west/015_n01012_W.jpg,295.3,274.6,20.7,False
london_wall,east_to_west,n01011,london_wall/east_to_west/016_n01011_W.jpg,276.6,263.0,13.7,False
london_wall,east_to_west,n01016,london_wall/east_to_west/017_n01016_W.jpg,304.7,303.3,1.4,False
london_wall,east_to_west,n01018,london_wall/east_to_west/018_n01018_W.jpg,276.6,275.6,1.0,False
london_wall,east_to_west,n01020,london_wall/east_to_west/019_n01020_W.jpg,276.6,280.8,4.2,False
london_wall,east_to_west,n01022,london_wall/east_to_west/020_n01022_W.jpg,276.6,285.1,8.5,False
london_wall,east_to_west,n01024,london_wall/east_to_west/021_n01024_W.jpg,276.6,278.9,2.3,False
london_wall,east_to_west,n01026,london_wall/east_to_west/022_n01026_W.jpg,276.6,283.8,7.2,False
london_wall,east_to_west,n01028,london_wall/east_to_west/023_n01028_W.jpg,276.6,289.0,12.4,False
london_wall,east_to_west,n01030,london_wall/east_to_west/024_n01030_W.jpg,276.6,274.1,2.6,False
london_wall,east_to_west,n01032,london_wall/east_to_west/025_n01032_W.jpg,276.6,281.3,4.6,False
london_wall,east_to_west,n01033,london_wall/east_to_west/026_n01033_W.jpg,276.6,283.2,6.5,False
london_wall,east_to_west,n01034,london_wall/east_to_west/027_n01034_W.jpg,296.9,295.7,1.2,False
london_wall,east_to_west,n00978,london_wall/east_to_west/028_n00978_W.jpg,276.6,278.6,2.0,False
london_wall,east_to_west,n01035,london_wall/east_to_west/029_n01035_W.jpg,276.6,285.6,9.0,False
london_wall,east_to_west,n00983,london_wall/east_to_west/030_n00983_W.jpg,276.6,283.4,6.8,False
london_wall,east_to_west,n01036,london_wall/east_to_west/031_n01036_W.jpg,276.6,287.7,11.0,False
london_wall,east_to_west,n00988,london_wall/east_to_west/032_n00988_W.jpg,276.6,284.4,7.7,False
london_wall,east_to_west,n01037,london_wall/east_to_west/033_n01037_W.jpg,276.6,289.0,12.3,False
london_wall,east_to_west,n00993,london_wall/east_to_west/034_n00993_W.jpg,276.6,282.0,5.4,False
london_wall,east_to_west,n01038,london_wall/east_to_west/035_n01038_W.jpg,276.6,281.1,4.5,False
london_wall,east_to_west,n00998,london_wall/east_to_west/036_n00998_W.jpg,276.6,272.3,4.3,False
london_wall,east_to_west,n01039,london_wall/east_to_west/037_n01039_W.jpg,276.6,271.6,5.0,False
london_wall,east_to_west,n01003,london_wall/east_to_west/038_n01003_W.jpg,276.6,269.8,6.8,False
london_wall,east_to_west,n01040,london_wall/east_to_west/039_n01040_W.jpg,276.6,264.4,12.2,False
london_wall,east_to_west,n01008,london_wall/east_to_west/040_n01008_W.jpg,276.6,268.5,8.1,False
london_wall,east_to_west,n01041,london_wall/east_to_west/041_n01041_W.jpg,276.6,266.4,10.3,False
london_wall,east_to_west,n01013,london_wall/east_to_west/042_n01013_W.jpg,276.6,267.5,9.1,False
london_wall,east_to_west,n01042,london_wall/east_to_west/043_n01042_W.jpg,276.6,267.3,9.3,False
london_wall,east_to_west,n01017,london_wall/east_to_west/044_n01017_W.jpg,276.6,267.5,9.1,False
london_wall,east_to_west,n01043,london_wall/east_to_west/045_n01043_W.jpg,276.6,267.2,9.4,False
london_wall,east_to_west,n01019,london_wall/east_to_west/046_n01019_W.jpg,276.6,267.2,9.4,False
london_wall,east_to_west,n01044,london_wall/east_to_west/047_n01044_W.jpg,276.6,266.9,9.7,False
london_wall,east_to_west,n01021,london_wall/east_to_west/048_n01021_W.jpg,276.6,267.5,9.1,False
london_wall,east_to_west,n01045,london_wall/east_to_west/049_n01045_W.jpg,276.6,267.2,9.4,False
london_wall,east_to_west,n01023,london_wall/east_to_west/050_n01023_W.jpg,276.6,268.2,8.4,False
london_wall,east_to_west,n01046,london_wall/east_to_west/051_n01046_W.jpg,276.6,267.2,9.4,False
london_wall,east_to_west,n01025,london_wall/east_to_west/052_n01025_W.jpg,276.6,266.7,9.9,False
london_wall,east_to_west,n01047,london_wall/east_to_west/053_n01047_W.jpg,276.6,267.3,9.4,False
london_wall,east_to_west,n01027,london_wall/east_to_west/054_n01027_W.jpg,276.6,267.4,9.2,False
london_wall,east_to_west,n01048,london_wall/east_to_west/055_n01048_W.jpg,276.6,267.9,8.8,False
london_wall,east_to_west,n01029,london_wall/east_to_west/056_n01029_W.jpg,276.6,267.6,9.1,False
london_wall,east_to_west,n01049,london_wall/east_to_west/057_n01049_W.jpg,276.6,268.8,7.8,False
london_wall,east_to_west,n01031,london_wall/east_to_west/058_n01031_W.jpg,276.6,267.6,9.1,False
london_wall,east_to_west,n01050,london_wall/east_to_west/059_n01050_W.jpg,276.6,268.8,7.8,False
london_wall,east_to_west,n00980,london_wall/east_to_west/060_n00980_W.jpg,276.6,198.7,77.9,False
london_wall,east_to_west,n00979,london_wall/west_to_east/015_n00979_E.jpg,96.6,97.9,1.3,True
london_wall,east_to_west,n00985,london_wall/west_to_east/014_n00985_E.jpg,96.6,98.3,1.6,True
london_wall,east_to_west,n00984,london_wall/west_to_east/013_n00984_E.jpg,96.6,8.6,88.0,True
london_wall,east_to_west,n00989,london_wall/east_to_west/064_n00989_W.jpg,276.6,325.3,48.6,False
london_wall,east_to_west,n00990,london_wall/west_to_east/011_n00990_E.jpg,96.6,97.8,1.2,True
london_wall,east_to_west,n00994,london_wall/east_to_west/066_n00994_W.jpg,276.6,322.6,46.0,False
london_wall,east_to_west,n00995,london_wall/west_to_east/009_n00995_E.jpg,96.6,97.4,0.8,True
london_wall,east_to_west,n00999,london_wall/east_to_west/068_n00999_W.jpg,276.6,326.5,49.9,False
london_wall,east_to_west,n01000,london_wall/west_to_east/007_n01000_E.jpg,96.6,96.8,0.2,True
london_wall,east_to_west,n01004,london_wall/east_to_west/070_n01004_W.jpg,276.6,323.7,47.0,False
london_wall,east_to_west,n01005,london_wall/east_to_west/071_n01005_W.jpg,276.6,245.0,31.7,False
london_wall,east_to_west,n01009,london_wall/west_to_east/004_n01009_E.jpg,96.6,95.3,1.3,True
london_wall,east_to_west,n01010,london_wall/west_to_east/003_n01010_E.jpg,96.6,95.4,1.2,True
london_wall,east_to_west,n01014,london_wall/east_to_west/074_n01014_W.jpg,276.6,351.1,74.4,False
london_wall,east_to_west,n01015,london_wall/east_to_west/075_n01015_W.jpg,276.6,351.1,74.4,False
london_wall,west_to_east,n01015,london_wall/west_to_east/001_n01015_E.jpg,96.6,95.7,1.0,False
london_wall,west_to_east,n01014,london_wall/east_to_west/074_n01014_W.jpg,276.6,351.1,74.4,True
london_wall,west_to_east,n01010,london_wall/west_to_east/003_n01010_E.jpg,96.6,156.8,60.2,False
london_wall,west_to_east,n01009,london_wall/west_to_east/004_n01009_E.jpg,96.6,95.3,1.3,False
london_wall,west_to_east,n01005,london_wall/west_to_east/005_n01005_E.jpg,96.6,96.6,0.1,False
london_wall,west_to_east,n01004,london_wall/east_to_west/070_n01004_W.jpg,276.6,323.7,47.0,True
london_wall,west_to_east,n01000,london_wall/west_to_east/007_n01000_E.jpg,96.6,97.1,0.5,False
london_wall,west_to_east,n00999,london_wall/east_to_west/068_n00999_W.jpg,276.6,326.5,49.9,True
london_wall,west_to_east,n00995,london_wall/east_to_west/067_n00995_W.jpg,276.6,238.2,38.4,True
london_wall,west_to_east,n00994,london_wall/east_to_west/066_n00994_W.jpg,276.6,322.6,46.0,True
london_wall,west_to_east,n00990,london_wall/west_to_east/011_n00990_E.jpg,96.6,97.9,1.3,False
london_wall,west_to_east,n00989,london_wall/east_to_west/064_n00989_W.jpg,276.6,325.3,48.6,True
london_wall,west_to_east,n00984,london_wall/east_to_west/063_n00984_W.jpg,276.6,268.5,8.1,True
london_wall,west_to_east,n00985,london_wall/west_to_east/014_n00985_E.jpg,96.6,98.4,1.8,False
london_wall,west_to_east,n00979,london_wall/west_to_east/015_n00979_E.jpg,96.6,98.0,1.3,False
london_wall,west_to_east,n00980,london_wall/east_to_west/060_n00980_W.jpg,276.6,198.7,77.9,True
london_wall,west_to_east,n01050,london_wall/west_to_east/017_n01050_E.jpg,96.6,88.8,7.8,False
london_wall,west_to_east,n01031,london_wall/west_to_east/018_n01031_E.jpg,96.6,87.6,9.1,False
london_wall,west_to_east,n01049,london_wall/west_to_east/019_n01049_E.jpg,96.6,87.9,8.8,False
london_wall,west_to_east,n01029,london_wall/west_to_east/020_n01029_E.jpg,96.6,87.4,9.2,False
london_wall,west_to_east,n01048,london_wall/west_to_east/021_n01048_E.jpg,96.6,87.3,9.4,False
london_wall,west_to_east,n01027,london_wall/west_to_east/022_n01027_E.jpg,96.6,86.7,9.9,False
london_wall,west_to_east,n01047,london_wall/west_to_east/023_n01047_E.jpg,96.6,87.2,9.4,False
london_wall,west_to_east,n01025,london_wall/west_to_east/024_n01025_E.jpg,96.6,88.2,8.4,False
london_wall,west_to_east,n01046,london_wall/west_to_east/025_n01046_E.jpg,96.6,87.2,9.4,False
london_wall,west_to_east,n01023,london_wall/west_to_east/026_n01023_E.jpg,96.6,87.5,9.1,False
london_wall,west_to_east,n01045,london_wall/west_to_east/027_n01045_E.jpg,96.6,86.9,9.7,False
london_wall,west_to_east,n01021,london_wall/west_to_east/028_n01021_E.jpg,96.6,87.2,9.4,False
london_wall,west_to_east,n01044,london_wall/west_to_east/029_n01044_E.jpg,96.6,87.2,9.4,False
london_wall,west_to_east,n01019,london_wall/west_to_east/030_n01019_E.jpg,96.6,87.5,9.1,False
london_wall,west_to_east,n01043,london_wall/west_to_east/031_n01043_E.jpg,96.6,87.3,9.3,False
london_wall,west_to_east,n01017,london_wall/west_to_east/032_n01017_E.jpg,96.6,87.5,9.1,False
london_wall,west_to_east,n01042,london_wall/west_to_east/033_n01042_E.jpg,96.6,86.4,10.3,False
london_wall,west_to_east,n01013,london_wall/west_to_east/034_n01013_E.jpg,96.6,88.5,8.1,False
london_wall,west_to_east,n01041,london_wall/west_to_east/035_n01041_E.jpg,96.6,84.4,12.2,False
london_wall,west_to_east,n01008,london_wall/west_to_east/036_n01008_E.jpg,96.6,89.8,6.8,False
london_wall,west_to_east,n01040,london_wall/west_to_east/037_n01040_E.jpg,96.6,91.6,5.0,False
london_wall,west_to_east,n01003,london_wall/west_to_east/038_n01003_E.jpg,96.6,92.3,4.3,False
london_wall,west_to_east,n01039,london_wall/west_to_east/039_n01039_E.jpg,96.6,101.1,4.5,False
london_wall,west_to_east,n00998,london_wall/west_to_east/040_n00998_E.jpg,96.6,102.0,5.4,False
london_wall,west_to_east,n01038,london_wall/west_to_east/041_n01038_E.jpg,96.6,109.0,12.3,False
london_wall,west_to_east,n00993,london_wall/west_to_east/042_n00993_E.jpg,96.6,104.4,7.7,False
london_wall,west_to_east,n01037,london_wall/west_to_east/043_n01037_E.jpg,96.6,107.7,11.0,False
london_wall,west_to_east,n00988,london_wall/west_to_east/044_n00988_E.jpg,96.6,103.4,6.8,False
london_wall,west_to_east,n01036,london_wall/west_to_east/045_n01036_E.jpg,96.6,105.6,9.0,False
london_wall,west_to_east,n00983,london_wall/west_to_east/046_n00983_E.jpg,96.6,98.6,2.0,False
london_wall,west_to_east,n01035,london_wall/west_to_east/047_n01035_E.jpg,96.6,115.7,19.0,False
london_wall,west_to_east,n00978,london_wall/west_to_east/048_n00978_E.jpg,96.6,98.6,2.0,False
london_wall,west_to_east,n01034,london_wall/west_to_east/049_n01034_E.jpg,116.9,103.2,13.7,False
london_wall,west_to_east,n01033,london_wall/west_to_east/050_n01033_E.jpg,96.6,101.3,4.6,False
london_wall,west_to_east,n01032,london_wall/west_to_east/051_n01032_E.jpg,96.6,94.1,2.6,False
london_wall,west_to_east,n01030,london_wall/west_to_east/052_n01030_E.jpg,96.6,109.0,12.4,False
london_wall,west_to_east,n01028,london_wall/west_to_east/053_n01028_E.jpg,96.6,103.8,7.2,False
london_wall,west_to_east,n01026,london_wall/west_to_east/054_n01026_E.jpg,96.6,98.9,2.3,False
london_wall,west_to_east,n01024,london_wall/west_to_east/055_n01024_E.jpg,96.6,105.1,8.5,False
london_wall,west_to_east,n01022,london_wall/west_to_east/056_n01022_E.jpg,96.6,100.8,4.2,False
london_wall,west_to_east,n01020,london_wall/west_to_east/057_n01020_E.jpg,96.6,95.6,1.0,False
london_wall,west_to_east,n01018,london_wall/west_to_east/058_n01018_E.jpg,96.6,123.3,26.7,False
london_wall,west_to_east,n01016,london_wall/west_to_east/059_n01016_E.jpg,124.7,83.0,41.7,False
london_wall,west_to_east,n01011,london_wall/west_to_east/060_n01011_E.jpg,96.6,111.7,15.0,False
london_wall,west_to_east,n01012,london_wall/west_to_east/061_n01012_E.jpg,115.3,95.7,19.6,False
london_wall,west_to_east,n01006,london_wall/west_to_east/062_n01006_E.jpg,96.6,114.5,17.9,False
london_wall,west_to_east,n01007,london_wall/east_to_west/013_n01007_W.jpg,295.3,275.1,20.2,True
london_wall,west_to_east,n01001,london_wall/west_to_east/064_n01001_E.jpg,116.0,111.5,4.5,False
london_wall,west_to_east,n01002,london_wall/east_to_west/011_n01002_W.jpg,296.1,276.4,19.7,True
london_wall,west_to_east,n00996,london_wall/west_to_east/066_n00996_E.jpg,96.6,106.0,9.3,False
london_wall,west_to_east,n00997,london_wall/east_to_west/009_n00997_W.jpg,276.6,276.4,0.2,True
london_wall,west_to_east,n00991,london_wall/west_to_east/068_n00991_E.jpg,96.6,101.7,5.1,False
london_wall,west_to_east,n00992,london_wall/east_to_west/007_n00992_W.jpg,276.6,277.0,0.4,True
london_wall,west_to_east,n00987,london_wall/east_to_west/006_n00987_W.jpg,276.6,283.1,6.4,True
london_wall,west_to_east,n00986,london_wall/west_to_east/071_n00986_E.jpg,96.6,98.7,2.1,False
london_wall,west_to_east,n00981,london_wall/west_to_east/072_n00981_E.jpg,96.6,99.4,2.8,False
london_wall,west_to_east,n00982,london_wall/east_to_west/003_n00982_W.jpg,276.6,277.7,1.0,True
london_wall,west_to_east,n00976,london_wall/west_to_east/074_n00976_E.jpg,96.6,99.4,2.8,False
london_wall,west_to_east,n00977,london_wall/east_to_west/001_n00977_W.jpg,276.6,278.4,1.8,True
london_wall_place,north_to_south,n01052,london_wall_place/north_to_south/001_n01052_S.jpg,195.7,195.7,0.0,False
london_wall_place,north_to_south,n01051,london_wall_place/north_to_south/002_n01051_S.jpg,195.7,195.7,0.0,False
london_wall_place,south_to_north,n01051,london_wall_place/south_to_north/001_n01051_N.jpg,15.7,15.7,0.0,False
london_wall_place,south_to_north,n01052,london_wall_place/south_to_north/002_n01052_N.jpg,15.7,15.7,0.0,False
lothbury,east_to_west,n01053,lothbury/east_to_west/001_n01053_W.jpg,277.9,278.7,0.8,False
lothbury,east_to_west,n01055,lothbury/east_to_west/002_n01055_W.jpg,277.9,272.4,5.5,False
lothbury,east_to_west,n01057,lothbury/east_to_west/003_n01057_W.jpg,277.9,273.5,4.4,False
lothbury,east_to_west,n01059,lothbury/east_to_west/004_n01059_W.jpg,277.9,276.8,1.1,False
lothbury,east_to_west,n01060,lothbury/east_to_west/005_n01060_W.jpg,277.9,276.1,1.8,False
lothbury,east_to_west,n01054,lothbury/east_to_west/006_n01054_W.jpg,277.9,276.4,1.4,False
lothbury,east_to_west,n01061,lothbury/east_to_west/007_n01061_W.jpg,277.9,279.5,1.6,False
lothbury,east_to_west,n01056,lothbury/east_to_west/008_n01056_W.jpg,277.9,281.5,3.6,False
lothbury,east_to_west,n01062,lothbury/east_to_west/009_n01062_W.jpg,277.9,282.6,4.7,False
lothbury,east_to_west,n01058,lothbury/east_to_west/010_n01058_W.jpg,277.9,281.5,3.6,False
lothbury,east_to_west,n01063,lothbury/east_to_west/011_n01063_W.jpg,277.9,283.4,5.5,False
lothbury,east_to_west,n01064,lothbury/east_to_west/012_n01064_W.jpg,277.9,279.0,1.1,False
lothbury,east_to_west,n01065,lothbury/east_to_west/013_n01065_W.jpg,277.9,279.0,1.1,False
lothbury,west_to_east,n01065,lothbury/west_to_east/001_n01065_E.jpg,97.9,99.0,1.1,False
lothbury,west_to_east,n01064,lothbury/west_to_east/002_n01064_E.jpg,97.9,103.4,5.5,False
lothbury,west_to_east,n01063,lothbury/west_to_east/003_n01063_E.jpg,97.9,102.6,4.7,False
lothbury,west_to_east,n01058,lothbury/west_to_east/004_n01058_E.jpg,97.9,101.5,3.6,False
lothbury,west_to_east,n01062,lothbury/west_to_east/005_n01062_E.jpg,97.9,99.5,1.6,False
lothbury,west_to_east,n01056,lothbury/west_to_east/006_n01056_E.jpg,97.9,96.4,1.4,False
lothbury,west_to_east,n01061,lothbury/west_to_east/007_n01061_E.jpg,97.9,96.1,1.8,False
lothbury,west_to_east,n01054,lothbury/west_to_east/008_n01054_E.jpg,97.9,96.4,1.4,False
lothbury,west_to_east,n01060,lothbury/west_to_east/009_n01060_E.jpg,97.9,96.8,1.1,False
lothbury,west_to_east,n01059,lothbury/west_to_east/010_n01059_E.jpg,97.9,93.5,4.4,False
lothbury,west_to_east,n01057,lothbury/west_to_east/011_n01057_E.jpg,97.9,92.4,5.5,False
lothbury,west_to_east,n01055,lothbury/west_to_east/012_n01055_E.jpg,97.9,98.7,0.8,False
lothbury,west_to_east,n01053,lothbury/west_to_east/013_n01053_E.jpg,97.9,98.7,0.8,False
lovat_lane,north_to_south,n01072,lovat_lane/north_to_south/001_n01072_S.jpg,191.3,189.1,2.3,False
lovat_lane,north_to_south,n01071,lovat_lane/north_to_south/002_n01071_S.jpg,191.3,175.7,15.7,False
lovat_lane,north_to_south,n01070,lovat_lane/north_to_south/003_n01070_S.jpg,177.1,212.1,35.0,False
lovat_lane,north_to_south,n01069,lovat_lane/north_to_south/004_n01069_S.jpg,191.3,193.1,1.8,False
lovat_lane,north_to_south,n01068,lovat_lane/north_to_south/005_n01068_S.jpg,191.3,191.7,0.4,False
lovat_lane,north_to_south,n01067,lovat_lane/north_to_south/006_n01067_S.jpg,191.3,196.0,4.7,False
lovat_lane,north_to_south,n01066,lovat_lane/north_to_south/007_n01066_S.jpg,191.3,196.0,4.7,False
lovat_lane,south_to_north,n01066,lovat_lane/south_to_north/001_n01066_N.jpg,11.3,16.0,4.7,False
lovat_lane,south_to_north,n01067,lovat_lane/south_to_north/002_n01067_N.jpg,11.3,11.7,0.4,False
lovat_lane,south_to_north,n01068,lovat_lane/south_to_north/003_n01068_N.jpg,11.3,13.1,1.8,False
lovat_lane,south_to_north,n01069,lovat_lane/south_to_north/004_n01069_N.jpg,11.3,32.1,20.8,False
lovat_lane,south_to_north,n01070,lovat_lane/south_to_north/005_n01070_N.jpg,357.1,355.7,1.4,False
lovat_lane,south_to_north,n01071,lovat_lane/south_to_north/006_n01071_N.jpg,11.3,9.1,2.3,False
lovat_lane,south_to_north,n01072,lovat_lane/south_to_north/007_n01072_N.jpg,11.3,9.1,2.3,False
love_lane,east_to_west,n01073,love_lane/east_to_west/001_n01073_W.jpg,290.6,296.6,6.1,False
love_lane,east_to_west,n01074,love_lane/east_to_west/002_n01074_W.jpg,290.6,287.7,2.9,False
love_lane,east_to_west,n01075,love_lane/east_to_west/003_n01075_W.jpg,290.6,287.3,3.2,False
love_lane,east_to_west,n01076,love_lane/east_to_west/004_n01076_W.jpg,290.6,287.3,3.2,False
love_lane,west_to_east,n01076,love_lane/west_to_east/001_n01076_E.jpg,110.6,107.3,3.2,False
love_lane,west_to_east,n01075,love_lane/west_to_east/002_n01075_E.jpg,110.6,107.7,2.9,False
love_lane,west_to_east,n01074,love_lane/west_to_east/003_n01074_E.jpg,110.6,116.6,6.1,False
love_lane,west_to_east,n01073,love_lane/west_to_east/004_n01073_E.jpg,110.6,116.6,6.1,False
lower_thames_street,east_to_west,n01077,lower_thames_street/east_to_west/001_n01077_W.jpg,281.2,294.4,13.3,False
lower_thames_street,east_to_west,n01080,lower_thames_street/east_to_west/002_n01080_W.jpg,298.3,297.0,1.3,False
lower_thames_street,east_to_west,n01078,lower_thames_street/east_to_west/003_n01078_W.jpg,304.3,302.8,1.5,False
lower_thames_street,east_to_west,n01083,lower_thames_street/east_to_west/004_n01083_W.jpg,281.2,284.8,3.6,False
lower_thames_street,east_to_west,n01086,lower_thames_street/east_to_west/005_n01086_W.jpg,281.2,292.3,11.2,False
lower_thames_street,east_to_west,n01081,lower_thames_street/east_to_west/006_n01081_W.jpg,281.2,293.8,12.7,False
lower_thames_street,east_to_west,n01089,lower_thames_street/east_to_west/007_n01089_W.jpg,299.1,297.8,1.3,False
lower_thames_street,east_to_west,n01084,lower_thames_street/east_to_west/008_n01084_W.jpg,318.9,317.5,1.4,False
lower_thames_street,east_to_west,n01087,lower_thames_street/east_to_west/009_n01087_W.jpg,318.9,317.5,1.4,False
lower_thames_street,east_to_west,n01091,lower_thames_street/east_to_west/010_n01091_W.jpg,281.2,283.2,2.1,False
lower_thames_street,east_to_west,n01093,lower_thames_street/east_to_west/011_n01093_W.jpg,281.2,277.9,3.3,False
lower_thames_street,east_to_west,n01095,lower_thames_street/east_to_west/012_n01095_W.jpg,281.2,287.3,6.1,False
lower_thames_street,east_to_west,n01079,lower_thames_street/east_to_west/013_n01079_W.jpg,281.2,269.7,11.5,False
lower_thames_street,east_to_west,n01097,lower_thames_street/east_to_west/014_n01097_W.jpg,281.2,278.5,2.7,False
lower_thames_street,east_to_west,n01082,lower_thames_street/east_to_west/015_n01082_W.jpg,281.2,275.9,5.3,False
lower_thames_street,east_to_west,n01099,lower_thames_street/east_to_west/016_n01099_W.jpg,281.2,277.3,3.9,False
lower_thames_street,east_to_west,n01085,lower_thames_street/east_to_west/017_n01085_W.jpg,281.2,278.6,2.6,False
lower_thames_street,east_to_west,n01101,lower_thames_street/east_to_west/018_n01101_W.jpg,281.2,278.5,2.6,False
lower_thames_street,east_to_west,n01088,lower_thames_street/east_to_west/019_n01088_W.jpg,281.2,280.7,0.5,False
lower_thames_street,east_to_west,n01103,lower_thames_street/east_to_west/020_n01103_W.jpg,281.2,278.4,2.7,False
lower_thames_street,east_to_west,n01090,lower_thames_street/east_to_west/021_n01090_W.jpg,281.2,280.7,0.5,False
lower_thames_street,east_to_west,n01105,lower_thames_street/east_to_west/022_n01105_W.jpg,281.2,282.0,0.8,False
lower_thames_street,east_to_west,n01092,lower_thames_street/east_to_west/023_n01092_W.jpg,281.2,279.4,1.8,False
lower_thames_street,east_to_west,n01107,lower_thames_street/east_to_west/024_n01107_W.jpg,281.2,279.6,1.5,False
lower_thames_street,east_to_west,n01094,lower_thames_street/east_to_west/025_n01094_W.jpg,281.2,279.6,1.6,False
lower_thames_street,east_to_west,n01109,lower_thames_street/east_to_west/026_n01109_W.jpg,281.2,282.0,0.8,False
lower_thames_street,east_to_west,n01096,lower_thames_street/east_to_west/027_n01096_W.jpg,281.2,280.2,1.0,False
lower_thames_street,east_to_west,n01111,lower_thames_street/east_to_west/028_n01111_W.jpg,281.2,275.6,5.6,False
lower_thames_street,east_to_west,n01098,lower_thames_street/east_to_west/029_n01098_W.jpg,281.2,281.1,0.0,False
lower_thames_street,east_to_west,n01113,lower_thames_street/east_to_west/030_n01113_W.jpg,281.2,279.4,1.7,False
lower_thames_street,east_to_west,n01100,lower_thames_street/east_to_west/031_n01100_W.jpg,281.2,280.2,0.9,False
lower_thames_street,east_to_west,n01115,lower_thames_street/east_to_west/032_n01115_W.jpg,281.2,279.7,1.5,False
lower_thames_street,east_to_west,n01102,lower_thames_street/east_to_west/033_n01102_W.jpg,281.2,280.0,1.2,False
lower_thames_street,east_to_west,n01117,lower_thames_street/east_to_west/034_n01117_W.jpg,281.2,279.3,1.8,False
lower_thames_street,east_to_west,n01104,lower_thames_street/east_to_west/035_n01104_W.jpg,281.2,280.4,0.8,False
lower_thames_street,east_to_west,n01119,lower_thames_street/east_to_west/036_n01119_W.jpg,281.2,280.1,1.0,False
lower_thames_street,east_to_west,n01106,lower_thames_street/east_to_west/037_n01106_W.jpg,281.2,280.3,0.9,False
lower_thames_street,east_to_west,n01120,lower_thames_street/east_to_west/038_n01120_W.jpg,281.2,279.6,1.6,False
lower_thames_street,east_to_west,n01108,lower_thames_street/east_to_west/039_n01108_W.jpg,281.2,280.3,0.8,False
lower_thames_street,east_to_west,n01121,lower_thames_street/east_to_west/040_n01121_W.jpg,281.2,279.6,1.6,False
lower_thames_street,east_to_west,n01110,lower_thames_street/east_to_west/041_n01110_W.jpg,281.2,268.2,13.0,False
lower_thames_street,east_to_west,n01122,lower_thames_street/east_to_west/042_n01122_W.jpg,281.2,279.3,1.8,False
lower_thames_street,east_to_west,n01112,lower_thames_street/east_to_west/043_n01112_W.jpg,281.2,276.4,4.7,False
lower_thames_street,east_to_west,n01123,lower_thames_street/east_to_west/044_n01123_W.jpg,281.2,281.4,0.2,False
lower_thames_street,east_to_west,n01114,lower_thames_street/east_to_west/045_n01114_W.jpg,281.2,283.2,2.0,False
lower_thames_street,east_to_west,n01124,lower_thames_street/east_to_west/046_n01124_W.jpg,281.2,281.5,0.4,False
lower_thames_street,east_to_west,n01116,lower_thames_street/east_to_west/047_n01116_W.jpg,281.2,295.6,14.5,False
lower_thames_street,east_to_west,n01125,lower_thames_street/east_to_west/048_n01125_W.jpg,281.2,281.5,0.4,False
lower_thames_street,east_to_west,n01118,lower_thames_street/east_to_west/049_n01118_W.jpg,281.2,295.6,14.5,False
lower_thames_street,west_to_east,n01118,lower_thames_street/west_to_east/001_n01118_E.jpg,101.2,115.6,14.5,False
lower_thames_street,west_to_east,n01125,lower_thames_street/west_to_east/002_n01125_E.jpg,101.2,101.5,0.4,False
lower_thames_street,west_to_east,n01116,lower_thames_street/west_to_east/003_n01116_E.jpg,101.2,103.2,2.0,False
lower_thames_street,west_to_east,n01124,lower_thames_street/west_to_east/004_n01124_E.jpg,101.2,101.4,0.2,False
lower_thames_street,west_to_east,n01114,lower_thames_street/west_to_east/005_n01114_E.jpg,101.2,96.4,4.7,False
lower_thames_street,west_to_east,n01123,lower_thames_street/west_to_east/006_n01123_E.jpg,101.2,99.3,1.8,False
lower_thames_street,west_to_east,n01112,lower_thames_street/west_to_east/007_n01112_E.jpg,101.2,88.2,13.0,False
lower_thames_street,west_to_east,n01122,lower_thames_street/west_to_east/008_n01122_E.jpg,101.2,99.6,1.6,False
lower_thames_street,west_to_east,n01110,lower_thames_street/west_to_east/009_n01110_E.jpg,101.2,100.3,0.8,False
lower_thames_street,west_to_east,n01121,lower_thames_street/west_to_east/010_n01121_E.jpg,101.2,99.6,1.6,False
lower_thames_street,west_to_east,n01108,lower_thames_street/west_to_east/011_n01108_E.jpg,101.2,100.3,0.9,False
lower_thames_street,west_to_east,n01120,lower_thames_street/west_to_east/012_n01120_E.jpg,101.2,100.1,1.0,False
lower_thames_street,west_to_east,n01106,lower_thames_street/west_to_east/013_n01106_E.jpg,101.2,100.4,0.8,False
lower_thames_street,west_to_east,n01119,lower_thames_street/west_to_east/014_n01119_E.jpg,101.2,99.3,1.8,False
lower_thames_street,west_to_east,n01104,lower_thames_street/west_to_east/015_n01104_E.jpg,101.2,100.0,1.2,False
lower_thames_street,west_to_east,n01117,lower_thames_street/west_to_east/016_n01117_E.jpg,101.2,99.7,1.5,False
lower_thames_street,west_to_east,n01102,lower_thames_street/west_to_east/017_n01102_E.jpg,101.2,100.2,0.9,False
lower_thames_street,west_to_east,n01115,lower_thames_street/west_to_east/018_n01115_E.jpg,101.2,99.4,1.7,False
lower_thames_street,west_to_east,n01100,lower_thames_street/west_to_east/019_n01100_E.jpg,101.2,101.1,0.0,False
lower_thames_street,west_to_east,n01113,lower_thames_street/west_to_east/020_n01113_E.jpg,101.2,95.6,5.6,False
lower_thames_street,west_to_east,n01098,lower_thames_street/west_to_east/021_n01098_E.jpg,101.2,100.2,1.0,False
lower_thames_street,west_to_east,n01111,lower_thames_street/west_to_east/022_n01111_E.jpg,101.2,102.0,0.8,False
lower_thames_street,west_to_east,n01096,lower_thames_street/west_to_east/023_n01096_E.jpg,101.2,99.6,1.6,False
lower_thames_street,west_to_east,n01109,lower_thames_street/west_to_east/024_n01109_E.jpg,101.2,99.6,1.5,False
lower_thames_street,west_to_east,n01094,lower_thames_street/west_to_east/025_n01094_E.jpg,101.2,99.4,1.8,False
lower_thames_street,west_to_east,n01107,lower_thames_street/west_to_east/026_n01107_E.jpg,101.2,102.0,0.8,False
lower_thames_street,west_to_east,n01092,lower_thames_street/west_to_east/027_n01092_E.jpg,101.2,100.7,0.5,False
lower_thames_street,west_to_east,n01105,lower_thames_street/west_to_east/028_n01105_E.jpg,101.2,98.4,2.7,False
lower_thames_street,west_to_east,n01090,lower_thames_street/west_to_east/029_n01090_E.jpg,101.2,100.7,0.5,False
lower_thames_street,west_to_east,n01103,lower_thames_street/west_to_east/030_n01103_E.jpg,101.2,98.5,2.6,False
lower_thames_street,west_to_east,n01088,lower_thames_street/west_to_east/031_n01088_E.jpg,101.2,98.6,2.6,False
lower_thames_street,west_to_east,n01101,lower_thames_street/west_to_east/032_n01101_E.jpg,101.2,97.3,3.9,False
lower_thames_street,west_to_east,n01085,lower_thames_street/west_to_east/033_n01085_E.jpg,101.2,95.9,5.3,False
lower_thames_street,west_to_east,n01099,lower_thames_street/west_to_east/034_n01099_E.jpg,101.2,98.5,2.7,False
lower_thames_street,west_to_east,n01082,lower_thames_street/west_to_east/035_n01082_E.jpg,101.2,89.7,11.5,False
lower_thames_street,west_to_east,n01097,lower_thames_street/west_to_east/036_n01097_E.jpg,101.2,107.3,6.1,False
lower_thames_street,west_to_east,n01079,lower_thames_street/west_to_east/037_n01079_E.jpg,101.2,89.7,11.5,False
lower_thames_street,west_to_east,n01095,lower_thames_street/west_to_east/038_n01095_E.jpg,101.2,97.9,3.3,False
lower_thames_street,west_to_east,n01093,lower_thames_street/west_to_east/039_n01093_E.jpg,101.2,103.2,2.1,False
lower_thames_street,west_to_east,n01091,lower_thames_street/west_to_east/040_n01091_E.jpg,101.2,117.8,16.6,False
lower_thames_street,west_to_east,n01087,lower_thames_street/west_to_east/041_n01087_E.jpg,138.9,137.5,1.4,False
lower_thames_street,west_to_east,n01084,lower_thames_street/west_to_east/042_n01084_E.jpg,138.9,113.8,25.1,False
lower_thames_street,west_to_east,n01089,lower_thames_street/west_to_east/043_n01089_E.jpg,119.1,112.3,6.8,False
lower_thames_street,west_to_east,n01081,lower_thames_street/west_to_east/044_n01081_E.jpg,101.2,122.8,21.6,False
lower_thames_street,west_to_east,n01086,lower_thames_street/west_to_east/045_n01086_E.jpg,101.2,104.8,3.6,False
lower_thames_street,west_to_east,n01078,lower_thames_street/west_to_east/046_n01078_E.jpg,124.3,122.8,1.5,False
lower_thames_street,west_to_east,n01083,lower_thames_street/west_to_east/047_n01083_E.jpg,101.2,117.0,15.8,False
lower_thames_street,west_to_east,n01080,lower_thames_street/west_to_east/048_n01080_E.jpg,118.3,114.4,3.9,False
lower_thames_street,west_to_east,n01077,lower_thames_street/west_to_east/049_n01077_E.jpg,101.2,114.4,13.3,False
mansion_house_place,north_to_south,n01132,mansion_house_place/north_to_south/001_n01132_S.jpg,188.2,186.4,1.8,False
mansion_house_place,north_to_south,n01131,mansion_house_place/north_to_south/002_n01131_S.jpg,188.2,194.5,6.3,False
mansion_house_place,north_to_south,n01130,mansion_house_place/north_to_south/003_n01130_S.jpg,196.0,197.1,1.1,False
mansion_house_place,north_to_south,n01129,mansion_house_place/north_to_south/004_n01129_S.jpg,198.7,119.1,79.6,False
mansion_house_place,north_to_south,n01128,mansion_house_place/north_to_south/005_n01128_S.jpg,120.5,116.2,4.3,False
mansion_house_place,north_to_south,n01127,mansion_house_place/north_to_south/006_n01127_S.jpg,117.3,104.2,13.1,False
mansion_house_place,north_to_south,n01126,mansion_house_place/north_to_south/007_n01126_S.jpg,105.7,104.2,1.5,False
mansion_house_place,south_to_north,n01126,mansion_house_place/south_to_north/001_n01126_N.jpg,285.7,284.2,1.5,False
mansion_house_place,south_to_north,n01127,mansion_house_place/south_to_north/002_n01127_N.jpg,297.3,296.2,1.1,False
mansion_house_place,south_to_north,n01128,mansion_house_place/south_to_north/003_n01128_N.jpg,300.5,299.1,1.4,False
mansion_house_place,south_to_north,n01129,mansion_house_place/south_to_north/004_n01129_N.jpg,18.7,17.1,1.6,False
mansion_house_place,south_to_north,n01130,mansion_house_place/south_to_north/005_n01130_N.jpg,16.0,14.5,1.5,False
mansion_house_place,south_to_north,n01131,mansion_house_place/south_to_north/006_n01131_N.jpg,8.2,6.4,1.8,False
mansion_house_place,south_to_north,n01132,mansion_house_place/south_to_north/007_n01132_N.jpg,8.2,6.4,1.8,False
mansion_house_street,east_to_west,n01135,mansion_house_street/east_to_west/001_n01135_W.jpg,277.3,267.8,9.5,False
mansion_house_street,east_to_west,n01134,mansion_house_street/east_to_west/002_n01134_W.jpg,277.3,284.9,7.6,False
mansion_house_street,east_to_west,n01133,mansion_house_street/east_to_west/003_n01133_W.jpg,277.3,284.9,7.6,False
mansion_house_street,west_to_east,n01133,mansion_house_street/west_to_east/001_n01133_E.jpg,97.3,104.9,7.6,False
mansion_house_street,west_to_east,n01134,mansion_house_street/west_to_east/002_n01134_E.jpg,97.3,87.8,9.5,False
mansion_house_street,west_to_east,n01135,mansion_house_street/west_to_east/003_n01135_E.jpg,97.3,87.8,9.5,False
mark_lane,north_to_south,n01148,mark_lane/north_to_south/001_n01148_S.jpg,156.7,155.3,1.4,False
mark_lane,north_to_south,n01147,mark_lane/north_to_south/002_n01147_S.jpg,156.7,163.9,7.2,False
mark_lane,north_to_south,n01146,mark_lane/north_to_south/003_n01146_S.jpg,165.4,190.4,25.0,False
mark_lane,north_to_south,n01145,mark_lane/north_to_south/004_n01145_S.jpg,187.0,184.4,2.5,False
mark_lane,north_to_south,n01144,mark_lane/north_to_south/005_n01144_S.jpg,187.0,178.1,8.9,False
mark_lane,north_to_south,n01143,mark_lane/north_to_south/006_n01143_S.jpg,187.0,197.1,10.1,False
mark_lane,north_to_south,n01142,mark_lane/north_to_south/007_n01142_S.jpg,187.0,192.1,5.1,False
mark_lane,north_to_south,n01141,mark_lane/north_to_south/008_n01141_S.jpg,187.0,190.2,3.3,False
mark_lane,north_to_south,n01140,mark_lane/north_to_south/009_n01140_S.jpg,187.0,189.4,2.5,False
mark_lane,north_to_south,n01139,mark_lane/north_to_south/010_n01139_S.jpg,187.0,188.5,1.5,False
mark_lane,north_to_south,n01138,mark_lane/north_to_south/011_n01138_S.jpg,187.0,188.7,1.7,False
mark_lane,north_to_south,n01137,mark_lane/north_to_south/012_n01137_S.jpg,187.0,219.2,32.2,False
mark_lane,north_to_south,n01136,mark_lane/north_to_south/013_n01136_S.jpg,220.7,219.2,1.5,False
mark_lane,south_to_north,n01136,mark_lane/south_to_north/001_n01136_N.jpg,40.7,39.2,1.5,False
mark_lane,south_to_north,n01137,mark_lane/south_to_north/002_n01137_N.jpg,7.0,8.7,1.7,False
mark_lane,south_to_north,n01138,mark_lane/south_to_north/003_n01138_N.jpg,7.0,8.5,1.5,False
mark_lane,south_to_north,n01139,mark_lane/south_to_north/004_n01139_N.jpg,7.0,9.4,2.5,False
mark_lane,south_to_north,n01140,mark_lane/south_to_north/005_n01140_N.jpg,7.0,10.2,3.3,False
mark_lane,south_to_north,n01141,mark_lane/south_to_north/006_n01141_N.jpg,7.0,12.1,5.1,False
mark_lane,south_to_north,n01142,mark_lane/south_to_north/007_n01142_N.jpg,7.0,17.1,10.1,False
mark_lane,south_to_north,n01143,mark_lane/south_to_north/008_n01143_N.jpg,7.0,358.1,8.9,False
mark_lane,south_to_north,n01144,mark_lane/south_to_north/009_n01144_N.jpg,7.0,4.4,2.5,False
mark_lane,south_to_north,n01145,mark_lane/south_to_north/010_n01145_N.jpg,7.0,10.4,3.4,False
mark_lane,south_to_north,n01146,mark_lane/south_to_north/011_n01146_N.jpg,345.4,343.9,1.5,False
mark_lane,south_to_north,n01147,mark_lane/south_to_north/012_n01147_N.jpg,336.7,335.3,1.4,False
mark_lane,south_to_north,n01148,mark_lane/south_to_north/013_n01148_N.jpg,336.7,335.3,1.4,False
martin_lane,north_to_south,n01153,martin_lane/north_to_south/001_n01153_S.jpg,197.6,199.1,1.5,False
martin_lane,north_to_south,n01152,martin_lane/north_to_south/002_n01152_S.jpg,197.6,199.8,2.3,False
martin_lane,north_to_south,n01151,martin_lane/north_to_south/003_n01151_S.jpg,197.6,195.0,2.6,False
martin_lane,north_to_south,n01150,martin_lane/north_to_south/004_n01150_S.jpg,197.6,198.7,1.1,False
martin_lane,north_to_south,n01149,martin_lane/north_to_south/005_n01149_S.jpg,197.6,198.7,1.1,False
martin_lane,south_to_north,n01149,martin_lane/south_to_north/001_n01149_N.jpg,17.6,18.7,1.1,False
martin_lane,south_to_north,n01150,martin_lane/south_to_north/002_n01150_N.jpg,17.6,15.0,2.6,False
martin_lane,south_to_north,n01151,martin_lane/south_to_north/003_n01151_N.jpg,17.6,19.8,2.3,False
martin_lane,south_to_north,n01152,martin_lane/south_to_north/004_n01152_N.jpg,17.6,19.1,1.5,False
martin_lane,south_to_north,n01153,martin_lane/south_to_north/005_n01153_N.jpg,17.6,19.1,1.5,False
masons_avenue,east_to_west,n01154,masons_avenue/east_to_west/001_n01154_W.jpg,274.4,276.7,2.3,False
masons_avenue,east_to_west,n01155,masons_avenue/east_to_west/002_n01155_W.jpg,274.4,271.9,2.4,False
masons_avenue,east_to_west,n01156,masons_avenue/east_to_west/003_n01156_W.jpg,274.4,271.9,2.4,False
masons_avenue,west_to_east,n01156,masons_avenue/west_to_east/001_n01156_E.jpg,94.4,91.9,2.4,False
masons_avenue,west_to_east,n01155,masons_avenue/west_to_east/002_n01155_E.jpg,94.4,96.7,2.3,False
masons_avenue,west_to_east,n01154,masons_avenue/west_to_east/003_n01154_E.jpg,94.4,96.7,2.3,False
milk_street,north_to_south,n01164,milk_street/north_to_south/001_n01164_S.jpg,203.7,195.9,7.8,False
milk_street,north_to_south,n01163,milk_street/north_to_south/002_n01163_S.jpg,203.7,203.8,0.1,False
milk_street,north_to_south,n01162,milk_street/north_to_south/003_n01162_S.jpg,203.7,209.0,5.2,False
milk_street,north_to_south,n01161,milk_street/north_to_south/004_n01161_S.jpg,203.7,210.5,6.7,False
milk_street,north_to_south,n01160,milk_street/north_to_south/005_n01160_S.jpg,203.7,215.1,11.4,False
milk_street,north_to_south,n01159,milk_street/north_to_south/006_n01159_S.jpg,203.7,191.9,11.8,False
milk_street,north_to_south,n01158,milk_street/north_to_south/007_n01158_S.jpg,203.7,191.9,11.8,False
milk_street,north_to_south,n01157,milk_street/north_to_south/008_n01157_S.jpg,203.7,191.9,11.8,False
milk_street,south_to_north,n01157,milk_street/south_to_north/001_n01157_N.jpg,23.7,11.9,11.8,False
milk_street,south_to_north,n01158,milk_street/south_to_north/002_n01158_N.jpg,23.7,11.9,11.8,False
milk_street,south_to_north,n01159,milk_street/south_to_north/003_n01159_N.jpg,23.7,35.1,11.4,False
milk_street,south_to_north,n01160,milk_street/south_to_north/004_n01160_N.jpg,23.7,30.5,6.7,False
milk_street,south_to_north,n01161,milk_street/south_to_north/005_n01161_N.jpg,23.7,29.0,5.2,False
milk_street,south_to_north,n01162,milk_street/south_to_north/006_n01162_N.jpg,23.7,23.8,0.1,False
milk_street,south_to_north,n01163,milk_street/south_to_north/007_n01163_N.jpg,23.7,15.9,7.8,False
milk_street,south_to_north,n01164,milk_street/south_to_north/008_n01164_N.jpg,23.7,15.9,7.8,False
mincing_lane,north_to_south,n01174,mincing_lane/north_to_south/001_n01174_S.jpg,146.6,145.2,1.4,False
mincing_lane,north_to_south,n01173,mincing_lane/north_to_south/002_n01173_S.jpg,146.6,174.4,27.8,False
mincing_lane,north_to_south,n01172,mincing_lane/north_to_south/003_n01172_S.jpg,182.3,187.9,5.6,False
mincing_lane,north_to_south,n01171,mincing_lane/north_to_south/004_n01171_S.jpg,182.3,160.5,21.8,False
mincing_lane,north_to_south,n01170,mincing_lane/north_to_south/005_n01170_S.jpg,162.0,185.5,23.5,False
mincing_lane,north_to_south,n01169,mincing_lane/north_to_south/006_n01169_S.jpg,182.3,187.5,5.1,False
mincing_lane,north_to_south,n01168,mincing_lane/north_to_south/007_n01168_S.jpg,182.3,188.4,6.1,False
mincing_lane,north_to_south,n01167,mincing_lane/north_to_south/008_n01167_S.jpg,182.3,189.0,6.7,False
mincing_lane,north_to_south,n01166,mincing_lane/north_to_south/009_n01166_S.jpg,182.3,207.0,24.7,False
mincing_lane,north_to_south,n01165,mincing_lane/north_to_south/010_n01165_S.jpg,208.7,207.0,1.7,False
mincing_lane,south_to_north,n01165,mincing_lane/south_to_north/001_n01165_N.jpg,28.7,27.0,1.7,False
mincing_lane,south_to_north,n01166,mincing_lane/south_to_north/002_n01166_N.jpg,2.3,9.0,6.7,False
mincing_lane,south_to_north,n01167,mincing_lane/south_to_north/003_n01167_N.jpg,2.3,8.4,6.1,False
mincing_lane,south_to_north,n01168,mincing_lane/south_to_north/004_n01168_N.jpg,2.3,7.5,5.1,False
mincing_lane,south_to_north,n01169,mincing_lane/south_to_north/005_n01169_N.jpg,2.3,5.5,3.2,False
mincing_lane,south_to_north,n01170,mincing_lane/south_to_north/006_n01170_N.jpg,342.0,340.5,1.5,False
mincing_lane,south_to_north,n01171,mincing_lane/south_to_north/007_n01171_N.jpg,2.3,7.9,5.6,False
mincing_lane,south_to_north,n01172,mincing_lane/south_to_north/008_n01172_N.jpg,2.3,354.4,8.0,False
mincing_lane,south_to_north,n01173,mincing_lane/south_to_north/009_n01173_N.jpg,326.6,325.2,1.4,False
mincing_lane,south_to_north,n01174,mincing_lane/south_to_north/010_n01174_N.jpg,326.6,325.2,1.4,False
monkwell_square,east_to_west,n01177,monkwell_square/east_to_west/001_n01177_W.jpg,251.5,278.9,27.5,False
monkwell_square,east_to_west,n01180,monkwell_square/east_to_west/002_n01180_W.jpg,251.5,288.4,36.9,False
monkwell_square,east_to_west,n01175,monkwell_square/east_to_west/003_n01175_W.jpg,0.0,0.0,0.0,False
monkwell_square,east_to_west,n01178,monkwell_square/east_to_west/004_n01178_W.jpg,0.0,0.0,0.0,False
monkwell_square,east_to_west,n01182,monkwell_square/east_to_west/005_n01182_W.jpg,251.5,289.5,38.1,False
monkwell_square,east_to_west,n01183,monkwell_square/east_to_west/006_n01183_W.jpg,0.0,0.0,0.0,False
monkwell_square,east_to_west,n01184,monkwell_square/east_to_west/007_n01184_W.jpg,0.0,0.0,0.0,False
monkwell_square,east_to_west,n01179,monkwell_square/east_to_west/008_n01179_W.jpg,251.5,199.5,52.0,False
monkwell_square,east_to_west,n01181,monkwell_square/west_to_east/003_n01181_E.jpg,71.5,0.0,71.5,True
monkwell_square,east_to_west,n01176,monkwell_square/east_to_west/010_n01176_W.jpg,251.5,199.5,52.0,False
monkwell_square,west_to_east,n01176,monkwell_square/west_to_east/001_n01176_E.jpg,71.5,19.5,52.0,False
monkwell_square,west_to_east,n01179,monkwell_square/west_to_east/002_n01179_E.jpg,71.5,0.0,71.5,False
monkwell_square,west_to_east,n01181,monkwell_square/west_to_east/003_n01181_E.jpg,71.5,0.0,71.5,False
monkwell_square,west_to_east,n01183,monkwell_square/east_to_west/006_n01183_W.jpg,0.0,109.5,109.5,True
monkwell_square,west_to_east,n01184,monkwell_square/east_to_west/007_n01184_W.jpg,0.0,0.0,0.0,True
monkwell_square,west_to_east,n01175,monkwell_square/east_to_west/003_n01175_W.jpg,0.0,0.0,0.0,True
monkwell_square,west_to_east,n01178,monkwell_square/east_to_west/004_n01178_W.jpg,0.0,0.0,0.0,True
monkwell_square,west_to_east,n01182,monkwell_square/west_to_east/008_n01182_E.jpg,71.5,108.4,36.9,False
monkwell_square,west_to_east,n01180,monkwell_square/west_to_east/009_n01180_E.jpg,71.5,98.9,27.5,False
monkwell_square,west_to_east,n01177,monkwell_square/west_to_east/010_n01177_E.jpg,71.5,98.9,27.5,False
monument_street,east_to_west,n01185,monument_street/east_to_west/001_n01185_W.jpg,337.5,336.0,1.5,False
monument_street,east_to_west,n01186,monument_street/east_to_west/002_n01186_W.jpg,302.4,312.1,9.7,False
monument_street,east_to_west,n01187,monument_street/east_to_west/003_n01187_W.jpg,302.4,302.6,0.1,False
monument_street,east_to_west,n01188,monument_street/east_to_west/004_n01188_W.jpg,302.4,302.4,0.0,False
monument_street,east_to_west,n01189,monument_street/east_to_west/005_n01189_W.jpg,302.4,311.8,9.4,False
monument_street,east_to_west,n01190,monument_street/east_to_west/006_n01190_W.jpg,282.1,280.8,1.3,False
monument_street,east_to_west,n01191,monument_street/east_to_west/007_n01191_W.jpg,275.1,273.7,1.4,False
monument_street,east_to_west,n01192,monument_street/east_to_west/008_n01192_W.jpg,302.4,273.7,28.7,False
monument_street,west_to_east,n01192,monument_street/west_to_east/001_n01192_E.jpg,122.4,93.7,28.7,False
monument_street,west_to_east,n01191,monument_street/west_to_east/002_n01191_E.jpg,95.1,100.8,5.7,False
monument_street,west_to_east,n01190,monument_street/west_to_east/003_n01190_E.jpg,102.1,131.8,29.7,False
monument_street,west_to_east,n01189,monument_street/west_to_east/004_n01189_E.jpg,122.4,122.4,0.0,False
monument_street,west_to_east,n01188,monument_street/west_to_east/005_n01188_E.jpg,122.4,122.6,0.1,False
monument_street,west_to_east,n01187,monument_street/west_to_east/006_n01187_E.jpg,122.4,132.1,9.7,False
monument_street,west_to_east,n01186,monument_street/west_to_east/007_n01186_E.jpg,122.4,156.0,33.6,False
monument_street,west_to_east,n01185,monument_street/west_to_east/008_n01185_E.jpg,157.5,156.0,1.5,False
moor_lane,north_to_south,n01194,moor_lane/north_to_south/001_n01194_S.jpg,223.5,223.5,0.0,False
moor_lane,north_to_south,n01193,moor_lane/north_to_south/002_n01193_S.jpg,223.5,223.5,0.0,False
moor_lane,south_to_north,n01193,moor_lane/south_to_north/001_n01193_N.jpg,43.5,43.5,0.0,False
moor_lane,south_to_north,n01194,moor_lane/south_to_north/002_n01194_N.jpg,43.5,43.5,0.0,False
moorfields,north_to_south,n01197,moorfields/north_to_south/001_n01197_S.jpg,186.0,184.5,1.5,False
moorfields,north_to_south,n01196,moorfields/north_to_south/002_n01196_S.jpg,186.0,213.1,27.1,False
moorfields,north_to_south,n01195,moorfields/north_to_south/003_n01195_S.jpg,201.8,213.1,11.4,False
moorfields,south_to_north,n01195,moorfields/south_to_north/001_n01195_N.jpg,21.8,33.1,11.4,False
moorfields,south_to_north,n01196,moorfields/south_to_north/002_n01196_N.jpg,6.0,4.5,1.5,False
moorfields,south_to_north,n01197,moorfields/south_to_north/003_n01197_N.jpg,6.0,4.5,1.5,False
moorgate,north_to_south,n01218,moorgate/north_to_south/001_n01218_S.jpg,192.2,196.9,4.7,False
moorgate,north_to_south,n01217,moorgate/north_to_south/002_n01217_S.jpg,192.2,197.1,5.0,False
moorgate,north_to_south,n01216,moorgate/north_to_south/003_n01216_S.jpg,192.2,197.0,4.9,False
moorgate,north_to_south,n01215,moorgate/north_to_south/004_n01215_S.jpg,192.2,197.7,5.5,False
moorgate,north_to_south,n01214,moorgate/north_to_south/005_n01214_S.jpg,192.2,197.9,5.7,False
moorgate,north_to_south,n01213,moorgate/north_to_south/006_n01213_S.jpg,192.2,175.8,16.4,False
moorgate,north_to_south,n01212,moorgate/north_to_south/007_n01212_S.jpg,177.3,203.1,25.8,False
moorgate,north_to_south,n01211,moorgate/north_to_south/008_n01211_S.jpg,192.2,187.1,5.1,False
moorgate,north_to_south,n01210,moorgate/north_to_south/009_n01210_S.jpg,192.2,191.1,1.1,False
moorgate,north_to_south,n01209,moorgate/north_to_south/010_n01209_S.jpg,192.2,191.8,0.4,False
moorgate,north_to_south,n01208,moorgate/north_to_south/011_n01208_S.jpg,192.2,191.9,0.3,False
moorgate,north_to_south,n01207,moorgate/north_to_south/012_n01207_S.jpg,192.2,191.7,0.5,False
moorgate,north_to_south,n01206,moorgate/north_to_south/013_n01206_S.jpg,192.2,191.8,0.4,False
moorgate,north_to_south,n01205,moorgate/north_to_south/014_n01205_S.jpg,192.2,191.9,0.3,False
moorgate,north_to_south,n01204,moorgate/north_to_south/015_n01204_S.jpg,192.2,186.8,5.4,False
moorgate,north_to_south,n01203,moorgate/north_to_south/016_n01203_S.jpg,192.2,195.8,3.6,False
moorgate,north_to_south,n01202,moorgate/north_to_south/017_n01202_S.jpg,192.2,192.3,0.1,False
moorgate,north_to_south,n01201,moorgate/north_to_south/018_n01201_S.jpg,192.2,192.4,0.2,False
moorgate,north_to_south,n01200,moorgate/north_to_south/019_n01200_S.jpg,192.2,192.3,0.1,False
moorgate,north_to_south,n01199,moorgate/north_to_south/020_n01199_S.jpg,192.2,211.2,19.0,False
moorgate,north_to_south,n01198,moorgate/north_to_south/021_n01198_S.jpg,212.7,211.2,1.5,False
moorgate,south_to_north,n01198,moorgate/south_to_north/001_n01198_N.jpg,32.7,31.2,1.5,False
moorgate,south_to_north,n01199,moorgate/south_to_north/002_n01199_N.jpg,12.2,12.3,0.1,False
moorgate,south_to_north,n01200,moorgate/south_to_north/003_n01200_N.jpg,12.2,12.4,0.2,False
moorgate,south_to_north,n01201,moorgate/south_to_north/004_n01201_N.jpg,12.2,12.3,0.1,False
moorgate,south_to_north,n01202,moorgate/south_to_north/005_n01202_N.jpg,12.2,15.8,3.6,False
moorgate,south_to_north,n01203,moorgate/south_to_north/006_n01203_N.jpg,12.2,6.8,5.4,False
moorgate,south_to_north,n01204,moorgate/south_to_north/007_n01204_N.jpg,12.2,11.9,0.3,False
moorgate,south_to_north,n01205,moorgate/south_to_north/008_n01205_N.jpg,12.2,11.8,0.4,False
moorgate,south_to_north,n01206,moorgate/south_to_north/009_n01206_N.jpg,12.2,11.7,0.5,False
moorgate,south_to_north,n01207,moorgate/south_to_north/010_n01207_N.jpg,12.2,11.9,0.3,False
moorgate,south_to_north,n01208,moorgate/south_to_north/011_n01208_N.jpg,12.2,11.8,0.4,False
moorgate,south_to_north,n01209,moorgate/south_to_north/012_n01209_N.jpg,12.2,11.1,1.1,False
moorgate,south_to_north,n01210,moorgate/south_to_north/013_n01210_N.jpg,12.2,7.1,5.1,False
moorgate,south_to_north,n01211,moorgate/south_to_north/014_n01211_N.jpg,12.2,23.1,10.9,False
moorgate,south_to_north,n01212,moorgate/south_to_north/015_n01212_N.jpg,357.3,355.8,1.5,False
moorgate,south_to_north,n01213,moorgate/south_to_north/016_n01213_N.jpg,12.2,17.9,5.7,False
moorgate,south_to_north,n01214,moorgate/south_to_north/017_n01214_N.jpg,12.2,17.7,5.5,False
moorgate,south_to_north,n01215,moorgate/south_to_north/018_n01215_N.jpg,12.2,17.0,4.9,False
moorgate,south_to_north,n01216,moorgate/south_to_north/019_n01216_N.jpg,12.2,17.1,5.0,False
moorgate,south_to_north,n01217,moorgate/south_to_north/020_n01217_N.jpg,12.2,16.9,4.7,False
moorgate,south_to_north,n01218,moorgate/south_to_north/021_n01218_N.jpg,12.2,16.9,4.7,False
new_broad_street,east_to_west,n01219,new_broad_street/east_to_west/001_n01219_W.jpg,280.6,279.1,1.5,False
new_broad_street,east_to_west,n01220,new_broad_street/east_to_west/002_n01220_W.jpg,283.6,282.2,1.4,False
new_broad_street,east_to_west,n01221,new_broad_street/east_to_west/003_n01221_W.jpg,284.3,283.1,1.2,False
new_broad_street,east_to_west,n01222,new_broad_street/east_to_west/004_n01222_W.jpg,285.8,284.3,1.5,False
new_broad_street,east_to_west,n01223,new_broad_street/east_to_west/005_n01223_W.jpg,287.5,286.2,1.3,False
new_broad_street,east_to_west,n01224,new_broad_street/east_to_west/006_n01224_W.jpg,293.5,292.2,1.3,False
new_broad_street,east_to_west,n01225,new_broad_street/west_to_east/006_n01225_E.jpg,8.5,7.0,1.5,True
new_broad_street,east_to_west,n01227,new_broad_street/west_to_east/005_n01227_E.jpg,15.0,13.6,1.4,True
new_broad_street,east_to_west,n01226,new_broad_street/west_to_east/004_n01226_E.jpg,58.7,57.0,1.7,True
new_broad_street,east_to_west,n01228,new_broad_street/west_to_east/003_n01228_E.jpg,46.3,44.6,1.7,True
new_broad_street,east_to_west,n01229,new_broad_street/west_to_east/002_n01229_E.jpg,34.7,33.1,1.6,True
new_broad_street,east_to_west,n01230,new_broad_street/west_to_east/001_n01230_E.jpg,34.7,33.1,1.6,True
new_broad_street,west_to_east,n01230,new_broad_street/east_to_west/012_n01230_W.jpg,214.7,213.1,1.6,True
new_broad_street,west_to_east,n01229,new_broad_street/east_to_west/011_n01229_W.jpg,214.7,224.6,9.9,True
new_broad_street,west_to_east,n01228,new_broad_street/east_to_west/010_n01228_W.jpg,226.3,193.6,32.7,True
new_broad_street,west_to_east,n01226,new_broad_street/east_to_west/009_n01226_W.jpg,238.7,187.0,51.7,True
new_broad_street,west_to_east,n01227,new_broad_street/east_to_west/008_n01227_W.jpg,195.0,237.0,42.0,True
new_broad_street,west_to_east,n01225,new_broad_street/east_to_west/007_n01225_W.jpg,188.5,112.2,76.3,True
new_broad_street,west_to_east,n01224,new_broad_street/west_to_east/007_n01224_E.jpg,113.5,106.2,7.3,False
new_broad_street,west_to_east,n01223,new_broad_street/west_to_east/008_n01223_E.jpg,107.5,104.3,3.2,False
new_broad_street,west_to_east,n01222,new_broad_street/west_to_east/009_n01222_E.jpg,105.8,103.1,2.7,False
new_broad_street,west_to_east,n01221,new_broad_street/west_to_east/010_n01221_E.jpg,104.3,102.2,2.1,False
new_broad_street,west_to_east,n01220,new_broad_street/west_to_east/011_n01220_E.jpg,103.6,99.1,4.5,False
new_broad_street,west_to_east,n01219,new_broad_street/west_to_east/012_n01219_E.jpg,100.6,99.1,1.5,False
new_change,north_to_south,n01240,new_change/north_to_south/001_n01240_S.jpg,167.0,169.6,2.6,False
new_change,north_to_south,n01239,new_change/north_to_south/002_n01239_S.jpg,167.0,151.0,16.0,False
new_change,north_to_south,n01238,new_change/north_to_south/003_n01238_S.jpg,152.5,144.6,7.9,False
new_change,north_to_south,n01237,new_change/north_to_south/004_n01237_S.jpg,146.0,153.4,7.4,False
new_change,north_to_south,n01236,new_change/north_to_south/005_n01236_S.jpg,154.8,164.6,9.8,False
new_change,north_to_south,n01235,new_change/north_to_south/006_n01235_S.jpg,167.0,176.5,9.5,False
new_change,north_to_south,n01234,new_change/north_to_south/007_n01234_S.jpg,167.0,181.1,14.1,False
new_change,north_to_south,n01233,new_change/north_to_south/008_n01233_S.jpg,167.0,186.3,19.3,False
new_change,north_to_south,n01232,new_change/north_to_south/009_n01232_S.jpg,187.8,189.5,1.7,False
new_change,north_to_south,n01231,new_change/north_to_south/010_n01231_S.jpg,191.1,189.5,1.6,False
new_change,south_to_north,n01231,new_change/south_to_north/001_n01231_N.jpg,11.1,9.5,1.6,False
new_change,south_to_north,n01232,new_change/south_to_north/002_n01232_N.jpg,7.8,6.3,1.5,False
new_change,south_to_north,n01233,new_change/south_to_north/003_n01233_N.jpg,347.0,1.1,14.1,False
new_change,south_to_north,n01234,new_change/south_to_north/004_n01234_N.jpg,347.0,356.5,9.5,False
new_change,south_to_north,n01235,new_change/south_to_north/005_n01235_N.jpg,347.0,344.6,2.5,False
new_change,south_to_north,n01236,new_change/south_to_north/006_n01236_N.jpg,334.8,333.4,1.4,False
new_change,south_to_north,n01237,new_change/south_to_north/007_n01237_N.jpg,326.0,324.6,1.4,False
new_change,south_to_north,n01238,new_change/south_to_north/008_n01238_N.jpg,332.5,331.0,1.5,False
new_change,south_to_north,n01239,new_change/south_to_north/009_n01239_N.jpg,347.0,349.6,2.6,False
new_change,south_to_north,n01240,new_change/south_to_north/010_n01240_N.jpg,347.0,349.6,2.6,False
new_change_passage,east_to_west,n01244,new_change_passage/east_to_west/001_n01244_W.jpg,268.8,245.3,23.5,False
new_change_passage,east_to_west,n01243,new_change_passage/east_to_west/002_n01243_W.jpg,268.8,282.0,13.2,False
new_change_passage,east_to_west,n01242,new_change_passage/east_to_west/003_n01242_W.jpg,268.8,279.4,10.6,False
new_change_passage,east_to_west,n01241,new_change_passage/east_to_west/004_n01241_W.jpg,268.8,279.4,10.6,False
new_change_passage,west_to_east,n01241,new_change_passage/west_to_east/001_n01241_E.jpg,88.8,99.4,10.6,False
new_change_passage,west_to_east,n01242,new_change_passage/west_to_east/002_n01242_E.jpg,88.8,102.0,13.2,False
new_change_passage,west_to_east,n01243,new_change_passage/west_to_east/003_n01243_E.jpg,88.8,65.3,23.5,False
new_change_passage,west_to_east,n01244,new_change_passage/west_to_east/004_n01244_E.jpg,88.8,65.3,23.5,False
new_street,east_to_west,n01245,new_street/east_to_west/001_n01245_W.jpg,296.0,301.1,5.1,False
new_street,east_to_west,n01246,new_street/east_to_west/002_n01246_W.jpg,296.0,291.2,4.7,False
new_street,east_to_west,n01247,new_street/east_to_west/003_n01247_W.jpg,296.0,291.2,4.7,False
new_street,west_to_east,n01247,new_street/west_to_east/001_n01247_E.jpg,116.0,111.2,4.7,False
new_street,west_to_east,n01246,new_street/west_to_east/002_n01246_E.jpg,116.0,121.1,5.1,False
new_street,west_to_east,n01245,new_street/west_to_east/003_n01245_E.jpg,116.0,121.1,5.1,False
newgate_street,east_to_west,n01248,newgate_street/east_to_west/001_n01248_W.jpg,295.0,295.0,0.0,False
newgate_street,east_to_west,n01249,newgate_street/east_to_west/002_n01249_W.jpg,295.0,295.0,0.0,False
newgate_street,west_to_east,n01249,newgate_street/west_to_east/001_n01249_E.jpg,115.0,115.0,0.0,False
newgate_street,west_to_east,n01248,newgate_street/west_to_east/002_n01248_E.jpg,115.0,115.0,0.0,False
nicholas_lane,north_to_south,n01258,nicholas_lane/north_to_south/001_n01258_S.jpg,201.8,204.8,3.0,False
nicholas_lane,north_to_south,n01257,nicholas_lane/north_to_south/002_n01257_S.jpg,201.8,203.6,1.8,False
nicholas_lane,north_to_south,n01256,nicholas_lane/north_to_south/003_n01256_S.jpg,201.8,201.6,0.2,False
nicholas_lane,north_to_south,n01255,nicholas_lane/north_to_south/004_n01255_S.jpg,201.8,199.9,2.0,False
nicholas_lane,north_to_south,n01254,nicholas_lane/north_to_south/005_n01254_S.jpg,201.8,236.4,34.6,False
nicholas_lane,north_to_south,n01253,nicholas_lane/north_to_south/006_n01253_S.jpg,238.0,167.2,70.8,False
nicholas_lane,north_to_south,n01252,nicholas_lane/north_to_south/007_n01252_S.jpg,168.6,206.2,37.6,False
nicholas_lane,north_to_south,n01251,nicholas_lane/north_to_south/008_n01251_S.jpg,201.8,198.2,3.6,False
nicholas_lane,north_to_south,n01250,nicholas_lane/north_to_south/009_n01250_S.jpg,201.8,198.2,3.6,False
nicholas_lane,south_to_north,n01250,nicholas_lane/south_to_north/001_n01250_N.jpg,21.8,18.2,3.6,False
nicholas_lane,south_to_north,n01251,nicholas_lane/south_to_north/002_n01251_N.jpg,21.8,26.2,4.4,False
nicholas_lane,south_to_north,n01252,nicholas_lane/south_to_north/003_n01252_N.jpg,348.6,347.2,1.4,False
nicholas_lane,south_to_north,n01253,nicholas_lane/south_to_north/004_n01253_N.jpg,58.0,56.4,1.6,False
nicholas_lane,south_to_north,n01254,nicholas_lane/south_to_north/005_n01254_N.jpg,21.8,19.9,2.0,False
nicholas_lane,south_to_north,n01255,nicholas_lane/south_to_north/006_n01255_N.jpg,21.8,21.6,0.2,False
nicholas_lane,south_to_north,n01256,nicholas_lane/south_to_north/007_n01256_N.jpg,21.8,23.6,1.8,False
nicholas_lane,south_to_north,n01257,nicholas_lane/south_to_north/008_n01257_N.jpg,21.8,24.8,3.0,False
nicholas_lane,south_to_north,n01258,nicholas_lane/south_to_north/009_n01258_N.jpg,21.8,24.8,3.0,False
nicholas_passage,east_to_west,n01259,nicholas_passage/east_to_west/001_n01259_W.jpg,294.9,295.8,0.9,False
nicholas_passage,east_to_west,n01260,nicholas_passage/east_to_west/002_n01260_W.jpg,294.9,292.5,2.3,False
nicholas_passage,east_to_west,n01261,nicholas_passage/east_to_west/003_n01261_W.jpg,294.9,292.5,2.3,False
nicholas_passage,west_to_east,n01261,nicholas_passage/west_to_east/001_n01261_E.jpg,114.9,112.5,2.3,False
nicholas_passage,west_to_east,n01260,nicholas_passage/west_to_east/002_n01260_E.jpg,114.9,115.8,0.9,False
nicholas_passage,west_to_east,n01259,nicholas_passage/west_to_east/003_n01259_E.jpg,114.9,115.8,0.9,False
noble_street,north_to_south,n01270,noble_street/north_to_south/001_n01270_S.jpg,196.3,185.8,10.5,False
noble_street,north_to_south,n01269,noble_street/north_to_south/002_n01269_S.jpg,196.3,190.2,6.2,False
noble_street,north_to_south,n01268,noble_street/north_to_south/003_n01268_S.jpg,196.3,197.9,1.5,False
noble_street,north_to_south,n01267,noble_street/north_to_south/004_n01267_S.jpg,196.3,196.8,0.4,False
noble_street,north_to_south,n01266,noble_street/north_to_south/005_n01266_S.jpg,196.3,198.4,2.1,False
noble_street,north_to_south,n01265,noble_street/north_to_south/006_n01265_S.jpg,196.3,198.4,2.1,False
noble_street,north_to_south,n01264,noble_street/north_to_south/007_n01264_S.jpg,196.3,198.4,2.1,False
noble_street,north_to_south,n01263,noble_street/north_to_south/008_n01263_S.jpg,196.3,197.8,1.5,False
noble_street,north_to_south,n01262,noble_street/north_to_south/009_n01262_S.jpg,196.3,197.8,1.5,False
noble_street,south_to_north,n01262,noble_street/south_to_north/001_n01262_N.jpg,16.3,17.8,1.5,False
noble_street,south_to_north,n01263,noble_street/south_to_north/002_n01263_N.jpg,16.3,18.4,2.1,False
noble_street,south_to_north,n01264,noble_street/south_to_north/003_n01264_N.jpg,16.3,18.4,2.1,False
noble_street,south_to_north,n01265,noble_street/south_to_north/004_n01265_N.jpg,16.3,18.4,2.1,False
noble_street,south_to_north,n01266,noble_street/south_to_north/005_n01266_N.jpg,16.3,16.8,0.4,False
noble_street,south_to_north,n01267,noble_street/south_to_north/006_n01267_N.jpg,16.3,17.9,1.5,False
noble_street,south_to_north,n01268,noble_street/south_to_north/007_n01268_N.jpg,16.3,10.2,6.2,False
noble_street,south_to_north,n01269,noble_street/south_to_north/008_n01269_N.jpg,16.3,5.8,10.5,False
noble_street,south_to_north,n01270,noble_street/south_to_north/009_n01270_N.jpg,16.3,5.8,10.5,False
oat_lane,east_to_west,n01271,oat_lane/west_to_east/004_n01271_E.jpg,20.2,18.5,1.7,True
oat_lane,east_to_west,n01272,oat_lane/east_to_west/002_n01272_W.jpg,283.4,282.0,1.4,False
oat_lane,east_to_west,n01273,oat_lane/east_to_west/003_n01273_W.jpg,294.0,292.7,1.3,False
oat_lane,east_to_west,n01274,oat_lane/east_to_west/004_n01274_W.jpg,294.0,292.7,1.3,False
oat_lane,west_to_east,n01274,oat_lane/west_to_east/001_n01274_E.jpg,114.0,112.7,1.3,False
oat_lane,west_to_east,n01273,oat_lane/west_to_east/002_n01273_E.jpg,114.0,102.0,12.0,False
oat_lane,west_to_east,n01272,oat_lane/east_to_west/002_n01272_W.jpg,283.4,198.5,84.9,True
oat_lane,west_to_east,n01271,oat_lane/east_to_west/001_n01271_W.jpg,200.2,198.5,1.7,True
old_billingsgate_walk,east_to_west,n01275,old_billingsgate_walk/east_to_west/001_n01275_W.jpg,279.2,280.2,1.0,False
old_billingsgate_walk,east_to_west,n01276,old_billingsgate_walk/east_to_west/002_n01276_W.jpg,279.2,279.2,0.0,False
old_billingsgate_walk,east_to_west,n01277,old_billingsgate_walk/east_to_west/003_n01277_W.jpg,279.2,277.9,1.4,False
old_billingsgate_walk,east_to_west,n01278,old_billingsgate_walk/east_to_west/004_n01278_W.jpg,279.2,277.9,1.4,False
old_billingsgate_walk,west_to_east,n01278,old_billingsgate_walk/west_to_east/001_n01278_E.jpg,99.2,97.9,1.4,False
old_billingsgate_walk,west_to_east,n01277,old_billingsgate_walk/west_to_east/002_n01277_E.jpg,99.2,99.2,0.0,False
old_billingsgate_walk,west_to_east,n01276,old_billingsgate_walk/west_to_east/003_n01276_E.jpg,99.2,100.2,1.0,False
old_billingsgate_walk,west_to_east,n01275,old_billingsgate_walk/west_to_east/004_n01275_E.jpg,99.2,100.2,1.0,False
old_broad_street,north_to_south,n01301,old_broad_street/north_to_south/001_n01301_S.jpg,211.1,198.6,12.5,False
old_broad_street,north_to_south,n01300,old_broad_street/north_to_south/002_n01300_S.jpg,211.1,187.6,23.5,False
old_broad_street,north_to_south,n01299,old_broad_street/north_to_south/003_n01299_S.jpg,189.2,192.3,3.1,False
old_broad_street,north_to_south,n01298,old_broad_street/north_to_south/004_n01298_S.jpg,193.8,193.0,0.8,False
old_broad_street,north_to_south,n01297,old_broad_street/north_to_south/005_n01297_S.jpg,194.5,192.2,2.3,False
old_broad_street,north_to_south,n01296,old_broad_street/north_to_south/006_n01296_S.jpg,193.8,196.3,2.5,False
old_broad_street,north_to_south,n01295,old_broad_street/north_to_south/007_n01295_S.jpg,211.1,206.9,4.2,False
old_broad_street,north_to_south,n01294,old_broad_street/north_to_south/008_n01294_S.jpg,211.1,204.0,7.1,False
old_broad_street,north_to_south,n01293,old_broad_street/north_to_south/009_n01293_S.jpg,211.1,208.6,2.5,False
old_broad_street,north_to_south,n01292,old_broad_street/north_to_south/010_n01292_S.jpg,211.1,208.0,3.1,False
old_broad_street,north_to_south,n01291,old_broad_street/north_to_south/011_n01291_S.jpg,211.1,207.5,3.6,False
old_broad_street,north_to_south,n01290,old_broad_street/north_to_south/012_n01290_S.jpg,211.1,208.0,3.1,False
old_broad_street,north_to_south,n01289,old_broad_street/north_to_south/013_n01289_S.jpg,211.1,207.7,3.4,False
old_broad_street,north_to_south,n01288,old_broad_street/north_to_south/014_n01288_S.jpg,211.1,219.3,8.2,False
old_broad_street,north_to_south,n01287,old_broad_street/north_to_south/015_n01287_S.jpg,211.1,229.7,18.6,False
old_broad_street,north_to_south,n01286,old_broad_street/north_to_south/016_n01286_S.jpg,231.1,253.1,22.0,False
old_broad_street,north_to_south,n01285,old_broad_street/north_to_south/017_n01285_S.jpg,211.1,225.3,14.2,False
old_broad_street,north_to_south,n01284,old_broad_street/north_to_south/018_n01284_S.jpg,211.1,229.5,18.4,False
old_broad_street,north_to_south,n01283,old_broad_street/north_to_south/019_n01283_S.jpg,211.1,197.2,13.9,False
old_broad_street,north_to_south,n01282,old_broad_street/north_to_south/020_n01282_S.jpg,211.1,213.6,2.5,False
old_broad_street,north_to_south,n01281,old_broad_street/north_to_south/021_n01281_S.jpg,211.1,215.3,4.2,False
old_broad_street,north_to_south,n01280,old_broad_street/north_to_south/022_n01280_S.jpg,211.1,197.4,13.7,False
old_broad_street,north_to_south,n01279,old_broad_street/north_to_south/023_n01279_S.jpg,211.1,197.4,13.7,False
old_broad_street,south_to_north,n01279,old_broad_street/south_to_north/001_n01279_N.jpg,31.1,17.4,13.7,False
old_broad_street,south_to_north,n01280,old_broad_street/south_to_north/002_n01280_N.jpg,31.1,35.3,4.2,False
old_broad_street,south_to_north,n01281,old_broad_street/south_to_north/003_n01281_N.jpg,31.1,33.6,2.5,False
old_broad_street,south_to_north,n01282,old_broad_street/south_to_north/004_n01282_N.jpg,31.1,17.2,13.9,False
old_broad_street,south_to_north,n01283,old_broad_street/south_to_north/005_n01283_N.jpg,31.1,49.5,18.4,False
old_broad_street,south_to_north,n01284,old_broad_street/south_to_north/006_n01284_N.jpg,31.1,45.3,14.2,False
old_broad_street,south_to_north,n01285,old_broad_street/south_to_north/007_n01285_N.jpg,31.1,73.1,42.0,False
old_broad_street,south_to_north,n01286,old_broad_street/south_to_north/008_n01286_N.jpg,51.1,49.7,1.4,False
old_broad_street,south_to_north,n01287,old_broad_street/south_to_north/009_n01287_N.jpg,31.1,39.3,8.2,False
old_broad_street,south_to_north,n01288,old_broad_street/south_to_north/010_n01288_N.jpg,31.1,27.7,3.4,False
old_broad_street,south_to_north,n01289,old_broad_street/south_to_north/011_n01289_N.jpg,31.1,28.0,3.1,False
old_broad_street,south_to_north,n01290,old_broad_street/south_to_north/012_n01290_N.jpg,31.1,27.5,3.6,False
old_broad_street,south_to_north,n01291,old_broad_street/south_to_north/013_n01291_N.jpg,31.1,28.0,3.1,False
old_broad_street,south_to_north,n01292,old_broad_street/south_to_north/014_n01292_N.jpg,31.1,28.6,2.5,False
old_broad_street,south_to_north,n01293,old_broad_street/south_to_north/015_n01293_N.jpg,31.1,24.0,7.1,False
old_broad_street,south_to_north,n01294,old_broad_street/south_to_north/016_n01294_N.jpg,31.1,26.9,4.2,False
old_broad_street,south_to_north,n01295,old_broad_street/south_to_north/017_n01295_N.jpg,31.1,16.3,14.8,False
old_broad_street,south_to_north,n01296,old_broad_street/south_to_north/018_n01296_N.jpg,13.8,12.2,1.6,False
old_broad_street,south_to_north,n01297,old_broad_street/south_to_north/019_n01297_N.jpg,14.5,13.0,1.5,False
old_broad_street,south_to_north,n01298,old_broad_street/south_to_north/020_n01298_N.jpg,13.8,12.3,1.5,False
old_broad_street,south_to_north,n01299,old_broad_street/south_to_north/021_n01299_N.jpg,9.2,7.6,1.6,False
old_broad_street,south_to_north,n01300,old_broad_street/south_to_north/022_n01300_N.jpg,31.1,18.6,12.5,False
old_broad_street,south_to_north,n01301,old_broad_street/south_to_north/023_n01301_N.jpg,31.1,18.6,12.5,False
old_change_court,north_to_south,n01305,old_change_court/north_to_south/001_n01305_S.jpg,189.1,184.7,4.4,False
old_change_court,north_to_south,n01304,old_change_court/north_to_south/002_n01304_S.jpg,189.1,197.6,8.5,False
old_change_court,north_to_south,n01303,old_change_court/north_to_south/003_n01303_S.jpg,189.1,180.1,8.9,False
old_change_court,north_to_south,n01302,old_change_court/north_to_south/004_n01302_S.jpg,189.1,180.1,8.9,False
old_change_court,south_to_north,n01302,old_change_court/south_to_north/001_n01302_N.jpg,9.1,0.1,8.9,False
old_change_court,south_to_north,n01303,old_change_court/south_to_north/002_n01303_N.jpg,9.1,17.6,8.5,False
old_change_court,south_to_north,n01304,old_change_court/south_to_north/003_n01304_N.jpg,9.1,4.7,4.4,False
old_change_court,south_to_north,n01305,old_change_court/south_to_north/004_n01305_N.jpg,9.1,4.7,4.4,False
old_jewry,north_to_south,n01313,old_jewry/north_to_south/001_n01313_S.jpg,195.6,194.3,1.3,False
old_jewry,north_to_south,n01312,old_jewry/north_to_south/002_n01312_S.jpg,195.6,196.2,0.6,False
old_jewry,north_to_south,n01311,old_jewry/north_to_south/003_n01311_S.jpg,195.6,194.8,0.8,False
old_jewry,north_to_south,n01310,old_jewry/north_to_south/004_n01310_S.jpg,195.6,198.9,3.3,False
old_jewry,north_to_south,n01309,old_jewry/north_to_south/005_n01309_S.jpg,195.6,182.2,13.4,False
old_jewry,north_to_south,n01308,old_jewry/north_to_south/006_n01308_S.jpg,195.6,195.6,0.0,False
old_jewry,north_to_south,n01307,old_jewry/north_to_south/007_n01307_S.jpg,195.6,201.7,6.1,False
old_jewry,north_to_south,n01306,old_jewry/north_to_south/008_n01306_S.jpg,195.6,201.7,6.1,False
old_jewry,south_to_north,n01306,old_jewry/south_to_north/001_n01306_N.jpg,15.6,21.7,6.1,False
old_jewry,south_to_north,n01307,old_jewry/south_to_north/002_n01307_N.jpg,15.6,15.6,0.0,False
old_jewry,south_to_north,n01308,old_jewry/south_to_north/003_n01308_N.jpg,15.6,2.2,13.4,False
old_jewry,south_to_north,n01309,old_jewry/south_to_north/004_n01309_N.jpg,15.6,18.9,3.3,False
old_jewry,south_to_north,n01310,old_jewry/south_to_north/005_n01310_N.jpg,15.6,14.8,0.8,False
old_jewry,south_to_north,n01311,old_jewry/south_to_north/006_n01311_N.jpg,15.6,16.2,0.6,False
old_jewry,south_to_north,n01312,old_jewry/south_to_north/007_n01312_N.jpg,15.6,14.3,1.3,False
old_jewry,south_to_north,n01313,old_jewry/south_to_north/008_n01313_N.jpg,15.6,14.3,1.3,False
old_watermen_s_walk,north_to_south,n01317,old_watermen_s_walk/north_to_south/001_n01317_S.jpg,189.7,189.6,0.1,False
old_watermen_s_walk,north_to_south,n01316,old_watermen_s_walk/north_to_south/002_n01316_S.jpg,189.7,189.8,0.1,False
old_watermen_s_walk,north_to_south,n01315,old_watermen_s_walk/north_to_south/003_n01315_S.jpg,189.7,189.6,0.1,False
old_watermen_s_walk,north_to_south,n01314,old_watermen_s_walk/north_to_south/004_n01314_S.jpg,189.7,189.6,0.1,False
old_watermen_s_walk,south_to_north,n01314,old_watermen_s_walk/south_to_north/001_n01314_N.jpg,9.7,9.6,0.1,False
old_watermen_s_walk,south_to_north,n01315,old_watermen_s_walk/south_to_north/002_n01315_N.jpg,9.7,9.8,0.1,False
old_watermen_s_walk,south_to_north,n01316,old_watermen_s_walk/south_to_north/003_n01316_N.jpg,9.7,9.6,0.1,False
old_watermen_s_walk,south_to_north,n01317,old_watermen_s_walk/south_to_north/004_n01317_N.jpg,9.7,9.6,0.1,False
outwich_street,east_to_west,n01320,outwich_street/east_to_west/001_n01320_W.jpg,223.4,221.8,1.6,False
outwich_street,east_to_west,n01319,outwich_street/east_to_west/002_n01319_W.jpg,223.4,268.5,45.1,False
outwich_street,east_to_west,n01318,outwich_street/east_to_west/003_n01318_W.jpg,270.0,268.5,1.5,False
outwich_street,west_to_east,n01318,outwich_street/west_to_east/001_n01318_E.jpg,90.0,88.5,1.5,False
outwich_street,west_to_east,n01319,outwich_street/west_to_east/002_n01319_E.jpg,43.4,41.8,1.6,False
outwich_street,west_to_east,n01320,outwich_street/west_to_east/003_n01320_E.jpg,43.4,41.8,1.6,False
oystergate_walk,east_to_west,n01321,oystergate_walk/east_to_west/001_n01321_W.jpg,267.9,259.7,8.2,False
oystergate_walk,east_to_west,n01322,oystergate_walk/east_to_west/002_n01322_W.jpg,267.9,272.0,4.1,False
oystergate_walk,east_to_west,n01323,oystergate_walk/east_to_west/003_n01323_W.jpg,267.9,269.5,1.6,False
oystergate_walk,east_to_west,n01324,oystergate_walk/east_to_west/004_n01324_W.jpg,267.9,269.5,1.6,False
oystergate_walk,west_to_east,n01324,oystergate_walk/west_to_east/001_n01324_E.jpg,87.9,89.5,1.6,False
oystergate_walk,west_to_east,n01323,oystergate_walk/west_to_east/002_n01323_E.jpg,87.9,92.0,4.1,False
oystergate_walk,west_to_east,n01322,oystergate_walk/west_to_east/003_n01322_E.jpg,87.9,79.7,8.2,False
oystergate_walk,west_to_east,n01321,oystergate_walk/west_to_east/004_n01321_E.jpg,87.9,79.7,8.2,False
pancras_lane,east_to_west,n01325,pancras_lane/east_to_west/001_n01325_W.jpg,271.4,272.0,0.7,False
pancras_lane,east_to_west,n01326,pancras_lane/east_to_west/002_n01326_W.jpg,271.4,271.0,0.4,False
pancras_lane,east_to_west,n01327,pancras_lane/east_to_west/003_n01327_W.jpg,271.4,271.1,0.3,False
pancras_lane,east_to_west,n01328,pancras_lane/east_to_west/004_n01328_W.jpg,271.4,271.1,0.3,False
pancras_lane,west_to_east,n01328,pancras_lane/west_to_east/001_n01328_E.jpg,91.4,91.1,0.3,False
pancras_lane,west_to_east,n01327,pancras_lane/west_to_east/002_n01327_E.jpg,91.4,91.0,0.4,False
pancras_lane,west_to_east,n01326,pancras_lane/west_to_east/003_n01326_E.jpg,91.4,92.0,0.7,False
pancras_lane,west_to_east,n01325,pancras_lane/west_to_east/004_n01325_E.jpg,91.4,92.0,0.7,False
panyer_alley,north_to_south,n01332,panyer_alley/north_to_south/001_n01332_S.jpg,174.5,173.4,1.1,False
panyer_alley,north_to_south,n01331,panyer_alley/north_to_south/002_n01331_S.jpg,174.5,174.9,0.4,False
panyer_alley,north_to_south,n01330,panyer_alley/north_to_south/003_n01330_S.jpg,174.5,174.8,0.3,False
panyer_alley,north_to_south,n01329,panyer_alley/north_to_south/004_n01329_S.jpg,174.5,174.8,0.3,False
panyer_alley,south_to_north,n01329,panyer_alley/south_to_north/001_n01329_N.jpg,354.5,354.8,0.3,False
panyer_alley,south_to_north,n01330,panyer_alley/south_to_north/002_n01330_N.jpg,354.5,354.9,0.4,False
panyer_alley,south_to_north,n01331,panyer_alley/south_to_north/003_n01331_N.jpg,354.5,353.4,1.1,False
panyer_alley,south_to_north,n01332,panyer_alley/south_to_north/004_n01332_N.jpg,354.5,353.4,1.1,False
paternoster_row,east_to_west,n01333,paternoster_row/west_to_east/004_n01333_E.jpg,8.8,291.4,77.4,True
paternoster_row,east_to_west,n01335,paternoster_row/east_to_west/002_n01335_W.jpg,289.6,290.4,0.8,False
paternoster_row,east_to_west,n01336,paternoster_row/east_to_west/003_n01336_W.jpg,263.7,290.4,26.7,False
paternoster_row,east_to_west,n01334,paternoster_row/west_to_east/001_n01334_E.jpg,83.7,101.5,17.8,True
paternoster_row,west_to_east,n01334,paternoster_row/west_to_east/001_n01334_E.jpg,83.7,111.4,27.7,False
paternoster_row,west_to_east,n01336,paternoster_row/west_to_east/002_n01336_E.jpg,83.7,110.4,26.7,False
paternoster_row,west_to_east,n01335,paternoster_row/west_to_east/003_n01335_E.jpg,109.6,110.4,0.8,False
paternoster_row,west_to_east,n01333,paternoster_row/west_to_east/004_n01333_E.jpg,8.8,303.6,65.2,False
paul_s_walk,east_to_west,n01337,paul_s_walk/east_to_west/001_n01337_W.jpg,282.8,281.7,1.1,False
paul_s_walk,east_to_west,n01338,paul_s_walk/east_to_west/002_n01338_W.jpg,282.8,284.7,1.9,False
paul_s_walk,east_to_west,n01339,paul_s_walk/east_to_west/003_n01339_W.jpg,282.8,284.4,1.6,False
paul_s_walk,east_to_west,n01340,paul_s_walk/east_to_west/004_n01340_W.jpg,282.8,278.7,4.1,False
paul_s_walk,east_to_west,n01341,paul_s_walk/east_to_west/005_n01341_W.jpg,282.8,278.7,4.1,False
paul_s_walk,west_to_east,n01341,paul_s_walk/west_to_east/001_n01341_E.jpg,102.8,98.7,4.1,False
paul_s_walk,west_to_east,n01340,paul_s_walk/west_to_east/002_n01340_E.jpg,102.8,104.4,1.6,False
paul_s_walk,west_to_east,n01339,paul_s_walk/west_to_east/003_n01339_E.jpg,102.8,104.7,1.9,False
paul_s_walk,west_to_east,n01338,paul_s_walk/west_to_east/004_n01338_E.jpg,102.8,101.7,1.1,False
paul_s_walk,west_to_east,n01337,paul_s_walk/west_to_east/005_n01337_E.jpg,102.8,101.7,1.1,False
philpot_lane,north_to_south,n01347,philpot_lane/north_to_south/001_n01347_S.jpg,193.0,192.6,0.4,False
philpot_lane,north_to_south,n01346,philpot_lane/north_to_south/002_n01346_S.jpg,193.0,190.9,2.2,False
philpot_lane,north_to_south,n01345,philpot_lane/north_to_south/003_n01345_S.jpg,193.0,194.6,1.5,False
philpot_lane,north_to_south,n01344,philpot_lane/north_to_south/004_n01344_S.jpg,193.0,197.1,4.1,False
philpot_lane,north_to_south,n01343,philpot_lane/north_to_south/005_n01343_S.jpg,193.0,187.7,5.3,False
philpot_lane,north_to_south,n01342,philpot_lane/north_to_south/006_n01342_S.jpg,193.0,187.7,5.3,False
philpot_lane,south_to_north,n01342,philpot_lane/south_to_north/001_n01342_N.jpg,13.0,7.7,5.3,False
philpot_lane,south_to_north,n01343,philpot_lane/south_to_north/002_n01343_N.jpg,13.0,17.1,4.1,False
philpot_lane,south_to_north,n01344,philpot_lane/south_to_north/003_n01344_N.jpg,13.0,14.6,1.5,False
philpot_lane,south_to_north,n01345,philpot_lane/south_to_north/004_n01345_N.jpg,13.0,10.9,2.2,False
philpot_lane,south_to_north,n01346,philpot_lane/south_to_north/005_n01346_N.jpg,13.0,12.6,0.4,False
philpot_lane,south_to_north,n01347,philpot_lane/south_to_north/006_n01347_N.jpg,13.0,12.6,0.4,False
plantation_lane,east_to_west,n01348,plantation_lane/east_to_west/001_n01348_W.jpg,275.2,283.9,8.6,False
plantation_lane,east_to_west,n01349,plantation_lane/east_to_west/002_n01349_W.jpg,275.2,274.6,0.6,False
plantation_lane,east_to_west,n01350,plantation_lane/east_to_west/003_n01350_W.jpg,258.3,256.8,1.5,False
plantation_lane,east_to_west,n01351,plantation_lane/east_to_west/004_n01351_W.jpg,275.2,295.5,20.3,False
plantation_lane,east_to_west,n01352,plantation_lane/east_to_west/005_n01352_W.jpg,275.2,274.7,0.5,False
plantation_lane,east_to_west,n01353,plantation_lane/east_to_west/006_n01353_W.jpg,275.2,274.7,0.5,False
plantation_lane,west_to_east,n01353,plantation_lane/west_to_east/001_n01353_E.jpg,95.2,94.7,0.5,False
plantation_lane,west_to_east,n01352,plantation_lane/west_to_east/002_n01352_E.jpg,95.2,115.5,20.3,False
plantation_lane,west_to_east,n01351,plantation_lane/west_to_east/003_n01351_E.jpg,95.2,76.8,18.4,False
plantation_lane,west_to_east,n01350,plantation_lane/west_to_east/004_n01350_E.jpg,78.3,94.6,16.3,False
plantation_lane,west_to_east,n01349,plantation_lane/west_to_east/005_n01349_E.jpg,95.2,103.9,8.6,False
plantation_lane,west_to_east,n01348,plantation_lane/west_to_east/006_n01348_E.jpg,95.2,103.9,8.6,False
plough_court,north_to_south,n01355,plough_court/north_to_south/001_n01355_S.jpg,201.2,201.2,0.0,False
plough_court,north_to_south,n01354,plough_court/north_to_south/002_n01354_S.jpg,201.2,201.2,0.0,False
plough_court,south_to_north,n01354,plough_court/south_to_north/001_n01354_N.jpg,21.2,21.2,0.0,False
plough_court,south_to_north,n01355,plough_court/south_to_north/002_n01355_N.jpg,21.2,21.2,0.0,False
post_office_court,north_to_south,n01357,post_office_court/north_to_south/001_n01357_S.jpg,222.1,222.1,0.0,False
post_office_court,north_to_south,n01356,post_office_court/north_to_south/002_n01356_S.jpg,222.1,222.1,0.0,False
post_office_court,south_to_north,n01356,post_office_court/south_to_north/001_n01356_N.jpg,42.1,42.1,0.0,False
post_office_court,south_to_north,n01357,post_office_court/south_to_north/002_n01357_N.jpg,42.1,42.1,0.0,False
poultry,east_to_west,n01358,poultry/east_to_west/001_n01358_W.jpg,283.1,281.7,1.5,False
poultry,east_to_west,n01359,poultry/east_to_west/002_n01359_W.jpg,283.1,285.0,1.9,False
poultry,east_to_west,n01360,poultry/east_to_west/003_n01360_W.jpg,283.1,276.4,6.8,False
poultry,east_to_west,n01361,poultry/east_to_west/004_n01361_W.jpg,283.1,287.2,4.1,False
poultry,east_to_west,n01362,poultry/east_to_west/005_n01362_W.jpg,283.1,282.0,1.1,False
poultry,east_to_west,n01363,poultry/east_to_west/006_n01363_W.jpg,283.1,282.0,1.1,False
poultry,west_to_east,n01363,poultry/west_to_east/001_n01363_E.jpg,103.1,102.0,1.1,False
poultry,west_to_east,n01362,poultry/west_to_east/002_n01362_E.jpg,103.1,107.2,4.1,False
poultry,west_to_east,n01361,poultry/west_to_east/003_n01361_E.jpg,103.1,96.4,6.8,False
poultry,west_to_east,n01360,poultry/west_to_east/004_n01360_E.jpg,103.1,105.0,1.9,False
poultry,west_to_east,n01359,poultry/west_to_east/005_n01359_E.jpg,103.1,101.7,1.5,False
poultry,west_to_east,n01358,poultry/west_to_east/006_n01358_E.jpg,103.1,101.7,1.5,False
princes_street,north_to_south,n01372,princes_street/north_to_south/001_n01372_S.jpg,190.2,188.6,1.6,False
princes_street,north_to_south,n01371,princes_street/north_to_south/002_n01371_S.jpg,190.2,158.5,31.7,False
princes_street,north_to_south,n01370,princes_street/north_to_south/003_n01370_S.jpg,155.0,151.9,3.2,False
princes_street,north_to_south,n01369,princes_street/north_to_south/004_n01369_S.jpg,155.0,154.9,0.1,False
princes_street,north_to_south,n01368,princes_street/north_to_south/005_n01368_S.jpg,155.0,147.2,7.8,False
princes_street,north_to_south,n01367,princes_street/north_to_south/006_n01367_S.jpg,155.0,157.2,2.2,False
princes_street,north_to_south,n01366,princes_street/north_to_south/007_n01366_S.jpg,155.0,142.8,12.2,False
princes_street,north_to_south,n01365,princes_street/north_to_south/008_n01365_S.jpg,155.0,175.7,20.6,False
princes_street,north_to_south,n01364,princes_street/north_to_south/009_n01364_S.jpg,177.1,175.7,1.4,False
princes_street,south_to_north,n01364,princes_street/south_to_north/001_n01364_N.jpg,357.1,355.7,1.4,False
princes_street,south_to_north,n01365,princes_street/south_to_north/002_n01365_N.jpg,335.0,322.8,12.2,False
princes_street,south_to_north,n01366,princes_street/south_to_north/003_n01366_N.jpg,335.0,337.2,2.2,False
princes_street,south_to_north,n01367,princes_street/south_to_north/004_n01367_N.jpg,335.0,327.2,7.8,False
princes_street,south_to_north,n01368,princes_street/south_to_north/005_n01368_N.jpg,335.0,334.9,0.1,False
princes_street,south_to_north,n01369,princes_street/south_to_north/006_n01369_N.jpg,335.0,331.9,3.2,False
princes_street,south_to_north,n01370,princes_street/south_to_north/007_n01370_N.jpg,335.0,338.5,3.4,False
princes_street,south_to_north,n01371,princes_street/south_to_north/008_n01371_N.jpg,10.2,8.6,1.6,False
princes_street,south_to_north,n01372,princes_street/south_to_north/009_n01372_N.jpg,10.2,8.6,1.6,False
pudding_lane,north_to_south,n01379,pudding_lane/north_to_south/001_n01379_S.jpg,177.0,175.5,1.5,False
pudding_lane,north_to_south,n01378,pudding_lane/north_to_south/002_n01378_S.jpg,177.0,176.9,0.1,False
pudding_lane,north_to_south,n01377,pudding_lane/north_to_south/003_n01377_S.jpg,190.7,187.9,2.8,False
pudding_lane,north_to_south,n01376,pudding_lane/north_to_south/004_n01376_S.jpg,190.7,196.0,5.3,False
pudding_lane,north_to_south,n01375,pudding_lane/north_to_south/005_n01375_S.jpg,190.7,202.9,12.3,False
pudding_lane,north_to_south,n01374,pudding_lane/north_to_south/006_n01374_S.jpg,190.7,194.2,3.5,False
pudding_lane,north_to_south,n01373,pudding_lane/north_to_south/007_n01373_S.jpg,190.7,194.2,3.5,False
pudding_lane,south_to_north,n01373,pudding_lane/south_to_north/001_n01373_N.jpg,10.7,14.2,3.5,False
pudding_lane,south_to_north,n01374,pudding_lane/south_to_north/002_n01374_N.jpg,10.7,22.9,12.3,False
pudding_lane,south_to_north,n01375,pudding_lane/south_to_north/003_n01375_N.jpg,10.7,16.0,5.3,False
pudding_lane,south_to_north,n01376,pudding_lane/south_to_north/004_n01376_N.jpg,10.7,7.9,2.8,False
pudding_lane,south_to_north,n01377,pudding_lane/south_to_north/005_n01377_N.jpg,10.7,356.9,13.8,False
pudding_lane,south_to_north,n01378,pudding_lane/south_to_north/006_n01378_N.jpg,357.0,355.5,1.5,False
pudding_lane,south_to_north,n01379,pudding_lane/south_to_north/007_n01379_N.jpg,357.0,355.5,1.5,False
queen_street,north_to_south,n01390,queen_street/north_to_south/001_n01390_S.jpg,188.0,185.3,2.7,False
queen_street,north_to_south,n01389,queen_street/north_to_south/002_n01389_S.jpg,188.0,184.7,3.3,False
queen_street,north_to_south,n01388,queen_street/north_to_south/003_n01388_S.jpg,188.0,184.7,3.3,False
queen_street,north_to_south,n01387,queen_street/north_to_south/004_n01387_S.jpg,188.0,182.7,5.3,False
queen_street,north_to_south,n01385,queen_street/north_to_south/005_n01385_S.jpg,188.0,185.1,2.9,False
queen_street,north_to_south,n01383,queen_street/north_to_south/006_n01383_S.jpg,188.0,179.0,9.0,False
queen_street,north_to_south,n01381,queen_street/north_to_south/007_n01381_S.jpg,188.0,179.0,9.0,False
queen_street,north_to_south,n01386,queen_street/north_to_south/008_n01386_S.jpg,188.0,189.5,1.5,False
queen_street,north_to_south,n01384,queen_street/north_to_south/009_n01384_S.jpg,188.0,189.8,1.7,False
queen_street,north_to_south,n01382,queen_street/north_to_south/010_n01382_S.jpg,188.0,188.0,0.0,False
queen_street,north_to_south,n01380,queen_street/north_to_south/011_n01380_S.jpg,188.0,188.0,0.0,False
queen_street,south_to_north,n01380,queen_street/south_to_north/001_n01380_N.jpg,8.0,8.0,0.0,False
queen_street,south_to_north,n01382,queen_street/south_to_north/002_n01382_N.jpg,8.0,9.8,1.7,False
queen_street,south_to_north,n01384,queen_street/south_to_north/003_n01384_N.jpg,8.0,9.5,1.5,False
queen_street,south_to_north,n01386,queen_street/south_to_north/004_n01386_N.jpg,8.0,9.5,1.5,False
queen_street,south_to_north,n01381,queen_street/south_to_north/005_n01381_N.jpg,8.0,359.0,9.0,False
queen_street,south_to_north,n01383,queen_street/south_to_north/006_n01383_N.jpg,8.0,5.1,2.9,False
queen_street,south_to_north,n01385,queen_street/south_to_north/007_n01385_N.jpg,8.0,2.7,5.3,False
queen_street,south_to_north,n01387,queen_street/south_to_north/008_n01387_N.jpg,8.0,4.7,3.3,False
queen_street,south_to_north,n01388,queen_street/south_to_north/009_n01388_N.jpg,8.0,4.7,3.3,False
queen_street,south_to_north,n01389,queen_street/south_to_north/010_n01389_N.jpg,8.0,5.3,2.7,False
queen_street,south_to_north,n01390,queen_street/south_to_north/011_n01390_N.jpg,8.0,5.3,2.7,False
queen_street_place,north_to_south,n01399,queen_street_place/north_to_south/001_n01399_S.jpg,195.5,198.2,2.8,False
queen_street_place,north_to_south,n01394,queen_street_place/north_to_south/002_n01394_S.jpg,195.5,186.6,8.9,False
queen_street_place,north_to_south,n01398,queen_street_place/north_to_south/003_n01398_S.jpg,195.5,203.5,8.0,False
queen_street_place,north_to_south,n01392,queen_street_place/north_to_south/004_n01392_S.jpg,195.5,186.6,8.9,False
queen_street_place,north_to_south,n01397,queen_street_place/north_to_south/005_n01397_S.jpg,195.5,193.6,1.9,False
queen_street_place,north_to_south,n01396,queen_street_place/north_to_south/006_n01396_S.jpg,195.5,194.0,1.5,False
queen_street_place,north_to_south,n01395,queen_street_place/north_to_south/007_n01395_S.jpg,195.5,197.6,2.2,False
queen_street_place,north_to_south,n01393,queen_street_place/north_to_south/008_n01393_S.jpg,195.5,198.8,3.3,False
queen_street_place,north_to_south,n01391,queen_street_place/north_to_south/009_n01391_S.jpg,195.5,198.8,3.3,False
queen_street_place,south_to_north,n01391,queen_street_place/south_to_north/001_n01391_N.jpg,15.5,18.8,3.3,False
queen_street_place,south_to_north,n01393,queen_street_place/south_to_north/002_n01393_N.jpg,15.5,17.6,2.2,False
queen_street_place,south_to_north,n01395,queen_street_place/south_to_north/003_n01395_N.jpg,15.5,14.0,1.5,False
queen_street_place,south_to_north,n01396,queen_street_place/south_to_north/004_n01396_N.jpg,15.5,13.6,1.9,False
queen_street_place,south_to_north,n01397,queen_street_place/south_to_north/005_n01397_N.jpg,15.5,23.5,8.0,False
queen_street_place,south_to_north,n01392,queen_street_place/south_to_north/006_n01392_N.jpg,15.5,6.6,8.9,False
queen_street_place,south_to_north,n01398,queen_street_place/south_to_north/007_n01398_N.jpg,15.5,18.2,2.8,False
queen_street_place,south_to_north,n01394,queen_street_place/south_to_north/008_n01394_N.jpg,15.5,6.6,8.9,False
queen_street_place,south_to_north,n01399,queen_street_place/south_to_north/009_n01399_N.jpg,15.5,18.2,2.8,False
queen_victoria_street,east_to_west,n01442,queen_victoria_street/east_to_west/001_n01442_W.jpg,252.6,247.9,4.7,False
queen_victoria_street,east_to_west,n01440,queen_victoria_street/east_to_west/002_n01440_W.jpg,252.6,246.9,5.7,False
queen_victoria_street,east_to_west,n01438,queen_victoria_street/east_to_west/003_n01438_W.jpg,252.6,248.9,3.7,False
queen_victoria_street,east_to_west,n01436,queen_victoria_street/east_to_west/004_n01436_W.jpg,252.6,243.4,9.2,False
queen_victoria_street,east_to_west,n01434,queen_victoria_street/east_to_west/005_n01434_W.jpg,252.6,250.4,2.2,False
queen_victoria_street,east_to_west,n01432,queen_victoria_street/east_to_west/006_n01432_W.jpg,252.6,247.6,4.9,False
queen_victoria_street,east_to_west,n01430,queen_victoria_street/east_to_west/007_n01430_W.jpg,252.6,247.4,5.2,False
queen_victoria_street,east_to_west,n01428,queen_victoria_street/east_to_west/008_n01428_W.jpg,252.6,242.9,9.7,False
queen_victoria_street,east_to_west,n01426,queen_victoria_street/east_to_west/009_n01426_W.jpg,252.6,240.6,12.0,False
queen_victoria_street,east_to_west,n01446,queen_victoria_street/east_to_west/010_n01446_W.jpg,235.9,234.3,1.6,False
queen_victoria_street,east_to_west,n01423,queen_victoria_street/east_to_west/011_n01423_W.jpg,252.6,246.8,5.7,False
queen_victoria_street,east_to_west,n01420,queen_victoria_street/east_to_west/012_n01420_W.jpg,252.6,247.4,5.1,False
queen_victoria_street,east_to_west,n01445,queen_victoria_street/east_to_west/013_n01445_W.jpg,235.9,248.1,12.2,False
queen_victoria_street,east_to_west,n01417,queen_victoria_street/east_to_west/014_n01417_W.jpg,252.6,248.5,4.1,False
queen_victoria_street,east_to_west,n01444,queen_victoria_street/east_to_west/015_n01444_W.jpg,252.6,251.8,0.8,False
queen_victoria_street,east_to_west,n01414,queen_victoria_street/east_to_west/016_n01414_W.jpg,252.6,247.0,5.6,False
queen_victoria_street,east_to_west,n01443,queen_victoria_street/east_to_west/017_n01443_W.jpg,252.6,252.9,0.3,False
queen_victoria_street,east_to_west,n01441,queen_victoria_street/east_to_west/018_n01441_W.jpg,252.6,252.0,0.6,False
queen_victoria_street,east_to_west,n01411,queen_victoria_street/east_to_west/019_n01411_W.jpg,252.6,250.4,2.2,False
queen_victoria_street,east_to_west,n01408,queen_victoria_street/east_to_west/020_n01408_W.jpg,252.6,261.2,8.7,False
queen_victoria_street,east_to_west,n01439,queen_victoria_street/east_to_west/021_n01439_W.jpg,252.6,246.5,6.0,False
queen_victoria_street,east_to_west,n01405,queen_victoria_street/east_to_west/022_n01405_W.jpg,252.6,256.7,4.1,False
queen_victoria_street,east_to_west,n01437,queen_victoria_street/east_to_west/023_n01437_W.jpg,252.6,238.0,14.5,False
queen_victoria_street,east_to_west,n01402,queen_victoria_street/east_to_west/024_n01402_W.jpg,252.6,256.7,4.1,False
queen_victoria_street,east_to_west,n01435,queen_victoria_street/east_to_west/025_n01435_W.jpg,252.6,221.6,31.0,False
queen_victoria_street,east_to_west,n01433,queen_victoria_street/east_to_west/026_n01433_W.jpg,223.5,271.1,47.6,False
queen_victoria_street,east_to_west,n01431,queen_victoria_street/east_to_west/027_n01431_W.jpg,272.6,251.1,21.5,False
queen_victoria_street,east_to_west,n01429,queen_victoria_street/east_to_west/028_n01429_W.jpg,252.6,234.8,17.8,False
queen_victoria_street,east_to_west,n01427,queen_victoria_street/east_to_west/029_n01427_W.jpg,236.3,244.8,8.5,False
queen_victoria_street,east_to_west,n01425,queen_victoria_street/east_to_west/030_n01425_W.jpg,252.6,253.5,0.9,False
queen_victoria_street,east_to_west,n01422,queen_victoria_street/east_to_west/031_n01422_W.jpg,252.6,257.3,4.8,False
queen_victoria_street,east_to_west,n01424,queen_victoria_street/east_to_west/032_n01424_W.jpg,252.6,256.4,3.8,False
queen_victoria_street,east_to_west,n01419,queen_victoria_street/east_to_west/033_n01419_W.jpg,252.6,261.1,8.5,False
queen_victoria_street,east_to_west,n01421,queen_victoria_street/east_to_west/034_n01421_W.jpg,252.6,261.2,8.7,False
queen_victoria_street,east_to_west,n01416,queen_victoria_street/east_to_west/035_n01416_W.jpg,252.6,262.4,9.9,False
queen_victoria_street,east_to_west,n01418,queen_victoria_street/east_to_west/036_n01418_W.jpg,252.6,258.8,6.3,False
queen_victoria_street,east_to_west,n01413,queen_victoria_street/east_to_west/037_n01413_W.jpg,252.6,258.4,5.8,False
queen_victoria_street,east_to_west,n01415,queen_victoria_street/east_to_west/038_n01415_W.jpg,252.6,272.6,20.0,False
queen_victoria_street,east_to_west,n01412,queen_victoria_street/east_to_west/039_n01412_W.jpg,273.8,265.5,8.3,False
queen_victoria_street,east_to_west,n01410,queen_victoria_street/east_to_west/040_n01410_W.jpg,252.6,269.4,16.8,False
queen_victoria_street,east_to_west,n01409,queen_victoria_street/east_to_west/041_n01409_W.jpg,252.6,269.8,17.2,False
queen_victoria_street,east_to_west,n01407,queen_victoria_street/east_to_west/042_n01407_W.jpg,252.6,275.1,22.5,False
queen_victoria_street,east_to_west,n01406,queen_victoria_street/east_to_west/043_n01406_W.jpg,271.2,261.2,10.0,False
queen_victoria_street,east_to_west,n01404,queen_victoria_street/east_to_west/044_n01404_W.jpg,276.7,276.1,0.6,False
queen_victoria_street,east_to_west,n01401,queen_victoria_street/east_to_west/045_n01401_W.jpg,277.3,276.1,1.2,False
queen_victoria_street,east_to_west,n01403,queen_victoria_street/east_to_west/046_n01403_W.jpg,252.6,277.9,25.3,False
queen_victoria_street,east_to_west,n01400,queen_victoria_street/east_to_west/047_n01400_W.jpg,279.5,277.9,1.6,False
queen_victoria_street,west_to_east,n01400,queen_victoria_street/west_to_east/001_n01400_E.jpg,99.5,97.9,1.6,False
queen_victoria_street,west_to_east,n01403,queen_victoria_street/west_to_east/002_n01403_E.jpg,72.6,81.2,8.6,False
queen_victoria_street,west_to_east,n01401,queen_victoria_street/west_to_east/003_n01401_E.jpg,97.3,96.1,1.2,False
queen_victoria_street,west_to_east,n01404,queen_victoria_street/west_to_east/004_n01404_E.jpg,96.7,95.1,1.6,False
queen_victoria_street,west_to_east,n01406,queen_victoria_street/west_to_east/005_n01406_E.jpg,91.2,89.8,1.4,False
queen_victoria_street,west_to_east,n01407,queen_victoria_street/west_to_east/006_n01407_E.jpg,72.6,89.4,16.8,False
queen_victoria_street,west_to_east,n01409,queen_victoria_street/west_to_east/007_n01409_E.jpg,72.6,85.5,13.0,False
queen_victoria_street,west_to_east,n01410,queen_victoria_street/west_to_east/008_n01410_E.jpg,72.6,78.4,5.8,False
queen_victoria_street,west_to_east,n01412,queen_victoria_street/west_to_east/009_n01412_E.jpg,93.8,92.6,1.2,False
queen_victoria_street,west_to_east,n01415,queen_victoria_street/west_to_east/010_n01415_E.jpg,72.6,78.8,6.3,False
queen_victoria_street,west_to_east,n01413,queen_victoria_street/west_to_east/011_n01413_E.jpg,72.6,82.4,9.9,False
queen_victoria_street,west_to_east,n01418,queen_victoria_street/west_to_east/012_n01418_E.jpg,72.6,81.2,8.7,False
queen_victoria_street,west_to_east,n01416,queen_victoria_street/west_to_east/013_n01416_E.jpg,72.6,81.1,8.5,False
queen_victoria_street,west_to_east,n01421,queen_victoria_street/west_to_east/014_n01421_E.jpg,72.6,76.4,3.8,False
queen_victoria_street,west_to_east,n01419,queen_victoria_street/west_to_east/015_n01419_E.jpg,72.6,77.3,4.8,False
queen_victoria_street,west_to_east,n01424,queen_victoria_street/west_to_east/016_n01424_E.jpg,72.6,76.4,3.8,False
queen_victoria_street,west_to_east,n01422,queen_victoria_street/west_to_east/017_n01422_E.jpg,72.6,73.5,0.9,False
queen_victoria_street,west_to_east,n01425,queen_victoria_street/west_to_east/018_n01425_E.jpg,72.6,64.8,7.8,False
queen_victoria_street,west_to_east,n01427,queen_victoria_street/west_to_east/019_n01427_E.jpg,56.3,54.8,1.5,False
queen_victoria_street,west_to_east,n01429,queen_victoria_street/west_to_east/020_n01429_E.jpg,72.6,71.1,1.5,False
queen_victoria_street,west_to_east,n01431,queen_victoria_street/west_to_east/021_n01431_E.jpg,92.6,91.1,1.5,False
queen_victoria_street,west_to_east,n01433,queen_victoria_street/west_to_east/022_n01433_E.jpg,43.5,41.6,1.9,False
queen_victoria_street,west_to_east,n01402,queen_victoria_street/west_to_east/023_n01402_E.jpg,72.6,76.7,4.1,False
queen_victoria_street,west_to_east,n01435,queen_victoria_street/west_to_east/024_n01435_E.jpg,72.6,58.0,14.5,False
queen_victoria_street,west_to_east,n01437,queen_victoria_street/west_to_east/025_n01437_E.jpg,72.6,66.5,6.0,False
queen_victoria_street,west_to_east,n01405,queen_victoria_street/west_to_east/026_n01405_E.jpg,72.6,81.2,8.7,False
queen_victoria_street,west_to_east,n01439,queen_victoria_street/west_to_east/027_n01439_E.jpg,72.6,72.0,0.6,False
queen_victoria_street,west_to_east,n01408,queen_victoria_street/west_to_east/028_n01408_E.jpg,72.6,70.4,2.2,False
queen_victoria_street,west_to_east,n01411,queen_victoria_street/west_to_east/029_n01411_E.jpg,72.6,67.0,5.6,False
queen_victoria_street,west_to_east,n01441,queen_victoria_street/west_to_east/030_n01441_E.jpg,72.6,72.9,0.3,False
queen_victoria_street,west_to_east,n01443,queen_victoria_street/west_to_east/031_n01443_E.jpg,72.6,71.8,0.8,False
queen_victoria_street,west_to_east,n01414,queen_victoria_street/west_to_east/032_n01414_E.jpg,72.6,68.5,4.1,False
queen_victoria_street,west_to_east,n01444,queen_victoria_street/west_to_east/033_n01444_E.jpg,72.6,68.1,4.5,False
queen_victoria_street,west_to_east,n01417,queen_victoria_street/west_to_east/034_n01417_E.jpg,72.6,67.4,5.1,False
queen_victoria_street,west_to_east,n01445,queen_victoria_street/west_to_east/035_n01445_E.jpg,55.9,54.3,1.6,False
queen_victoria_street,west_to_east,n01420,queen_victoria_street/west_to_east/036_n01420_E.jpg,72.6,66.8,5.7,False
queen_victoria_street,west_to_east,n01423,queen_victoria_street/west_to_east/037_n01423_E.jpg,72.6,60.6,12.0,False
queen_victoria_street,west_to_east,n01446,queen_victoria_street/west_to_east/038_n01446_E.jpg,55.9,54.3,1.6,False
queen_victoria_street,west_to_east,n01426,queen_victoria_street/west_to_east/039_n01426_E.jpg,72.6,62.9,9.7,False
queen_victoria_street,west_to_east,n01428,queen_victoria_street/west_to_east/040_n01428_E.jpg,72.6,67.4,5.2,False
queen_victoria_street,west_to_east,n01430,queen_victoria_street/west_to_east/041_n01430_E.jpg,72.6,67.6,4.9,False
queen_victoria_street,west_to_east,n01432,queen_victoria_street/west_to_east/042_n01432_E.jpg,72.6,70.4,2.2,False
queen_victoria_street,west_to_east,n01434,queen_victoria_street/west_to_east/043_n01434_E.jpg,72.6,63.4,9.2,False
queen_victoria_street,west_to_east,n01436,queen_victoria_street/west_to_east/044_n01436_E.jpg,72.6,68.9,3.7,False
queen_victoria_street,west_to_east,n01438,queen_victoria_street/west_to_east/045_n01438_E.jpg,72.6,66.9,5.7,False
queen_victoria_street,west_to_east,n01440,queen_victoria_street/west_to_east/046_n01440_E.jpg,72.6,67.9,4.7,False
queen_victoria_street,west_to_east,n01442,queen_victoria_street/west_to_east/047_n01442_E.jpg,72.6,67.9,4.7,False
queenhithe,north_to_south,n01451,queenhithe/north_to_south/001_n01451_S.jpg,190.2,193.8,3.5,False
queenhithe,north_to_south,n01450,queenhithe/north_to_south/002_n01450_S.jpg,190.2,185.6,4.6,False
queenhithe,north_to_south,n01449,queenhithe/north_to_south/003_n01449_S.jpg,190.2,193.5,3.3,False
queenhithe,north_to_south,n01448,queenhithe/north_to_south/004_n01448_S.jpg,190.2,188.5,1.7,False
queenhithe,north_to_south,n01447,queenhithe/north_to_south/005_n01447_S.jpg,190.2,188.5,1.7,False
queenhithe,south_to_north,n01447,queenhithe/south_to_north/001_n01447_N.jpg,10.2,8.5,1.7,False
queenhithe,south_to_north,n01448,queenhithe/south_to_north/002_n01448_N.jpg,10.2,13.5,3.3,False
queenhithe,south_to_north,n01449,queenhithe/south_to_north/003_n01449_N.jpg,10.2,5.6,4.6,False
queenhithe,south_to_north,n01450,queenhithe/south_to_north/004_n01450_N.jpg,10.2,13.8,3.5,False
queenhithe,south_to_north,n01451,queenhithe/south_to_north/005_n01451_N.jpg,10.2,13.8,3.5,False
rood_lane,north_to_south,n01457,rood_lane/north_to_south/001_n01457_S.jpg,186.1,190.5,4.4,False
rood_lane,north_to_south,n01456,rood_lane/north_to_south/002_n01456_S.jpg,186.1,183.3,2.8,False
rood_lane,north_to_south,n01455,rood_lane/north_to_south/003_n01455_S.jpg,186.1,178.3,7.8,False
rood_lane,north_to_south,n01454,rood_lane/north_to_south/004_n01454_S.jpg,186.1,188.1,2.0,False
rood_lane,north_to_south,n01453,rood_lane/north_to_south/005_n01453_S.jpg,186.1,192.6,6.5,False
rood_lane,north_to_south,n01452,rood_lane/north_to_south/006_n01452_S.jpg,186.1,192.6,6.5,False
rood_lane,south_to_north,n01452,rood_lane/south_to_north/001_n01452_N.jpg,6.1,12.6,6.5,False
rood_lane,south_to_north,n01453,rood_lane/south_to_north/002_n01453_N.jpg,6.1,8.1,2.0,False
rood_lane,south_to_north,n01454,rood_lane/south_to_north/003_n01454_N.jpg,6.1,358.3,7.8,False
rood_lane,south_to_north,n01455,rood_lane/south_to_north/004_n01455_N.jpg,6.1,3.3,2.8,False
rood_lane,south_to_north,n01456,rood_lane/south_to_north/005_n01456_N.jpg,6.1,10.5,4.4,False
rood_lane,south_to_north,n01457,rood_lane/south_to_north/006_n01457_N.jpg,6.1,10.5,4.4,False
royal_exchange_avenue,east_to_west,n01458,royal_exchange_avenue/east_to_west/001_n01458_W.jpg,344.4,342.9,1.5,False
royal_exchange_avenue,east_to_west,n01459,royal_exchange_avenue/east_to_west/002_n01459_W.jpg,278.9,277.8,1.1,False
royal_exchange_avenue,east_to_west,n01460,royal_exchange_avenue/east_to_west/003_n01460_W.jpg,278.9,277.8,1.1,False
royal_exchange_avenue,west_to_east,n01460,royal_exchange_avenue/west_to_east/001_n01460_E.jpg,98.9,97.8,1.1,False
royal_exchange_avenue,west_to_east,n01459,royal_exchange_avenue/west_to_east/002_n01459_E.jpg,98.9,162.9,64.0,False
royal_exchange_avenue,west_to_east,n01458,royal_exchange_avenue/west_to_east/003_n01458_E.jpg,164.4,162.9,1.5,False
royal_exchange_buildings,north_to_south,n01464,royal_exchange_buildings/north_to_south/001_n01464_S.jpg,163.1,169.5,6.4,False
royal_exchange_buildings,north_to_south,n01463,royal_exchange_buildings/north_to_south/002_n01463_S.jpg,163.1,168.3,5.2,False
royal_exchange_buildings,north_to_south,n01462,royal_exchange_buildings/north_to_south/003_n01462_S.jpg,163.1,151.4,11.7,False
royal_exchange_buildings,north_to_south,n01461,royal_exchange_buildings/north_to_south/004_n01461_S.jpg,163.1,151.4,11.7,False
royal_exchange_buildings,south_to_north,n01461,royal_exchange_buildings/south_to_north/001_n01461_N.jpg,343.1,331.4,11.7,False
royal_exchange_buildings,south_to_north,n01462,royal_exchange_buildings/south_to_north/002_n01462_N.jpg,343.1,348.3,5.2,False
royal_exchange_buildings,south_to_north,n01463,royal_exchange_buildings/south_to_north/003_n01463_N.jpg,343.1,349.5,6.4,False
royal_exchange_buildings,south_to_north,n01464,royal_exchange_buildings/south_to_north/004_n01464_N.jpg,343.1,349.5,6.4,False
russia_row,east_to_west,n01465,russia_row/east_to_west/001_n01465_W.jpg,294.1,295.8,1.6,False
russia_row,east_to_west,n01466,russia_row/east_to_west/002_n01466_W.jpg,294.1,292.6,1.5,False
russia_row,east_to_west,n01467,russia_row/east_to_west/003_n01467_W.jpg,294.1,292.6,1.5,False
russia_row,west_to_east,n01467,russia_row/west_to_east/001_n01467_E.jpg,114.1,112.6,1.5,False
russia_row,west_to_east,n01466,russia_row/west_to_east/002_n01466_E.jpg,114.1,115.8,1.6,False
russia_row,west_to_east,n01465,russia_row/west_to_east/003_n01465_E.jpg,114.1,115.8,1.6,False
saint_george_s_lane,east_to_west,n01468,saint_george_s_lane/east_to_west/001_n01468_W.jpg,282.5,293.0,10.5,False
saint_george_s_lane,east_to_west,n01469,saint_george_s_lane/east_to_west/002_n01469_W.jpg,282.5,273.3,9.2,False
saint_george_s_lane,east_to_west,n01470,saint_george_s_lane/east_to_west/003_n01470_W.jpg,282.5,273.3,9.2,False
saint_george_s_lane,west_to_east,n01470,saint_george_s_lane/west_to_east/001_n01470_E.jpg,102.5,93.3,9.2,False
saint_george_s_lane,west_to_east,n01469,saint_george_s_lane/west_to_east/002_n01469_E.jpg,102.5,113.0,10.5,False
saint_george_s_lane,west_to_east,n01468,saint_george_s_lane/west_to_east/003_n01468_E.jpg,102.5,113.0,10.5,False
saint_mary_axe,north_to_south,n01482,saint_mary_axe/north_to_south/001_n01482_S.jpg,204.3,220.7,16.4,False
saint_mary_axe,north_to_south,n01481,saint_mary_axe/north_to_south/002_n01481_S.jpg,204.3,222.3,18.0,False
saint_mary_axe,north_to_south,n01480,saint_mary_axe/north_to_south/003_n01480_S.jpg,224.0,219.7,4.3,False
saint_mary_axe,north_to_south,n01479,saint_mary_axe/north_to_south/004_n01479_S.jpg,204.3,200.4,3.9,False
saint_mary_axe,north_to_south,n01478,saint_mary_axe/north_to_south/005_n01478_S.jpg,204.3,194.9,9.4,False
saint_mary_axe,north_to_south,n01477,saint_mary_axe/north_to_south/006_n01477_S.jpg,204.3,208.2,3.9,False
saint_mary_axe,north_to_south,n01476,saint_mary_axe/north_to_south/007_n01476_S.jpg,204.3,199.3,5.0,False
saint_mary_axe,north_to_south,n01475,saint_mary_axe/north_to_south/008_n01475_S.jpg,204.3,198.8,5.5,False
saint_mary_axe,north_to_south,n01474,saint_mary_axe/north_to_south/009_n01474_S.jpg,204.3,180.8,23.5,False
saint_mary_axe,north_to_south,n01473,saint_mary_axe/north_to_south/010_n01473_S.jpg,204.3,207.4,3.1,False
saint_mary_axe,north_to_south,n01472,saint_mary_axe/north_to_south/011_n01472_S.jpg,204.3,223.5,19.1,False
saint_mary_axe,north_to_south,n01471,saint_mary_axe/north_to_south/012_n01471_S.jpg,204.3,223.5,19.1,False
saint_mary_axe,south_to_north,n01471,saint_mary_axe/south_to_north/001_n01471_N.jpg,24.3,43.5,19.1,False
saint_mary_axe,south_to_north,n01472,saint_mary_axe/south_to_north/002_n01472_N.jpg,24.3,27.4,3.1,False
saint_mary_axe,south_to_north,n01473,saint_mary_axe/south_to_north/003_n01473_N.jpg,24.3,0.8,23.5,False
saint_mary_axe,south_to_north,n01474,saint_mary_axe/south_to_north/004_n01474_N.jpg,24.3,18.8,5.5,False
saint_mary_axe,south_to_north,n01475,saint_mary_axe/south_to_north/005_n01475_N.jpg,24.3,19.3,5.0,False
saint_mary_axe,south_to_north,n01476,saint_mary_axe/south_to_north/006_n01476_N.jpg,24.3,28.2,3.9,False
saint_mary_axe,south_to_north,n01477,saint_mary_axe/south_to_north/007_n01477_N.jpg,24.3,14.9,9.4,False
saint_mary_axe,south_to_north,n01478,saint_mary_axe/south_to_north/008_n01478_N.jpg,24.3,20.4,3.9,False
saint_mary_axe,south_to_north,n01479,saint_mary_axe/south_to_north/009_n01479_N.jpg,24.3,39.7,15.4,False
saint_mary_axe,south_to_north,n01480,saint_mary_axe/south_to_north/010_n01480_N.jpg,44.0,42.3,1.7,False
saint_mary_axe,south_to_north,n01481,saint_mary_axe/south_to_north/011_n01481_N.jpg,24.3,40.7,16.4,False
saint_mary_axe,south_to_north,n01482,saint_mary_axe/south_to_north/012_n01482_N.jpg,24.3,40.7,16.4,False
salters_hall_court,north_to_south,n01485,salters_hall_court/north_to_south/001_n01485_S.jpg,192.9,191.4,1.5,False
salters_hall_court,north_to_south,n01484,salters_hall_court/north_to_south/002_n01484_S.jpg,192.9,193.5,0.6,False
salters_hall_court,north_to_south,n01483,salters_hall_court/north_to_south/003_n01483_S.jpg,192.9,193.5,0.6,False
salters_hall_court,south_to_north,n01483,salters_hall_court/south_to_north/001_n01483_N.jpg,12.9,13.5,0.6,False
salters_hall_court,south_to_north,n01484,salters_hall_court/south_to_north/002_n01484_N.jpg,12.9,11.4,1.5,False
salters_hall_court,south_to_north,n01485,salters_hall_court/south_to_north/003_n01485_N.jpg,12.9,11.4,1.5,False
sherborne_lane,north_to_south,n01490,sherborne_lane/north_to_south/001_n01490_S.jpg,197.3,204.6,7.3,False
sherborne_lane,north_to_south,n01489,sherborne_lane/north_to_south/002_n01489_S.jpg,197.3,206.3,9.1,False
sherborne_lane,north_to_south,n01488,sherborne_lane/north_to_south/003_n01488_S.jpg,197.3,205.2,8.0,False
sherborne_lane,north_to_south,n01487,sherborne_lane/north_to_south/004_n01487_S.jpg,197.3,147.3,49.9,False
sherborne_lane,north_to_south,n01486,sherborne_lane/north_to_south/005_n01486_S.jpg,148.6,147.3,1.3,False
sherborne_lane,south_to_north,n01486,sherborne_lane/south_to_north/001_n01486_N.jpg,328.6,327.3,1.3,False
sherborne_lane,south_to_north,n01487,sherborne_lane/south_to_north/002_n01487_N.jpg,17.3,25.2,8.0,False
sherborne_lane,south_to_north,n01488,sherborne_lane/south_to_north/003_n01488_N.jpg,17.3,26.3,9.1,False
sherborne_lane,south_to_north,n01489,sherborne_lane/south_to_north/004_n01489_N.jpg,17.3,24.6,7.3,False
sherborne_lane,south_to_north,n01490,sherborne_lane/south_to_north/005_n01490_N.jpg,17.3,24.6,7.3,False
ship_tavern_passage,east_to_west,n01493,ship_tavern_passage/east_to_west/001_n01493_W.jpg,246.0,204.0,42.0,False
ship_tavern_passage,east_to_west,n01492,ship_tavern_passage/east_to_west/002_n01492_W.jpg,205.5,289.5,84.0,False
ship_tavern_passage,east_to_west,n01491,ship_tavern_passage/east_to_west/003_n01491_W.jpg,246.0,289.5,43.5,False
ship_tavern_passage,west_to_east,n01491,ship_tavern_passage/west_to_east/001_n01491_E.jpg,66.0,109.5,43.5,False
ship_tavern_passage,west_to_east,n01492,ship_tavern_passage/west_to_east/002_n01492_E.jpg,25.5,24.0,1.5,False
ship_tavern_passage,west_to_east,n01493,ship_tavern_passage/west_to_east/003_n01493_E.jpg,66.0,24.0,42.0,False
skinners_lane,east_to_west,n01494,skinners_lane/east_to_west/001_n01494_W.jpg,280.8,291.6,10.8,False
skinners_lane,east_to_west,n01495,skinners_lane/east_to_west/002_n01495_W.jpg,280.8,277.5,3.2,False
skinners_lane,east_to_west,n01496,skinners_lane/east_to_west/003_n01496_W.jpg,280.8,273.3,7.5,False
skinners_lane,east_to_west,n01497,skinners_lane/east_to_west/004_n01497_W.jpg,280.8,273.3,7.5,False
skinners_lane,west_to_east,n01497,skinners_lane/west_to_east/001_n01497_E.jpg,100.8,93.3,7.5,False
skinners_lane,west_to_east,n01496,skinners_lane/west_to_east/002_n01496_E.jpg,100.8,97.5,3.2,False
skinners_lane,west_to_east,n01495,skinners_lane/west_to_east/003_n01495_E.jpg,100.8,111.6,10.8,False
skinners_lane,west_to_east,n01494,skinners_lane/west_to_east/004_n01494_E.jpg,100.8,111.6,10.8,False
st_alphage_garden,east_to_west,n01498,st_alphage_garden/east_to_west/001_n01498_W.jpg,292.0,293.9,1.9,False
st_alphage_garden,east_to_west,n01499,st_alphage_garden/east_to_west/002_n01499_W.jpg,292.0,294.1,2.1,False
st_alphage_garden,east_to_west,n01500,st_alphage_garden/east_to_west/003_n01500_W.jpg,292.0,287.7,4.3,False
st_alphage_garden,east_to_west,n01501,st_alphage_garden/east_to_west/004_n01501_W.jpg,292.0,287.7,4.3,False
st_alphage_garden,west_to_east,n01501,st_alphage_garden/west_to_east/001_n01501_E.jpg,112.0,107.7,4.3,False
st_alphage_garden,west_to_east,n01500,st_alphage_garden/west_to_east/002_n01500_E.jpg,112.0,114.1,2.1,False
st_alphage_garden,west_to_east,n01499,st_alphage_garden/west_to_east/003_n01499_E.jpg,112.0,113.9,1.9,False
st_alphage_garden,west_to_east,n01498,st_alphage_garden/west_to_east/004_n01498_E.jpg,112.0,113.9,1.9,False
st_clement_s_court,north_to_south,n01528,st_clement_s_court/north_to_south/001_n01528_S.jpg,139.8,139.8,0.0,False
st_clement_s_court,north_to_south,n01527,st_clement_s_court/north_to_south/002_n01527_S.jpg,139.8,139.8,0.0,False
st_clement_s_court,south_to_north,n01527,st_clement_s_court/south_to_north/001_n01527_N.jpg,319.8,319.8,0.0,False
st_clement_s_court,south_to_north,n01528,st_clement_s_court/south_to_north/002_n01528_N.jpg,319.8,319.8,0.0,False
st_dunstan_s_alley,east_to_west,n01529,st_dunstan_s_alley/east_to_west/001_n01529_W.jpg,289.4,294.4,5.0,False
st_dunstan_s_alley,east_to_west,n01530,st_dunstan_s_alley/east_to_west/002_n01530_W.jpg,289.4,282.8,6.6,False
st_dunstan_s_alley,east_to_west,n01531,st_dunstan_s_alley/east_to_west/003_n01531_W.jpg,289.4,282.8,6.6,False
st_dunstan_s_alley,west_to_east,n01531,st_dunstan_s_alley/west_to_east/001_n01531_E.jpg,109.4,102.8,6.6,False
st_dunstan_s_alley,west_to_east,n01530,st_dunstan_s_alley/west_to_east/002_n01530_E.jpg,109.4,114.4,5.0,False
st_dunstan_s_alley,west_to_east,n01529,st_dunstan_s_alley/west_to_east/003_n01529_E.jpg,109.4,114.4,5.0,False
st_dunstan_s_hill,north_to_south,n01540,st_dunstan_s_hill/north_to_south/001_n01540_S.jpg,207.0,205.4,1.6,False
st_dunstan_s_hill,north_to_south,n01539,st_dunstan_s_hill/north_to_south/002_n01539_S.jpg,207.0,207.1,0.1,False
st_dunstan_s_hill,north_to_south,n01538,st_dunstan_s_hill/north_to_south/003_n01538_S.jpg,221.2,208.3,12.8,False
st_dunstan_s_hill,north_to_south,n01537,st_dunstan_s_hill/north_to_south/004_n01537_S.jpg,221.2,221.9,0.7,False
st_dunstan_s_hill,north_to_south,n01536,st_dunstan_s_hill/north_to_south/005_n01536_S.jpg,180.3,178.7,1.6,False
st_dunstan_s_hill,north_to_south,n01535,st_dunstan_s_hill/north_to_south/006_n01535_S.jpg,221.2,257.3,36.1,False
st_dunstan_s_hill,north_to_south,n01534,st_dunstan_s_hill/north_to_south/007_n01534_S.jpg,180.3,187.3,7.0,False
st_dunstan_s_hill,north_to_south,n01533,st_dunstan_s_hill/north_to_south/008_n01533_S.jpg,221.2,257.3,36.1,False
st_dunstan_s_hill,north_to_south,n01532,st_dunstan_s_hill/north_to_south/009_n01532_S.jpg,188.9,187.3,1.6,False
st_dunstan_s_hill,south_to_north,n01532,st_dunstan_s_hill/south_to_north/001_n01532_N.jpg,8.9,7.3,1.6,False
st_dunstan_s_hill,south_to_north,n01533,st_dunstan_s_hill/south_to_north/002_n01533_N.jpg,41.2,77.3,36.1,False
st_dunstan_s_hill,south_to_north,n01534,st_dunstan_s_hill/south_to_north/003_n01534_N.jpg,0.3,358.7,1.6,False
st_dunstan_s_hill,south_to_north,n01535,st_dunstan_s_hill/south_to_north/004_n01535_N.jpg,41.2,41.9,0.7,False
st_dunstan_s_hill,south_to_north,n01536,st_dunstan_s_hill/south_to_north/005_n01536_N.jpg,0.3,358.7,1.6,False
st_dunstan_s_hill,south_to_north,n01537,st_dunstan_s_hill/south_to_north/006_n01537_N.jpg,41.2,28.3,12.8,False
st_dunstan_s_hill,south_to_north,n01538,st_dunstan_s_hill/south_to_north/007_n01538_N.jpg,41.2,27.1,14.1,False
st_dunstan_s_hill,south_to_north,n01539,st_dunstan_s_hill/south_to_north/008_n01539_N.jpg,27.0,25.4,1.6,False
st_dunstan_s_hill,south_to_north,n01540,st_dunstan_s_hill/south_to_north/009_n01540_N.jpg,27.0,25.4,1.6,False
st_dunstan_s_lane,east_to_west,n01541,st_dunstan_s_lane/east_to_west/001_n01541_W.jpg,278.0,271.0,7.1,False
st_dunstan_s_lane,east_to_west,n01542,st_dunstan_s_lane/east_to_west/002_n01542_W.jpg,278.0,285.1,7.1,False
st_dunstan_s_lane,east_to_west,n01543,st_dunstan_s_lane/east_to_west/003_n01543_W.jpg,278.0,285.1,7.1,False
st_dunstan_s_lane,west_to_east,n01543,st_dunstan_s_lane/west_to_east/001_n01543_E.jpg,98.0,105.1,7.1,False
st_dunstan_s_lane,west_to_east,n01542,st_dunstan_s_lane/west_to_east/002_n01542_E.jpg,98.0,91.0,7.1,False
st_dunstan_s_lane,west_to_east,n01541,st_dunstan_s_lane/west_to_east/003_n01541_E.jpg,98.0,91.0,7.1,False
st_helen_s_place,east_to_west,n01502,st_helen_s_place/east_to_west/001_n01502_W.jpg,270.0,0.0,90.0,False
st_helen_s_place,east_to_west,n01503,st_helen_s_place/east_to_west/002_n01503_W.jpg,270.0,0.0,90.0,False
st_helen_s_place,west_to_east,n01502,st_helen_s_place/east_to_west/001_n01502_W.jpg,270.0,0.0,90.0,True
st_helen_s_place,west_to_east,n01503,st_helen_s_place/east_to_west/002_n01503_W.jpg,270.0,0.0,90.0,True
st_martin_s_le_grand,north_to_south,n01555,st_martin_s_le_grand/north_to_south/001_n01555_S.jpg,191.7,184.8,6.9,False
st_martin_s_le_grand,north_to_south,n01554,st_martin_s_le_grand/north_to_south/002_n01554_S.jpg,191.7,185.3,6.4,False
st_martin_s_le_grand,north_to_south,n01553,st_martin_s_le_grand/north_to_south/003_n01553_S.jpg,191.7,178.8,12.9,False
st_martin_s_le_grand,north_to_south,n01552,st_martin_s_le_grand/north_to_south/004_n01552_S.jpg,191.7,188.2,3.5,False
st_martin_s_le_grand,north_to_south,n01551,st_martin_s_le_grand/north_to_south/005_n01551_S.jpg,191.7,196.1,4.4,False
st_martin_s_le_grand,north_to_south,n01550,st_martin_s_le_grand/north_to_south/006_n01550_S.jpg,191.7,162.3,29.4,False
st_martin_s_le_grand,north_to_south,n01549,st_martin_s_le_grand/north_to_south/007_n01549_S.jpg,163.4,185.9,22.5,False
st_martin_s_le_grand,north_to_south,n01548,st_martin_s_le_grand/north_to_south/008_n01548_S.jpg,191.7,185.2,6.5,False
st_martin_s_le_grand,north_to_south,n01547,st_martin_s_le_grand/north_to_south/009_n01547_S.jpg,191.7,197.5,5.8,False
st_martin_s_le_grand,north_to_south,n01546,st_martin_s_le_grand/north_to_south/010_n01546_S.jpg,191.7,214.4,22.7,False
st_martin_s_le_grand,north_to_south,n01545,st_martin_s_le_grand/north_to_south/011_n01545_S.jpg,216.2,248.1,31.9,False
st_martin_s_le_grand,north_to_south,n01544,st_martin_s_le_grand/north_to_south/012_n01544_S.jpg,249.7,248.1,1.6,False
st_martin_s_le_grand,south_to_north,n01544,st_martin_s_le_grand/south_to_north/001_n01544_N.jpg,69.7,68.1,1.6,False
st_martin_s_le_grand,south_to_north,n01545,st_martin_s_le_grand/south_to_north/002_n01545_N.jpg,36.2,34.4,1.8,False
st_martin_s_le_grand,south_to_north,n01546,st_martin_s_le_grand/south_to_north/003_n01546_N.jpg,11.7,17.5,5.8,False
st_martin_s_le_grand,south_to_north,n01547,st_martin_s_le_grand/south_to_north/004_n01547_N.jpg,11.7,5.2,6.5,False
st_martin_s_le_grand,south_to_north,n01548,st_martin_s_le_grand/south_to_north/005_n01548_N.jpg,11.7,5.9,5.9,False
st_martin_s_le_grand,south_to_north,n01549,st_martin_s_le_grand/south_to_north/006_n01549_N.jpg,343.4,342.3,1.1,False
st_martin_s_le_grand,south_to_north,n01550,st_martin_s_le_grand/south_to_north/007_n01550_N.jpg,11.7,16.1,4.4,False
st_martin_s_le_grand,south_to_north,n01551,st_martin_s_le_grand/south_to_north/008_n01551_N.jpg,11.7,8.2,3.5,False
st_martin_s_le_grand,south_to_north,n01552,st_martin_s_le_grand/south_to_north/009_n01552_N.jpg,11.7,358.8,12.9,False
st_martin_s_le_grand,south_to_north,n01553,st_martin_s_le_grand/south_to_north/010_n01553_N.jpg,11.7,5.3,6.4,False
st_martin_s_le_grand,south_to_north,n01554,st_martin_s_le_grand/south_to_north/011_n01554_N.jpg,11.7,4.8,6.9,False
st_martin_s_le_grand,south_to_north,n01555,st_martin_s_le_grand/south_to_north/012_n01555_N.jpg,11.7,4.8,6.9,False
st_mary_at_hill,north_to_south,n01563,st_mary_at_hill/north_to_south/001_n01563_S.jpg,195.3,189.2,6.1,False
st_mary_at_hill,north_to_south,n01562,st_mary_at_hill/north_to_south/002_n01562_S.jpg,195.3,193.5,1.8,False
st_mary_at_hill,north_to_south,n01561,st_mary_at_hill/north_to_south/003_n01561_S.jpg,195.3,193.3,2.0,False
st_mary_at_hill,north_to_south,n01560,st_mary_at_hill/north_to_south/004_n01560_S.jpg,195.3,194.6,0.7,False
st_mary_at_hill,north_to_south,n01559,st_mary_at_hill/north_to_south/005_n01559_S.jpg,195.3,197.2,1.9,False
st_mary_at_hill,north_to_south,n01558,st_mary_at_hill/north_to_south/006_n01558_S.jpg,195.3,199.3,4.0,False
st_mary_at_hill,north_to_south,n01557,st_mary_at_hill/north_to_south/007_n01557_S.jpg,195.3,198.5,3.2,False
st_mary_at_hill,north_to_south,n01556,st_mary_at_hill/north_to_south/008_n01556_S.jpg,195.3,198.5,3.2,False
st_mary_at_hill,south_to_north,n01556,st_mary_at_hill/south_to_north/001_n01556_N.jpg,15.3,18.5,3.2,False
st_mary_at_hill,south_to_north,n01557,st_mary_at_hill/south_to_north/002_n01557_N.jpg,15.3,19.3,4.0,False
st_mary_at_hill,south_to_north,n01558,st_mary_at_hill/south_to_north/003_n01558_N.jpg,15.3,17.2,1.9,False
st_mary_at_hill,south_to_north,n01559,st_mary_at_hill/south_to_north/004_n01559_N.jpg,15.3,14.6,0.7,False
st_mary_at_hill,south_to_north,n01560,st_mary_at_hill/south_to_north/005_n01560_N.jpg,15.3,13.3,2.0,False
st_mary_at_hill,south_to_north,n01561,st_mary_at_hill/south_to_north/006_n01561_N.jpg,15.3,13.5,1.8,False
st_mary_at_hill,south_to_north,n01562,st_mary_at_hill/south_to_north/007_n01562_N.jpg,15.3,9.2,6.1,False
st_mary_at_hill,south_to_north,n01563,st_mary_at_hill/south_to_north/008_n01563_N.jpg,15.3,9.2,6.1,False
st_michaels_alley,north_to_south,n01570,st_michaels_alley/north_to_south/001_n01570_S.jpg,172.1,184.5,12.4,False
st_michaels_alley,north_to_south,n01568,st_michaels_alley/north_to_south/002_n01568_S.jpg,172.1,187.9,15.8,False
st_michaels_alley,north_to_south,n01565,st_michaels_alley/north_to_south/003_n01565_S.jpg,112.8,111.4,1.4,False
st_michaels_alley,north_to_south,n01566,st_michaels_alley/north_to_south/004_n01566_S.jpg,189.5,192.8,3.3,False
st_michaels_alley,north_to_south,n01569,st_michaels_alley/south_to_north/003_n01569_N.jpg,79.5,77.9,1.6,True
st_michaels_alley,north_to_south,n01567,st_michaels_alley/south_to_north/002_n01567_N.jpg,79.5,77.9,1.6,True
st_michaels_alley,north_to_south,n01564,st_michaels_alley/north_to_south/007_n01564_S.jpg,194.3,192.8,1.5,False
st_michaels_alley,south_to_north,n01564,st_michaels_alley/south_to_north/001_n01564_N.jpg,14.3,12.8,1.5,False
st_michaels_alley,south_to_north,n01567,st_michaels_alley/north_to_south/006_n01567_S.jpg,259.5,291.4,31.9,True
st_michaels_alley,south_to_north,n01569,st_michaels_alley/north_to_south/005_n01569_S.jpg,259.5,257.9,1.6,True
st_michaels_alley,south_to_north,n01565,st_michaels_alley/south_to_north/004_n01565_N.jpg,292.8,291.4,1.4,False
st_michaels_alley,south_to_north,n01566,st_michaels_alley/south_to_north/005_n01566_N.jpg,9.5,7.9,1.6,False
st_michaels_alley,south_to_north,n01568,st_michaels_alley/south_to_north/006_n01568_N.jpg,352.1,4.5,12.4,False
st_michaels_alley,south_to_north,n01570,st_michaels_alley/south_to_north/007_n01570_N.jpg,352.1,4.5,12.4,False
st_paul_s_churchyard,north_to_south,n01507,st_paul_s_churchyard/north_to_south/001_n01507_S.jpg,256.8,255.3,1.5,False
st_paul_s_churchyard,north_to_south,n01505,st_paul_s_churchyard/north_to_south/002_n01505_S.jpg,178.7,179.6,0.9,False
st_paul_s_churchyard,north_to_south,n01509,st_paul_s_churchyard/north_to_south/003_n01509_S.jpg,178.7,179.4,0.7,False
st_paul_s_churchyard,north_to_south,n01511,st_paul_s_churchyard/north_to_south/004_n01511_S.jpg,264.5,178.2,86.3,False
st_paul_s_churchyard,north_to_south,n01513,st_paul_s_churchyard/north_to_south/005_n01513_S.jpg,178.7,177.4,1.3,False
st_paul_s_churchyard,north_to_south,n01512,st_paul_s_churchyard/north_to_south/006_n01512_S.jpg,123.9,177.4,53.5,False
st_paul_s_churchyard,north_to_south,n01510,st_paul_s_churchyard/south_to_north/004_n01510_N.jpg,303.9,350.7,46.8,True
st_paul_s_churchyard,north_to_south,n01508,st_paul_s_churchyard/south_to_north/003_n01508_N.jpg,358.7,349.7,9.1,True
st_paul_s_churchyard,north_to_south,n01506,st_paul_s_churchyard/south_to_north/002_n01506_N.jpg,358.7,2.9,4.2,True
st_paul_s_churchyard,north_to_south,n01504,st_paul_s_churchyard/south_to_north/001_n01504_N.jpg,299.2,298.0,1.2,True
st_paul_s_churchyard,south_to_north,n01504,st_paul_s_churchyard/south_to_north/001_n01504_N.jpg,299.2,359.6,60.4,False
st_paul_s_churchyard,south_to_north,n01506,st_paul_s_churchyard/south_to_north/002_n01506_N.jpg,358.7,272.4,86.3,False
st_paul_s_churchyard,south_to_north,n01508,st_paul_s_churchyard/south_to_north/003_n01508_N.jpg,358.7,359.4,0.7,False
st_paul_s_churchyard,south_to_north,n01510,st_paul_s_churchyard/south_to_north/004_n01510_N.jpg,303.9,358.2,54.3,False
st_paul_s_churchyard,south_to_north,n01512,st_paul_s_churchyard/south_to_north/005_n01512_N.jpg,303.9,357.4,53.5,False
st_paul_s_churchyard,south_to_north,n01513,st_paul_s_churchyard/south_to_north/006_n01513_N.jpg,358.7,357.4,1.3,False
st_paul_s_churchyard,south_to_north,n01511,st_paul_s_churchyard/north_to_south/004_n01511_S.jpg,264.5,185.5,79.0,True
st_paul_s_churchyard,south_to_north,n01509,st_paul_s_churchyard/north_to_south/003_n01509_S.jpg,178.7,188.3,9.5,True
st_paul_s_churchyard,south_to_north,n01505,st_paul_s_churchyard/south_to_north/009_n01505_N.jpg,358.7,277.4,81.4,False
st_paul_s_churchyard,south_to_north,n01507,st_paul_s_churchyard/north_to_south/001_n01507_S.jpg,256.8,182.9,73.9,True
st_stephen_s_row,east_to_west,n01517,st_stephen_s_row/east_to_west/001_n01517_W.jpg,231.0,229.2,1.8,False
st_stephen_s_row,east_to_west,n01516,st_stephen_s_row/east_to_west/002_n01516_W.jpg,231.0,289.0,58.0,False
st_stephen_s_row,east_to_west,n01515,st_stephen_s_row/east_to_west/003_n01515_W.jpg,274.6,283.8,9.1,False
st_stephen_s_row,east_to_west,n01514,st_stephen_s_row/east_to_west/004_n01514_W.jpg,274.6,283.8,9.1,False
st_stephen_s_row,west_to_east,n01514,st_stephen_s_row/west_to_east/001_n01514_E.jpg,94.6,103.8,9.1,False
st_stephen_s_row,west_to_east,n01515,st_stephen_s_row/west_to_east/002_n01515_E.jpg,94.6,109.0,14.4,False
st_stephen_s_row,west_to_east,n01516,st_stephen_s_row/west_to_east/003_n01516_E.jpg,51.0,49.2,1.8,False
st_stephen_s_row,west_to_east,n01517,st_stephen_s_row/west_to_east/004_n01517_E.jpg,51.0,49.2,1.8,False
st_swithin_s_lane,north_to_south,n01526,st_swithin_s_lane/north_to_south/001_n01526_S.jpg,228.0,226.6,1.4,False
st_swithin_s_lane,north_to_south,n01525,st_swithin_s_lane/north_to_south/002_n01525_S.jpg,228.0,213.8,14.2,False
st_swithin_s_lane,north_to_south,n01524,st_swithin_s_lane/north_to_south/003_n01524_S.jpg,205.5,205.9,0.4,False
st_swithin_s_lane,north_to_south,n01523,st_swithin_s_lane/north_to_south/004_n01523_S.jpg,205.5,207.6,2.1,False
st_swithin_s_lane,north_to_south,n01522,st_swithin_s_lane/north_to_south/005_n01522_S.jpg,205.5,205.0,0.5,False
st_swithin_s_lane,north_to_south,n01521,st_swithin_s_lane/north_to_south/006_n01521_S.jpg,205.5,199.9,5.6,False
st_swithin_s_lane,north_to_south,n01520,st_swithin_s_lane/north_to_south/007_n01520_S.jpg,205.5,197.3,8.2,False
st_swithin_s_lane,north_to_south,n01519,st_swithin_s_lane/north_to_south/008_n01519_S.jpg,205.5,197.3,8.2,False
st_swithin_s_lane,north_to_south,n01518,st_swithin_s_lane/north_to_south/009_n01518_S.jpg,205.5,197.3,8.2,False
st_swithin_s_lane,south_to_north,n01518,st_swithin_s_lane/south_to_north/001_n01518_N.jpg,25.5,17.3,8.2,False
st_swithin_s_lane,south_to_north,n01519,st_swithin_s_lane/south_to_north/002_n01519_N.jpg,25.5,17.3,8.2,False
st_swithin_s_lane,south_to_north,n01520,st_swithin_s_lane/south_to_north/003_n01520_N.jpg,25.5,19.9,5.6,False
st_swithin_s_lane,south_to_north,n01521,st_swithin_s_lane/south_to_north/004_n01521_N.jpg,25.5,25.0,0.5,False
st_swithin_s_lane,south_to_north,n01522,st_swithin_s_lane/south_to_north/005_n01522_N.jpg,25.5,27.6,2.1,False
st_swithin_s_lane,south_to_north,n01523,st_swithin_s_lane/south_to_north/006_n01523_N.jpg,25.5,25.9,0.4,False
st_swithin_s_lane,south_to_north,n01524,st_swithin_s_lane/south_to_north/007_n01524_N.jpg,25.5,33.8,8.3,False
st_swithin_s_lane,south_to_north,n01525,st_swithin_s_lane/south_to_north/008_n01525_N.jpg,48.0,46.6,1.4,False
st_swithin_s_lane,south_to_north,n01526,st_swithin_s_lane/south_to_north/009_n01526_N.jpg,48.0,46.6,1.4,False
staining_lane,north_to_south,n01573,staining_lane/north_to_south/001_n01573_S.jpg,194.7,191.3,3.4,False
staining_lane,north_to_south,n01572,staining_lane/north_to_south/002_n01572_S.jpg,194.7,198.6,3.9,False
staining_lane,north_to_south,n01571,staining_lane/north_to_south/003_n01571_S.jpg,194.7,198.6,3.9,False
staining_lane,south_to_north,n01571,staining_lane/south_to_north/001_n01571_N.jpg,14.7,18.6,3.9,False
staining_lane,south_to_north,n01572,staining_lane/south_to_north/002_n01572_N.jpg,14.7,11.3,3.4,False
staining_lane,south_to_north,n01573,staining_lane/south_to_north/003_n01573_N.jpg,14.7,11.3,3.4,False
star_alley,east_to_west,n01574,star_alley/east_to_west/001_n01574_W.jpg,235.1,235.1,0.0,False
star_alley,east_to_west,n01575,star_alley/east_to_west/002_n01575_W.jpg,235.1,235.1,0.0,False
star_alley,west_to_east,n01575,star_alley/west_to_east/001_n01575_E.jpg,55.1,55.1,0.0,False
star_alley,west_to_east,n01574,star_alley/west_to_east/002_n01574_E.jpg,55.1,55.1,0.0,False
stew_lane,north_to_south,n01579,stew_lane/north_to_south/001_n01579_S.jpg,198.2,190.0,8.2,False
stew_lane,north_to_south,n01578,stew_lane/north_to_south/002_n01578_S.jpg,198.2,191.6,6.6,False
stew_lane,north_to_south,n01577,stew_lane/north_to_south/003_n01577_S.jpg,198.2,231.7,33.6,False
stew_lane,north_to_south,n01576,stew_lane/north_to_south/004_n01576_S.jpg,198.2,231.7,33.6,False
stew_lane,south_to_north,n01576,stew_lane/south_to_north/001_n01576_N.jpg,18.2,51.7,33.6,False
stew_lane,south_to_north,n01577,stew_lane/south_to_north/002_n01577_N.jpg,18.2,11.6,6.6,False
stew_lane,south_to_north,n01578,stew_lane/south_to_north/003_n01578_N.jpg,18.2,10.0,8.2,False
stew_lane,south_to_north,n01579,stew_lane/south_to_north/004_n01579_N.jpg,18.2,10.0,8.2,False
stone_house_court,east_to_west,n01580,stone_house_court/east_to_west/001_n01580_W.jpg,302.5,302.5,0.0,False
stone_house_court,east_to_west,n01581,stone_house_court/east_to_west/002_n01581_W.jpg,302.5,302.5,0.0,False
stone_house_court,west_to_east,n01581,stone_house_court/west_to_east/001_n01581_E.jpg,122.5,122.5,0.0,False
stone_house_court,west_to_east,n01580,stone_house_court/west_to_east/002_n01580_E.jpg,122.5,122.5,0.0,False
suffolk_lane,north_to_south,n01587,suffolk_lane/north_to_south/001_n01587_S.jpg,238.9,237.4,1.5,False
suffolk_lane,north_to_south,n01586,suffolk_lane/north_to_south/002_n01586_S.jpg,238.9,212.3,26.6,False
suffolk_lane,north_to_south,n01585,suffolk_lane/north_to_south/003_n01585_S.jpg,210.2,200.7,9.5,False
suffolk_lane,north_to_south,n01584,suffolk_lane/north_to_south/004_n01584_S.jpg,210.2,207.4,2.8,False
suffolk_lane,north_to_south,n01583,suffolk_lane/north_to_south/005_n01583_S.jpg,210.2,201.0,9.2,False
suffolk_lane,north_to_south,n01582,suffolk_lane/north_to_south/006_n01582_S.jpg,210.2,201.0,9.2,False
suffolk_lane,south_to_north,n01582,suffolk_lane/south_to_north/001_n01582_N.jpg,30.2,21.0,9.2,False
suffolk_lane,south_to_north,n01583,suffolk_lane/south_to_north/002_n01583_N.jpg,30.2,27.4,2.8,False
suffolk_lane,south_to_north,n01584,suffolk_lane/south_to_north/003_n01584_N.jpg,30.2,20.7,9.5,False
suffolk_lane,south_to_north,n01585,suffolk_lane/south_to_north/004_n01585_N.jpg,30.2,32.3,2.1,False
suffolk_lane,south_to_north,n01586,suffolk_lane/south_to_north/005_n01586_N.jpg,58.9,57.4,1.5,False
suffolk_lane,south_to_north,n01587,suffolk_lane/south_to_north/006_n01587_N.jpg,58.9,57.4,1.5,False
sun_street_passage,north_to_south,n01593,sun_street_passage/north_to_south/001_n01593_S.jpg,221.9,220.2,1.7,False
sun_street_passage,north_to_south,n01592,sun_street_passage/north_to_south/002_n01592_S.jpg,221.9,188.5,33.4,False
sun_street_passage,north_to_south,n01591,sun_street_passage/north_to_south/003_n01591_S.jpg,190.1,208.8,18.7,False
sun_street_passage,north_to_south,n01590,sun_street_passage/north_to_south/004_n01590_S.jpg,203.9,199.0,4.9,False
sun_street_passage,north_to_south,n01589,sun_street_passage/north_to_south/005_n01589_S.jpg,203.9,208.4,4.5,False
sun_street_passage,north_to_south,n01588,sun_street_passage/north_to_south/006_n01588_S.jpg,203.9,208.4,4.5,False
sun_street_passage,south_to_north,n01588,sun_street_passage/south_to_north/001_n01588_N.jpg,23.9,28.4,4.5,False
sun_street_passage,south_to_north,n01589,sun_street_passage/south_to_north/002_n01589_N.jpg,23.9,19.0,4.9,False
sun_street_passage,south_to_north,n01590,sun_street_passage/south_to_north/003_n01590_N.jpg,23.9,28.8,4.9,False
sun_street_passage,south_to_north,n01591,sun_street_passage/south_to_north/004_n01591_N.jpg,10.1,8.5,1.6,False
sun_street_passage,south_to_north,n01592,sun_street_passage/south_to_north/005_n01592_N.jpg,41.9,40.2,1.7,False
sun_street_passage,south_to_north,n01593,sun_street_passage/south_to_north/006_n01593_N.jpg,41.9,40.2,1.7,False
swan_lane,north_to_south,n01598,swan_lane/north_to_south/001_n01598_S.jpg,192.1,187.2,4.9,False
swan_lane,north_to_south,n01597,swan_lane/north_to_south/002_n01597_S.jpg,192.1,193.6,1.4,False
swan_lane,north_to_south,n01596,swan_lane/north_to_south/003_n01596_S.jpg,192.1,193.4,1.3,False
swan_lane,north_to_south,n01595,swan_lane/north_to_south/004_n01595_S.jpg,192.1,193.9,1.8,False
swan_lane,north_to_south,n01594,swan_lane/north_to_south/005_n01594_S.jpg,192.1,193.9,1.8,False
swan_lane,south_to_north,n01594,swan_lane/south_to_north/001_n01594_N.jpg,12.1,13.9,1.8,False
swan_lane,south_to_north,n01595,swan_lane/south_to_north/002_n01595_N.jpg,12.1,13.4,1.3,False
swan_lane,south_to_north,n01596,swan_lane/south_to_north/003_n01596_N.jpg,12.1,13.6,1.4,False
swan_lane,south_to_north,n01597,swan_lane/south_to_north/004_n01597_N.jpg,12.1,7.2,4.9,False
swan_lane,south_to_north,n01598,swan_lane/south_to_north/005_n01598_N.jpg,12.1,7.2,4.9,False
talbot_court,east_to_west,n01599,talbot_court/east_to_west/001_n01599_W.jpg,292.0,292.0,0.0,False
talbot_court,east_to_west,n01600,talbot_court/east_to_west/002_n01600_W.jpg,292.0,292.0,0.0,False
talbot_court,west_to_east,n01600,talbot_court/west_to_east/001_n01600_E.jpg,112.0,112.0,0.0,False
talbot_court,west_to_east,n01599,talbot_court/west_to_east/002_n01599_E.jpg,112.0,112.0,0.0,False
telegraph_street,east_to_west,n01601,telegraph_street/east_to_west/001_n01601_W.jpg,266.2,263.3,3.0,False
telegraph_street,east_to_west,n01602,telegraph_street/east_to_west/002_n01602_W.jpg,266.2,260.6,5.6,False
telegraph_street,east_to_west,n01603,telegraph_street/east_to_west/003_n01603_W.jpg,266.2,269.3,3.1,False
telegraph_street,east_to_west,n01604,telegraph_street/east_to_west/004_n01604_W.jpg,266.2,263.4,2.8,False
telegraph_street,east_to_west,n01605,telegraph_street/east_to_west/005_n01605_W.jpg,266.2,277.0,10.7,False
telegraph_street,east_to_west,n01606,telegraph_street/east_to_west/006_n01606_W.jpg,266.2,277.0,10.7,False
telegraph_street,west_to_east,n01606,telegraph_street/west_to_east/001_n01606_E.jpg,86.2,97.0,10.7,False
telegraph_street,west_to_east,n01605,telegraph_street/west_to_east/002_n01605_E.jpg,86.2,83.4,2.8,False
telegraph_street,west_to_east,n01604,telegraph_street/west_to_east/003_n01604_E.jpg,86.2,89.3,3.1,False
telegraph_street,west_to_east,n01603,telegraph_street/west_to_east/004_n01603_E.jpg,86.2,80.6,5.6,False
telegraph_street,west_to_east,n01602,telegraph_street/west_to_east/005_n01602_E.jpg,86.2,83.3,3.0,False
telegraph_street,west_to_east,n01601,telegraph_street/west_to_east/006_n01601_E.jpg,86.2,83.3,3.0,False
threadneedle_street,east_to_west,n01620,threadneedle_street/east_to_west/001_n01620_W.jpg,277.4,275.8,1.6,False
threadneedle_street,east_to_west,n01619,threadneedle_street/east_to_west/002_n01619_W.jpg,255.8,260.0,4.2,False
threadneedle_street,east_to_west,n01618,threadneedle_street/east_to_west/003_n01618_W.jpg,255.8,254.0,1.8,False
threadneedle_street,east_to_west,n01617,threadneedle_street/east_to_west/004_n01617_W.jpg,255.8,255.1,0.8,False
threadneedle_street,east_to_west,n01616,threadneedle_street/east_to_west/005_n01616_W.jpg,255.8,253.2,2.6,False
threadneedle_street,east_to_west,n01615,threadneedle_street/east_to_west/006_n01615_W.jpg,255.8,255.2,0.7,False
threadneedle_street,east_to_west,n01614,threadneedle_street/east_to_west/007_n01614_W.jpg,255.8,261.4,5.5,False
threadneedle_street,east_to_west,n01613,threadneedle_street/east_to_west/008_n01613_W.jpg,255.8,250.1,5.8,False
threadneedle_street,east_to_west,n01612,threadneedle_street/east_to_west/009_n01612_W.jpg,255.8,258.9,3.1,False
threadneedle_street,east_to_west,n01611,threadneedle_street/east_to_west/010_n01611_W.jpg,255.8,251.6,4.2,False
threadneedle_street,east_to_west,n01610,threadneedle_street/east_to_west/011_n01610_W.jpg,255.8,250.3,5.5,False
threadneedle_street,east_to_west,n01609,threadneedle_street/east_to_west/012_n01609_W.jpg,255.8,248.1,7.7,False
threadneedle_street,east_to_west,n01608,threadneedle_street/east_to_west/013_n01608_W.jpg,255.8,278.1,22.3,False
threadneedle_street,east_to_west,n01607,threadneedle_street/east_to_west/014_n01607_W.jpg,279.6,278.1,1.5,False
threadneedle_street,west_to_east,n01607,threadneedle_street/west_to_east/001_n01607_E.jpg,99.6,98.1,1.5,False
threadneedle_street,west_to_east,n01608,threadneedle_street/west_to_east/002_n01608_E.jpg,75.8,68.1,7.7,False
threadneedle_street,west_to_east,n01609,threadneedle_street/west_to_east/003_n01609_E.jpg,75.8,70.3,5.5,False
threadneedle_street,west_to_east,n01610,threadneedle_street/west_to_east/004_n01610_E.jpg,75.8,71.6,4.2,False
threadneedle_street,west_to_east,n01611,threadneedle_street/west_to_east/005_n01611_E.jpg,75.8,78.9,3.1,False
threadneedle_street,west_to_east,n01612,threadneedle_street/west_to_east/006_n01612_E.jpg,75.8,70.1,5.8,False
threadneedle_street,west_to_east,n01613,threadneedle_street/west_to_east/007_n01613_E.jpg,75.8,81.4,5.5,False
threadneedle_street,west_to_east,n01614,threadneedle_street/west_to_east/008_n01614_E.jpg,75.8,75.2,0.7,False
threadneedle_street,west_to_east,n01615,threadneedle_street/west_to_east/009_n01615_E.jpg,75.8,73.2,2.6,False
threadneedle_street,west_to_east,n01616,threadneedle_street/west_to_east/010_n01616_E.jpg,75.8,75.1,0.8,False
threadneedle_street,west_to_east,n01617,threadneedle_street/west_to_east/011_n01617_E.jpg,75.8,74.0,1.8,False
threadneedle_street,west_to_east,n01618,threadneedle_street/west_to_east/012_n01618_E.jpg,75.8,80.0,4.2,False
threadneedle_street,west_to_east,n01619,threadneedle_street/west_to_east/013_n01619_E.jpg,75.8,95.8,20.0,False
threadneedle_street,west_to_east,n01620,threadneedle_street/west_to_east/014_n01620_E.jpg,97.4,95.8,1.6,False
three_barrels_walk,east_to_west,n01621,three_barrels_walk/east_to_west/001_n01621_W.jpg,289.1,280.8,8.3,False
three_barrels_walk,east_to_west,n01622,three_barrels_walk/east_to_west/002_n01622_W.jpg,289.1,283.4,5.7,False
three_barrels_walk,east_to_west,n01623,three_barrels_walk/east_to_west/003_n01623_W.jpg,289.1,283.0,6.1,False
three_barrels_walk,east_to_west,n01624,three_barrels_walk/east_to_west/004_n01624_W.jpg,289.1,313.3,24.2,False
three_barrels_walk,east_to_west,n01625,three_barrels_walk/east_to_west/005_n01625_W.jpg,289.1,291.8,2.7,False
three_barrels_walk,east_to_west,n01626,three_barrels_walk/east_to_west/006_n01626_W.jpg,289.1,291.8,2.7,False
three_barrels_walk,west_to_east,n01626,three_barrels_walk/west_to_east/001_n01626_E.jpg,109.1,111.8,2.7,False
three_barrels_walk,west_to_east,n01625,three_barrels_walk/west_to_east/002_n01625_E.jpg,109.1,133.3,24.2,False
three_barrels_walk,west_to_east,n01624,three_barrels_walk/west_to_east/003_n01624_E.jpg,109.1,103.0,6.1,False
three_barrels_walk,west_to_east,n01623,three_barrels_walk/west_to_east/004_n01623_E.jpg,109.1,103.4,5.7,False
three_barrels_walk,west_to_east,n01622,three_barrels_walk/west_to_east/005_n01622_E.jpg,109.1,100.8,8.3,False
three_barrels_walk,west_to_east,n01621,three_barrels_walk/west_to_east/006_n01621_E.jpg,109.1,100.8,8.3,False
three_cranes_walk,east_to_west,n01627,three_cranes_walk/east_to_west/001_n01627_W.jpg,286.3,271.3,15.0,False
three_cranes_walk,east_to_west,n01628,three_cranes_walk/east_to_west/002_n01628_W.jpg,286.3,293.6,7.3,False
three_cranes_walk,east_to_west,n01629,three_cranes_walk/east_to_west/003_n01629_W.jpg,286.3,289.8,3.5,False
three_cranes_walk,east_to_west,n01630,three_cranes_walk/east_to_west/004_n01630_W.jpg,286.3,289.8,3.5,False
three_cranes_walk,west_to_east,n01630,three_cranes_walk/west_to_east/001_n01630_E.jpg,106.3,109.8,3.5,False
three_cranes_walk,west_to_east,n01629,three_cranes_walk/west_to_east/002_n01629_E.jpg,106.3,113.6,7.3,False
three_cranes_walk,west_to_east,n01628,three_cranes_walk/west_to_east/003_n01628_E.jpg,106.3,91.3,15.0,False
three_cranes_walk,west_to_east,n01627,three_cranes_walk/west_to_east/004_n01627_E.jpg,106.3,91.3,15.0,False
throgmorton_avenue,north_to_south,n01636,throgmorton_avenue/north_to_south/001_n01636_S.jpg,194.2,192.5,1.7,False
throgmorton_avenue,north_to_south,n01633,throgmorton_avenue/north_to_south/002_n01633_S.jpg,194.2,190.3,3.9,False
throgmorton_avenue,north_to_south,n01632,throgmorton_avenue/south_to_north/004_n01632_N.jpg,14.2,12.5,1.7,True
throgmorton_avenue,north_to_south,n01635,throgmorton_avenue/north_to_south/004_n01635_S.jpg,194.2,192.5,1.7,False
throgmorton_avenue,north_to_south,n01637,throgmorton_avenue/north_to_south/005_n01637_S.jpg,194.2,200.5,6.3,False
throgmorton_avenue,north_to_south,n01631,throgmorton_avenue/south_to_north/001_n01631_N.jpg,0.0,0.0,0.0,True
throgmorton_avenue,north_to_south,n01634,throgmorton_avenue/south_to_north/002_n01634_N.jpg,22.0,0.0,22.0,True
throgmorton_avenue,south_to_north,n01631,throgmorton_avenue/south_to_north/001_n01631_N.jpg,0.0,0.0,0.0,False
throgmorton_avenue,south_to_north,n01634,throgmorton_avenue/south_to_north/002_n01634_N.jpg,22.0,20.5,1.5,False
throgmorton_avenue,south_to_north,n01637,throgmorton_avenue/south_to_north/003_n01637_N.jpg,14.2,20.5,6.3,False
throgmorton_avenue,south_to_north,n01632,throgmorton_avenue/south_to_north/004_n01632_N.jpg,14.2,10.3,3.9,False
throgmorton_avenue,south_to_north,n01635,throgmorton_avenue/south_to_north/005_n01635_N.jpg,14.2,12.5,1.7,False
throgmorton_avenue,south_to_north,n01633,throgmorton_avenue/north_to_south/002_n01633_S.jpg,194.2,190.3,3.9,True
throgmorton_avenue,south_to_north,n01636,throgmorton_avenue/south_to_north/007_n01636_N.jpg,14.2,12.5,1.7,False
throgmorton_street,east_to_west,n01646,throgmorton_street/east_to_west/001_n01646_W.jpg,294.1,292.8,1.3,False
throgmorton_street,east_to_west,n01645,throgmorton_street/east_to_west/002_n01645_W.jpg,294.1,270.1,24.0,False
throgmorton_street,east_to_west,n01644,throgmorton_street/east_to_west/003_n01644_W.jpg,258.7,264.6,5.9,False
throgmorton_street,east_to_west,n01643,throgmorton_street/east_to_west/004_n01643_W.jpg,258.7,249.5,9.2,False
throgmorton_street,east_to_west,n01642,throgmorton_street/east_to_west/005_n01642_W.jpg,258.7,257.7,1.1,False
throgmorton_street,east_to_west,n01641,throgmorton_street/east_to_west/006_n01641_W.jpg,258.7,245.3,13.4,False
throgmorton_street,east_to_west,n01640,throgmorton_street/east_to_west/007_n01640_W.jpg,258.7,253.0,5.7,False
throgmorton_street,east_to_west,n01639,throgmorton_street/east_to_west/008_n01639_W.jpg,258.7,238.9,19.8,False
throgmorton_street,east_to_west,n01638,throgmorton_street/east_to_west/009_n01638_W.jpg,240.7,238.9,1.8,False
throgmorton_street,west_to_east,n01638,throgmorton_street/west_to_east/001_n01638_E.jpg,60.7,58.9,1.8,False
throgmorton_street,west_to_east,n01639,throgmorton_street/west_to_east/002_n01639_E.jpg,78.7,73.0,5.7,False
throgmorton_street,west_to_east,n01640,throgmorton_street/west_to_east/003_n01640_E.jpg,78.7,65.3,13.4,False
throgmorton_street,west_to_east,n01641,throgmorton_street/west_to_east/004_n01641_E.jpg,78.7,77.7,1.1,False
throgmorton_street,west_to_east,n01642,throgmorton_street/west_to_east/005_n01642_E.jpg,78.7,69.5,9.2,False
throgmorton_street,west_to_east,n01643,throgmorton_street/west_to_east/006_n01643_E.jpg,78.7,84.6,5.9,False
throgmorton_street,west_to_east,n01644,throgmorton_street/west_to_east/007_n01644_E.jpg,78.7,90.1,11.4,False
throgmorton_street,west_to_east,n01645,throgmorton_street/west_to_east/008_n01645_E.jpg,114.1,112.8,1.3,False
throgmorton_street,west_to_east,n01646,throgmorton_street/west_to_east/009_n01646_E.jpg,114.1,112.8,1.3,False
tokenhouse_yard,north_to_south,n01652,tokenhouse_yard/north_to_south/001_n01652_S.jpg,231.5,230.2,1.3,False
tokenhouse_yard,north_to_south,n01651,tokenhouse_yard/north_to_south/002_n01651_S.jpg,231.5,183.2,48.3,False
tokenhouse_yard,north_to_south,n01650,tokenhouse_yard/north_to_south/003_n01650_S.jpg,186.6,182.0,4.6,False
tokenhouse_yard,north_to_south,n01649,tokenhouse_yard/north_to_south/004_n01649_S.jpg,186.6,180.6,6.0,False
tokenhouse_yard,north_to_south,n01648,tokenhouse_yard/north_to_south/005_n01648_S.jpg,186.6,185.3,1.3,False
tokenhouse_yard,north_to_south,n01647,tokenhouse_yard/north_to_south/006_n01647_S.jpg,186.6,185.3,1.3,False
tokenhouse_yard,south_to_north,n01647,tokenhouse_yard/south_to_north/001_n01647_N.jpg,6.6,5.3,1.3,False
tokenhouse_yard,south_to_north,n01648,tokenhouse_yard/south_to_north/002_n01648_N.jpg,6.6,0.6,6.0,False
tokenhouse_yard,south_to_north,n01649,tokenhouse_yard/south_to_north/003_n01649_N.jpg,6.6,2.0,4.6,False
tokenhouse_yard,south_to_north,n01650,tokenhouse_yard/south_to_north/004_n01650_N.jpg,6.6,3.2,3.4,False
tokenhouse_yard,south_to_north,n01651,tokenhouse_yard/south_to_north/005_n01651_N.jpg,51.5,50.2,1.3,False
tokenhouse_yard,south_to_north,n01652,tokenhouse_yard/south_to_north/006_n01652_N.jpg,51.5,50.2,1.3,False
trig_lane,east_to_west,n01653,trig_lane/east_to_west/001_n01653_W.jpg,0.0,0.0,0.0,False
trig_lane,east_to_west,n01654,trig_lane/east_to_west/002_n01654_W.jpg,0.0,0.0,0.0,False
trig_lane,west_to_east,n01653,trig_lane/east_to_west/001_n01653_W.jpg,0.0,0.0,0.0,True
trig_lane,west_to_east,n01654,trig_lane/east_to_west/002_n01654_W.jpg,0.0,0.0,0.0,True
trump_street,east_to_west,n01655,trump_street/east_to_west/001_n01655_W.jpg,273.5,277.3,3.8,False
trump_street,east_to_west,n01656,trump_street/east_to_west/002_n01656_W.jpg,273.5,274.2,0.7,False
trump_street,east_to_west,n01657,trump_street/east_to_west/003_n01657_W.jpg,273.5,268.8,4.7,False
trump_street,east_to_west,n01658,trump_street/east_to_west/004_n01658_W.jpg,273.5,268.8,4.7,False
trump_street,west_to_east,n01658,trump_street/west_to_east/001_n01658_E.jpg,93.5,88.8,4.7,False
trump_street,west_to_east,n01657,trump_street/west_to_east/002_n01657_E.jpg,93.5,94.2,0.7,False
trump_street,west_to_east,n01656,trump_street/west_to_east/003_n01656_E.jpg,93.5,97.3,3.8,False
trump_street,west_to_east,n01655,trump_street/west_to_east/004_n01655_E.jpg,93.5,97.3,3.8,False
undershaft,east_to_west,n01666,undershaft/east_to_west/001_n01666_W.jpg,284.4,282.8,1.6,False
undershaft,east_to_west,n01665,undershaft/east_to_west/002_n01665_W.jpg,284.4,268.1,16.3,False
undershaft,east_to_west,n01664,undershaft/east_to_west/003_n01664_W.jpg,242.7,268.5,25.8,False
undershaft,east_to_west,n01663,undershaft/east_to_west/004_n01663_W.jpg,242.7,226.0,16.7,False
undershaft,east_to_west,n01662,undershaft/east_to_west/005_n01662_W.jpg,227.5,234.6,7.1,False
undershaft,east_to_west,n01661,undershaft/east_to_west/006_n01661_W.jpg,242.7,221.8,20.9,False
undershaft,east_to_west,n01660,undershaft/east_to_west/007_n01660_W.jpg,223.4,205.4,18.0,False
undershaft,east_to_west,n01659,undershaft/east_to_west/008_n01659_W.jpg,207.2,205.4,1.8,False
undershaft,west_to_east,n01659,undershaft/west_to_east/001_n01659_E.jpg,27.2,25.4,1.8,False
undershaft,west_to_east,n01660,undershaft/west_to_east/002_n01660_E.jpg,43.4,41.8,1.6,False
undershaft,west_to_east,n01661,undershaft/west_to_east/003_n01661_E.jpg,62.7,54.6,8.1,False
undershaft,west_to_east,n01662,undershaft/west_to_east/004_n01662_E.jpg,47.5,46.0,1.5,False
undershaft,west_to_east,n01663,undershaft/west_to_east/005_n01663_E.jpg,62.7,88.5,25.8,False
undershaft,west_to_east,n01664,undershaft/west_to_east/006_n01664_E.jpg,62.7,88.1,25.4,False
undershaft,west_to_east,n01665,undershaft/west_to_east/007_n01665_E.jpg,104.4,102.8,1.6,False
undershaft,west_to_east,n01666,undershaft/west_to_east/008_n01666_E.jpg,104.4,102.8,1.6,False
upper_thames_street,east_to_west,n01667,upper_thames_street/east_to_west/001_n01667_W.jpg,284.0,280.7,3.3,False
upper_thames_street,east_to_west,n01668,upper_thames_street/east_to_west/002_n01668_W.jpg,284.0,282.3,1.7,False
upper_thames_street,east_to_west,n01672,upper_thames_street/east_to_west/003_n01672_W.jpg,284.0,284.4,0.4,False
upper_thames_street,east_to_west,n01673,upper_thames_street/east_to_west/004_n01673_W.jpg,261.4,259.8,1.6,False
upper_thames_street,east_to_west,n01677,upper_thames_street/east_to_west/005_n01677_W.jpg,284.0,279.3,4.7,False
upper_thames_street,east_to_west,n01678,upper_thames_street/east_to_west/006_n01678_W.jpg,284.0,259.8,24.3,False
upper_thames_street,east_to_west,n01682,upper_thames_street/east_to_west/007_n01682_W.jpg,284.0,283.3,0.8,False
upper_thames_street,east_to_west,n01669,upper_thames_street/east_to_west/008_n01669_W.jpg,305.2,303.9,1.3,False
upper_thames_street,east_to_west,n01686,upper_thames_street/east_to_west/009_n01686_W.jpg,284.0,283.2,0.9,False
upper_thames_street,east_to_west,n01690,upper_thames_street/east_to_west/010_n01690_W.jpg,284.0,292.6,8.6,False
upper_thames_street,east_to_west,n01674,upper_thames_street/east_to_west/011_n01674_W.jpg,284.0,290.7,6.7,False
upper_thames_street,east_to_west,n01679,upper_thames_street/east_to_west/012_n01679_W.jpg,284.0,293.6,9.6,False
upper_thames_street,east_to_west,n01694,upper_thames_street/east_to_west/013_n01694_W.jpg,284.0,291.4,7.3,False
upper_thames_street,east_to_west,n01697,upper_thames_street/east_to_west/014_n01697_W.jpg,284.0,292.7,8.7,False
upper_thames_street,east_to_west,n01683,upper_thames_street/east_to_west/015_n01683_W.jpg,284.0,293.8,9.8,False
upper_thames_street,east_to_west,n01700,upper_thames_street/east_to_west/016_n01700_W.jpg,284.0,293.0,9.0,False
upper_thames_street,east_to_west,n01687,upper_thames_street/east_to_west/017_n01687_W.jpg,284.0,296.0,11.9,False
upper_thames_street,east_to_west,n01703,upper_thames_street/east_to_west/018_n01703_W.jpg,284.0,292.5,8.5,False
upper_thames_street,east_to_west,n01691,upper_thames_street/east_to_west/019_n01691_W.jpg,284.0,296.0,11.9,False
upper_thames_street,east_to_west,n01706,upper_thames_street/east_to_west/020_n01706_W.jpg,284.0,289.9,5.8,False
upper_thames_street,east_to_west,n01709,upper_thames_street/east_to_west/021_n01709_W.jpg,284.0,289.9,5.8,False
upper_thames_street,east_to_west,n01670,upper_thames_street/east_to_west/022_n01670_W.jpg,284.0,234.6,49.5,False
upper_thames_street,east_to_west,n01671,upper_thames_street/east_to_west/023_n01671_W.jpg,284.0,308.5,24.4,False
upper_thames_street,east_to_west,n01675,upper_thames_street/east_to_west/024_n01675_W.jpg,284.0,223.9,60.1,False
upper_thames_street,east_to_west,n01676,upper_thames_street/east_to_west/025_n01676_W.jpg,284.0,310.7,26.7,False
upper_thames_street,east_to_west,n01680,upper_thames_street/east_to_west/026_n01680_W.jpg,284.0,228.1,56.0,False
upper_thames_street,east_to_west,n01681,upper_thames_street/east_to_west/027_n01681_W.jpg,284.0,311.0,27.0,False
upper_thames_street,east_to_west,n01684,upper_thames_street/east_to_west/028_n01684_W.jpg,284.0,226.1,57.9,False
upper_thames_street,east_to_west,n01685,upper_thames_street/east_to_west/029_n01685_W.jpg,284.0,309.6,25.5,False
upper_thames_street,east_to_west,n01688,upper_thames_street/east_to_west/030_n01688_W.jpg,284.0,222.7,61.3,False
upper_thames_street,east_to_west,n01689,upper_thames_street/east_to_west/031_n01689_W.jpg,284.0,310.7,26.7,False
upper_thames_street,east_to_west,n01692,upper_thames_street/east_to_west/032_n01692_W.jpg,284.0,233.9,50.1,False
upper_thames_street,east_to_west,n01693,upper_thames_street/east_to_west/033_n01693_W.jpg,284.0,313.6,29.6,False
upper_thames_street,east_to_west,n01695,upper_thames_street/east_to_west/034_n01695_W.jpg,284.0,235.5,48.5,False
upper_thames_street,east_to_west,n01696,upper_thames_street/east_to_west/035_n01696_W.jpg,284.0,310.6,26.6,False
upper_thames_street,east_to_west,n01698,upper_thames_street/east_to_west/036_n01698_W.jpg,284.0,233.6,50.4,False
upper_thames_street,east_to_west,n01699,upper_thames_street/east_to_west/037_n01699_W.jpg,284.0,279.9,4.1,False
upper_thames_street,east_to_west,n01702,upper_thames_street/east_to_west/038_n01702_W.jpg,284.0,343.0,58.9,False
upper_thames_street,east_to_west,n01701,upper_thames_street/east_to_west/039_n01701_W.jpg,284.0,255.1,29.0,False
upper_thames_street,east_to_west,n01705,upper_thames_street/east_to_west/040_n01705_W.jpg,284.0,346.1,62.0,False
upper_thames_street,east_to_west,n01704,upper_thames_street/east_to_west/041_n01704_W.jpg,284.0,283.9,0.1,False
upper_thames_street,east_to_west,n01707,upper_thames_street/east_to_west/042_n01707_W.jpg,284.0,210.9,73.2,False
upper_thames_street,east_to_west,n01708,upper_thames_street/east_to_west/043_n01708_W.jpg,284.0,312.6,28.6,False
upper_thames_street,east_to_west,n01710,upper_thames_street/east_to_west/044_n01710_W.jpg,284.0,216.3,67.7,False
upper_thames_street,east_to_west,n01711,upper_thames_street/east_to_west/045_n01711_W.jpg,284.0,311.9,27.9,False
upper_thames_street,east_to_west,n01712,upper_thames_street/east_to_west/046_n01712_W.jpg,284.0,216.2,67.8,False
upper_thames_street,east_to_west,n01713,upper_thames_street/east_to_west/047_n01713_W.jpg,284.0,313.2,29.2,False
upper_thames_street,east_to_west,n01714,upper_thames_street/east_to_west/048_n01714_W.jpg,284.0,218.0,66.0,False
upper_thames_street,east_to_west,n01715,upper_thames_street/east_to_west/049_n01715_W.jpg,284.0,309.7,25.7,False
upper_thames_street,east_to_west,n01716,upper_thames_street/east_to_west/050_n01716_W.jpg,284.0,209.3,74.7,False
upper_thames_street,east_to_west,n01717,upper_thames_street/east_to_west/051_n01717_W.jpg,284.0,282.9,1.1,False
upper_thames_street,east_to_west,n01719,upper_thames_street/east_to_west/052_n01719_W.jpg,284.0,5.6,81.6,False
upper_thames_street,east_to_west,n01718,upper_thames_street/east_to_west/053_n01718_W.jpg,284.0,242.4,41.6,False
upper_thames_street,east_to_west,n01721,upper_thames_street/east_to_west/054_n01721_W.jpg,284.0,338.9,54.9,False
upper_thames_street,east_to_west,n01720,upper_thames_street/east_to_west/055_n01720_W.jpg,284.0,244.7,39.4,False
upper_thames_street,east_to_west,n01723,upper_thames_street/east_to_west/056_n01723_W.jpg,284.0,337.0,53.0,False
upper_thames_street,east_to_west,n01722,upper_thames_street/east_to_west/057_n01722_W.jpg,284.0,245.6,38.4,False
upper_thames_street,east_to_west,n01725,upper_thames_street/east_to_west/058_n01725_W.jpg,284.0,322.8,38.8,False
upper_thames_street,east_to_west,n01724,upper_thames_street/east_to_west/059_n01724_W.jpg,258.4,256.7,1.7,False
upper_thames_street,east_to_west,n01726,upper_thames_street/east_to_west/060_n01726_W.jpg,284.0,0.0,76.0,False
upper_thames_street,east_to_west,n01727,upper_thames_street/east_to_west/061_n01727_W.jpg,284.0,289.1,5.1,False
upper_thames_street,east_to_west,n01728,upper_thames_street/east_to_west/062_n01728_W.jpg,284.0,217.9,66.1,False
upper_thames_street,east_to_west,n01729,upper_thames_street/east_to_west/063_n01729_W.jpg,263.4,217.9,45.5,False
upper_thames_street,west_to_east,n01729,upper_thames_street/west_to_east/001_n01729_E.jpg,83.4,37.9,45.5,False
upper_thames_street,west_to_east,n01728,upper_thames_street/west_to_east/002_n01728_E.jpg,104.0,109.1,5.1,False
upper_thames_street,west_to_east,n01726,upper_thames_street/east_to_west/060_n01726_W.jpg,284.0,0.0,76.0,True
upper_thames_street,west_to_east,n01727,upper_thames_street/west_to_east/004_n01727_E.jpg,104.0,76.7,27.3,False
upper_thames_street,west_to_east,n01724,upper_thames_street/west_to_east/005_n01724_E.jpg,78.4,142.8,64.4,False
upper_thames_street,west_to_east,n01725,upper_thames_street/west_to_east/006_n01725_E.jpg,104.0,65.6,38.4,False
upper_thames_street,west_to_east,n01722,upper_thames_street/west_to_east/007_n01722_E.jpg,104.0,157.0,53.0,False
upper_thames_street,west_to_east,n01723,upper_thames_street/west_to_east/008_n01723_E.jpg,104.0,64.7,39.4,False
upper_thames_street,west_to_east,n01720,upper_thames_street/west_to_east/009_n01720_E.jpg,104.0,158.9,54.9,False
upper_thames_street,west_to_east,n01721,upper_thames_street/west_to_east/010_n01721_E.jpg,104.0,84.9,19.1,False
upper_thames_street,west_to_east,n01718,upper_thames_street/west_to_east/011_n01718_E.jpg,104.0,92.3,11.7,False
upper_thames_street,west_to_east,n01719,upper_thames_street/east_to_west/052_n01719_W.jpg,284.0,5.6,81.6,True
upper_thames_street,west_to_east,n01717,upper_thames_street/west_to_east/013_n01717_E.jpg,104.0,75.8,28.2,False
upper_thames_street,west_to_east,n01716,upper_thames_street/east_to_west/050_n01716_W.jpg,284.0,209.3,74.7,True
upper_thames_street,west_to_east,n01715,upper_thames_street/west_to_east/015_n01715_E.jpg,104.0,78.1,25.9,False
upper_thames_street,west_to_east,n01714,upper_thames_street/east_to_west/048_n01714_W.jpg,284.0,218.0,66.0,True
upper_thames_street,west_to_east,n01713,upper_thames_street/west_to_east/017_n01713_E.jpg,104.0,79.0,25.0,False
upper_thames_street,west_to_east,n01712,upper_thames_street/east_to_west/046_n01712_W.jpg,284.0,216.2,67.8,True
upper_thames_street,west_to_east,n01711,upper_thames_street/west_to_east/019_n01711_E.jpg,104.0,80.5,23.6,False
upper_thames_street,west_to_east,n01710,upper_thames_street/east_to_west/044_n01710_W.jpg,284.0,216.3,67.7,True
upper_thames_street,west_to_east,n01708,upper_thames_street/west_to_east/021_n01708_E.jpg,104.0,100.2,3.9,False
upper_thames_street,west_to_east,n01707,upper_thames_street/east_to_west/042_n01707_W.jpg,284.0,210.9,73.2,True
upper_thames_street,west_to_east,n01704,upper_thames_street/west_to_east/023_n01704_E.jpg,104.0,116.0,12.0,False
upper_thames_street,west_to_east,n01705,upper_thames_street/east_to_west/040_n01705_W.jpg,284.0,346.1,62.0,True
upper_thames_street,west_to_east,n01701,upper_thames_street/west_to_east/025_n01701_E.jpg,104.0,102.8,1.3,False
upper_thames_street,west_to_east,n01702,upper_thames_street/east_to_west/038_n01702_W.jpg,284.0,343.0,58.9,True
upper_thames_street,west_to_east,n01699,upper_thames_street/west_to_east/027_n01699_E.jpg,104.0,89.9,14.2,False
upper_thames_street,west_to_east,n01698,upper_thames_street/east_to_west/036_n01698_W.jpg,284.0,233.6,50.4,True
upper_thames_street,west_to_east,n01696,upper_thames_street/west_to_east/029_n01696_E.jpg,104.0,89.5,14.6,False
upper_thames_street,west_to_east,n01695,upper_thames_street/east_to_west/034_n01695_W.jpg,284.0,235.5,48.5,True
upper_thames_street,west_to_east,n01693,upper_thames_street/west_to_east/031_n01693_E.jpg,104.0,87.7,16.3,False
upper_thames_street,west_to_east,n01692,upper_thames_street/east_to_west/032_n01692_W.jpg,284.0,233.9,50.1,True
upper_thames_street,west_to_east,n01689,upper_thames_street/west_to_east/033_n01689_E.jpg,104.0,107.0,3.0,False
upper_thames_street,west_to_east,n01688,upper_thames_street/east_to_west/030_n01688_W.jpg,284.0,222.7,61.3,True
upper_thames_street,west_to_east,n01685,upper_thames_street/west_to_east/035_n01685_E.jpg,104.0,46.1,57.9,False
upper_thames_street,west_to_east,n01684,upper_thames_street/west_to_east/036_n01684_E.jpg,104.0,131.0,27.0,False
upper_thames_street,west_to_east,n01681,upper_thames_street/west_to_east/037_n01681_E.jpg,104.0,48.1,56.0,False
upper_thames_street,west_to_east,n01680,upper_thames_street/west_to_east/038_n01680_E.jpg,104.0,130.7,26.7,False
upper_thames_street,west_to_east,n01676,upper_thames_street/west_to_east/039_n01676_E.jpg,104.0,43.9,60.1,False
upper_thames_street,west_to_east,n01675,upper_thames_street/west_to_east/040_n01675_E.jpg,104.0,103.7,0.3,False
upper_thames_street,west_to_east,n01671,upper_thames_street/east_to_west/023_n01671_W.jpg,284.0,234.6,49.5,True
upper_thames_street,west_to_east,n01670,upper_thames_street/east_to_west/022_n01670_W.jpg,284.0,234.6,49.5,True
upper_thames_street,west_to_east,n01709,upper_thames_street/west_to_east/043_n01709_E.jpg,104.0,109.9,5.8,False
upper_thames_street,west_to_east,n01706,upper_thames_street/west_to_east/044_n01706_E.jpg,104.0,112.5,8.5,False
upper_thames_street,west_to_east,n01691,upper_thames_street/west_to_east/045_n01691_E.jpg,104.0,116.0,11.9,False
upper_thames_street,west_to_east,n01703,upper_thames_street/west_to_east/046_n01703_E.jpg,104.0,113.0,9.0,False
upper_thames_street,west_to_east,n01687,upper_thames_street/west_to_east/047_n01687_E.jpg,104.0,113.8,9.8,False
upper_thames_street,west_to_east,n01700,upper_thames_street/west_to_east/048_n01700_E.jpg,104.0,112.7,8.7,False
upper_thames_street,west_to_east,n01683,upper_thames_street/west_to_east/049_n01683_E.jpg,104.0,113.6,9.6,False
upper_thames_street,west_to_east,n01697,upper_thames_street/west_to_east/050_n01697_E.jpg,104.0,111.4,7.3,False
upper_thames_street,west_to_east,n01694,upper_thames_street/west_to_east/051_n01694_E.jpg,104.0,112.6,8.6,False
upper_thames_street,west_to_east,n01679,upper_thames_street/west_to_east/052_n01679_E.jpg,104.0,110.7,6.7,False
upper_thames_street,west_to_east,n01674,upper_thames_street/west_to_east/053_n01674_E.jpg,104.0,123.9,19.8,False
upper_thames_street,west_to_east,n01690,upper_thames_street/west_to_east/054_n01690_E.jpg,104.0,103.2,0.9,False
upper_thames_street,west_to_east,n01669,upper_thames_street/west_to_east/055_n01669_E.jpg,125.2,123.9,1.3,False
upper_thames_street,west_to_east,n01686,upper_thames_street/west_to_east/056_n01686_E.jpg,104.0,103.3,0.8,False
upper_thames_street,west_to_east,n01682,upper_thames_street/west_to_east/057_n01682_E.jpg,104.0,99.3,4.7,False
upper_thames_street,west_to_east,n01677,upper_thames_street/west_to_east/058_n01677_E.jpg,104.0,104.4,0.4,False
upper_thames_street,west_to_east,n01678,upper_thames_street/west_to_east/059_n01678_E.jpg,104.0,79.8,24.3,False
upper_thames_street,west_to_east,n01673,upper_thames_street/west_to_east/060_n01673_E.jpg,81.4,102.3,20.9,False
upper_thames_street,west_to_east,n01672,upper_thames_street/west_to_east/061_n01672_E.jpg,104.0,100.7,3.3,False
upper_thames_street,west_to_east,n01668,upper_thames_street/west_to_east/062_n01668_E.jpg,104.0,102.3,1.7,False
upper_thames_street,west_to_east,n01667,upper_thames_street/west_to_east/063_n01667_E.jpg,104.0,100.7,3.3,False
walbrook,north_to_south,n01739,walbrook/north_to_south/001_n01739_S.jpg,200.4,197.0,3.3,False
walbrook,north_to_south,n01738,walbrook/north_to_south/002_n01738_S.jpg,200.4,251.7,51.4,False
walbrook,north_to_south,n01737,walbrook/north_to_south/003_n01737_S.jpg,253.3,197.6,55.7,False
walbrook,north_to_south,n01736,walbrook/north_to_south/004_n01736_S.jpg,200.4,199.8,0.6,False
walbrook,north_to_south,n01735,walbrook/north_to_south/005_n01735_S.jpg,200.4,198.1,2.3,False
walbrook,north_to_south,n01734,walbrook/north_to_south/006_n01734_S.jpg,200.4,199.1,1.2,False
walbrook,north_to_south,n01733,walbrook/north_to_south/007_n01733_S.jpg,200.4,198.2,2.1,False
walbrook,north_to_south,n01732,walbrook/north_to_south/008_n01732_S.jpg,200.4,197.1,3.2,False
walbrook,north_to_south,n01731,walbrook/north_to_south/009_n01731_S.jpg,200.4,187.3,13.0,False
walbrook,north_to_south,n01730,walbrook/north_to_south/010_n01730_S.jpg,200.4,187.3,13.0,False
walbrook,south_to_north,n01730,walbrook/south_to_north/001_n01730_N.jpg,20.4,7.3,13.0,False
walbrook,south_to_north,n01731,walbrook/south_to_north/002_n01731_N.jpg,20.4,17.1,3.2,False
walbrook,south_to_north,n01732,walbrook/south_to_north/003_n01732_N.jpg,20.4,18.2,2.1,False
walbrook,south_to_north,n01733,walbrook/south_to_north/004_n01733_N.jpg,20.4,19.1,1.2,False
walbrook,south_to_north,n01734,walbrook/south_to_north/005_n01734_N.jpg,20.4,18.1,2.3,False
walbrook,south_to_north,n01735,walbrook/south_to_north/006_n01735_N.jpg,20.4,19.8,0.6,False
walbrook,south_to_north,n01736,walbrook/south_to_north/007_n01736_N.jpg,20.4,17.6,2.7,False
walbrook,south_to_north,n01737,walbrook/south_to_north/008_n01737_N.jpg,73.3,71.7,1.6,False
walbrook,south_to_north,n01738,walbrook/south_to_north/009_n01738_N.jpg,20.4,17.0,3.3,False
walbrook,south_to_north,n01739,walbrook/south_to_north/010_n01739_N.jpg,20.4,17.0,3.3,False
walbrook_wharf,east_to_west,n01740,walbrook_wharf/east_to_west/001_n01740_W.jpg,301.2,303.7,2.6,False
walbrook_wharf,east_to_west,n01741,walbrook_wharf/east_to_west/002_n01741_W.jpg,301.2,297.6,3.6,False
walbrook_wharf,east_to_west,n01742,walbrook_wharf/east_to_west/003_n01742_W.jpg,301.2,297.6,3.6,False
walbrook_wharf,west_to_east,n01742,walbrook_wharf/west_to_east/001_n01742_E.jpg,121.2,117.6,3.6,False
walbrook_wharf,west_to_east,n01741,walbrook_wharf/west_to_east/002_n01741_E.jpg,121.2,123.7,2.6,False
walbrook_wharf,west_to_east,n01740,walbrook_wharf/west_to_east/003_n01740_E.jpg,121.2,123.7,2.6,False
water_lane,north_to_south,n01745,water_lane/north_to_south/001_n01745_S.jpg,193.5,201.0,7.4,False
water_lane,north_to_south,n01744,water_lane/north_to_south/002_n01744_S.jpg,193.5,186.1,7.4,False
water_lane,north_to_south,n01743,water_lane/north_to_south/003_n01743_S.jpg,193.5,186.1,7.4,False
water_lane,south_to_north,n01743,water_lane/south_to_north/001_n01743_N.jpg,13.5,6.1,7.4,False
water_lane,south_to_north,n01744,water_lane/south_to_north/002_n01744_N.jpg,13.5,21.0,7.4,False
water_lane,south_to_north,n01745,water_lane/south_to_north/003_n01745_N.jpg,13.5,21.0,7.4,False
watling_court,north_to_south,n01748,watling_court/north_to_south/001_n01748_S.jpg,178.6,186.4,7.9,False
watling_court,north_to_south,n01747,watling_court/north_to_south/002_n01747_S.jpg,178.6,158.3,20.3,False
watling_court,north_to_south,n01746,watling_court/north_to_south/003_n01746_S.jpg,159.3,158.3,1.0,False
watling_court,south_to_north,n01746,watling_court/south_to_north/001_n01746_N.jpg,339.3,338.3,1.0,False
watling_court,south_to_north,n01747,watling_court/south_to_north/002_n01747_N.jpg,358.6,6.4,7.9,False
watling_court,south_to_north,n01748,watling_court/south_to_north/003_n01748_N.jpg,358.6,6.4,7.9,False
watling_street,east_to_west,n01749,watling_street/east_to_west/001_n01749_W.jpg,284.4,281.2,3.1,False
watling_street,east_to_west,n01750,watling_street/east_to_west/002_n01750_W.jpg,284.4,293.4,9.0,False
watling_street,east_to_west,n01751,watling_street/east_to_west/003_n01751_W.jpg,284.4,292.1,7.7,False
watling_street,east_to_west,n01752,watling_street/east_to_west/004_n01752_W.jpg,284.4,290.3,6.0,False
watling_street,east_to_west,n01753,watling_street/east_to_west/005_n01753_W.jpg,284.4,281.9,2.4,False
watling_street,east_to_west,n01754,watling_street/east_to_west/006_n01754_W.jpg,284.4,286.9,2.5,False
watling_street,east_to_west,n01755,watling_street/east_to_west/007_n01755_W.jpg,284.4,283.6,0.7,False
watling_street,east_to_west,n01756,watling_street/east_to_west/008_n01756_W.jpg,284.4,282.1,2.2,False
watling_street,east_to_west,n01757,watling_street/east_to_west/009_n01757_W.jpg,284.4,280.7,3.7,False
watling_street,east_to_west,n01758,watling_street/east_to_west/010_n01758_W.jpg,284.4,282.6,1.7,False
watling_street,east_to_west,n01759,watling_street/east_to_west/011_n01759_W.jpg,284.4,281.7,2.7,False
watling_street,east_to_west,n01760,watling_street/east_to_west/012_n01760_W.jpg,284.4,278.2,6.2,False
watling_street,east_to_west,n01761,watling_street/east_to_west/013_n01761_W.jpg,284.4,278.2,6.2,False
watling_street,east_to_west,n01762,watling_street/east_to_west/014_n01762_W.jpg,284.4,278.2,6.2,False
watling_street,west_to_east,n01762,watling_street/west_to_east/001_n01762_E.jpg,104.4,98.2,6.2,False
watling_street,west_to_east,n01761,watling_street/west_to_east/002_n01761_E.jpg,104.4,98.2,6.2,False
watling_street,west_to_east,n01760,watling_street/west_to_east/003_n01760_E.jpg,104.4,101.7,2.7,False
watling_street,west_to_east,n01759,watling_street/west_to_east/004_n01759_E.jpg,104.4,102.6,1.7,False
watling_street,west_to_east,n01758,watling_street/west_to_east/005_n01758_E.jpg,104.4,100.7,3.7,False
watling_street,west_to_east,n01757,watling_street/west_to_east/006_n01757_E.jpg,104.4,102.1,2.2,False
watling_street,west_to_east,n01756,watling_street/west_to_east/007_n01756_E.jpg,104.4,103.6,0.7,False
watling_street,west_to_east,n01755,watling_street/west_to_east/008_n01755_E.jpg,104.4,106.9,2.5,False
watling_street,west_to_east,n01754,watling_street/west_to_east/009_n01754_E.jpg,104.4,101.9,2.4,False
watling_street,west_to_east,n01753,watling_street/west_to_east/010_n01753_E.jpg,104.4,110.3,6.0,False
watling_street,west_to_east,n01752,watling_street/west_to_east/011_n01752_E.jpg,104.4,112.1,7.7,False
watling_street,west_to_east,n01751,watling_street/west_to_east/012_n01751_E.jpg,104.4,113.4,9.0,False
watling_street,west_to_east,n01750,watling_street/west_to_east/013_n01750_E.jpg,104.4,101.2,3.1,False
watling_street,west_to_east,n01749,watling_street/west_to_east/014_n01749_E.jpg,104.4,101.2,3.1,False
well_court,east_to_west,n01764,well_court/east_to_west/001_n01764_W.jpg,265.3,265.3,0.0,False
well_court,east_to_west,n01763,well_court/east_to_west/002_n01763_W.jpg,265.3,265.3,0.0,False
well_court,west_to_east,n01763,well_court/west_to_east/001_n01763_E.jpg,85.3,85.3,0.0,False
well_court,west_to_east,n01764,well_court/west_to_east/002_n01764_E.jpg,85.3,85.3,0.0,False
whalebone_court,north_to_south,n01766,whalebone_court/north_to_south/001_n01766_S.jpg,181.9,181.9,0.0,False
whalebone_court,north_to_south,n01765,whalebone_court/north_to_south/002_n01765_S.jpg,181.9,181.9,0.0,False
whalebone_court,south_to_north,n01765,whalebone_court/south_to_north/001_n01765_N.jpg,1.9,1.9,0.0,False
whalebone_court,south_to_north,n01766,whalebone_court/south_to_north/002_n01766_N.jpg,1.9,1.9,0.0,False
whittington_avenue,north_to_south,n01770,whittington_avenue/north_to_south/001_n01770_S.jpg,183.3,180.4,2.9,False
whittington_avenue,north_to_south,n01769,whittington_avenue/north_to_south/002_n01769_S.jpg,183.3,187.2,4.0,False
whittington_avenue,north_to_south,n01768,whittington_avenue/north_to_south/003_n01768_S.jpg,183.3,182.9,0.4,False
whittington_avenue,north_to_south,n01767,whittington_avenue/north_to_south/004_n01767_S.jpg,183.3,182.9,0.4,False
whittington_avenue,south_to_north,n01767,whittington_avenue/south_to_north/001_n01767_N.jpg,3.3,2.9,0.4,False
whittington_avenue,south_to_north,n01768,whittington_avenue/south_to_north/002_n01768_N.jpg,3.3,7.2,4.0,False
whittington_avenue,south_to_north,n01769,whittington_avenue/south_to_north/003_n01769_N.jpg,3.3,0.4,2.9,False
whittington_avenue,south_to_north,n01770,whittington_avenue/south_to_north/004_n01770_N.jpg,3.3,0.4,2.9,False
wood_street,north_to_south,n01785,wood_street/north_to_south/001_n01785_S.jpg,192.2,199.5,7.3,False
wood_street,north_to_south,n01782,wood_street/north_to_south/002_n01782_S.jpg,192.2,195.8,3.7,False
wood_street,north_to_south,n01778,wood_street/north_to_south/003_n01778_S.jpg,192.2,197.4,5.2,False
wood_street,north_to_south,n01774,wood_street/north_to_south/004_n01774_S.jpg,192.2,197.4,5.2,False
wood_street,north_to_south,n01781,wood_street/north_to_south/005_n01781_S.jpg,192.2,180.7,11.5,False
wood_street,north_to_south,n01777,wood_street/north_to_south/006_n01777_S.jpg,192.2,189.4,2.8,False
wood_street,north_to_south,n01773,wood_street/north_to_south/007_n01773_S.jpg,192.2,189.4,2.8,False
wood_street,north_to_south,n01786,wood_street/north_to_south/008_n01786_S.jpg,192.2,196.3,4.1,False
wood_street,north_to_south,n01783,wood_street/north_to_south/009_n01783_S.jpg,192.2,197.1,5.0,False
wood_street,north_to_south,n01779,wood_street/north_to_south/010_n01779_S.jpg,192.2,197.3,5.1,False
wood_street,north_to_south,n01775,wood_street/north_to_south/011_n01775_S.jpg,192.2,192.7,0.6,False
wood_street,north_to_south,n01771,wood_street/north_to_south/012_n01771_S.jpg,192.2,192.7,0.6,False
wood_street,north_to_south,n01791,wood_street/north_to_south/013_n01791_S.jpg,192.2,186.4,5.7,False
wood_street,north_to_south,n01790,wood_street/north_to_south/014_n01790_S.jpg,192.2,186.4,5.8,False
wood_street,north_to_south,n01789,wood_street/north_to_south/015_n01789_S.jpg,192.2,186.3,5.9,False
wood_street,north_to_south,n01788,wood_street/north_to_south/016_n01788_S.jpg,192.2,184.9,7.3,False
wood_street,north_to_south,n01787,wood_street/north_to_south/017_n01787_S.jpg,192.2,180.9,11.2,False
wood_street,north_to_south,n01784,wood_street/north_to_south/018_n01784_S.jpg,192.2,183.1,9.1,False
wood_street,north_to_south,n01780,wood_street/north_to_south/019_n01780_S.jpg,192.2,187.4,4.8,False
wood_street,north_to_south,n01776,wood_street/north_to_south/020_n01776_S.jpg,192.2,197.6,5.4,False
wood_street,north_to_south,n01772,wood_street/north_to_south/021_n01772_S.jpg,192.2,197.6,5.4,False
wood_street,south_to_north,n01772,wood_street/south_to_north/001_n01772_N.jpg,12.2,17.6,5.4,False
wood_street,south_to_north,n01776,wood_street/south_to_north/002_n01776_N.jpg,12.2,7.4,4.8,False
wood_street,south_to_north,n01780,wood_street/south_to_north/003_n01780_N.jpg,12.2,3.1,9.1,False
wood_street,south_to_north,n01784,wood_street/south_to_north/004_n01784_N.jpg,12.2,0.9,11.2,False
wood_street,south_to_north,n01787,wood_street/south_to_north/005_n01787_N.jpg,12.2,4.9,7.3,False
wood_street,south_to_north,n01788,wood_street/south_to_north/006_n01788_N.jpg,12.2,6.3,5.9,False
wood_street,south_to_north,n01789,wood_street/south_to_north/007_n01789_N.jpg,12.2,6.4,5.8,False
wood_street,south_to_north,n01790,wood_street/south_to_north/008_n01790_N.jpg,12.2,6.4,5.7,False
wood_street,south_to_north,n01791,wood_street/south_to_north/009_n01791_N.jpg,12.2,6.4,5.7,False
wood_street,south_to_north,n01771,wood_street/south_to_north/010_n01771_N.jpg,12.2,12.7,0.6,False
wood_street,south_to_north,n01775,wood_street/south_to_north/011_n01775_N.jpg,12.2,17.3,5.1,False
wood_street,south_to_north,n01779,wood_street/south_to_north/012_n01779_N.jpg,12.2,17.1,5.0,False
wood_street,south_to_north,n01783,wood_street/south_to_north/013_n01783_N.jpg,12.2,16.3,4.1,False
wood_street,south_to_north,n01786,wood_street/south_to_north/014_n01786_N.jpg,12.2,16.3,4.1,False
wood_street,south_to_north,n01773,wood_street/south_to_north/015_n01773_N.jpg,12.2,9.4,2.8,False
wood_street,south_to_north,n01777,wood_street/south_to_north/016_n01777_N.jpg,12.2,0.7,11.5,False
wood_street,south_to_north,n01781,wood_street/south_to_north/017_n01781_N.jpg,12.2,0.7,11.5,False
wood_street,south_to_north,n01774,wood_street/south_to_north/018_n01774_N.jpg,12.2,17.4,5.2,False
wood_street,south_to_north,n01778,wood_street/south_to_north/019_n01778_N.jpg,12.2,15.8,3.7,False
wood_street,south_to_north,n01782,wood_street/south_to_north/020_n01782_N.jpg,12.2,19.5,7.3,False
wood_street,south_to_north,n01785,wood_street/south_to_north/021_n01785_N.jpg,12.2,19.5,7.3,False
wormwood_street,east_to_west,n01792,wormwood_street/east_to_west/001_n01792_W.jpg,279.6,208.7,70.9,False
wormwood_street,east_to_west,n01793,wormwood_street/east_to_west/002_n01793_W.jpg,279.6,308.9,29.2,False
wormwood_street,east_to_west,n01794,wormwood_street/east_to_west/003_n01794_W.jpg,279.6,234.5,45.1,False
wormwood_street,east_to_west,n01795,wormwood_street/east_to_west/004_n01795_W.jpg,279.6,321.3,41.7,False
wormwood_street,east_to_west,n01796,wormwood_street/east_to_west/005_n01796_W.jpg,279.6,199.2,80.4,False
wormwood_street,east_to_west,n01797,wormwood_street/east_to_west/006_n01797_W.jpg,279.6,309.0,29.4,False
wormwood_street,east_to_west,n01798,wormwood_street/east_to_west/007_n01798_W.jpg,279.6,202.0,77.6,False
wormwood_street,east_to_west,n01799,wormwood_street/east_to_west/008_n01799_W.jpg,279.6,309.5,29.9,False
wormwood_street,east_to_west,n01800,wormwood_street/east_to_west/009_n01800_W.jpg,279.6,204.3,75.3,False
wormwood_street,east_to_west,n01801,wormwood_street/east_to_west/010_n01801_W.jpg,279.6,308.9,29.3,False
wormwood_street,east_to_west,n01802,wormwood_street/east_to_west/011_n01802_W.jpg,279.6,201.9,77.7,False
wormwood_street,east_to_west,n01803,wormwood_street/east_to_west/012_n01803_W.jpg,279.6,308.4,28.8,False
wormwood_street,east_to_west,n01804,wormwood_street/east_to_west/013_n01804_W.jpg,279.6,207.8,71.8,False
wormwood_street,east_to_west,n01805,wormwood_street/east_to_west/014_n01805_W.jpg,279.6,207.8,71.8,False
wormwood_street,west_to_east,n01805,wormwood_street/west_to_east/001_n01805_E.jpg,99.6,27.8,71.8,False
wormwood_street,west_to_east,n01804,wormwood_street/west_to_east/002_n01804_E.jpg,99.6,128.4,28.8,False
wormwood_street,west_to_east,n01803,wormwood_street/west_to_east/003_n01803_E.jpg,99.6,21.9,77.7,False
wormwood_street,west_to_east,n01802,wormwood_street/west_to_east/004_n01802_E.jpg,99.6,128.9,29.3,False
wormwood_street,west_to_east,n01801,wormwood_street/west_to_east/005_n01801_E.jpg,99.6,24.3,75.3,False
wormwood_street,west_to_east,n01800,wormwood_street/west_to_east/006_n01800_E.jpg,99.6,99.7,0.1,False
wormwood_street,west_to_east,n01799,wormwood_street/west_to_east/007_n01799_E.jpg,99.6,99.6,0.1,False
wormwood_street,west_to_east,n01798,wormwood_street/east_to_west/007_n01798_W.jpg,279.6,202.0,77.6,True
wormwood_street,west_to_east,n01797,wormwood_street/west_to_east/009_n01797_E.jpg,99.6,19.2,80.4,False
wormwood_street,west_to_east,n01796,wormwood_street/west_to_east/010_n01796_E.jpg,99.6,101.4,1.7,False
wormwood_street,west_to_east,n01795,wormwood_street/west_to_east/011_n01795_E.jpg,99.6,82.7,17.0,False
wormwood_street,west_to_east,n01794,wormwood_street/east_to_west/003_n01794_W.jpg,279.6,234.5,45.1,True
wormwood_street,west_to_east,n01793,wormwood_street/east_to_west/002_n01793_W.jpg,279.6,208.7,70.9,True
wormwood_street,west_to_east,n01792,wormwood_street/east_to_west/001_n01792_W.jpg,279.6,208.7,70.9,True
