file,street,walk,node_id,bearing,source,travel,offset_deg,facing
abchurch_lane/north_to_south/001_n00008_S.jpg,abchurch_lane,north_to_south,n00008,203.74,fitted axis,208.14,-4.4,forward
abchurch_lane/north_to_south/002_n00007_S.jpg,abchurch_lane,north_to_south,n00007,203.74,fitted axis,206.87,-3.1,forward
abchurch_lane/north_to_south/003_n00006_S.jpg,abchurch_lane,north_to_south,n00006,203.74,fitted axis,232.65,-28.9,forward
abchurch_lane/north_to_south/004_n00005_S.jpg,abchurch_lane,north_to_south,n00005,234.2,re-rendered,185.53,48.7,forward
abchurch_lane/north_to_south/005_n00004_S.jpg,abchurch_lane,north_to_south,n00004,187.0,re-rendered,206.67,-19.7,forward
abchurch_lane/north_to_south/006_n00003_S.jpg,abchurch_lane,north_to_south,n00003,203.74,fitted axis,204.51,-0.8,forward
abchurch_lane/north_to_south/007_n00002_S.jpg,abchurch_lane,north_to_south,n00002,203.74,fitted axis,202.9,0.8,forward
abchurch_lane/north_to_south/008_n00001_S.jpg,abchurch_lane,north_to_south,n00001,203.74,fitted axis,187.49,16.2,forward
abchurch_lane/north_to_south/009_n00000_S.jpg,abchurch_lane,north_to_south,n00000,189.0,re-rendered,187.49,1.5,forward
abchurch_lane/south_to_north/001_n00000_N.jpg,abchurch_lane,south_to_north,n00000,9.0,re-rendered,7.49,1.5,forward
abchurch_lane/south_to_north/002_n00001_N.jpg,abchurch_lane,south_to_north,n00001,23.74,fitted axis,22.9,0.8,forward
abchurch_lane/south_to_north/003_n00002_N.jpg,abchurch_lane,south_to_north,n00002,23.74,fitted axis,24.51,-0.8,forward
abchurch_lane/south_to_north/004_n00003_N.jpg,abchurch_lane,south_to_north,n00003,23.74,fitted axis,26.67,-2.9,forward
abchurch_lane/south_to_north/005_n00004_N.jpg,abchurch_lane,south_to_north,n00004,7.0,re-rendered,5.53,1.5,forward
abchurch_lane/south_to_north/006_n00005_N.jpg,abchurch_lane,south_to_north,n00005,54.2,re-rendered,52.65,1.6,forward
abchurch_lane/south_to_north/007_n00006_N.jpg,abchurch_lane,south_to_north,n00006,23.74,fitted axis,26.87,-3.1,forward
abchurch_lane/south_to_north/008_n00007_N.jpg,abchurch_lane,south_to_north,n00007,23.74,fitted axis,28.14,-4.4,forward
abchurch_lane/south_to_north/009_n00008_N.jpg,abchurch_lane,south_to_north,n00008,23.74,fitted axis,28.14,-4.4,forward
abchurch_yard/east_to_west/001_n00009_W.jpg,abchurch_yard,east_to_west,n00009,286.5,re-rendered,285.18,1.3,forward
abchurch_yard/east_to_west/002_n00010_W.jpg,abchurch_yard,east_to_west,n00010,314.48,fitted axis,8.28,-53.8,forward
abchurch_yard/east_to_west/003_n00011_W.jpg,abchurch_yard,east_to_west,n00011,189.9,re-rendered,8.28,-178.4,reverse
abchurch_yard/west_to_east/001_n00011_E.jpg,abchurch_yard,west_to_east,n00011,9.9,re-rendered,188.28,-178.4,reverse
abchurch_yard/west_to_east/002_n00010_E.jpg,abchurch_yard,west_to_east,n00010,134.48,fitted axis,105.18,29.3,forward
abchurch_yard/west_to_east/003_n00009_E.jpg,abchurch_yard,west_to_east,n00009,106.5,re-rendered,105.18,1.3,forward
adams_court/east_to_west/001_n00013_W.jpg,adams_court,east_to_west,n00013,320.2,re-rendered,319.05,1.2,forward
adams_court/east_to_west/002_n00015_W.jpg,adams_court,east_to_west,n00015,320.2,re-rendered,319.05,1.2,forward
adams_court/east_to_west/003_n00012_W.jpg,adams_court,east_to_west,n00012,252.9,re-rendered,251.27,1.6,forward
adams_court/east_to_west/004_n00014_W.jpg,adams_court,east_to_west,n00014,298.21,fitted axis,292.42,5.8,forward
adams_court/east_to_west/005_n00016_W.jpg,adams_court,east_to_west,n00016,298.21,fitted axis,292.42,5.8,forward
adams_court/west_to_east/001_n00016_E.jpg,adams_court,west_to_east,n00016,118.21,fitted axis,112.42,5.8,forward
adams_court/west_to_east/002_n00014_E.jpg,adams_court,west_to_east,n00014,118.21,fitted axis,71.27,46.9,forward
adams_court/west_to_east/003_n00012_E.jpg,adams_court,west_to_east,n00012,72.9,re-rendered,71.27,1.6,forward
adams_court/west_to_east/004_n00015_E.jpg,adams_court,west_to_east,n00015,140.2,re-rendered,139.05,1.2,forward
adams_court/west_to_east/005_n00013_E.jpg,adams_court,west_to_east,n00013,140.2,re-rendered,139.05,1.2,forward
alderman_s_walk/east_to_west/001_n00017_W.jpg,alderman_s_walk,east_to_west,n00017,285.08,fitted axis,284.03,1.1,forward
alderman_s_walk/east_to_west/002_n00018_W.jpg,alderman_s_walk,east_to_west,n00018,285.08,fitted axis,285.64,-0.6,forward
alderman_s_walk/east_to_west/003_n00019_W.jpg,alderman_s_walk,east_to_west,n00019,285.08,fitted axis,285.51,-0.4,forward
alderman_s_walk/east_to_west/004_n00020_W.jpg,alderman_s_walk,east_to_west,n00020,285.08,fitted axis,285.51,-0.4,forward
alderman_s_walk/west_to_east/001_n00020_E.jpg,alderman_s_walk,west_to_east,n00020,105.08,fitted axis,105.51,-0.4,forward
alderman_s_walk/west_to_east/002_n00019_E.jpg,alderman_s_walk,west_to_east,n00019,105.08,fitted axis,105.64,-0.6,forward
alderman_s_walk/west_to_east/003_n00018_E.jpg,alderman_s_walk,west_to_east,n00018,105.08,fitted axis,104.03,1.1,forward
alderman_s_walk/west_to_east/004_n00017_E.jpg,alderman_s_walk,west_to_east,n00017,105.08,fitted axis,104.03,1.1,forward
aldermanbury/north_to_south/001_n00031_S.jpg,aldermanbury,north_to_south,n00031,198.15,fitted axis,216.24,-18.1,forward
aldermanbury/north_to_south/002_n00029_S.jpg,aldermanbury,north_to_south,n00029,198.15,fitted axis,206.24,-8.1,forward
aldermanbury/north_to_south/003_n00027_S.jpg,aldermanbury,north_to_south,n00027,198.15,fitted axis,204.44,-6.3,forward
aldermanbury/north_to_south/004_n00025_S.jpg,aldermanbury,north_to_south,n00025,198.15,fitted axis,211.84,-13.7,forward
aldermanbury/north_to_south/005_n00023_S.jpg,aldermanbury,north_to_south,n00023,198.15,fitted axis,189.02,9.1,forward
aldermanbury/north_to_south/006_n00021_S.jpg,aldermanbury,north_to_south,n00021,251.2,re-rendered,359.53,-108.3,reverse
aldermanbury/north_to_south/007_n00032_S.jpg,aldermanbury,north_to_south,n00032,182.0,re-rendered,180.44,1.6,forward
aldermanbury/north_to_south/008_n00030_S.jpg,aldermanbury,north_to_south,n00030,182.0,re-rendered,30.62,151.4,reverse
aldermanbury/north_to_south/009_n00028_S.jpg,aldermanbury,north_to_south,n00028,178.9,re-rendered,178.51,0.4,forward
aldermanbury/north_to_south/010_n00026_S.jpg,aldermanbury,north_to_south,n00026,180.0,re-rendered,17.25,162.8,reverse
aldermanbury/north_to_south/011_n00024_S.jpg,aldermanbury,north_to_south,n00024,180.1,re-rendered,182.64,-2.5,forward
aldermanbury/north_to_south/012_n00022_S.jpg,aldermanbury,north_to_south,n00022,184.1,re-rendered,359.53,-175.4,reverse
aldermanbury/south_to_north/001_n00022_N.jpg,aldermanbury,south_to_north,n00022,4.1,re-rendered,359.53,4.6,forward
aldermanbury/south_to_north/002_n00024_N.jpg,aldermanbury,south_to_north,n00024,0.1,re-rendered,358.51,1.6,forward
aldermanbury/south_to_north/003_n00026_N.jpg,aldermanbury,south_to_north,n00026,0.0,re-rendered,17.25,-17.2,forward
aldermanbury/south_to_north/004_n00028_N.jpg,aldermanbury,south_to_north,n00028,358.9,re-rendered,24.77,-25.9,forward
aldermanbury/south_to_north/005_n00030_N.jpg,aldermanbury,south_to_north,n00030,2.0,re-rendered,0.44,1.6,forward
aldermanbury/south_to_north/006_n00021_N.jpg,aldermanbury,south_to_north,n00021,71.2,re-rendered,69.63,1.6,forward
aldermanbury/south_to_north/007_n00032_N.jpg,aldermanbury,south_to_north,n00032,2.0,re-rendered,36.24,-34.2,forward
aldermanbury/south_to_north/008_n00023_N.jpg,aldermanbury,south_to_north,n00023,18.15,fitted axis,189.02,-170.9,reverse
aldermanbury/south_to_north/009_n00025_N.jpg,aldermanbury,south_to_north,n00025,18.15,fitted axis,30.47,-12.3,forward
aldermanbury/south_to_north/010_n00027_N.jpg,aldermanbury,south_to_north,n00027,18.15,fitted axis,204.44,173.7,reverse
aldermanbury/south_to_north/011_n00029_N.jpg,aldermanbury,south_to_north,n00029,18.15,fitted axis,210.62,167.5,reverse
aldermanbury/south_to_north/012_n00031_N.jpg,aldermanbury,south_to_north,n00031,18.15,fitted axis,36.24,-18.1,forward
aldermanbury_square/east_to_west/001_n00037_W.jpg,aldermanbury_square,east_to_west,n00037,280.06,fitted axis,292.49,-12.4,forward
aldermanbury_square/east_to_west/002_n00036_W.jpg,aldermanbury_square,east_to_west,n00036,280.06,fitted axis,279.01,1.0,forward
aldermanbury_square/east_to_west/003_n00034_W.jpg,aldermanbury_square,east_to_west,n00034,0.0,re-rendered,196.97,163.0,reverse
aldermanbury_square/east_to_west/004_n00035_W.jpg,aldermanbury_square,east_to_west,n00035,280.06,fitted axis,0.0,-79.9,forward
aldermanbury_square/east_to_west/005_n00033_W.jpg,aldermanbury_square,east_to_west,n00033,198.2,re-rendered,196.97,1.2,forward
aldermanbury_square/west_to_east/001_n00033_E.jpg,aldermanbury_square,west_to_east,n00033,18.2,re-rendered,16.97,1.2,forward
aldermanbury_square/west_to_east/002_n00034_E.jpg,aldermanbury_square,west_to_east,n00034,0.0,re-rendered,0.0,0.0,forward
aldermanbury_square/west_to_east/003_n00035_E.jpg,aldermanbury_square,west_to_east,n00035,100.06,fitted axis,99.01,1.0,forward
aldermanbury_square/west_to_east/004_n00036_E.jpg,aldermanbury_square,west_to_east,n00036,100.06,fitted axis,112.49,-12.4,forward
aldermanbury_square/west_to_east/005_n00037_E.jpg,aldermanbury_square,west_to_east,n00037,100.06,fitted axis,112.49,-12.4,forward
aldersgate_rotunda/north_to_south/001_n00045_S.jpg,aldersgate_rotunda,north_to_south,n00045,225.5,re-rendered,224.08,1.4,forward
aldersgate_rotunda/north_to_south/002_n00044_S.jpg,aldersgate_rotunda,north_to_south,n00044,225.5,re-rendered,198.1,27.4,forward
aldersgate_rotunda/north_to_south/003_n00043_S.jpg,aldersgate_rotunda,north_to_south,n00043,199.6,re-rendered,161.28,38.3,forward
aldersgate_rotunda/north_to_south/004_n00042_S.jpg,aldersgate_rotunda,north_to_south,n00042,162.6,re-rendered,121.93,40.7,forward
aldersgate_rotunda/north_to_south/005_n00041_S.jpg,aldersgate_rotunda,north_to_south,n00041,137.16,fitted axis,92.23,44.9,forward
aldersgate_rotunda/north_to_south/006_n00038_S.jpg,aldersgate_rotunda,north_to_south,n00038,204.1,re-rendered,22.43,-178.3,reverse
aldersgate_rotunda/north_to_south/007_n00040_S.jpg,aldersgate_rotunda,north_to_south,n00040,93.5,re-rendered,63.36,30.1,forward
aldersgate_rotunda/north_to_south/008_n00039_S.jpg,aldersgate_rotunda,north_to_south,n00039,245.1,re-rendered,22.43,-137.3,reverse
aldersgate_rotunda/south_to_north/001_n00039_N.jpg,aldersgate_rotunda,south_to_north,n00039,65.1,re-rendered,243.36,-178.3,reverse
aldersgate_rotunda/south_to_north/002_n00040_N.jpg,aldersgate_rotunda,south_to_north,n00040,273.5,re-rendered,272.23,1.3,forward
aldersgate_rotunda/south_to_north/003_n00038_N.jpg,aldersgate_rotunda,south_to_north,n00038,24.1,re-rendered,202.43,-178.3,reverse
aldersgate_rotunda/south_to_north/004_n00041_N.jpg,aldersgate_rotunda,south_to_north,n00041,317.16,fitted axis,301.93,15.2,forward
aldersgate_rotunda/south_to_north/005_n00042_N.jpg,aldersgate_rotunda,south_to_north,n00042,342.6,re-rendered,341.28,1.3,forward
aldersgate_rotunda/south_to_north/006_n00043_N.jpg,aldersgate_rotunda,south_to_north,n00043,19.6,re-rendered,18.1,1.5,forward
aldersgate_rotunda/south_to_north/007_n00044_N.jpg,aldersgate_rotunda,south_to_north,n00044,45.5,re-rendered,44.08,1.4,forward
aldersgate_rotunda/south_to_north/008_n00045_N.jpg,aldersgate_rotunda,south_to_north,n00045,45.5,re-rendered,44.08,1.4,forward
aldersgate_street/north_to_south/001_n00055_S.jpg,aldersgate_street,north_to_south,n00055,174.93,fitted axis,171.0,3.9,forward
aldersgate_street/north_to_south/002_n00054_S.jpg,aldersgate_street,north_to_south,n00054,174.93,fitted axis,176.01,-1.1,forward
aldersgate_street/north_to_south/003_n00053_S.jpg,aldersgate_street,north_to_south,n00053,174.93,fitted axis,171.91,3.0,forward
aldersgate_street/north_to_south/004_n00051_S.jpg,aldersgate_street,north_to_south,n00051,174.93,fitted axis,178.08,-3.1,forward
aldersgate_street/north_to_south/005_n00050_S.jpg,aldersgate_street,north_to_south,n00050,174.93,fitted axis,197.84,-22.9,forward
aldersgate_street/north_to_south/006_n00048_S.jpg,aldersgate_street,north_to_south,n00048,160.9,re-rendered,1.98,158.9,reverse
aldersgate_street/north_to_south/007_n00047_S.jpg,aldersgate_street,north_to_south,n00047,199.4,re-rendered,197.84,1.6,forward
aldersgate_street/north_to_south/008_n00052_S.jpg,aldersgate_street,north_to_south,n00052,174.93,fitted axis,357.18,177.8,reverse
aldersgate_street/north_to_south/009_n00049_S.jpg,aldersgate_street,north_to_south,n00049,174.93,fitted axis,184.29,-9.4,forward
aldersgate_street/north_to_south/010_n00046_S.jpg,aldersgate_street,north_to_south,n00046,174.93,fitted axis,1.98,173.0,reverse
aldersgate_street/south_to_north/001_n00046_N.jpg,aldersgate_street,south_to_north,n00046,354.93,fitted axis,1.98,-7.0,forward
aldersgate_street/south_to_north/002_n00049_N.jpg,aldersgate_street,south_to_north,n00049,354.93,fitted axis,358.08,-3.1,forward
aldersgate_street/south_to_north/003_n00052_N.jpg,aldersgate_street,south_to_north,n00052,354.93,fitted axis,356.01,-1.1,forward
aldersgate_street/south_to_north/004_n00047_N.jpg,aldersgate_street,south_to_north,n00047,19.4,re-rendered,17.84,1.6,forward
aldersgate_street/south_to_north/005_n00048_N.jpg,aldersgate_street,south_to_north,n00048,340.9,re-rendered,181.47,159.4,reverse
aldersgate_street/south_to_north/006_n00050_N.jpg,aldersgate_street,south_to_north,n00050,354.93,fitted axis,351.91,3.0,forward
aldersgate_street/south_to_north/007_n00051_N.jpg,aldersgate_street,south_to_north,n00051,354.93,fitted axis,177.18,177.8,reverse
aldersgate_street/south_to_north/008_n00053_N.jpg,aldersgate_street,south_to_north,n00053,354.93,fitted axis,351.0,3.9,forward
aldersgate_street/south_to_north/009_n00054_N.jpg,aldersgate_street,south_to_north,n00054,354.93,fitted axis,356.01,-1.1,forward
aldersgate_street/south_to_north/010_n00055_N.jpg,aldersgate_street,south_to_north,n00055,354.93,fitted axis,351.0,3.9,forward
all_hallows_lane/north_to_south/001_n00062_S.jpg,all_hallows_lane,north_to_south,n00062,196.31,fitted axis,198.05,-1.7,forward
all_hallows_lane/north_to_south/002_n00061_S.jpg,all_hallows_lane,north_to_south,n00061,196.31,fitted axis,196.4,-0.1,forward
all_hallows_lane/north_to_south/003_n00060_S.jpg,all_hallows_lane,north_to_south,n00060,196.31,fitted axis,197.0,-0.7,forward
all_hallows_lane/north_to_south/004_n00059_S.jpg,all_hallows_lane,north_to_south,n00059,196.31,fitted axis,196.59,-0.3,forward
all_hallows_lane/north_to_south/005_n00058_S.jpg,all_hallows_lane,north_to_south,n00058,196.31,fitted axis,195.17,1.1,forward
all_hallows_lane/north_to_south/006_n00057_S.jpg,all_hallows_lane,north_to_south,n00057,196.31,fitted axis,194.13,2.2,forward
all_hallows_lane/north_to_south/007_n00056_S.jpg,all_hallows_lane,north_to_south,n00056,196.31,fitted axis,194.13,2.2,forward
all_hallows_lane/south_to_north/001_n00056_N.jpg,all_hallows_lane,south_to_north,n00056,16.31,fitted axis,14.13,2.2,forward
all_hallows_lane/south_to_north/002_n00057_N.jpg,all_hallows_lane,south_to_north,n00057,16.31,fitted axis,15.17,1.1,forward
all_hallows_lane/south_to_north/003_n00058_N.jpg,all_hallows_lane,south_to_north,n00058,16.31,fitted axis,16.59,-0.3,forward
all_hallows_lane/south_to_north/004_n00059_N.jpg,all_hallows_lane,south_to_north,n00059,16.31,fitted axis,17.0,-0.7,forward
all_hallows_lane/south_to_north/005_n00060_N.jpg,all_hallows_lane,south_to_north,n00060,16.31,fitted axis,16.4,-0.1,forward
all_hallows_lane/south_to_north/006_n00061_N.jpg,all_hallows_lane,south_to_north,n00061,16.31,fitted axis,18.05,-1.7,forward
all_hallows_lane/south_to_north/007_n00062_N.jpg,all_hallows_lane,south_to_north,n00062,16.31,fitted axis,18.05,-1.7,forward
angel_court/north_to_south/001_n00067_S.jpg,angel_court,north_to_south,n00067,166.89,fitted axis,171.85,-5.0,forward
angel_court/north_to_south/002_n00066_S.jpg,angel_court,north_to_south,n00066,166.89,fitted axis,170.18,-3.3,forward
angel_court/north_to_south/003_n00065_S.jpg,angel_court,north_to_south,n00065,166.89,fitted axis,161.36,5.5,forward
angel_court/north_to_south/004_n00064_S.jpg,angel_court,north_to_south,n00064,166.89,fitted axis,161.65,5.2,forward
angel_court/north_to_south/005_n00063_S.jpg,angel_court,north_to_south,n00063,166.89,fitted axis,161.65,5.2,forward
angel_court/south_to_north/001_n00063_N.jpg,angel_court,south_to_north,n00063,346.89,fitted axis,341.65,5.2,forward
angel_court/south_to_north/002_n00064_N.jpg,angel_court,south_to_north,n00064,346.89,fitted axis,341.36,5.5,forward
angel_court/south_to_north/003_n00065_N.jpg,angel_court,south_to_north,n00065,346.89,fitted axis,350.18,-3.3,forward
angel_court/south_to_north/004_n00066_N.jpg,angel_court,south_to_north,n00066,346.89,fitted axis,351.85,-5.0,forward
angel_court/south_to_north/005_n00067_N.jpg,angel_court,south_to_north,n00067,346.89,fitted axis,351.85,-5.0,forward
angel_lane/north_to_south/001_n00069_S.jpg,angel_lane,north_to_south,n00069,195.65,fitted axis,195.65,0.0,forward
angel_lane/north_to_south/002_n00068_S.jpg,angel_lane,north_to_south,n00068,195.65,fitted axis,195.65,0.0,forward
angel_lane/south_to_north/001_n00068_N.jpg,angel_lane,south_to_north,n00068,15.65,fitted axis,15.65,-0.0,forward
angel_lane/south_to_north/002_n00069_N.jpg,angel_lane,south_to_north,n00069,15.65,fitted axis,15.65,-0.0,forward
angel_street/east_to_west/001_n00070_W.jpg,angel_street,east_to_west,n00070,289.75,fitted axis,322.98,-33.2,forward
angel_street/east_to_west/002_n00071_W.jpg,angel_street,east_to_west,n00071,304.7,re-rendered,303.38,1.3,forward
angel_street/east_to_west/003_n00072_W.jpg,angel_street,east_to_west,n00072,289.75,fitted axis,275.44,14.3,forward
angel_street/east_to_west/004_n00073_W.jpg,angel_street,east_to_west,n00073,289.75,fitted axis,273.01,16.7,forward
angel_street/east_to_west/005_n00074_W.jpg,angel_street,east_to_west,n00074,289.75,fitted axis,273.01,16.7,forward
angel_street/west_to_east/001_n00074_E.jpg,angel_street,west_to_east,n00074,109.75,fitted axis,93.01,16.7,forward
angel_street/west_to_east/002_n00073_E.jpg,angel_street,west_to_east,n00073,109.75,fitted axis,95.44,14.3,forward
angel_street/west_to_east/003_n00072_E.jpg,angel_street,west_to_east,n00072,109.75,fitted axis,123.38,-13.6,forward
angel_street/west_to_east/004_n00071_E.jpg,angel_street,west_to_east,n00071,124.7,re-rendered,142.98,-18.3,forward
angel_street/west_to_east/005_n00070_E.jpg,angel_street,west_to_east,n00070,109.75,fitted axis,142.98,-33.2,forward
arthur_street/north_to_south/001_n00077_S.jpg,arthur_street,north_to_south,n00077,193.9,fitted axis,204.92,-11.0,forward
arthur_street/north_to_south/002_n00076_S.jpg,arthur_street,north_to_south,n00076,193.9,fitted axis,183.57,10.3,forward
arthur_street/north_to_south/003_n00075_S.jpg,arthur_street,north_to_south,n00075,193.9,fitted axis,183.57,10.3,forward
arthur_street/south_to_north/001_n00075_N.jpg,arthur_street,south_to_north,n00075,13.9,fitted axis,3.57,10.3,forward
arthur_street/south_to_north/002_n00076_N.jpg,arthur_street,south_to_north,n00076,13.9,fitted axis,24.92,-11.0,forward
arthur_street/south_to_north/003_n00077_N.jpg,arthur_street,south_to_north,n00077,13.9,fitted axis,24.92,-11.0,forward
austin_friars/north_to_south/001_n00083_S.jpg,austin_friars,north_to_south,n00083,108.3,re-rendered,106.98,1.3,forward
austin_friars/north_to_south/002_n00081_S.jpg,austin_friars,north_to_south,n00081,108.3,re-rendered,113.93,-5.6,forward
austin_friars/north_to_south/003_n00079_S.jpg,austin_friars,north_to_south,n00079,115.5,re-rendered,113.93,1.6,forward
austin_friars/north_to_south/004_n00086_S.jpg,austin_friars,north_to_south,n00086,264.0,re-rendered,194.37,69.6,forward
austin_friars/north_to_south/005_n00087_S.jpg,austin_friars,north_to_south,n00087,94.6,re-rendered,262.47,-167.9,reverse
austin_friars/north_to_south/006_n00085_S.jpg,austin_friars,north_to_south,n00085,196.1,re-rendered,193.79,2.3,forward
austin_friars/north_to_south/007_n00088_S.jpg,austin_friars,north_to_south,n00088,160.66,fitted axis,273.42,-112.8,reverse
austin_friars/north_to_south/008_n00084_S.jpg,austin_friars,north_to_south,n00084,195.3,re-rendered,180.95,14.3,forward
austin_friars/north_to_south/009_n00082_S.jpg,austin_friars,north_to_south,n00082,182.6,re-rendered,119.95,62.7,forward
austin_friars/north_to_south/010_n00080_S.jpg,austin_friars,north_to_south,n00080,121.4,re-rendered,133.18,-11.8,forward
austin_friars/north_to_south/011_n00078_S.jpg,austin_friars,north_to_south,n00078,134.6,re-rendered,133.18,1.4,forward
austin_friars/south_to_north/001_n00078_N.jpg,austin_friars,south_to_north,n00078,314.6,re-rendered,313.18,1.4,forward
austin_friars/south_to_north/002_n00080_N.jpg,austin_friars,south_to_north,n00080,301.4,re-rendered,299.95,1.5,forward
austin_friars/south_to_north/003_n00082_N.jpg,austin_friars,south_to_north,n00082,2.6,re-rendered,0.95,1.6,forward
austin_friars/south_to_north/004_n00084_N.jpg,austin_friars,south_to_north,n00084,15.3,re-rendered,13.79,1.5,forward
austin_friars/south_to_north/005_n00088_N.jpg,austin_friars,south_to_north,n00088,340.66,fitted axis,93.42,-112.8,reverse
austin_friars/south_to_north/006_n00085_N.jpg,austin_friars,south_to_north,n00085,16.1,re-rendered,14.37,1.7,forward
austin_friars/south_to_north/007_n00087_N.jpg,austin_friars,south_to_north,n00087,274.6,re-rendered,93.42,-178.8,reverse
austin_friars/south_to_north/008_n00079_N.jpg,austin_friars,south_to_north,n00079,295.5,re-rendered,293.93,1.6,forward
austin_friars/south_to_north/009_n00086_N.jpg,austin_friars,south_to_north,n00086,84.0,re-rendered,82.47,1.5,forward
austin_friars/south_to_north/010_n00081_N.jpg,austin_friars,south_to_north,n00081,288.3,re-rendered,286.98,1.3,forward
austin_friars/south_to_north/011_n00083_N.jpg,austin_friars,south_to_north,n00083,288.3,re-rendered,286.98,1.3,forward
bakers_hall_court/east_to_west/001_n00090_W.jpg,bakers_hall_court,east_to_west,n00090,352.6,re-rendered,351.16,1.4,forward
bakers_hall_court/east_to_west/002_n00091_W.jpg,bakers_hall_court,east_to_west,n00091,243.4,re-rendered,241.9,1.5,forward
bakers_hall_court/east_to_west/003_n00089_W.jpg,bakers_hall_court,east_to_west,n00089,292.37,fitted axis,120.78,171.6,reverse
bakers_hall_court/east_to_west/004_n00092_W.jpg,bakers_hall_court,east_to_west,n00092,243.4,re-rendered,241.9,1.5,forward
bakers_hall_court/west_to_east/001_n00089_E.jpg,bakers_hall_court,west_to_east,n00089,112.37,fitted axis,300.78,171.6,reverse
bakers_hall_court/west_to_east/002_n00092_E.jpg,bakers_hall_court,west_to_east,n00092,63.4,re-rendered,61.9,1.5,forward
bakers_hall_court/west_to_east/003_n00091_E.jpg,bakers_hall_court,west_to_east,n00091,63.4,re-rendered,171.16,-107.8,reverse
bakers_hall_court/west_to_east/004_n00090_E.jpg,bakers_hall_court,west_to_east,n00090,172.6,re-rendered,300.78,-128.2,reverse
bankside/east_to_west/001_n00093_W.jpg,bankside,east_to_west,n00093,268.89,fitted axis,270.24,-1.3,forward
bankside/east_to_west/002_n00094_W.jpg,bankside,east_to_west,n00094,268.89,fitted axis,267.08,1.8,forward
bankside/east_to_west/003_n00095_W.jpg,bankside,east_to_west,n00095,268.89,fitted axis,268.2,0.7,forward
bankside/east_to_west/004_n00096_W.jpg,bankside,east_to_west,n00096,268.89,fitted axis,269.78,-0.9,forward
bankside/east_to_west/005_n00097_W.jpg,bankside,east_to_west,n00097,268.89,fitted axis,270.75,-1.9,forward
bankside/east_to_west/006_n00098_W.jpg,bankside,east_to_west,n00098,268.89,fitted axis,270.75,-1.9,forward
bankside/west_to_east/001_n00098_E.jpg,bankside,west_to_east,n00098,88.89,fitted axis,90.75,-1.9,forward
bankside/west_to_east/002_n00097_E.jpg,bankside,west_to_east,n00097,88.89,fitted axis,89.78,-0.9,forward
bankside/west_to_east/003_n00096_E.jpg,bankside,west_to_east,n00096,88.89,fitted axis,88.2,0.7,forward
bankside/west_to_east/004_n00095_E.jpg,bankside,west_to_east,n00095,88.89,fitted axis,87.08,1.8,forward
bankside/west_to_east/005_n00094_E.jpg,bankside,west_to_east,n00094,88.89,fitted axis,90.24,-1.3,forward
bankside/west_to_east/006_n00093_E.jpg,bankside,west_to_east,n00093,88.89,fitted axis,90.24,-1.3,forward
bartholomew_lane/north_to_south/001_n00103_S.jpg,bartholomew_lane,north_to_south,n00103,156.41,fitted axis,158.94,-2.5,forward
bartholomew_lane/north_to_south/002_n00102_S.jpg,bartholomew_lane,north_to_south,n00102,156.41,fitted axis,156.78,-0.4,forward
bartholomew_lane/north_to_south/003_n00101_S.jpg,bartholomew_lane,north_to_south,n00101,156.41,fitted axis,155.26,1.1,forward
bartholomew_lane/north_to_south/004_n00100_S.jpg,bartholomew_lane,north_to_south,n00100,156.41,fitted axis,155.5,0.9,forward
bartholomew_lane/north_to_south/005_n00099_S.jpg,bartholomew_lane,north_to_south,n00099,156.41,fitted axis,155.5,0.9,forward
bartholomew_lane/south_to_north/001_n00099_N.jpg,bartholomew_lane,south_to_north,n00099,336.41,fitted axis,335.5,0.9,forward
bartholomew_lane/south_to_north/002_n00100_N.jpg,bartholomew_lane,south_to_north,n00100,336.41,fitted axis,335.26,1.1,forward
bartholomew_lane/south_to_north/003_n00101_N.jpg,bartholomew_lane,south_to_north,n00101,336.41,fitted axis,336.78,-0.4,forward
bartholomew_lane/south_to_north/004_n00102_N.jpg,bartholomew_lane,south_to_north,n00102,336.41,fitted axis,338.94,-2.5,forward
bartholomew_lane/south_to_north/005_n00103_N.jpg,bartholomew_lane,south_to_north,n00103,336.41,fitted axis,338.94,-2.5,forward
basinghall_avenue/east_to_west/001_n00110_W.jpg,basinghall_avenue,east_to_west,n00110,268.38,fitted axis,277.0,-8.6,forward
basinghall_avenue/east_to_west/002_n00109_W.jpg,basinghall_avenue,east_to_west,n00109,268.38,fitted axis,267.58,0.8,forward
basinghall_avenue/east_to_west/003_n00108_W.jpg,basinghall_avenue,east_to_west,n00108,268.38,fitted axis,268.19,0.2,forward
basinghall_avenue/east_to_west/004_n00107_W.jpg,basinghall_avenue,east_to_west,n00107,268.38,fitted axis,273.52,-5.1,forward
basinghall_avenue/east_to_west/005_n00106_W.jpg,basinghall_avenue,east_to_west,n00106,268.38,fitted axis,273.51,-5.1,forward
basinghall_avenue/east_to_west/006_n00105_W.jpg,basinghall_avenue,east_to_west,n00105,268.38,fitted axis,234.23,34.1,forward
basinghall_avenue/east_to_west/007_n00104_W.jpg,basinghall_avenue,east_to_west,n00104,236.1,re-rendered,234.23,1.9,forward
basinghall_avenue/west_to_east/001_n00104_E.jpg,basinghall_avenue,west_to_east,n00104,56.1,re-rendered,54.23,1.9,forward
basinghall_avenue/west_to_east/002_n00105_E.jpg,basinghall_avenue,west_to_east,n00105,88.38,fitted axis,93.51,-5.1,forward
basinghall_avenue/west_to_east/003_n00106_E.jpg,basinghall_avenue,west_to_east,n00106,88.38,fitted axis,93.52,-5.1,forward
basinghall_avenue/west_to_east/004_n00107_E.jpg,basinghall_avenue,west_to_east,n00107,88.38,fitted axis,88.19,0.2,forward
basinghall_avenue/west_to_east/005_n00108_E.jpg,basinghall_avenue,west_to_east,n00108,88.38,fitted axis,87.58,0.8,forward
basinghall_avenue/west_to_east/006_n00109_E.jpg,basinghall_avenue,west_to_east,n00109,88.38,fitted axis,97.0,-8.6,forward
basinghall_avenue/west_to_east/007_n00110_E.jpg,basinghall_avenue,west_to_east,n00110,88.38,fitted axis,97.0,-8.6,forward
basinghall_street/north_to_south/001_n00125_S.jpg,basinghall_street,north_to_south,n00125,94.8,re-rendered,93.34,1.5,forward
basinghall_street/north_to_south/002_n00124_S.jpg,basinghall_street,north_to_south,n00124,94.8,re-rendered,107.46,-12.7,forward
basinghall_street/north_to_south/003_n00123_S.jpg,basinghall_street,north_to_south,n00123,108.8,re-rendered,101.71,7.1,forward
basinghall_street/north_to_south/004_n00122_S.jpg,basinghall_street,north_to_south,n00122,103.1,re-rendered,180.74,-77.6,forward
basinghall_street/north_to_south/005_n00121_S.jpg,basinghall_street,north_to_south,n00121,182.0,re-rendered,181.81,0.2,forward
basinghall_street/north_to_south/006_n00120_S.jpg,basinghall_street,north_to_south,n00120,183.4,re-rendered,166.89,16.5,forward
basinghall_street/north_to_south/007_n00119_S.jpg,basinghall_street,north_to_south,n00119,161.73,fitted axis,151.91,9.8,forward
basinghall_street/north_to_south/008_n00118_S.jpg,basinghall_street,north_to_south,n00118,161.73,fitted axis,151.12,10.6,forward
basinghall_street/north_to_south/009_n00117_S.jpg,basinghall_street,north_to_south,n00117,161.73,fitted axis,153.79,7.9,forward
basinghall_street/north_to_south/010_n00116_S.jpg,basinghall_street,north_to_south,n00116,161.73,fitted axis,173.66,-11.9,forward
basinghall_street/north_to_south/011_n00115_S.jpg,basinghall_street,north_to_south,n00115,161.73,fitted axis,184.51,-22.8,forward
basinghall_street/north_to_south/012_n00114_S.jpg,basinghall_street,north_to_south,n00114,186.1,re-rendered,191.07,-5.0,forward
basinghall_street/north_to_south/013_n00113_S.jpg,basinghall_street,north_to_south,n00113,192.7,re-rendered,182.59,10.1,forward
basinghall_street/north_to_south/014_n00112_S.jpg,basinghall_street,north_to_south,n00112,161.73,fitted axis,179.28,-17.5,forward
basinghall_street/north_to_south/015_n00111_S.jpg,basinghall_street,north_to_south,n00111,180.7,re-rendered,179.28,1.4,forward
basinghall_street/south_to_north/001_n00111_N.jpg,basinghall_street,south_to_north,n00111,0.7,re-rendered,359.28,1.4,forward
basinghall_street/south_to_north/002_n00112_N.jpg,basinghall_street,south_to_north,n00112,341.73,fitted axis,2.59,-20.9,forward
basinghall_street/south_to_north/003_n00113_N.jpg,basinghall_street,south_to_north,n00113,12.7,re-rendered,11.07,1.6,forward
basinghall_street/south_to_north/004_n00114_N.jpg,basinghall_street,south_to_north,n00114,6.1,re-rendered,4.51,1.6,forward
basinghall_street/south_to_north/005_n00115_N.jpg,basinghall_street,south_to_north,n00115,341.73,fitted axis,353.66,-11.9,forward
basinghall_street/south_to_north/006_n00116_N.jpg,basinghall_street,south_to_north,n00116,341.73,fitted axis,333.79,7.9,forward
basinghall_street/south_to_north/007_n00117_N.jpg,basinghall_street,south_to_north,n00117,341.73,fitted axis,331.12,10.6,forward
basinghall_street/south_to_north/008_n00118_N.jpg,basinghall_street,south_to_north,n00118,341.73,fitted axis,331.91,9.8,forward
basinghall_street/south_to_north/009_n00119_N.jpg,basinghall_street,south_to_north,n00119,341.73,fitted axis,346.89,-5.2,forward
basinghall_street/south_to_north/010_n00120_N.jpg,basinghall_street,south_to_north,n00120,3.4,re-rendered,1.81,1.6,forward
basinghall_street/south_to_north/011_n00121_N.jpg,basinghall_street,south_to_north,n00121,2.0,re-rendered,0.74,1.3,forward
basinghall_street/south_to_north/012_n00122_N.jpg,basinghall_street,south_to_north,n00122,283.1,re-rendered,281.71,1.4,forward
basinghall_street/south_to_north/013_n00123_N.jpg,basinghall_street,south_to_north,n00123,288.8,re-rendered,287.46,1.3,forward
basinghall_street/south_to_north/014_n00124_N.jpg,basinghall_street,south_to_north,n00124,274.8,re-rendered,273.34,1.5,forward
basinghall_street/south_to_north/015_n00125_N.jpg,basinghall_street,south_to_north,n00125,274.8,re-rendered,273.34,1.5,forward
beehive_passage/north_to_south/001_n00127_S.jpg,beehive_passage,north_to_south,n00127,167.24,fitted axis,167.24,0.0,forward
beehive_passage/north_to_south/002_n00126_S.jpg,beehive_passage,north_to_south,n00126,167.24,fitted axis,167.24,0.0,forward
beehive_passage/south_to_north/001_n00126_N.jpg,beehive_passage,south_to_north,n00126,347.24,fitted axis,347.24,0.0,forward
beehive_passage/south_to_north/002_n00127_N.jpg,beehive_passage,south_to_north,n00127,347.24,fitted axis,347.24,0.0,forward
billingsgate_walk/north_to_south/001_n00129_S.jpg,billingsgate_walk,north_to_south,n00129,138.01,fitted axis,138.01,0.0,forward
billingsgate_walk/north_to_south/002_n00128_S.jpg,billingsgate_walk,north_to_south,n00128,138.01,fitted axis,138.01,0.0,forward
billingsgate_walk/south_to_north/001_n00128_N.jpg,billingsgate_walk,south_to_north,n00128,318.01,fitted axis,318.01,0.0,forward
billingsgate_walk/south_to_north/002_n00129_N.jpg,billingsgate_walk,south_to_north,n00129,318.01,fitted axis,318.01,0.0,forward
billiter_street/north_to_south/001_n00137_S.jpg,billiter_street,north_to_south,n00137,171.95,fitted axis,186.66,-14.7,forward
billiter_street/north_to_south/002_n00136_S.jpg,billiter_street,north_to_south,n00136,171.95,fitted axis,181.8,-9.8,forward
billiter_street/north_to_south/003_n00135_S.jpg,billiter_street,north_to_south,n00135,171.95,fitted axis,169.68,2.3,forward
billiter_street/north_to_south/004_n00134_S.jpg,billiter_street,north_to_south,n00134,171.95,fitted axis,173.7,-1.8,forward
billiter_street/north_to_south/005_n00133_S.jpg,billiter_street,north_to_south,n00133,171.95,fitted axis,166.02,5.9,forward
billiter_street/north_to_south/006_n00132_S.jpg,billiter_street,north_to_south,n00132,171.95,fitted axis,172.04,-0.1,forward
billiter_street/north_to_south/007_n00131_S.jpg,billiter_street,north_to_south,n00131,171.95,fitted axis,162.84,9.1,forward
billiter_street/north_to_south/008_n00130_S.jpg,billiter_street,north_to_south,n00130,171.95,fitted axis,162.84,9.1,forward
billiter_street/south_to_north/001_n00130_N.jpg,billiter_street,south_to_north,n00130,351.95,fitted axis,342.84,9.1,forward
billiter_street/south_to_north/002_n00131_N.jpg,billiter_street,south_to_north,n00131,351.95,fitted axis,352.04,-0.1,forward
billiter_street/south_to_north/003_n00132_N.jpg,billiter_street,south_to_north,n00132,351.95,fitted axis,346.02,5.9,forward
billiter_street/south_to_north/004_n00133_N.jpg,billiter_street,south_to_north,n00133,351.95,fitted axis,353.7,-1.8,forward
billiter_street/south_to_north/005_n00134_N.jpg,billiter_street,south_to_north,n00134,351.95,fitted axis,349.68,2.3,forward
billiter_street/south_to_north/006_n00135_N.jpg,billiter_street,south_to_north,n00135,351.95,fitted axis,1.8,-9.8,forward
billiter_street/south_to_north/007_n00136_N.jpg,billiter_street,south_to_north,n00136,351.95,fitted axis,6.66,-14.7,forward
billiter_street/south_to_north/008_n00137_N.jpg,billiter_street,south_to_north,n00137,351.95,fitted axis,6.66,-14.7,forward
bishopsgate/north_to_south/001_n00173_S.jpg,bishopsgate,north_to_south,n00173,209.76,fitted axis,204.01,5.8,forward
bishopsgate/north_to_south/002_n00172_S.jpg,bishopsgate,north_to_south,n00172,209.76,fitted axis,216.02,-6.3,forward
bishopsgate/north_to_south/003_n00171_S.jpg,bishopsgate,north_to_south,n00171,209.76,fitted axis,208.03,1.7,forward
bishopsgate/north_to_south/004_n00169_S.jpg,bishopsgate,north_to_south,n00169,209.76,fitted axis,209.34,0.4,forward
bishopsgate/north_to_south/005_n00167_S.jpg,bishopsgate,north_to_south,n00167,209.76,fitted axis,207.59,2.2,forward
bishopsgate/north_to_south/006_n00165_S.jpg,bishopsgate,north_to_south,n00165,209.76,fitted axis,207.22,2.5,forward
bishopsgate/north_to_south/007_n00163_S.jpg,bishopsgate,north_to_south,n00163,209.76,fitted axis,208.83,0.9,forward
bishopsgate/north_to_south/008_n00161_S.jpg,bishopsgate,north_to_south,n00161,209.76,fitted axis,206.55,3.2,forward
bishopsgate/north_to_south/009_n00159_S.jpg,bishopsgate,north_to_south,n00159,209.76,fitted axis,210.96,-1.2,forward
bishopsgate/north_to_south/010_n00157_S.jpg,bishopsgate,north_to_south,n00157,209.76,fitted axis,202.24,7.5,forward
bishopsgate/north_to_south/011_n00154_S.jpg,bishopsgate,north_to_south,n00154,209.76,fitted axis,205.39,4.4,forward
bishopsgate/north_to_south/012_n00155_S.jpg,bishopsgate,north_to_south,n00155,209.76,fitted axis,205.39,4.4,forward
bishopsgate/north_to_south/013_n00151_S.jpg,bishopsgate,north_to_south,n00151,209.76,fitted axis,185.5,24.3,forward
bishopsgate/north_to_south/014_n00152_S.jpg,bishopsgate,north_to_south,n00152,209.76,fitted axis,214.65,-4.9,forward
bishopsgate/north_to_south/015_n00148_S.jpg,bishopsgate,north_to_south,n00148,187.0,re-rendered,234.34,-47.3,forward
bishopsgate/north_to_south/016_n00149_S.jpg,bishopsgate,north_to_south,n00149,209.76,fitted axis,212.06,-2.3,forward
bishopsgate/north_to_south/017_n00144_S.jpg,bishopsgate,north_to_south,n00144,235.9,re-rendered,211.44,24.5,forward
bishopsgate/north_to_south/018_n00145_S.jpg,bishopsgate,north_to_south,n00145,209.76,fitted axis,211.44,-1.7,forward
bishopsgate/north_to_south/019_n00140_S.jpg,bishopsgate,north_to_south,n00140,209.76,fitted axis,211.44,-1.7,forward
bishopsgate/north_to_south/020_n00141_S.jpg,bishopsgate,north_to_south,n00141,209.76,fitted axis,211.44,-1.7,forward
bishopsgate/north_to_south/021_n00147_S.jpg,bishopsgate,north_to_south,n00147,209.76,fitted axis,211.33,-1.6,forward
bishopsgate/north_to_south/022_n00143_S.jpg,bishopsgate,north_to_south,n00143,209.76,fitted axis,211.15,-1.4,forward
bishopsgate/north_to_south/023_n00139_S.jpg,bishopsgate,north_to_south,n00139,209.76,fitted axis,211.15,-1.4,forward
bishopsgate/north_to_south/024_n00170_S.jpg,bishopsgate,north_to_south,n00170,209.76,fitted axis,210.2,-0.4,forward
bishopsgate/north_to_south/025_n00168_S.jpg,bishopsgate,north_to_south,n00168,209.76,fitted axis,211.02,-1.3,forward
bishopsgate/north_to_south/026_n00166_S.jpg,bishopsgate,north_to_south,n00166,209.76,fitted axis,215.64,-5.9,forward
bishopsgate/north_to_south/027_n00164_S.jpg,bishopsgate,north_to_south,n00164,209.76,fitted axis,219.95,-10.2,forward
bishopsgate/north_to_south/028_n00162_S.jpg,bishopsgate,north_to_south,n00162,209.76,fitted axis,225.17,-15.4,forward
bishopsgate/north_to_south/029_n00160_S.jpg,bishopsgate,north_to_south,n00160,226.8,re-rendered,223.67,3.1,forward
bishopsgate/north_to_south/030_n00158_S.jpg,bishopsgate,north_to_south,n00158,209.76,fitted axis,188.35,21.4,forward
bishopsgate/north_to_south/031_n00156_S.jpg,bishopsgate,north_to_south,n00156,189.7,re-rendered,202.34,-12.6,forward
bishopsgate/north_to_south/032_n00153_S.jpg,bishopsgate,north_to_south,n00153,209.76,fitted axis,200.8,9.0,forward
bishopsgate/north_to_south/033_n00150_S.jpg,bishopsgate,north_to_south,n00150,209.76,fitted axis,191.17,18.6,forward
bishopsgate/north_to_south/034_n00146_S.jpg,bishopsgate,north_to_south,n00146,192.7,re-rendered,193.73,-1.0,forward
bishopsgate/north_to_south/035_n00142_S.jpg,bishopsgate,north_to_south,n00142,195.3,re-rendered,193.97,1.3,forward
bishopsgate/north_to_south/036_n00138_S.jpg,bishopsgate,north_to_south,n00138,195.5,re-rendered,193.97,1.5,forward
bishopsgate/south_to_north/001_n00138_N.jpg,bishopsgate,south_to_north,n00138,15.5,re-rendered,13.97,1.5,forward
bishopsgate/south_to_north/002_n00142_N.jpg,bishopsgate,south_to_north,n00142,15.3,re-rendered,13.73,1.6,forward
bishopsgate/south_to_north/003_n00146_N.jpg,bishopsgate,south_to_north,n00146,12.7,re-rendered,11.17,1.5,forward
bishopsgate/south_to_north/004_n00150_N.jpg,bishopsgate,south_to_north,n00150,29.76,fitted axis,20.8,9.0,forward
bishopsgate/south_to_north/005_n00153_N.jpg,bishopsgate,south_to_north,n00153,29.76,fitted axis,22.34,7.4,forward
bishopsgate/south_to_north/006_n00156_N.jpg,bishopsgate,south_to_north,n00156,9.7,re-rendered,8.35,1.4,forward
bishopsgate/south_to_north/007_n00158_N.jpg,bishopsgate,south_to_north,n00158,29.76,fitted axis,43.67,-13.9,forward
bishopsgate/south_to_north/008_n00160_N.jpg,bishopsgate,south_to_north,n00160,46.8,re-rendered,45.17,1.6,forward
bishopsgate/south_to_north/009_n00162_N.jpg,bishopsgate,south_to_north,n00162,29.76,fitted axis,39.95,-10.2,forward
bishopsgate/south_to_north/010_n00164_N.jpg,bishopsgate,south_to_north,n00164,29.76,fitted axis,35.64,-5.9,forward
bishopsgate/south_to_north/011_n00166_N.jpg,bishopsgate,south_to_north,n00166,29.76,fitted axis,31.02,-1.3,forward
bishopsgate/south_to_north/012_n00168_N.jpg,bishopsgate,south_to_north,n00168,29.76,fitted axis,30.2,-0.4,forward
bishopsgate/south_to_north/013_n00170_N.jpg,bishopsgate,south_to_north,n00170,29.76,fitted axis,30.2,-0.4,forward
bishopsgate/south_to_north/014_n00139_N.jpg,bishopsgate,south_to_north,n00139,29.76,fitted axis,31.15,-1.4,forward
bishopsgate/south_to_north/015_n00143_N.jpg,bishopsgate,south_to_north,n00143,29.76,fitted axis,31.33,-1.6,forward
bishopsgate/south_to_north/016_n00147_N.jpg,bishopsgate,south_to_north,n00147,29.76,fitted axis,31.33,-1.6,forward
bishopsgate/south_to_north/017_n00140_N.jpg,bishopsgate,south_to_north,n00140,29.76,fitted axis,31.44,-1.7,forward
bishopsgate/south_to_north/018_n00141_N.jpg,bishopsgate,south_to_north,n00141,29.76,fitted axis,31.44,-1.7,forward
bishopsgate/south_to_north/019_n00144_N.jpg,bishopsgate,south_to_north,n00144,55.9,re-rendered,54.34,1.6,forward
bishopsgate/south_to_north/020_n00145_N.jpg,bishopsgate,south_to_north,n00145,29.76,fitted axis,32.06,-2.3,forward
bishopsgate/south_to_north/021_n00149_N.jpg,bishopsgate,south_to_north,n00149,29.76,fitted axis,34.65,-4.9,forward
bishopsgate/south_to_north/022_n00148_N.jpg,bishopsgate,south_to_north,n00148,7.0,re-rendered,5.5,1.5,forward
bishopsgate/south_to_north/023_n00151_N.jpg,bishopsgate,south_to_north,n00151,29.76,fitted axis,25.39,4.4,forward
bishopsgate/south_to_north/024_n00152_N.jpg,bishopsgate,south_to_north,n00152,29.76,fitted axis,25.39,4.4,forward
bishopsgate/south_to_north/025_n00154_N.jpg,bishopsgate,south_to_north,n00154,29.76,fitted axis,22.24,7.5,forward
bishopsgate/south_to_north/026_n00155_N.jpg,bishopsgate,south_to_north,n00155,29.76,fitted axis,25.39,4.4,forward
bishopsgate/south_to_north/027_n00157_N.jpg,bishopsgate,south_to_north,n00157,29.76,fitted axis,30.96,-1.2,forward
bishopsgate/south_to_north/028_n00159_N.jpg,bishopsgate,south_to_north,n00159,29.76,fitted axis,26.55,3.2,forward
bishopsgate/south_to_north/029_n00161_N.jpg,bishopsgate,south_to_north,n00161,29.76,fitted axis,28.83,0.9,forward
bishopsgate/south_to_north/030_n00163_N.jpg,bishopsgate,south_to_north,n00163,29.76,fitted axis,27.22,2.5,forward
bishopsgate/south_to_north/031_n00165_N.jpg,bishopsgate,south_to_north,n00165,29.76,fitted axis,27.59,2.2,forward
bishopsgate/south_to_north/032_n00167_N.jpg,bishopsgate,south_to_north,n00167,29.76,fitted axis,29.34,0.4,forward
bishopsgate/south_to_north/033_n00169_N.jpg,bishopsgate,south_to_north,n00169,29.76,fitted axis,28.03,1.7,forward
bishopsgate/south_to_north/034_n00171_N.jpg,bishopsgate,south_to_north,n00171,29.76,fitted axis,36.02,-6.3,forward
bishopsgate/south_to_north/035_n00172_N.jpg,bishopsgate,south_to_north,n00172,29.76,fitted axis,24.01,5.8,forward
bishopsgate/south_to_north/036_n00173_N.jpg,bishopsgate,south_to_north,n00173,29.76,fitted axis,24.01,5.8,forward
bishopsgate_arcade/east_to_west/001_n00174_W.jpg,bishopsgate_arcade,east_to_west,n00174,273.7,re-rendered,272.41,1.3,forward
bishopsgate_arcade/east_to_west/002_n00175_W.jpg,bishopsgate_arcade,east_to_west,n00175,292.86,fitted axis,284.65,8.2,forward
bishopsgate_arcade/east_to_west/003_n00176_W.jpg,bishopsgate_arcade,east_to_west,n00176,329.3,re-rendered,327.87,1.4,forward
bishopsgate_arcade/east_to_west/004_n00177_W.jpg,bishopsgate_arcade,east_to_west,n00177,329.3,re-rendered,327.87,1.4,forward
bishopsgate_arcade/west_to_east/001_n00177_E.jpg,bishopsgate_arcade,west_to_east,n00177,149.3,re-rendered,147.87,1.4,forward
bishopsgate_arcade/west_to_east/002_n00176_E.jpg,bishopsgate_arcade,west_to_east,n00176,149.3,re-rendered,104.65,44.6,forward
bishopsgate_arcade/west_to_east/003_n00175_E.jpg,bishopsgate_arcade,west_to_east,n00175,112.86,fitted axis,92.41,20.5,forward
bishopsgate_arcade/west_to_east/004_n00174_E.jpg,bishopsgate_arcade,west_to_east,n00174,93.7,re-rendered,92.41,1.3,forward
bishopsgate_churchyard/east_to_west/001_n00178_W.jpg,bishopsgate_churchyard,east_to_west,n00178,285.31,fitted axis,299.73,-14.4,forward
bishopsgate_churchyard/east_to_west/002_n00179_W.jpg,bishopsgate_churchyard,east_to_west,n00179,285.31,fitted axis,283.91,1.4,forward
bishopsgate_churchyard/east_to_west/003_n00180_W.jpg,bishopsgate_churchyard,east_to_west,n00180,285.31,fitted axis,285.27,0.0,forward
bishopsgate_churchyard/east_to_west/004_n00181_W.jpg,bishopsgate_churchyard,east_to_west,n00181,285.31,fitted axis,285.35,-0.0,forward
bishopsgate_churchyard/east_to_west/005_n00182_W.jpg,bishopsgate_churchyard,east_to_west,n00182,264.2,re-rendered,262.66,1.5,forward
bishopsgate_churchyard/east_to_west/006_n00183_W.jpg,bishopsgate_churchyard,east_to_west,n00183,285.31,fitted axis,323.46,-38.2,forward
bishopsgate_churchyard/east_to_west/007_n00184_W.jpg,bishopsgate_churchyard,east_to_west,n00184,324.9,re-rendered,323.46,1.4,forward
bishopsgate_churchyard/west_to_east/001_n00184_E.jpg,bishopsgate_churchyard,west_to_east,n00184,144.9,re-rendered,143.46,1.4,forward
bishopsgate_churchyard/west_to_east/002_n00183_E.jpg,bishopsgate_churchyard,west_to_east,n00183,105.31,fitted axis,82.66,22.7,forward
bishopsgate_churchyard/west_to_east/003_n00182_E.jpg,bishopsgate_churchyard,west_to_east,n00182,84.2,re-rendered,105.35,-21.2,forward
bishopsgate_churchyard/west_to_east/004_n00181_E.jpg,bishopsgate_churchyard,west_to_east,n00181,105.31,fitted axis,105.27,0.0,forward
bishopsgate_churchyard/west_to_east/005_n00180_E.jpg,bishopsgate_churchyard,west_to_east,n00180,105.31,fitted axis,103.91,1.4,forward
bishopsgate_churchyard/west_to_east/006_n00179_E.jpg,bishopsgate_churchyard,west_to_east,n00179,105.31,fitted axis,119.73,-14.4,forward
bishopsgate_churchyard/west_to_east/007_n00178_E.jpg,bishopsgate_churchyard,west_to_east,n00178,105.31,fitted axis,119.73,-14.4,forward
blomfield_street/north_to_south/001_n00193_S.jpg,blomfield_street,north_to_south,n00193,216.89,fitted axis,222.27,-5.4,forward
blomfield_street/north_to_south/002_n00192_S.jpg,blomfield_street,north_to_south,n00192,216.89,fitted axis,201.93,15.0,forward
blomfield_street/north_to_south/003_n00191_S.jpg,blomfield_street,north_to_south,n00191,216.89,fitted axis,214.45,2.4,forward
blomfield_street/north_to_south/004_n00190_S.jpg,blomfield_street,north_to_south,n00190,216.89,fitted axis,214.29,2.6,forward
blomfield_street/north_to_south/005_n00189_S.jpg,blomfield_street,north_to_south,n00189,216.89,fitted axis,214.18,2.7,forward
blomfield_street/north_to_south/006_n00188_S.jpg,blomfield_street,north_to_south,n00188,216.89,fitted axis,213.9,3.0,forward
blomfield_street/north_to_south/007_n00187_S.jpg,blomfield_street,north_to_south,n00187,216.89,fitted axis,227.04,-10.2,forward
blomfield_street/north_to_south/008_n00186_S.jpg,blomfield_street,north_to_south,n00186,216.89,fitted axis,233.98,-17.1,forward
blomfield_street/north_to_south/009_n00185_S.jpg,blomfield_street,north_to_south,n00185,235.5,re-rendered,233.98,1.5,forward
blomfield_street/south_to_north/001_n00185_N.jpg,blomfield_street,south_to_north,n00185,55.5,re-rendered,53.98,1.5,forward
blomfield_street/south_to_north/002_n00186_N.jpg,blomfield_street,south_to_north,n00186,36.89,fitted axis,47.04,-10.2,forward
blomfield_street/south_to_north/003_n00187_N.jpg,blomfield_street,south_to_north,n00187,36.89,fitted axis,33.9,3.0,forward
blomfield_street/south_to_north/004_n00188_N.jpg,blomfield_street,south_to_north,n00188,36.89,fitted axis,34.18,2.7,forward
blomfield_street/south_to_north/005_n00189_N.jpg,blomfield_street,south_to_north,n00189,36.89,fitted axis,34.29,2.6,forward
blomfield_street/south_to_north/006_n00190_N.jpg,blomfield_street,south_to_north,n00190,36.89,fitted axis,34.45,2.4,forward
blomfield_street/south_to_north/007_n00191_N.jpg,blomfield_street,south_to_north,n00191,36.89,fitted axis,21.93,15.0,forward
blomfield_street/south_to_north/008_n00192_N.jpg,blomfield_street,south_to_north,n00192,36.89,fitted axis,42.27,-5.4,forward
blomfield_street/south_to_north/009_n00193_N.jpg,blomfield_street,south_to_north,n00193,36.89,fitted axis,42.27,-5.4,forward
bloomberg_arcade/east_to_west/001_n00194_W.jpg,bloomberg_arcade,east_to_west,n00194,308.67,fitted axis,313.69,-5.0,forward
bloomberg_arcade/east_to_west/002_n00196_W.jpg,bloomberg_arcade,east_to_west,n00196,308.67,fitted axis,306.61,2.1,forward
bloomberg_arcade/east_to_west/003_n00198_W.jpg,bloomberg_arcade,east_to_west,n00198,308.67,fitted axis,306.61,2.1,forward
bloomberg_arcade/east_to_west/004_n00195_W.jpg,bloomberg_arcade,east_to_west,n00195,308.67,fitted axis,308.41,0.3,forward
bloomberg_arcade/east_to_west/005_n00197_W.jpg,bloomberg_arcade,east_to_west,n00197,308.67,fitted axis,308.41,0.3,forward
bloomberg_arcade/west_to_east/001_n00197_E.jpg,bloomberg_arcade,west_to_east,n00197,128.67,fitted axis,128.41,0.3,forward
bloomberg_arcade/west_to_east/002_n00195_E.jpg,bloomberg_arcade,west_to_east,n00195,128.67,fitted axis,128.41,0.3,forward
bloomberg_arcade/west_to_east/003_n00198_E.jpg,bloomberg_arcade,west_to_east,n00198,128.67,fitted axis,126.61,2.1,forward
bloomberg_arcade/west_to_east/004_n00196_E.jpg,bloomberg_arcade,west_to_east,n00196,128.67,fitted axis,133.69,-5.0,forward
bloomberg_arcade/west_to_east/005_n00194_E.jpg,bloomberg_arcade,west_to_east,n00194,128.67,fitted axis,133.69,-5.0,forward
bond_court/east_to_west/001_n00201_W.jpg,bond_court,east_to_west,n00201,303.71,fitted axis,307.51,-3.8,forward
bond_court/east_to_west/002_n00199_W.jpg,bond_court,east_to_west,n00199,303.71,fitted axis,299.72,4.0,forward
bond_court/east_to_west/003_n00200_W.jpg,bond_court,east_to_west,n00200,303.71,fitted axis,127.51,176.2,reverse
bond_court/east_to_west/004_n00202_W.jpg,bond_court,east_to_west,n00202,303.71,fitted axis,307.51,-3.8,forward
bond_court/west_to_east/001_n00200_E.jpg,bond_court,west_to_east,n00200,123.71,fitted axis,119.72,4.0,forward
bond_court/west_to_east/002_n00202_E.jpg,bond_court,west_to_east,n00202,123.71,fitted axis,127.51,-3.8,forward
bond_court/west_to_east/003_n00199_E.jpg,bond_court,west_to_east,n00199,123.71,fitted axis,299.72,-176.0,reverse
bond_court/west_to_east/004_n00201_E.jpg,bond_court,west_to_east,n00201,123.71,fitted axis,127.51,-3.8,forward
botolph_alley/east_to_west/001_n00203_W.jpg,botolph_alley,east_to_west,n00203,297.86,fitted axis,297.86,0.0,forward
botolph_alley/east_to_west/002_n00204_W.jpg,botolph_alley,east_to_west,n00204,297.86,fitted axis,297.86,0.0,forward
botolph_alley/west_to_east/001_n00204_E.jpg,botolph_alley,west_to_east,n00204,117.86,fitted axis,117.86,0.0,forward
botolph_alley/west_to_east/002_n00203_E.jpg,botolph_alley,west_to_east,n00203,117.86,fitted axis,117.86,0.0,forward
botolph_lane/north_to_south/001_n00210_S.jpg,botolph_lane,north_to_south,n00210,193.27,fitted axis,193.63,-0.4,forward
botolph_lane/north_to_south/002_n00209_S.jpg,botolph_lane,north_to_south,n00209,193.27,fitted axis,194.6,-1.3,forward
botolph_lane/north_to_south/003_n00208_S.jpg,botolph_lane,north_to_south,n00208,193.27,fitted axis,194.47,-1.2,forward
botolph_lane/north_to_south/004_n00207_S.jpg,botolph_lane,north_to_south,n00207,193.27,fitted axis,194.57,-1.3,forward
botolph_lane/north_to_south/005_n00206_S.jpg,botolph_lane,north_to_south,n00206,193.27,fitted axis,187.0,6.3,forward
botolph_lane/north_to_south/006_n00205_S.jpg,botolph_lane,north_to_south,n00205,193.27,fitted axis,187.0,6.3,forward
botolph_lane/south_to_north/001_n00205_N.jpg,botolph_lane,south_to_north,n00205,13.27,fitted axis,7.0,6.3,forward
botolph_lane/south_to_north/002_n00206_N.jpg,botolph_lane,south_to_north,n00206,13.27,fitted axis,14.57,-1.3,forward
botolph_lane/south_to_north/003_n00207_N.jpg,botolph_lane,south_to_north,n00207,13.27,fitted axis,14.47,-1.2,forward
botolph_lane/south_to_north/004_n00208_N.jpg,botolph_lane,south_to_north,n00208,13.27,fitted axis,14.6,-1.3,forward
botolph_lane/south_to_north/005_n00209_N.jpg,botolph_lane,south_to_north,n00209,13.27,fitted axis,13.63,-0.4,forward
botolph_lane/south_to_north/006_n00210_N.jpg,botolph_lane,south_to_north,n00210,13.27,fitted axis,13.63,-0.4,forward
bow_churchyard/north_to_south/001_n00214_S.jpg,bow_churchyard,north_to_south,n00214,184.9,re-rendered,183.32,1.6,forward
bow_churchyard/north_to_south/002_n00213_S.jpg,bow_churchyard,north_to_south,n00213,184.9,re-rendered,141.89,43.0,forward
bow_churchyard/north_to_south/003_n00212_S.jpg,bow_churchyard,north_to_south,n00212,145.27,fitted axis,106.01,39.3,forward
bow_churchyard/north_to_south/004_n00211_S.jpg,bow_churchyard,north_to_south,n00211,107.2,re-rendered,106.01,1.2,forward
bow_churchyard/south_to_north/001_n00211_N.jpg,bow_churchyard,south_to_north,n00211,287.2,re-rendered,286.01,1.2,forward
bow_churchyard/south_to_north/002_n00212_N.jpg,bow_churchyard,south_to_north,n00212,325.27,fitted axis,321.89,3.4,forward
bow_churchyard/south_to_north/003_n00213_N.jpg,bow_churchyard,south_to_north,n00213,4.9,re-rendered,3.32,1.6,forward
bow_churchyard/south_to_north/004_n00214_N.jpg,bow_churchyard,south_to_north,n00214,4.9,re-rendered,3.32,1.6,forward
bow_lane/north_to_south/001_n00223_S.jpg,bow_lane,north_to_south,n00223,190.33,fitted axis,196.17,-5.8,forward
bow_lane/north_to_south/002_n00222_S.jpg,bow_lane,north_to_south,n00222,190.33,fitted axis,199.21,-8.9,forward
bow_lane/north_to_south/003_n00221_S.jpg,bow_lane,north_to_south,n00221,190.33,fitted axis,195.28,-4.9,forward
bow_lane/north_to_south/004_n00220_S.jpg,bow_lane,north_to_south,n00220,190.33,fitted axis,200.92,-10.6,forward
bow_lane/north_to_south/005_n00219_S.jpg,bow_lane,north_to_south,n00219,190.33,fitted axis,168.77,21.6,forward
bow_lane/north_to_south/006_n00218_S.jpg,bow_lane,north_to_south,n00218,190.33,fitted axis,192.13,-1.8,forward
bow_lane/north_to_south/007_n00217_S.jpg,bow_lane,north_to_south,n00217,190.33,fitted axis,170.99,19.3,forward
bow_lane/north_to_south/008_n00216_S.jpg,bow_lane,north_to_south,n00216,172.5,re-rendered,196.5,-24.0,forward
bow_lane/north_to_south/009_n00215_S.jpg,bow_lane,north_to_south,n00215,190.33,fitted axis,196.5,-6.2,forward
bow_lane/south_to_north/001_n00215_N.jpg,bow_lane,south_to_north,n00215,10.33,fitted axis,16.5,-6.2,forward
bow_lane/south_to_north/002_n00216_N.jpg,bow_lane,south_to_north,n00216,352.5,re-rendered,350.99,1.5,forward
bow_lane/south_to_north/003_n00217_N.jpg,bow_lane,south_to_north,n00217,10.33,fitted axis,12.13,-1.8,forward
bow_lane/south_to_north/004_n00218_N.jpg,bow_lane,south_to_north,n00218,10.33,fitted axis,348.77,21.6,forward
bow_lane/south_to_north/005_n00219_N.jpg,bow_lane,south_to_north,n00219,10.33,fitted axis,20.92,-10.6,forward
bow_lane/south_to_north/006_n00220_N.jpg,bow_lane,south_to_north,n00220,10.33,fitted axis,15.28,-4.9,forward
bow_lane/south_to_north/007_n00221_N.jpg,bow_lane,south_to_north,n00221,10.33,fitted axis,19.21,-8.9,forward
bow_lane/south_to_north/008_n00222_N.jpg,bow_lane,south_to_north,n00222,10.33,fitted axis,16.17,-5.8,forward
bow_lane/south_to_north/009_n00223_N.jpg,bow_lane,south_to_north,n00223,10.33,fitted axis,16.17,-5.8,forward
bread_street/north_to_south/001_n00235_S.jpg,bread_street,north_to_south,n00235,193.64,fitted axis,194.21,-0.6,forward
bread_street/north_to_south/002_n00234_S.jpg,bread_street,north_to_south,n00234,193.64,fitted axis,194.18,-0.5,forward
bread_street/north_to_south/003_n00233_S.jpg,bread_street,north_to_south,n00233,193.64,fitted axis,194.17,-0.5,forward
bread_street/north_to_south/004_n00232_S.jpg,bread_street,north_to_south,n00232,193.64,fitted axis,194.09,-0.5,forward
bread_street/north_to_south/005_n00231_S.jpg,bread_street,north_to_south,n00231,193.64,fitted axis,194.21,-0.6,forward
bread_street/north_to_south/006_n00230_S.jpg,bread_street,north_to_south,n00230,193.64,fitted axis,194.12,-0.5,forward
bread_street/north_to_south/007_n00229_S.jpg,bread_street,north_to_south,n00229,193.64,fitted axis,195.19,-1.6,forward
bread_street/north_to_south/008_n00227_S.jpg,bread_street,north_to_south,n00227,193.64,fitted axis,180.81,12.8,forward
bread_street/north_to_south/009_n00225_S.jpg,bread_street,north_to_south,n00225,193.64,fitted axis,180.81,12.8,forward
bread_street/north_to_south/010_n00228_S.jpg,bread_street,north_to_south,n00228,193.64,fitted axis,196.03,-2.4,forward
bread_street/north_to_south/011_n00226_S.jpg,bread_street,north_to_south,n00226,193.64,fitted axis,159.44,34.2,forward
bread_street/north_to_south/012_n00224_S.jpg,bread_street,north_to_south,n00224,160.9,re-rendered,159.44,1.5,forward
bread_street/south_to_north/001_n00224_N.jpg,bread_street,south_to_north,n00224,340.9,re-rendered,339.44,1.5,forward
bread_street/south_to_north/002_n00226_N.jpg,bread_street,south_to_north,n00226,13.64,fitted axis,16.03,-2.4,forward
bread_street/south_to_north/003_n00228_N.jpg,bread_street,south_to_north,n00228,13.64,fitted axis,16.03,-2.4,forward
bread_street/south_to_north/004_n00225_N.jpg,bread_street,south_to_north,n00225,13.64,fitted axis,0.81,12.8,forward
bread_street/south_to_north/005_n00227_N.jpg,bread_street,south_to_north,n00227,13.64,fitted axis,15.19,-1.6,forward
bread_street/south_to_north/006_n00229_N.jpg,bread_street,south_to_north,n00229,13.64,fitted axis,14.12,-0.5,forward
bread_street/south_to_north/007_n00230_N.jpg,bread_street,south_to_north,n00230,13.64,fitted axis,14.21,-0.6,forward
bread_street/south_to_north/008_n00231_N.jpg,bread_street,south_to_north,n00231,13.64,fitted axis,14.09,-0.5,forward
bread_street/south_to_north/009_n00232_N.jpg,bread_street,south_to_north,n00232,13.64,fitted axis,14.17,-0.5,forward
bread_street/south_to_north/010_n00233_N.jpg,bread_street,south_to_north,n00233,13.64,fitted axis,14.18,-0.5,forward
bread_street/south_to_north/011_n00234_N.jpg,bread_street,south_to_north,n00234,13.64,fitted axis,14.21,-0.6,forward
bread_street/south_to_north/012_n00235_N.jpg,bread_street,south_to_north,n00235,13.64,fitted axis,14.21,-0.6,forward
brewers_hall_garden/north_to_south/001_n00237_S.jpg,brewers_hall_garden,north_to_south,n00237,196.32,fitted axis,196.32,0.0,forward
brewers_hall_garden/north_to_south/002_n00236_S.jpg,brewers_hall_garden,north_to_south,n00236,196.32,fitted axis,196.32,0.0,forward
brewers_hall_garden/south_to_north/001_n00236_N.jpg,brewers_hall_garden,south_to_north,n00236,16.32,fitted axis,16.32,0.0,forward
brewers_hall_garden/south_to_north/002_n00237_N.jpg,brewers_hall_garden,south_to_north,n00237,16.32,fitted axis,16.32,0.0,forward
broad_street_avenue/east_to_west/001_n00238_W.jpg,broad_street_avenue,east_to_west,n00238,250.11,fitted axis,308.98,-58.9,forward
broad_street_avenue/east_to_west/002_n00239_W.jpg,broad_street_avenue,east_to_west,n00239,225.8,re-rendered,224.27,1.5,forward
broad_street_avenue/east_to_west/003_n00240_W.jpg,broad_street_avenue,east_to_west,n00240,250.11,fitted axis,224.27,25.8,forward
broad_street_avenue/west_to_east/001_n00240_E.jpg,broad_street_avenue,west_to_east,n00240,70.11,fitted axis,44.27,25.8,forward
broad_street_avenue/west_to_east/002_n00239_E.jpg,broad_street_avenue,west_to_east,n00239,45.8,re-rendered,128.98,-83.2,forward
broad_street_avenue/west_to_east/003_n00238_E.jpg,broad_street_avenue,west_to_east,n00238,70.11,fitted axis,128.98,-58.9,forward
broken_wharf/north_to_south/001_n00243_S.jpg,broken_wharf,north_to_south,n00243,193.99,fitted axis,193.2,0.8,forward
broken_wharf/north_to_south/002_n00242_S.jpg,broken_wharf,north_to_south,n00242,193.99,fitted axis,194.25,-0.3,forward
broken_wharf/north_to_south/003_n00241_S.jpg,broken_wharf,north_to_south,n00241,193.99,fitted axis,194.25,-0.3,forward
broken_wharf/south_to_north/001_n00241_N.jpg,broken_wharf,south_to_north,n00241,13.99,fitted axis,14.25,-0.3,forward
broken_wharf/south_to_north/002_n00242_N.jpg,broken_wharf,south_to_north,n00242,13.99,fitted axis,13.2,0.8,forward
broken_wharf/south_to_north/003_n00243_N.jpg,broken_wharf,south_to_north,n00243,13.99,fitted axis,13.2,0.8,forward
brown_s_buildings/east_to_west/001_n00244_W.jpg,brown_s_buildings,east_to_west,n00244,290.32,fitted axis,302.73,-12.4,forward
brown_s_buildings/east_to_west/002_n00245_W.jpg,brown_s_buildings,east_to_west,n00245,290.32,fitted axis,286.94,3.4,forward
brown_s_buildings/east_to_west/003_n00246_W.jpg,brown_s_buildings,east_to_west,n00246,290.32,fitted axis,286.56,3.8,forward
brown_s_buildings/east_to_west/004_n00247_W.jpg,brown_s_buildings,east_to_west,n00247,290.32,fitted axis,286.56,3.8,forward
brown_s_buildings/west_to_east/001_n00247_E.jpg,brown_s_buildings,west_to_east,n00247,110.32,fitted axis,106.56,3.8,forward
brown_s_buildings/west_to_east/002_n00246_E.jpg,brown_s_buildings,west_to_east,n00246,110.32,fitted axis,106.94,3.4,forward
brown_s_buildings/west_to_east/003_n00245_E.jpg,brown_s_buildings,west_to_east,n00245,110.32,fitted axis,122.73,-12.4,forward
brown_s_buildings/west_to_east/004_n00244_E.jpg,brown_s_buildings,west_to_east,n00244,110.32,fitted axis,122.73,-12.4,forward
bucklersbury/east_to_west/001_n00248_W.jpg,bucklersbury,east_to_west,n00248,295.6,fitted axis,282.89,12.7,forward
bucklersbury/east_to_west/002_n00249_W.jpg,bucklersbury,east_to_west,n00249,295.6,fitted axis,302.05,-6.4,forward
bucklersbury/east_to_west/003_n00250_W.jpg,bucklersbury,east_to_west,n00250,295.6,fitted axis,302.05,-6.4,forward
bucklersbury/west_to_east/001_n00250_E.jpg,bucklersbury,west_to_east,n00250,115.6,fitted axis,122.05,-6.4,forward
bucklersbury/west_to_east/002_n00249_E.jpg,bucklersbury,west_to_east,n00249,115.6,fitted axis,102.89,12.7,forward
bucklersbury/west_to_east/003_n00248_E.jpg,bucklersbury,west_to_east,n00248,115.6,fitted axis,102.89,12.7,forward
bull_s_head_passage/east_to_west/001_n00251_W.jpg,bull_s_head_passage,east_to_west,n00251,288.75,fitted axis,283.62,5.1,forward
bull_s_head_passage/east_to_west/002_n00252_W.jpg,bull_s_head_passage,east_to_west,n00252,288.75,fitted axis,293.27,-4.5,forward
bull_s_head_passage/east_to_west/003_n00253_W.jpg,bull_s_head_passage,east_to_west,n00253,288.75,fitted axis,293.27,-4.5,forward
bull_s_head_passage/west_to_east/001_n00253_E.jpg,bull_s_head_passage,west_to_east,n00253,108.75,fitted axis,113.27,-4.5,forward
bull_s_head_passage/west_to_east/002_n00252_E.jpg,bull_s_head_passage,west_to_east,n00252,108.75,fitted axis,103.62,5.1,forward
bull_s_head_passage/west_to_east/003_n00251_E.jpg,bull_s_head_passage,west_to_east,n00251,108.75,fitted axis,103.62,5.1,forward
bury_court/east_to_west/001_n00254_W.jpg,bury_court,east_to_west,n00254,297.07,fitted axis,300.66,-3.6,forward
bury_court/east_to_west/002_n00255_W.jpg,bury_court,east_to_west,n00255,297.07,fitted axis,291.23,5.8,forward
bury_court/east_to_west/003_n00256_W.jpg,bury_court,east_to_west,n00256,297.07,fitted axis,291.23,5.8,forward
bury_court/west_to_east/001_n00256_E.jpg,bury_court,west_to_east,n00256,117.07,fitted axis,111.23,5.8,forward
bury_court/west_to_east/002_n00255_E.jpg,bury_court,west_to_east,n00255,117.07,fitted axis,120.66,-3.6,forward
bury_court/west_to_east/003_n00254_E.jpg,bury_court,west_to_east,n00254,117.07,fitted axis,120.66,-3.6,forward
bush_lane/north_to_south/001_n00262_S.jpg,bush_lane,north_to_south,n00262,201.01,fitted axis,200.21,0.8,forward
bush_lane/north_to_south/002_n00261_S.jpg,bush_lane,north_to_south,n00261,201.01,fitted axis,206.27,-5.3,forward
bush_lane/north_to_south/003_n00260_S.jpg,bush_lane,north_to_south,n00260,201.01,fitted axis,211.93,-10.9,forward
bush_lane/north_to_south/004_n00259_S.jpg,bush_lane,north_to_south,n00259,201.01,fitted axis,210.98,-10.0,forward
bush_lane/north_to_south/005_n00258_S.jpg,bush_lane,north_to_south,n00258,201.01,fitted axis,133.29,67.7,forward
bush_lane/north_to_south/006_n00257_S.jpg,bush_lane,north_to_south,n00257,134.5,re-rendered,133.29,1.2,forward
bush_lane/south_to_north/001_n00257_N.jpg,bush_lane,south_to_north,n00257,314.5,re-rendered,313.29,1.2,forward
bush_lane/south_to_north/002_n00258_N.jpg,bush_lane,south_to_north,n00258,21.01,fitted axis,30.98,-10.0,forward
bush_lane/south_to_north/003_n00259_N.jpg,bush_lane,south_to_north,n00259,21.01,fitted axis,31.93,-10.9,forward
bush_lane/south_to_north/004_n00260_N.jpg,bush_lane,south_to_north,n00260,21.01,fitted axis,26.27,-5.3,forward
bush_lane/south_to_north/005_n00261_N.jpg,bush_lane,south_to_north,n00261,21.01,fitted axis,20.21,0.8,forward
bush_lane/south_to_north/006_n00262_N.jpg,bush_lane,south_to_north,n00262,21.01,fitted axis,20.21,0.8,forward
byward_street/east_to_west/001_n00277_W.jpg,byward_street,east_to_west,n00277,271.7,re-rendered,270.31,1.4,forward
byward_street/east_to_west/002_n00275_W.jpg,byward_street,east_to_west,n00275,271.7,re-rendered,214.41,57.3,forward
byward_street/east_to_west/003_n00278_W.jpg,byward_street,east_to_west,n00278,246.35,fitted axis,58.47,-172.1,reverse
byward_street/east_to_west/004_n00273_W.jpg,byward_street,east_to_west,n00273,246.35,fitted axis,215.81,30.5,forward
byward_street/east_to_west/005_n00276_W.jpg,byward_street,east_to_west,n00276,246.35,fitted axis,352.85,-106.5,reverse
byward_street/east_to_west/006_n00274_W.jpg,byward_street,east_to_west,n00274,246.35,fitted axis,236.85,9.5,forward
byward_street/east_to_west/007_n00271_W.jpg,byward_street,east_to_west,n00271,246.35,fitted axis,239.85,6.5,forward
byward_street/east_to_west/008_n00269_W.jpg,byward_street,east_to_west,n00269,246.35,fitted axis,236.65,9.7,forward
byward_street/east_to_west/009_n00272_W.jpg,byward_street,east_to_west,n00272,246.35,fitted axis,42.23,-155.9,reverse
byward_street/east_to_west/010_n00267_W.jpg,byward_street,east_to_west,n00267,246.35,fitted axis,252.32,-6.0,forward
byward_street/east_to_west/011_n00270_W.jpg,byward_street,east_to_west,n00270,246.35,fitted axis,60.47,-174.1,reverse
byward_street/east_to_west/012_n00268_W.jpg,byward_street,east_to_west,n00268,246.35,fitted axis,44.26,-157.9,reverse
byward_street/east_to_west/013_n00265_W.jpg,byward_street,east_to_west,n00265,246.35,fitted axis,253.39,-7.0,forward
byward_street/east_to_west/014_n00263_W.jpg,byward_street,east_to_west,n00263,246.35,fitted axis,65.4,-179.1,reverse
byward_street/east_to_west/015_n00266_W.jpg,byward_street,east_to_west,n00266,246.35,fitted axis,71.01,175.3,reverse
byward_street/east_to_west/016_n00264_W.jpg,byward_street,east_to_west,n00264,246.35,fitted axis,65.4,-179.1,reverse
byward_street/west_to_east/001_n00264_E.jpg,byward_street,west_to_east,n00264,66.35,fitted axis,65.4,0.9,forward
byward_street/west_to_east/002_n00266_E.jpg,byward_street,west_to_east,n00266,66.35,fitted axis,71.01,-4.7,forward
byward_street/west_to_east/003_n00263_E.jpg,byward_street,west_to_east,n00263,66.35,fitted axis,181.75,-115.4,reverse
byward_street/west_to_east/004_n00265_E.jpg,byward_street,west_to_east,n00265,66.35,fitted axis,132.65,-66.3,forward
byward_street/west_to_east/005_n00268_E.jpg,byward_street,west_to_east,n00268,66.35,fitted axis,44.26,22.1,forward
byward_street/west_to_east/006_n00270_E.jpg,byward_street,west_to_east,n00270,66.35,fitted axis,60.47,5.9,forward
byward_street/west_to_east/007_n00267_E.jpg,byward_street,west_to_east,n00267,66.35,fitted axis,183.98,-117.6,reverse
byward_street/west_to_east/008_n00272_E.jpg,byward_street,west_to_east,n00272,66.35,fitted axis,42.23,24.1,forward
byward_street/west_to_east/009_n00269_E.jpg,byward_street,west_to_east,n00269,66.35,fitted axis,187.08,-120.7,reverse
byward_street/west_to_east/010_n00271_E.jpg,byward_street,west_to_east,n00271,66.35,fitted axis,140.77,-74.4,forward
byward_street/west_to_east/011_n00274_E.jpg,byward_street,west_to_east,n00274,66.35,fitted axis,35.81,30.5,forward
byward_street/west_to_east/012_n00276_E.jpg,byward_street,west_to_east,n00276,66.35,fitted axis,34.41,31.9,forward
byward_street/west_to_east/013_n00273_E.jpg,byward_street,west_to_east,n00273,66.35,fitted axis,172.85,-106.5,reverse
byward_street/west_to_east/014_n00278_E.jpg,byward_street,west_to_east,n00278,66.35,fitted axis,58.47,7.9,forward
byward_street/west_to_east/015_n00275_E.jpg,byward_street,west_to_east,n00275,91.7,re-rendered,164.32,-72.6,forward
byward_street/west_to_east/016_n00277_E.jpg,byward_street,west_to_east,n00277,91.7,re-rendered,58.47,33.2,forward
camomile_street/east_to_west/001_n00279_W.jpg,camomile_street,east_to_west,n00279,303.24,fitted axis,311.63,-8.4,forward
camomile_street/east_to_west/002_n00281_W.jpg,camomile_street,east_to_west,n00281,303.24,fitted axis,309.26,-6.0,forward
camomile_street/east_to_west/003_n00283_W.jpg,camomile_street,east_to_west,n00283,303.24,fitted axis,308.9,-5.7,forward
camomile_street/east_to_west/004_n00285_W.jpg,camomile_street,east_to_west,n00285,303.24,fitted axis,301.32,1.9,forward
camomile_street/east_to_west/005_n00286_W.jpg,camomile_street,east_to_west,n00286,303.24,fitted axis,293.64,9.6,forward
camomile_street/east_to_west/006_n00280_W.jpg,camomile_street,east_to_west,n00280,303.24,fitted axis,290.9,12.3,forward
camomile_street/east_to_west/007_n00287_W.jpg,camomile_street,east_to_west,n00287,303.24,fitted axis,291.66,11.6,forward
camomile_street/east_to_west/008_n00282_W.jpg,camomile_street,east_to_west,n00282,303.24,fitted axis,292.4,10.8,forward
camomile_street/east_to_west/009_n00288_W.jpg,camomile_street,east_to_west,n00288,303.24,fitted axis,292.25,11.0,forward
camomile_street/east_to_west/010_n00284_W.jpg,camomile_street,east_to_west,n00284,303.24,fitted axis,292.4,10.8,forward
camomile_street/east_to_west/011_n00289_W.jpg,camomile_street,east_to_west,n00289,303.24,fitted axis,292.25,11.0,forward
camomile_street/west_to_east/001_n00289_E.jpg,camomile_street,west_to_east,n00289,123.24,fitted axis,112.25,11.0,forward
camomile_street/west_to_east/002_n00284_E.jpg,camomile_street,west_to_east,n00284,123.24,fitted axis,112.4,10.8,forward
camomile_street/west_to_east/003_n00288_E.jpg,camomile_street,west_to_east,n00288,123.24,fitted axis,111.66,11.6,forward
camomile_street/west_to_east/004_n00282_E.jpg,camomile_street,west_to_east,n00282,123.24,fitted axis,110.9,12.3,forward
camomile_street/west_to_east/005_n00287_E.jpg,camomile_street,west_to_east,n00287,123.24,fitted axis,113.64,9.6,forward
camomile_street/west_to_east/006_n00280_E.jpg,camomile_street,west_to_east,n00280,123.24,fitted axis,110.9,12.3,forward
camomile_street/west_to_east/007_n00286_E.jpg,camomile_street,west_to_east,n00286,123.24,fitted axis,121.32,1.9,forward
camomile_street/west_to_east/008_n00285_E.jpg,camomile_street,west_to_east,n00285,123.24,fitted axis,128.9,-5.7,forward
camomile_street/west_to_east/009_n00283_E.jpg,camomile_street,west_to_east,n00283,123.24,fitted axis,129.26,-6.0,forward
camomile_street/west_to_east/010_n00281_E.jpg,camomile_street,west_to_east,n00281,123.24,fitted axis,131.63,-8.4,forward
camomile_street/west_to_east/011_n00279_E.jpg,camomile_street,west_to_east,n00279,123.24,fitted axis,131.63,-8.4,forward
cannon_street/east_to_west/001_n00290_W.jpg,cannon_street,east_to_west,n00290,286.78,fitted axis,291.94,-5.2,forward
cannon_street/east_to_west/002_n00291_W.jpg,cannon_street,east_to_west,n00291,286.78,fitted axis,276.62,10.2,forward
cannon_street/east_to_west/003_n00294_W.jpg,cannon_street,east_to_west,n00294,286.78,fitted axis,291.49,-4.7,forward
cannon_street/east_to_west/004_n00295_W.jpg,cannon_street,east_to_west,n00295,286.78,fitted axis,276.62,10.2,forward
cannon_street/east_to_west/005_n00298_W.jpg,cannon_street,east_to_west,n00298,286.78,fitted axis,288.11,-1.3,forward
cannon_street/east_to_west/006_n00301_W.jpg,cannon_street,east_to_west,n00301,286.78,fitted axis,286.15,0.6,forward
cannon_street/east_to_west/007_n00303_W.jpg,cannon_street,east_to_west,n00303,286.78,fitted axis,285.79,1.0,forward
cannon_street/east_to_west/008_n00305_W.jpg,cannon_street,east_to_west,n00305,286.78,fitted axis,285.94,0.8,forward
cannon_street/east_to_west/009_n00306_W.jpg,cannon_street,east_to_west,n00306,286.78,fitted axis,279.79,7.0,forward
cannon_street/east_to_west/010_n00307_W.jpg,cannon_street,east_to_west,n00307,286.78,fitted axis,282.69,4.1,forward
cannon_street/east_to_west/011_n00308_W.jpg,cannon_street,east_to_west,n00308,286.78,fitted axis,286.97,-0.2,forward
cannon_street/east_to_west/012_n00309_W.jpg,cannon_street,east_to_west,n00309,286.78,fitted axis,290.12,-3.3,forward
cannon_street/east_to_west/013_n00310_W.jpg,cannon_street,east_to_west,n00310,286.78,fitted axis,285.58,1.2,forward
cannon_street/east_to_west/014_n00311_W.jpg,cannon_street,east_to_west,n00311,286.78,fitted axis,281.36,5.4,forward
cannon_street/east_to_west/015_n00312_W.jpg,cannon_street,east_to_west,n00312,286.78,fitted axis,294.15,-7.4,forward
cannon_street/east_to_west/016_n00313_W.jpg,cannon_street,east_to_west,n00313,286.78,fitted axis,285.21,1.6,forward
cannon_street/east_to_west/017_n00314_W.jpg,cannon_street,east_to_west,n00314,286.78,fitted axis,285.4,1.4,forward
cannon_street/east_to_west/018_n00315_W.jpg,cannon_street,east_to_west,n00315,286.78,fitted axis,288.45,-1.7,forward
cannon_street/east_to_west/019_n00316_W.jpg,cannon_street,east_to_west,n00316,286.78,fitted axis,287.86,-1.1,forward
cannon_street/east_to_west/020_n00317_W.jpg,cannon_street,east_to_west,n00317,286.78,fitted axis,291.11,-4.3,forward
cannon_street/east_to_west/021_n00318_W.jpg,cannon_street,east_to_west,n00318,286.78,fitted axis,288.63,-1.9,forward
cannon_street/east_to_west/022_n00319_W.jpg,cannon_street,east_to_west,n00319,286.78,fitted axis,286.22,0.6,forward
cannon_street/east_to_west/023_n00320_W.jpg,cannon_street,east_to_west,n00320,286.78,fitted axis,285.8,1.0,forward
cannon_street/east_to_west/024_n00321_W.jpg,cannon_street,east_to_west,n00321,286.78,fitted axis,288.94,-2.2,forward
cannon_street/east_to_west/025_n00322_W.jpg,cannon_street,east_to_west,n00322,286.78,fitted axis,283.46,3.3,forward
cannon_street/east_to_west/026_n00323_W.jpg,cannon_street,east_to_west,n00323,286.78,fitted axis,286.04,0.7,forward
cannon_street/east_to_west/027_n00292_W.jpg,cannon_street,east_to_west,n00292,307.3,re-rendered,305.87,1.4,forward
cannon_street/east_to_west/028_n00324_W.jpg,cannon_street,east_to_west,n00324,286.78,fitted axis,287.03,-0.2,forward
cannon_street/east_to_west/029_n00296_W.jpg,cannon_street,east_to_west,n00296,286.78,fitted axis,300.38,-13.6,forward
cannon_street/east_to_west/030_n00325_W.jpg,cannon_street,east_to_west,n00325,286.78,fitted axis,279.05,7.7,forward
cannon_street/east_to_west/031_n00299_W.jpg,cannon_street,east_to_west,n00299,286.78,fitted axis,282.47,4.3,forward
cannon_street/east_to_west/032_n00326_W.jpg,cannon_street,east_to_west,n00326,286.78,fitted axis,297.83,-11.0,forward
cannon_street/east_to_west/033_n00302_W.jpg,cannon_street,east_to_west,n00302,286.78,fitted axis,278.4,8.4,forward
cannon_street/east_to_west/034_n00327_W.jpg,cannon_street,east_to_west,n00327,286.78,fitted axis,285.14,1.6,forward
cannon_street/east_to_west/035_n00304_W.jpg,cannon_street,east_to_west,n00304,286.78,fitted axis,278.4,8.4,forward
cannon_street/east_to_west/036_n00328_W.jpg,cannon_street,east_to_west,n00328,307.6,re-rendered,306.31,1.3,forward
cannon_street/east_to_west/037_n00329_W.jpg,cannon_street,east_to_west,n00329,286.78,fitted axis,286.94,-0.2,forward
cannon_street/east_to_west/038_n00330_W.jpg,cannon_street,east_to_west,n00330,286.78,fitted axis,282.54,4.2,forward
cannon_street/east_to_west/039_n00293_W.jpg,cannon_street,east_to_west,n00293,286.78,fitted axis,291.28,-4.5,forward
cannon_street/east_to_west/040_n00331_W.jpg,cannon_street,east_to_west,n00331,286.78,fitted axis,266.64,20.1,forward
cannon_street/east_to_west/041_n00332_W.jpg,cannon_street,east_to_west,n00332,286.78,fitted axis,288.51,-1.7,forward
cannon_street/east_to_west/042_n00297_W.jpg,cannon_street,east_to_west,n00297,286.78,fitted axis,279.02,7.8,forward
cannon_street/east_to_west/043_n00300_W.jpg,cannon_street,east_to_west,n00300,286.78,fitted axis,279.02,7.8,forward
cannon_street/east_to_west/044_n00333_W.jpg,cannon_street,east_to_west,n00333,286.78,fitted axis,282.41,4.4,forward
cannon_street/east_to_west/045_n00334_W.jpg,cannon_street,east_to_west,n00334,286.78,fitted axis,272.29,14.5,forward
cannon_street/east_to_west/046_n00335_W.jpg,cannon_street,east_to_west,n00335,286.78,fitted axis,301.17,-14.4,forward
cannon_street/east_to_west/047_n00336_W.jpg,cannon_street,east_to_west,n00336,286.78,fitted axis,271.98,14.8,forward
cannon_street/east_to_west/048_n00337_W.jpg,cannon_street,east_to_west,n00337,286.78,fitted axis,286.77,0.0,forward
cannon_street/east_to_west/049_n00338_W.jpg,cannon_street,east_to_west,n00338,286.78,fitted axis,286.77,0.0,forward
cannon_street/west_to_east/001_n00338_E.jpg,cannon_street,west_to_east,n00338,106.78,fitted axis,106.77,0.0,forward
cannon_street/west_to_east/002_n00337_E.jpg,cannon_street,west_to_east,n00337,106.78,fitted axis,91.98,14.8,forward
cannon_street/west_to_east/003_n00336_E.jpg,cannon_street,west_to_east,n00336,106.78,fitted axis,121.17,-14.4,forward
cannon_street/west_to_east/004_n00335_E.jpg,cannon_street,west_to_east,n00335,106.78,fitted axis,92.29,14.5,forward
cannon_street/west_to_east/005_n00334_E.jpg,cannon_street,west_to_east,n00334,106.78,fitted axis,102.41,4.4,forward
cannon_street/west_to_east/006_n00333_E.jpg,cannon_street,west_to_east,n00333,106.78,fitted axis,108.51,-1.7,forward
cannon_street/west_to_east/007_n00300_E.jpg,cannon_street,west_to_east,n00300,106.78,fitted axis,99.02,7.8,forward
cannon_street/west_to_east/008_n00297_E.jpg,cannon_street,west_to_east,n00297,106.78,fitted axis,111.28,-4.5,forward
cannon_street/west_to_east/009_n00332_E.jpg,cannon_street,west_to_east,n00332,106.78,fitted axis,86.64,20.1,forward
cannon_street/west_to_east/010_n00293_E.jpg,cannon_street,west_to_east,n00293,106.78,fitted axis,111.28,-4.5,forward
cannon_street/west_to_east/011_n00331_E.jpg,cannon_street,west_to_east,n00331,106.78,fitted axis,102.54,4.2,forward
cannon_street/west_to_east/012_n00330_E.jpg,cannon_street,west_to_east,n00330,106.78,fitted axis,106.94,-0.2,forward
cannon_street/west_to_east/013_n00329_E.jpg,cannon_street,west_to_east,n00329,106.78,fitted axis,126.31,-19.5,forward
cannon_street/west_to_east/014_n00328_E.jpg,cannon_street,west_to_east,n00328,127.6,re-rendered,105.14,22.5,forward
cannon_street/west_to_east/015_n00304_E.jpg,cannon_street,west_to_east,n00304,106.78,fitted axis,98.4,8.4,forward
cannon_street/west_to_east/016_n00327_E.jpg,cannon_street,west_to_east,n00327,106.78,fitted axis,117.83,-11.0,forward
cannon_street/west_to_east/017_n00302_E.jpg,cannon_street,west_to_east,n00302,106.78,fitted axis,102.47,4.3,forward
cannon_street/west_to_east/018_n00326_E.jpg,cannon_street,west_to_east,n00326,106.78,fitted axis,99.05,7.7,forward
cannon_street/west_to_east/019_n00299_E.jpg,cannon_street,west_to_east,n00299,106.78,fitted axis,120.38,-13.6,forward
cannon_street/west_to_east/020_n00325_E.jpg,cannon_street,west_to_east,n00325,106.78,fitted axis,107.03,-0.2,forward
cannon_street/west_to_east/021_n00296_E.jpg,cannon_street,west_to_east,n00296,106.78,fitted axis,125.87,-19.1,forward
cannon_street/west_to_east/022_n00324_E.jpg,cannon_street,west_to_east,n00324,106.78,fitted axis,106.04,0.7,forward
cannon_street/west_to_east/023_n00292_E.jpg,cannon_street,west_to_east,n00292,127.3,re-rendered,125.87,1.4,forward
cannon_street/west_to_east/024_n00323_E.jpg,cannon_street,west_to_east,n00323,106.78,fitted axis,103.46,3.3,forward
cannon_street/west_to_east/025_n00322_E.jpg,cannon_street,west_to_east,n00322,106.78,fitted axis,108.94,-2.2,forward
cannon_street/west_to_east/026_n00321_E.jpg,cannon_street,west_to_east,n00321,106.78,fitted axis,105.8,1.0,forward
cannon_street/west_to_east/027_n00320_E.jpg,cannon_street,west_to_east,n00320,106.78,fitted axis,106.22,0.6,forward
cannon_street/west_to_east/028_n00319_E.jpg,cannon_street,west_to_east,n00319,106.78,fitted axis,108.63,-1.9,forward
cannon_street/west_to_east/029_n00318_E.jpg,cannon_street,west_to_east,n00318,106.78,fitted axis,111.11,-4.3,forward
cannon_street/west_to_east/030_n00317_E.jpg,cannon_street,west_to_east,n00317,106.78,fitted axis,107.86,-1.1,forward
cannon_street/west_to_east/031_n00316_E.jpg,cannon_street,west_to_east,n00316,106.78,fitted axis,108.45,-1.7,forward
cannon_street/west_to_east/032_n00315_E.jpg,cannon_street,west_to_east,n00315,106.78,fitted axis,105.4,1.4,forward
cannon_street/west_to_east/033_n00314_E.jpg,cannon_street,west_to_east,n00314,106.78,fitted axis,105.21,1.6,forward
cannon_street/west_to_east/034_n00313_E.jpg,cannon_street,west_to_east,n00313,106.78,fitted axis,114.15,-7.4,forward
cannon_street/west_to_east/035_n00312_E.jpg,cannon_street,west_to_east,n00312,106.78,fitted axis,101.36,5.4,forward
cannon_street/west_to_east/036_n00311_E.jpg,cannon_street,west_to_east,n00311,106.78,fitted axis,105.58,1.2,forward
cannon_street/west_to_east/037_n00310_E.jpg,cannon_street,west_to_east,n00310,106.78,fitted axis,110.12,-3.3,forward
cannon_street/west_to_east/038_n00309_E.jpg,cannon_street,west_to_east,n00309,106.78,fitted axis,106.97,-0.2,forward
cannon_street/west_to_east/039_n00308_E.jpg,cannon_street,west_to_east,n00308,106.78,fitted axis,102.69,4.1,forward
cannon_street/west_to_east/040_n00307_E.jpg,cannon_street,west_to_east,n00307,106.78,fitted axis,99.79,7.0,forward
cannon_street/west_to_east/041_n00306_E.jpg,cannon_street,west_to_east,n00306,106.78,fitted axis,105.94,0.8,forward
cannon_street/west_to_east/042_n00305_E.jpg,cannon_street,west_to_east,n00305,106.78,fitted axis,105.79,1.0,forward
cannon_street/west_to_east/043_n00303_E.jpg,cannon_street,west_to_east,n00303,106.78,fitted axis,106.15,0.6,forward
cannon_street/west_to_east/044_n00301_E.jpg,cannon_street,west_to_east,n00301,106.78,fitted axis,108.11,-1.3,forward
cannon_street/west_to_east/045_n00298_E.jpg,cannon_street,west_to_east,n00298,106.78,fitted axis,111.49,-4.7,forward
cannon_street/west_to_east/046_n00294_E.jpg,cannon_street,west_to_east,n00294,106.78,fitted axis,111.94,-5.2,forward
cannon_street/west_to_east/047_n00295_E.jpg,cannon_street,west_to_east,n00295,106.78,fitted axis,96.62,10.2,forward
cannon_street/west_to_east/048_n00291_E.jpg,cannon_street,west_to_east,n00291,106.78,fitted axis,96.62,10.2,forward
cannon_street/west_to_east/049_n00290_E.jpg,cannon_street,west_to_east,n00290,106.78,fitted axis,111.94,-5.2,forward
carey_lane/east_to_west/001_n00339_W.jpg,carey_lane,east_to_west,n00339,275.69,fitted axis,257.61,18.1,forward
carey_lane/east_to_west/002_n00340_W.jpg,carey_lane,east_to_west,n00340,275.69,fitted axis,279.69,-4.0,forward
carey_lane/east_to_west/003_n00341_W.jpg,carey_lane,east_to_west,n00341,275.69,fitted axis,281.16,-5.5,forward
carey_lane/east_to_west/004_n00342_W.jpg,carey_lane,east_to_west,n00342,275.69,fitted axis,281.16,-5.5,forward
carey_lane/west_to_east/001_n00342_E.jpg,carey_lane,west_to_east,n00342,95.69,fitted axis,101.16,-5.5,forward
carey_lane/west_to_east/002_n00341_E.jpg,carey_lane,west_to_east,n00341,95.69,fitted axis,99.69,-4.0,forward
carey_lane/west_to_east/003_n00340_E.jpg,carey_lane,west_to_east,n00340,95.69,fitted axis,77.61,18.1,forward
carey_lane/west_to_east/004_n00339_E.jpg,carey_lane,west_to_east,n00339,95.69,fitted axis,77.61,18.1,forward
carter_lane/east_to_west/001_n00343_W.jpg,carter_lane,east_to_west,n00343,261.36,fitted axis,249.04,12.3,forward
carter_lane/east_to_west/002_n00344_W.jpg,carter_lane,east_to_west,n00344,261.36,fitted axis,262.55,-1.2,forward
carter_lane/east_to_west/003_n00345_W.jpg,carter_lane,east_to_west,n00345,261.36,fitted axis,276.02,-14.7,forward
carter_lane/east_to_west/004_n00346_W.jpg,carter_lane,east_to_west,n00346,261.36,fitted axis,276.02,-14.7,forward
carter_lane/west_to_east/001_n00346_E.jpg,carter_lane,west_to_east,n00346,81.36,fitted axis,96.02,-14.7,forward
carter_lane/west_to_east/002_n00345_E.jpg,carter_lane,west_to_east,n00345,81.36,fitted axis,82.55,-1.2,forward
carter_lane/west_to_east/003_n00344_E.jpg,carter_lane,west_to_east,n00344,81.36,fitted axis,69.04,12.3,forward
carter_lane/west_to_east/004_n00343_E.jpg,carter_lane,west_to_east,n00343,81.36,fitted axis,69.04,12.3,forward
castle_baynard_street/east_to_west/001_n00347_W.jpg,castle_baynard_street,east_to_west,n00347,274.75,fitted axis,275.56,-0.8,forward
castle_baynard_street/east_to_west/002_n00348_W.jpg,castle_baynard_street,east_to_west,n00348,274.75,fitted axis,276.31,-1.6,forward
castle_baynard_street/east_to_west/003_n00349_W.jpg,castle_baynard_street,east_to_west,n00349,274.75,fitted axis,288.32,-13.6,forward
castle_baynard_street/east_to_west/004_n00350_W.jpg,castle_baynard_street,east_to_west,n00350,274.75,fitted axis,260.19,14.6,forward
castle_baynard_street/east_to_west/005_n00351_W.jpg,castle_baynard_street,east_to_west,n00351,274.75,fitted axis,272.58,2.2,forward
castle_baynard_street/east_to_west/006_n00352_W.jpg,castle_baynard_street,east_to_west,n00352,274.75,fitted axis,272.58,2.2,forward
castle_baynard_street/west_to_east/001_n00352_E.jpg,castle_baynard_street,west_to_east,n00352,94.75,fitted axis,92.58,2.2,forward
castle_baynard_street/west_to_east/002_n00351_E.jpg,castle_baynard_street,west_to_east,n00351,94.75,fitted axis,80.19,14.6,forward
castle_baynard_street/west_to_east/003_n00350_E.jpg,castle_baynard_street,west_to_east,n00350,94.75,fitted axis,108.32,-13.6,forward
castle_baynard_street/west_to_east/004_n00349_E.jpg,castle_baynard_street,west_to_east,n00349,94.75,fitted axis,96.31,-1.6,forward
castle_baynard_street/west_to_east/005_n00348_E.jpg,castle_baynard_street,west_to_east,n00348,94.75,fitted axis,95.56,-0.8,forward
castle_baynard_street/west_to_east/006_n00347_E.jpg,castle_baynard_street,west_to_east,n00347,94.75,fitted axis,95.56,-0.8,forward
cavendish_court/north_to_south/001_n00355_S.jpg,cavendish_court,north_to_south,n00355,194.74,fitted axis,206.51,-11.8,forward
cavendish_court/north_to_south/002_n00354_S.jpg,cavendish_court,north_to_south,n00354,194.74,fitted axis,181.46,13.3,forward
cavendish_court/north_to_south/003_n00353_S.jpg,cavendish_court,north_to_south,n00353,194.74,fitted axis,181.46,13.3,forward
cavendish_court/south_to_north/001_n00353_N.jpg,cavendish_court,south_to_north,n00353,14.74,fitted axis,1.46,13.3,forward
cavendish_court/south_to_north/002_n00354_N.jpg,cavendish_court,south_to_north,n00354,14.74,fitted axis,26.51,-11.8,forward
cavendish_court/south_to_north/003_n00355_N.jpg,cavendish_court,south_to_north,n00355,14.74,fitted axis,26.51,-11.8,forward
change_alley/east_to_west/001_n00356_W.jpg,change_alley,east_to_west,n00356,286.99,fitted axis,286.99,0.0,forward
change_alley/east_to_west/002_n00357_W.jpg,change_alley,east_to_west,n00357,286.99,fitted axis,286.99,0.0,forward
change_alley/west_to_east/001_n00357_E.jpg,change_alley,west_to_east,n00357,106.99,fitted axis,106.99,0.0,forward
change_alley/west_to_east/002_n00356_E.jpg,change_alley,west_to_east,n00356,106.99,fitted axis,106.99,0.0,forward
cheapside/east_to_west/001_n00358_W.jpg,cheapside,east_to_west,n00358,287.6,fitted axis,281.85,5.7,forward
cheapside/east_to_west/002_n00360_W.jpg,cheapside,east_to_west,n00360,287.6,fitted axis,281.83,5.8,forward
cheapside/east_to_west/003_n00362_W.jpg,cheapside,east_to_west,n00362,287.6,fitted axis,281.54,6.1,forward
cheapside/east_to_west/004_n00364_W.jpg,cheapside,east_to_west,n00364,287.6,fitted axis,288.08,-0.5,forward
cheapside/east_to_west/005_n00366_W.jpg,cheapside,east_to_west,n00366,287.6,fitted axis,277.13,10.5,forward
cheapside/east_to_west/006_n00368_W.jpg,cheapside,east_to_west,n00368,287.6,fitted axis,282.04,5.6,forward
cheapside/east_to_west/007_n00369_W.jpg,cheapside,east_to_west,n00369,287.6,fitted axis,281.55,6.0,forward
cheapside/east_to_west/008_n00370_W.jpg,cheapside,east_to_west,n00370,287.6,fitted axis,286.36,1.2,forward
cheapside/east_to_west/009_n00371_W.jpg,cheapside,east_to_west,n00371,287.6,fitted axis,283.21,4.4,forward
cheapside/east_to_west/010_n00372_W.jpg,cheapside,east_to_west,n00372,287.6,fitted axis,283.56,4.0,forward
cheapside/east_to_west/011_n00373_W.jpg,cheapside,east_to_west,n00373,287.6,fitted axis,281.51,6.1,forward
cheapside/east_to_west/012_n00374_W.jpg,cheapside,east_to_west,n00374,287.6,fitted axis,286.44,1.2,forward
cheapside/east_to_west/013_n00375_W.jpg,cheapside,east_to_west,n00375,287.6,fitted axis,283.0,4.6,forward
cheapside/east_to_west/014_n00376_W.jpg,cheapside,east_to_west,n00376,287.6,fitted axis,284.18,3.4,forward
cheapside/east_to_west/015_n00377_W.jpg,cheapside,east_to_west,n00377,287.6,fitted axis,283.77,3.8,forward
cheapside/east_to_west/016_n00378_W.jpg,cheapside,east_to_west,n00378,287.6,fitted axis,282.26,5.3,forward
cheapside/east_to_west/017_n00379_W.jpg,cheapside,east_to_west,n00379,287.6,fitted axis,285.45,2.1,forward
cheapside/east_to_west/018_n00380_W.jpg,cheapside,east_to_west,n00380,287.6,fitted axis,284.28,3.3,forward
cheapside/east_to_west/019_n00381_W.jpg,cheapside,east_to_west,n00381,287.6,fitted axis,288.68,-1.1,forward
cheapside/east_to_west/020_n00382_W.jpg,cheapside,east_to_west,n00382,287.6,fitted axis,297.54,-9.9,forward
cheapside/east_to_west/021_n00383_W.jpg,cheapside,east_to_west,n00383,316.7,re-rendered,315.22,1.5,forward
cheapside/east_to_west/022_n00359_W.jpg,cheapside,east_to_west,n00359,326.6,re-rendered,325.26,1.3,forward
cheapside/east_to_west/023_n00384_W.jpg,cheapside,east_to_west,n00384,287.6,fitted axis,290.03,-2.4,forward
cheapside/east_to_west/024_n00361_W.jpg,cheapside,east_to_west,n00361,330.1,re-rendered,328.53,1.6,forward
cheapside/east_to_west/025_n00385_W.jpg,cheapside,east_to_west,n00385,316.5,re-rendered,315.12,1.4,forward
cheapside/east_to_west/026_n00363_W.jpg,cheapside,east_to_west,n00363,341.9,re-rendered,340.52,1.4,forward
cheapside/east_to_west/027_n00386_W.jpg,cheapside,east_to_west,n00386,308.0,re-rendered,306.62,1.4,forward
cheapside/east_to_west/028_n00365_W.jpg,cheapside,east_to_west,n00365,359.4,re-rendered,357.96,1.4,forward
cheapside/east_to_west/029_n00367_W.jpg,cheapside,east_to_west,n00367,359.4,re-rendered,357.96,1.4,forward
cheapside/east_to_west/030_n00387_W.jpg,cheapside,east_to_west,n00387,308.0,re-rendered,306.62,1.4,forward
cheapside/west_to_east/001_n00387_E.jpg,cheapside,west_to_east,n00387,128.0,re-rendered,126.62,1.4,forward
cheapside/west_to_east/002_n00367_E.jpg,cheapside,west_to_east,n00367,179.4,re-rendered,177.96,1.4,forward
cheapside/west_to_east/003_n00365_E.jpg,cheapside,west_to_east,n00365,179.4,re-rendered,160.52,18.9,forward
cheapside/west_to_east/004_n00386_E.jpg,cheapside,west_to_east,n00386,128.0,re-rendered,135.12,-7.1,forward
cheapside/west_to_east/005_n00363_E.jpg,cheapside,west_to_east,n00363,161.9,re-rendered,148.53,13.4,forward
cheapside/west_to_east/006_n00385_E.jpg,cheapside,west_to_east,n00385,136.5,re-rendered,110.03,26.5,forward
cheapside/west_to_east/007_n00361_E.jpg,cheapside,west_to_east,n00361,150.1,re-rendered,145.26,4.8,forward
cheapside/west_to_east/008_n00384_E.jpg,cheapside,west_to_east,n00384,107.6,fitted axis,135.22,-27.6,forward
cheapside/west_to_east/009_n00359_E.jpg,cheapside,west_to_east,n00359,146.6,re-rendered,145.26,1.3,forward
cheapside/west_to_east/010_n00383_E.jpg,cheapside,west_to_east,n00383,136.7,re-rendered,117.54,19.2,forward
cheapside/west_to_east/011_n00382_E.jpg,cheapside,west_to_east,n00382,107.6,fitted axis,108.68,-1.1,forward
cheapside/west_to_east/012_n00381_E.jpg,cheapside,west_to_east,n00381,107.6,fitted axis,104.28,3.3,forward
cheapside/west_to_east/013_n00380_E.jpg,cheapside,west_to_east,n00380,107.6,fitted axis,105.45,2.1,forward
cheapside/west_to_east/014_n00379_E.jpg,cheapside,west_to_east,n00379,107.6,fitted axis,102.26,5.3,forward
cheapside/west_to_east/015_n00378_E.jpg,cheapside,west_to_east,n00378,107.6,fitted axis,103.77,3.8,forward
cheapside/west_to_east/016_n00377_E.jpg,cheapside,west_to_east,n00377,107.6,fitted axis,104.18,3.4,forward
cheapside/west_to_east/017_n00376_E.jpg,cheapside,west_to_east,n00376,107.6,fitted axis,103.0,4.6,forward
cheapside/west_to_east/018_n00375_E.jpg,cheapside,west_to_east,n00375,107.6,fitted axis,106.44,1.2,forward
cheapside/west_to_east/019_n00374_E.jpg,cheapside,west_to_east,n00374,107.6,fitted axis,101.51,6.1,forward
cheapside/west_to_east/020_n00373_E.jpg,cheapside,west_to_east,n00373,107.6,fitted axis,103.56,4.0,forward
cheapside/west_to_east/021_n00372_E.jpg,cheapside,west_to_east,n00372,107.6,fitted axis,103.21,4.4,forward
cheapside/west_to_east/022_n00371_E.jpg,cheapside,west_to_east,n00371,107.6,fitted axis,106.36,1.2,forward
cheapside/west_to_east/023_n00370_E.jpg,cheapside,west_to_east,n00370,107.6,fitted axis,101.55,6.0,forward
cheapside/west_to_east/024_n00369_E.jpg,cheapside,west_to_east,n00369,107.6,fitted axis,102.04,5.6,forward
cheapside/west_to_east/025_n00368_E.jpg,cheapside,west_to_east,n00368,107.6,fitted axis,97.13,10.5,forward
cheapside/west_to_east/026_n00366_E.jpg,cheapside,west_to_east,n00366,107.6,fitted axis,108.08,-0.5,forward
cheapside/west_to_east/027_n00364_E.jpg,cheapside,west_to_east,n00364,107.6,fitted axis,101.54,6.1,forward
cheapside/west_to_east/028_n00362_E.jpg,cheapside,west_to_east,n00362,107.6,fitted axis,101.83,5.8,forward
cheapside/west_to_east/029_n00360_E.jpg,cheapside,west_to_east,n00360,107.6,fitted axis,101.85,5.7,forward
cheapside/west_to_east/030_n00358_E.jpg,cheapside,west_to_east,n00358,107.6,fitted axis,101.85,5.7,forward
circus_place/north_to_south/001_n00392_S.jpg,circus_place,north_to_south,n00392,193.24,fitted axis,191.82,1.4,forward
circus_place/north_to_south/002_n00391_S.jpg,circus_place,north_to_south,n00391,193.24,fitted axis,191.79,1.5,forward
circus_place/north_to_south/003_n00390_S.jpg,circus_place,north_to_south,n00390,193.24,fitted axis,195.45,-2.2,forward
circus_place/north_to_south/004_n00389_S.jpg,circus_place,north_to_south,n00389,193.24,fitted axis,191.79,1.5,forward
circus_place/north_to_south/005_n00388_S.jpg,circus_place,north_to_south,n00388,193.24,fitted axis,195.45,-2.2,forward
circus_place/south_to_north/001_n00388_N.jpg,circus_place,south_to_north,n00388,13.24,fitted axis,15.45,-2.2,forward
circus_place/south_to_north/002_n00389_N.jpg,circus_place,south_to_north,n00389,13.24,fitted axis,11.79,1.5,forward
circus_place/south_to_north/003_n00390_N.jpg,circus_place,south_to_north,n00390,13.24,fitted axis,11.82,1.4,forward
circus_place/south_to_north/004_n00391_N.jpg,circus_place,south_to_north,n00391,13.24,fitted axis,11.79,1.5,forward
circus_place/south_to_north/005_n00392_N.jpg,circus_place,south_to_north,n00392,13.24,fitted axis,11.82,1.4,forward
clements_lane/north_to_south/001_n00399_S.jpg,clements_lane,north_to_south,n00399,203.42,fitted axis,203.96,-0.5,forward
clements_lane/north_to_south/002_n00398_S.jpg,clements_lane,north_to_south,n00398,203.42,fitted axis,202.37,1.1,forward
clements_lane/north_to_south/003_n00397_S.jpg,clements_lane,north_to_south,n00397,203.42,fitted axis,201.77,1.7,forward
clements_lane/north_to_south/004_n00396_S.jpg,clements_lane,north_to_south,n00396,203.42,fitted axis,200.02,3.4,forward
clements_lane/north_to_south/005_n00395_S.jpg,clements_lane,north_to_south,n00395,203.42,fitted axis,202.39,1.0,forward
clements_lane/north_to_south/006_n00394_S.jpg,clements_lane,north_to_south,n00394,203.42,fitted axis,222.2,-18.8,forward
clements_lane/north_to_south/007_n00393_S.jpg,clements_lane,north_to_south,n00393,223.8,re-rendered,222.2,1.6,forward
clements_lane/south_to_north/001_n00393_N.jpg,clements_lane,south_to_north,n00393,43.8,re-rendered,42.2,1.6,forward
clements_lane/south_to_north/002_n00394_N.jpg,clements_lane,south_to_north,n00394,23.42,fitted axis,22.39,1.0,forward
clements_lane/south_to_north/003_n00395_N.jpg,clements_lane,south_to_north,n00395,23.42,fitted axis,20.02,3.4,forward
clements_lane/south_to_north/004_n00396_N.jpg,clements_lane,south_to_north,n00396,23.42,fitted axis,21.77,1.7,forward
clements_lane/south_to_north/005_n00397_N.jpg,clements_lane,south_to_north,n00397,23.42,fitted axis,22.37,1.1,forward
clements_lane/south_to_north/006_n00398_N.jpg,clements_lane,south_to_north,n00398,23.42,fitted axis,23.96,-0.5,forward
clements_lane/south_to_north/007_n00399_N.jpg,clements_lane,south_to_north,n00399,23.42,fitted axis,23.96,-0.5,forward
clerks_place/east_to_west/001_n00400_W.jpg,clerks_place,east_to_west,n00400,289.83,fitted axis,326.25,-36.4,forward
clerks_place/east_to_west/002_n00401_W.jpg,clerks_place,east_to_west,n00401,289.83,fitted axis,299.04,-9.2,forward
clerks_place/east_to_west/003_n00402_W.jpg,clerks_place,east_to_west,n00402,263.8,re-rendered,262.27,1.5,forward
clerks_place/east_to_west/004_n00403_W.jpg,clerks_place,east_to_west,n00403,289.83,fitted axis,285.49,4.3,forward
clerks_place/east_to_west/005_n00404_W.jpg,clerks_place,east_to_west,n00404,289.83,fitted axis,290.33,-0.5,forward
clerks_place/east_to_west/006_n00405_W.jpg,clerks_place,east_to_west,n00405,289.83,fitted axis,293.39,-3.6,forward
clerks_place/east_to_west/007_n00406_W.jpg,clerks_place,east_to_west,n00406,289.83,fitted axis,293.39,-3.6,forward
clerks_place/west_to_east/001_n00406_E.jpg,clerks_place,west_to_east,n00406,109.83,fitted axis,113.39,-3.6,forward
clerks_place/west_to_east/002_n00405_E.jpg,clerks_place,west_to_east,n00405,109.83,fitted axis,110.33,-0.5,forward
clerks_place/west_to_east/003_n00404_E.jpg,clerks_place,west_to_east,n00404,109.83,fitted axis,105.49,4.3,forward
clerks_place/west_to_east/004_n00403_E.jpg,clerks_place,west_to_east,n00403,109.83,fitted axis,82.27,27.6,forward
clerks_place/west_to_east/005_n00402_E.jpg,clerks_place,west_to_east,n00402,83.8,re-rendered,119.04,-35.2,forward
clerks_place/west_to_east/006_n00401_E.jpg,clerks_place,west_to_east,n00401,109.83,fitted axis,146.25,-36.4,forward
clerks_place/west_to_east/007_n00400_E.jpg,clerks_place,west_to_east,n00400,109.83,fitted axis,146.25,-36.4,forward
cloak_lane/east_to_west/001_n00407_W.jpg,cloak_lane,east_to_west,n00407,284.51,fitted axis,286.86,-2.4,forward
cloak_lane/east_to_west/002_n00408_W.jpg,cloak_lane,east_to_west,n00408,284.51,fitted axis,285.38,-0.9,forward
cloak_lane/east_to_west/003_n00409_W.jpg,cloak_lane,east_to_west,n00409,284.51,fitted axis,285.37,-0.9,forward
cloak_lane/east_to_west/004_n00410_W.jpg,cloak_lane,east_to_west,n00410,284.51,fitted axis,285.34,-0.8,forward
cloak_lane/east_to_west/005_n00411_W.jpg,cloak_lane,east_to_west,n00411,284.51,fitted axis,284.28,0.2,forward
cloak_lane/east_to_west/006_n00412_W.jpg,cloak_lane,east_to_west,n00412,284.51,fitted axis,281.84,2.7,forward
cloak_lane/east_to_west/007_n00413_W.jpg,cloak_lane,east_to_west,n00413,284.51,fitted axis,281.78,2.7,forward
cloak_lane/east_to_west/008_n00414_W.jpg,cloak_lane,east_to_west,n00414,284.51,fitted axis,281.78,2.7,forward
cloak_lane/west_to_east/001_n00414_E.jpg,cloak_lane,west_to_east,n00414,104.51,fitted axis,101.78,2.7,forward
cloak_lane/west_to_east/002_n00413_E.jpg,cloak_lane,west_to_east,n00413,104.51,fitted axis,101.84,2.7,forward
cloak_lane/west_to_east/003_n00412_E.jpg,cloak_lane,west_to_east,n00412,104.51,fitted axis,104.28,0.2,forward
cloak_lane/west_to_east/004_n00411_E.jpg,cloak_lane,west_to_east,n00411,104.51,fitted axis,105.34,-0.8,forward
cloak_lane/west_to_east/005_n00410_E.jpg,cloak_lane,west_to_east,n00410,104.51,fitted axis,105.37,-0.9,forward
cloak_lane/west_to_east/006_n00409_E.jpg,cloak_lane,west_to_east,n00409,104.51,fitted axis,105.38,-0.9,forward
cloak_lane/west_to_east/007_n00408_E.jpg,cloak_lane,west_to_east,n00408,104.51,fitted axis,106.86,-2.4,forward
cloak_lane/west_to_east/008_n00407_E.jpg,cloak_lane,west_to_east,n00407,104.51,fitted axis,106.86,-2.4,forward
coleman_street/north_to_south/001_n00428_S.jpg,coleman_street,north_to_south,n00428,189.06,fitted axis,191.41,-2.3,forward
coleman_street/north_to_south/002_n00427_S.jpg,coleman_street,north_to_south,n00427,189.06,fitted axis,189.23,-0.2,forward
coleman_street/north_to_south/003_n00426_S.jpg,coleman_street,north_to_south,n00426,189.06,fitted axis,183.17,5.9,forward
coleman_street/north_to_south/004_n00425_S.jpg,coleman_street,north_to_south,n00425,189.06,fitted axis,178.89,10.2,forward
coleman_street/north_to_south/005_n00424_S.jpg,coleman_street,north_to_south,n00424,189.06,fitted axis,179.69,9.4,forward
coleman_street/north_to_south/006_n00423_S.jpg,coleman_street,north_to_south,n00423,189.06,fitted axis,183.91,5.2,forward
coleman_street/north_to_south/007_n00422_S.jpg,coleman_street,north_to_south,n00422,189.06,fitted axis,190.7,-1.6,forward
coleman_street/north_to_south/008_n00421_S.jpg,coleman_street,north_to_south,n00421,189.06,fitted axis,191.6,-2.5,forward
coleman_street/north_to_south/009_n00420_S.jpg,coleman_street,north_to_south,n00420,189.06,fitted axis,194.2,-5.1,forward
coleman_street/north_to_south/010_n00419_S.jpg,coleman_street,north_to_south,n00419,189.06,fitted axis,183.4,5.7,forward
coleman_street/north_to_south/011_n00418_S.jpg,coleman_street,north_to_south,n00418,189.06,fitted axis,209.84,-20.8,forward
coleman_street/north_to_south/012_n00417_S.jpg,coleman_street,north_to_south,n00417,211.4,re-rendered,197.64,13.8,forward
coleman_street/north_to_south/013_n00416_S.jpg,coleman_street,north_to_south,n00416,189.06,fitted axis,194.94,-5.9,forward
coleman_street/north_to_south/014_n00415_S.jpg,coleman_street,north_to_south,n00415,189.06,fitted axis,194.94,-5.9,forward
coleman_street/south_to_north/001_n00415_N.jpg,coleman_street,south_to_north,n00415,9.06,fitted axis,14.94,-5.9,forward
coleman_street/south_to_north/002_n00416_N.jpg,coleman_street,south_to_north,n00416,9.06,fitted axis,17.64,-8.6,forward
coleman_street/south_to_north/003_n00417_N.jpg,coleman_street,south_to_north,n00417,31.4,re-rendered,29.84,1.6,forward
coleman_street/south_to_north/004_n00418_N.jpg,coleman_street,south_to_north,n00418,9.06,fitted axis,3.4,5.7,forward
coleman_street/south_to_north/005_n00419_N.jpg,coleman_street,south_to_north,n00419,9.06,fitted axis,14.2,-5.1,forward
coleman_street/south_to_north/006_n00420_N.jpg,coleman_street,south_to_north,n00420,9.06,fitted axis,11.6,-2.5,forward
coleman_street/south_to_north/007_n00421_N.jpg,coleman_street,south_to_north,n00421,9.06,fitted axis,10.7,-1.6,forward
coleman_street/south_to_north/008_n00422_N.jpg,coleman_street,south_to_north,n00422,9.06,fitted axis,3.91,5.2,forward
coleman_street/south_to_north/009_n00423_N.jpg,coleman_street,south_to_north,n00423,9.06,fitted axis,359.69,9.4,forward
coleman_street/south_to_north/010_n00424_N.jpg,coleman_street,south_to_north,n00424,9.06,fitted axis,358.89,10.2,forward
coleman_street/south_to_north/011_n00425_N.jpg,coleman_street,south_to_north,n00425,9.06,fitted axis,3.17,5.9,forward
coleman_street/south_to_north/012_n00426_N.jpg,coleman_street,south_to_north,n00426,9.06,fitted axis,9.23,-0.2,forward
coleman_street/south_to_north/013_n00427_N.jpg,coleman_street,south_to_north,n00427,9.06,fitted axis,11.41,-2.3,forward
coleman_street/south_to_north/014_n00428_N.jpg,coleman_street,south_to_north,n00428,9.06,fitted axis,11.41,-2.3,forward
college_hill/north_to_south/001_n00434_S.jpg,college_hill,north_to_south,n00434,190.77,fitted axis,190.02,0.8,forward
college_hill/north_to_south/002_n00433_S.jpg,college_hill,north_to_south,n00433,190.77,fitted axis,193.15,-2.4,forward
college_hill/north_to_south/003_n00432_S.jpg,college_hill,north_to_south,n00432,190.77,fitted axis,203.35,-12.6,forward
college_hill/north_to_south/004_n00431_S.jpg,college_hill,north_to_south,n00431,190.77,fitted axis,194.57,-3.8,forward
college_hill/north_to_south/005_n00430_S.jpg,college_hill,north_to_south,n00430,190.77,fitted axis,133.09,57.7,forward
college_hill/north_to_south/006_n00429_S.jpg,college_hill,north_to_south,n00429,134.6,re-rendered,133.09,1.5,forward
college_hill/south_to_north/001_n00429_N.jpg,college_hill,south_to_north,n00429,314.6,re-rendered,313.09,1.5,forward
college_hill/south_to_north/002_n00430_N.jpg,college_hill,south_to_north,n00430,10.77,fitted axis,14.57,-3.8,forward
college_hill/south_to_north/003_n00431_N.jpg,college_hill,south_to_north,n00431,10.77,fitted axis,23.35,-12.6,forward
college_hill/south_to_north/004_n00432_N.jpg,college_hill,south_to_north,n00432,10.77,fitted axis,13.15,-2.4,forward
college_hill/south_to_north/005_n00433_N.jpg,college_hill,south_to_north,n00433,10.77,fitted axis,10.02,0.8,forward
college_hill/south_to_north/006_n00434_N.jpg,college_hill,south_to_north,n00434,10.77,fitted axis,10.02,0.8,forward
college_street/east_to_west/001_n00435_W.jpg,college_street,east_to_west,n00435,306.2,re-rendered,304.84,1.4,forward
college_street/east_to_west/002_n00436_W.jpg,college_street,east_to_west,n00436,283.83,fitted axis,293.48,-9.6,forward
college_street/east_to_west/003_n00437_W.jpg,college_street,east_to_west,n00437,283.83,fitted axis,289.39,-5.6,forward
college_street/east_to_west/004_n00438_W.jpg,college_street,east_to_west,n00438,271.0,re-rendered,269.76,1.2,forward
college_street/east_to_west/005_n00439_W.jpg,college_street,east_to_west,n00439,266.3,re-rendered,264.56,1.7,forward
college_street/east_to_west/006_n00440_W.jpg,college_street,east_to_west,n00440,283.83,fitted axis,285.37,-1.5,forward
college_street/east_to_west/007_n00441_W.jpg,college_street,east_to_west,n00441,283.83,fitted axis,285.37,-1.5,forward
college_street/west_to_east/001_n00441_E.jpg,college_street,west_to_east,n00441,103.83,fitted axis,105.37,-1.5,forward
college_street/west_to_east/002_n00440_E.jpg,college_street,west_to_east,n00440,103.83,fitted axis,84.56,19.3,forward
college_street/west_to_east/003_n00439_E.jpg,college_street,west_to_east,n00439,86.3,re-rendered,89.76,-3.5,forward
college_street/west_to_east/004_n00438_E.jpg,college_street,west_to_east,n00438,91.0,re-rendered,109.39,-18.4,forward
college_street/west_to_east/005_n00437_E.jpg,college_street,west_to_east,n00437,103.83,fitted axis,113.48,-9.6,forward
college_street/west_to_east/006_n00436_E.jpg,college_street,west_to_east,n00436,103.83,fitted axis,124.84,-21.0,forward
college_street/west_to_east/007_n00435_E.jpg,college_street,west_to_east,n00435,126.2,re-rendered,124.84,1.4,forward
copthall_avenue/north_to_south/001_n00454_S.jpg,copthall_avenue,north_to_south,n00454,186.2,re-rendered,184.79,1.4,forward
copthall_avenue/north_to_south/002_n00453_S.jpg,copthall_avenue,north_to_south,n00453,186.2,re-rendered,184.09,2.1,forward
copthall_avenue/north_to_south/003_n00452_S.jpg,copthall_avenue,north_to_south,n00452,185.6,re-rendered,182.74,2.9,forward
copthall_avenue/north_to_south/004_n00451_S.jpg,copthall_avenue,north_to_south,n00451,184.3,re-rendered,186.2,-1.9,forward
copthall_avenue/north_to_south/005_n00450_S.jpg,copthall_avenue,north_to_south,n00450,187.8,re-rendered,192.33,-4.5,forward
copthall_avenue/north_to_south/006_n00449_S.jpg,copthall_avenue,north_to_south,n00449,193.9,re-rendered,196.46,-2.6,forward
copthall_avenue/north_to_south/007_n00448_S.jpg,copthall_avenue,north_to_south,n00448,198.0,re-rendered,179.89,18.1,forward
copthall_avenue/north_to_south/008_n00447_S.jpg,copthall_avenue,north_to_south,n00447,181.5,re-rendered,131.2,50.3,forward
copthall_avenue/north_to_south/009_n00446_S.jpg,copthall_avenue,north_to_south,n00446,132.4,re-rendered,90.98,41.4,forward
copthall_avenue/north_to_south/010_n00445_S.jpg,copthall_avenue,north_to_south,n00445,92.6,re-rendered,89.45,3.1,forward
copthall_avenue/north_to_south/011_n00444_S.jpg,copthall_avenue,north_to_south,n00444,90.8,re-rendered,87.23,3.6,forward
copthall_avenue/north_to_south/012_n00443_S.jpg,copthall_avenue,north_to_south,n00443,268.7,re-rendered,84.81,-176.1,reverse
copthall_avenue/north_to_south/013_n00442_S.jpg,copthall_avenue,north_to_south,n00442,266.4,re-rendered,84.81,-178.4,reverse
copthall_avenue/south_to_north/001_n00442_N.jpg,copthall_avenue,south_to_north,n00442,86.4,re-rendered,264.81,-178.4,reverse
copthall_avenue/south_to_north/002_n00443_N.jpg,copthall_avenue,south_to_north,n00443,88.7,re-rendered,267.23,-178.5,reverse
copthall_avenue/south_to_north/003_n00444_N.jpg,copthall_avenue,south_to_north,n00444,270.8,re-rendered,269.45,1.3,forward
copthall_avenue/south_to_north/004_n00445_N.jpg,copthall_avenue,south_to_north,n00445,272.6,re-rendered,270.98,1.6,forward
copthall_avenue/south_to_north/005_n00446_N.jpg,copthall_avenue,south_to_north,n00446,312.4,re-rendered,311.2,1.2,forward
copthall_avenue/south_to_north/006_n00447_N.jpg,copthall_avenue,south_to_north,n00447,1.5,re-rendered,359.89,1.6,forward
copthall_avenue/south_to_north/007_n00448_N.jpg,copthall_avenue,south_to_north,n00448,18.0,re-rendered,16.46,1.5,forward
copthall_avenue/south_to_north/008_n00449_N.jpg,copthall_avenue,south_to_north,n00449,13.9,re-rendered,12.33,1.6,forward
copthall_avenue/south_to_north/009_n00450_N.jpg,copthall_avenue,south_to_north,n00450,7.8,re-rendered,6.2,1.6,forward
copthall_avenue/south_to_north/010_n00451_N.jpg,copthall_avenue,south_to_north,n00451,4.3,re-rendered,2.74,1.6,forward
copthall_avenue/south_to_north/011_n00452_N.jpg,copthall_avenue,south_to_north,n00452,5.6,re-rendered,4.09,1.5,forward
copthall_avenue/south_to_north/012_n00453_N.jpg,copthall_avenue,south_to_north,n00453,6.2,re-rendered,4.79,1.4,forward
copthall_avenue/south_to_north/013_n00454_N.jpg,copthall_avenue,south_to_north,n00454,6.2,re-rendered,4.79,1.4,forward
cornhill/east_to_west/001_n00470_W.jpg,cornhill,east_to_west,n00470,267.21,fitted axis,253.32,13.9,forward
cornhill/east_to_west/002_n00469_W.jpg,cornhill,east_to_west,n00469,267.21,fitted axis,276.18,-9.0,forward
cornhill/east_to_west/003_n00468_W.jpg,cornhill,east_to_west,n00468,267.21,fitted axis,262.34,4.9,forward
cornhill/east_to_west/004_n00467_W.jpg,cornhill,east_to_west,n00467,267.21,fitted axis,265.17,2.0,forward
cornhill/east_to_west/005_n00466_W.jpg,cornhill,east_to_west,n00466,267.21,fitted axis,266.84,0.4,forward
cornhill/east_to_west/006_n00465_W.jpg,cornhill,east_to_west,n00465,267.21,fitted axis,266.33,0.9,forward
cornhill/east_to_west/007_n00464_W.jpg,cornhill,east_to_west,n00464,267.21,fitted axis,268.82,-1.6,forward
cornhill/east_to_west/008_n00463_W.jpg,cornhill,east_to_west,n00463,267.21,fitted axis,265.0,2.2,forward
cornhill/east_to_west/009_n00462_W.jpg,cornhill,east_to_west,n00462,267.21,fitted axis,263.94,3.3,forward
cornhill/east_to_west/010_n00461_W.jpg,cornhill,east_to_west,n00461,267.21,fitted axis,262.98,4.2,forward
cornhill/east_to_west/011_n00460_W.jpg,cornhill,east_to_west,n00460,267.21,fitted axis,266.25,1.0,forward
cornhill/east_to_west/012_n00459_W.jpg,cornhill,east_to_west,n00459,267.21,fitted axis,272.73,-5.5,forward
cornhill/east_to_west/013_n00458_W.jpg,cornhill,east_to_west,n00458,267.21,fitted axis,273.74,-6.5,forward
cornhill/east_to_west/014_n00457_W.jpg,cornhill,east_to_west,n00457,267.21,fitted axis,276.65,-9.4,forward
cornhill/east_to_west/015_n00456_W.jpg,cornhill,east_to_west,n00456,267.21,fitted axis,273.01,-5.8,forward
cornhill/east_to_west/016_n00455_W.jpg,cornhill,east_to_west,n00455,267.21,fitted axis,273.01,-5.8,forward
cornhill/west_to_east/001_n00455_E.jpg,cornhill,west_to_east,n00455,87.21,fitted axis,93.01,-5.8,forward
cornhill/west_to_east/002_n00456_E.jpg,cornhill,west_to_east,n00456,87.21,fitted axis,96.65,-9.4,forward
cornhill/west_to_east/003_n00457_E.jpg,cornhill,west_to_east,n00457,87.21,fitted axis,93.74,-6.5,forward
cornhill/west_to_east/004_n00458_E.jpg,cornhill,west_to_east,n00458,87.21,fitted axis,92.73,-5.5,forward
cornhill/west_to_east/005_n00459_E.jpg,cornhill,west_to_east,n00459,87.21,fitted axis,86.25,1.0,forward
cornhill/west_to_east/006_n00460_E.jpg,cornhill,west_to_east,n00460,87.21,fitted axis,82.98,4.2,forward
cornhill/west_to_east/007_n00461_E.jpg,cornhill,west_to_east,n00461,87.21,fitted axis,83.94,3.3,forward
cornhill/west_to_east/008_n00462_E.jpg,cornhill,west_to_east,n00462,87.21,fitted axis,85.0,2.2,forward
cornhill/west_to_east/009_n00463_E.jpg,cornhill,west_to_east,n00463,87.21,fitted axis,88.82,-1.6,forward
cornhill/west_to_east/010_n00464_E.jpg,cornhill,west_to_east,n00464,87.21,fitted axis,86.33,0.9,forward
cornhill/west_to_east/011_n00465_E.jpg,cornhill,west_to_east,n00465,87.21,fitted axis,86.84,0.4,forward
cornhill/west_to_east/012_n00466_E.jpg,cornhill,west_to_east,n00466,87.21,fitted axis,85.17,2.0,forward
cornhill/west_to_east/013_n00467_E.jpg,cornhill,west_to_east,n00467,87.21,fitted axis,82.34,4.9,forward
cornhill/west_to_east/014_n00468_E.jpg,cornhill,west_to_east,n00468,87.21,fitted axis,96.18,-9.0,forward
cornhill/west_to_east/015_n00469_E.jpg,cornhill,west_to_east,n00469,87.21,fitted axis,73.32,13.9,forward
cornhill/west_to_east/016_n00470_E.jpg,cornhill,west_to_east,n00470,87.21,fitted axis,73.32,13.9,forward
cousin_lane/north_to_south/001_n00476_S.jpg,cousin_lane,north_to_south,n00476,194.27,fitted axis,196.12,-1.8,forward
cousin_lane/north_to_south/002_n00475_S.jpg,cousin_lane,north_to_south,n00475,194.27,fitted axis,196.2,-1.9,forward
cousin_lane/north_to_south/003_n00474_S.jpg,cousin_lane,north_to_south,n00474,194.27,fitted axis,196.78,-2.5,forward
cousin_lane/north_to_south/004_n00473_S.jpg,cousin_lane,north_to_south,n00473,194.27,fitted axis,197.22,-2.9,forward
cousin_lane/north_to_south/005_n00472_S.jpg,cousin_lane,north_to_south,n00472,194.27,fitted axis,177.17,17.1,forward
cousin_lane/north_to_south/006_n00471_S.jpg,cousin_lane,north_to_south,n00471,194.27,fitted axis,177.17,17.1,forward
cousin_lane/south_to_north/001_n00471_N.jpg,cousin_lane,south_to_north,n00471,14.27,fitted axis,357.17,17.1,forward
cousin_lane/south_to_north/002_n00472_N.jpg,cousin_lane,south_to_north,n00472,14.27,fitted axis,17.22,-2.9,forward
cousin_lane/south_to_north/003_n00473_N.jpg,cousin_lane,south_to_north,n00473,14.27,fitted axis,16.78,-2.5,forward
cousin_lane/south_to_north/004_n00474_N.jpg,cousin_lane,south_to_north,n00474,14.27,fitted axis,16.2,-1.9,forward
cousin_lane/south_to_north/005_n00475_N.jpg,cousin_lane,south_to_north,n00475,14.27,fitted axis,16.12,-1.8,forward
cousin_lane/south_to_north/006_n00476_N.jpg,cousin_lane,south_to_north,n00476,14.27,fitted axis,16.12,-1.8,forward
cross_lane/east_to_west/001_n00477_W.jpg,cross_lane,east_to_west,n00477,307.96,fitted axis,307.96,0.0,forward
cross_lane/east_to_west/002_n00478_W.jpg,cross_lane,east_to_west,n00478,307.96,fitted axis,307.96,0.0,forward
cross_lane/west_to_east/001_n00478_E.jpg,cross_lane,west_to_east,n00478,127.96,fitted axis,127.96,0.0,forward
cross_lane/west_to_east/002_n00477_E.jpg,cross_lane,west_to_east,n00477,127.96,fitted axis,127.96,0.0,forward
cullum_street/east_to_west/001_n00479_W.jpg,cullum_street,east_to_west,n00479,188.1,re-rendered,186.6,1.5,forward
cullum_street/east_to_west/002_n00481_W.jpg,cullum_street,east_to_west,n00481,188.1,re-rendered,186.6,1.5,forward
cullum_street/east_to_west/003_n00480_W.jpg,cullum_street,east_to_west,n00480,286.6,re-rendered,285.37,1.2,forward
cullum_street/east_to_west/004_n00482_W.jpg,cullum_street,east_to_west,n00482,280.7,re-rendered,279.04,1.7,forward
cullum_street/east_to_west/005_n00483_W.jpg,cullum_street,east_to_west,n00483,313.43,fitted axis,326.29,-12.9,forward
cullum_street/east_to_west/006_n00484_W.jpg,cullum_street,east_to_west,n00484,313.43,fitted axis,326.29,-12.9,forward
cullum_street/west_to_east/001_n00484_E.jpg,cullum_street,west_to_east,n00484,133.43,fitted axis,146.29,-12.9,forward
cullum_street/west_to_east/002_n00483_E.jpg,cullum_street,west_to_east,n00483,133.43,fitted axis,99.04,34.4,forward
cullum_street/west_to_east/003_n00482_E.jpg,cullum_street,west_to_east,n00482,100.7,re-rendered,105.37,-4.7,forward
cullum_street/west_to_east/004_n00480_E.jpg,cullum_street,west_to_east,n00480,106.6,re-rendered,105.37,1.2,forward
cullum_street/west_to_east/005_n00481_E.jpg,cullum_street,west_to_east,n00481,8.1,re-rendered,6.6,1.5,forward
cullum_street/west_to_east/006_n00479_E.jpg,cullum_street,west_to_east,n00479,8.1,re-rendered,6.6,1.5,forward
custom_house_walkway/east_to_west/001_n00485_W.jpg,custom_house_walkway,east_to_west,n00485,279.16,fitted axis,279.56,-0.4,forward
custom_house_walkway/east_to_west/002_n00486_W.jpg,custom_house_walkway,east_to_west,n00486,265.7,re-rendered,264.32,1.4,forward
custom_house_walkway/east_to_west/003_n00487_W.jpg,custom_house_walkway,east_to_west,n00487,279.16,fitted axis,292.45,-13.3,forward
custom_house_walkway/east_to_west/004_n00488_W.jpg,custom_house_walkway,east_to_west,n00488,279.16,fitted axis,289.72,-10.6,forward
custom_house_walkway/east_to_west/005_n00489_W.jpg,custom_house_walkway,east_to_west,n00489,279.16,fitted axis,273.7,5.5,forward
custom_house_walkway/east_to_west/006_n00490_W.jpg,custom_house_walkway,east_to_west,n00490,279.16,fitted axis,268.74,10.4,forward
custom_house_walkway/east_to_west/007_n00491_W.jpg,custom_house_walkway,east_to_west,n00491,279.16,fitted axis,268.74,10.4,forward
custom_house_walkway/west_to_east/001_n00491_E.jpg,custom_house_walkway,west_to_east,n00491,99.16,fitted axis,88.74,10.4,forward
custom_house_walkway/west_to_east/002_n00490_E.jpg,custom_house_walkway,west_to_east,n00490,99.16,fitted axis,93.7,5.5,forward
custom_house_walkway/west_to_east/003_n00489_E.jpg,custom_house_walkway,west_to_east,n00489,99.16,fitted axis,109.72,-10.6,forward
custom_house_walkway/west_to_east/004_n00488_E.jpg,custom_house_walkway,west_to_east,n00488,99.16,fitted axis,112.45,-13.3,forward
custom_house_walkway/west_to_east/005_n00487_E.jpg,custom_house_walkway,west_to_east,n00487,99.16,fitted axis,84.32,14.8,forward
custom_house_walkway/west_to_east/006_n00486_E.jpg,custom_house_walkway,west_to_east,n00486,85.7,re-rendered,99.56,-13.9,forward
custom_house_walkway/west_to_east/007_n00485_E.jpg,custom_house_walkway,west_to_east,n00485,99.16,fitted axis,99.56,-0.4,forward
dark_house_walk/east_to_west/001_n00492_W.jpg,dark_house_walk,east_to_west,n00492,283.18,fitted axis,294.37,-11.2,forward
dark_house_walk/east_to_west/002_n00493_W.jpg,dark_house_walk,east_to_west,n00493,283.18,fitted axis,276.25,6.9,forward
dark_house_walk/east_to_west/003_n00494_W.jpg,dark_house_walk,east_to_west,n00494,283.18,fitted axis,276.25,6.9,forward
dark_house_walk/west_to_east/001_n00494_E.jpg,dark_house_walk,west_to_east,n00494,103.18,fitted axis,96.25,6.9,forward
dark_house_walk/west_to_east/002_n00493_E.jpg,dark_house_walk,west_to_east,n00493,103.18,fitted axis,114.37,-11.2,forward
dark_house_walk/west_to_east/003_n00492_E.jpg,dark_house_walk,west_to_east,n00492,103.18,fitted axis,114.37,-11.2,forward
devonshire_row/east_to_west/001_n00495_W.jpg,devonshire_row,east_to_west,n00495,294.91,fitted axis,295.96,-1.0,forward
devonshire_row/east_to_west/002_n00496_W.jpg,devonshire_row,east_to_west,n00496,294.91,fitted axis,293.92,1.0,forward
devonshire_row/east_to_west/003_n00497_W.jpg,devonshire_row,east_to_west,n00497,294.91,fitted axis,294.7,0.2,forward
devonshire_row/east_to_west/004_n00498_W.jpg,devonshire_row,east_to_west,n00498,294.91,fitted axis,294.7,0.2,forward
devonshire_row/west_to_east/001_n00498_E.jpg,devonshire_row,west_to_east,n00498,114.91,fitted axis,114.7,0.2,forward
devonshire_row/west_to_east/002_n00497_E.jpg,devonshire_row,west_to_east,n00497,114.91,fitted axis,113.92,1.0,forward
devonshire_row/west_to_east/003_n00496_E.jpg,devonshire_row,west_to_east,n00496,114.91,fitted axis,115.96,-1.0,forward
devonshire_row/west_to_east/004_n00495_E.jpg,devonshire_row,west_to_east,n00495,114.91,fitted axis,115.96,-1.0,forward
distaff_lane/east_to_west/001_n00507_W.jpg,distaff_lane,east_to_west,n00507,189.1,re-rendered,187.47,1.6,forward
distaff_lane/east_to_west/002_n00506_W.jpg,distaff_lane,east_to_west,n00506,189.1,re-rendered,187.57,1.5,forward
distaff_lane/east_to_west/003_n00505_W.jpg,distaff_lane,east_to_west,n00505,189.0,re-rendered,213.79,-24.8,forward
distaff_lane/east_to_west/004_n00504_W.jpg,distaff_lane,east_to_west,n00504,215.3,re-rendered,276.17,-60.9,forward
distaff_lane/east_to_west/005_n00503_W.jpg,distaff_lane,east_to_west,n00503,277.8,re-rendered,273.28,4.5,forward
distaff_lane/east_to_west/006_n00502_W.jpg,distaff_lane,east_to_west,n00502,274.7,re-rendered,271.29,3.4,forward
distaff_lane/east_to_west/007_n00501_W.jpg,distaff_lane,east_to_west,n00501,272.8,re-rendered,264.45,8.4,forward
distaff_lane/east_to_west/008_n00500_W.jpg,distaff_lane,east_to_west,n00500,265.8,re-rendered,275.11,-9.3,forward
distaff_lane/east_to_west/009_n00499_W.jpg,distaff_lane,east_to_west,n00499,251.61,fitted axis,275.11,-23.5,forward
distaff_lane/west_to_east/001_n00499_E.jpg,distaff_lane,west_to_east,n00499,71.61,fitted axis,95.11,-23.5,forward
distaff_lane/west_to_east/002_n00500_E.jpg,distaff_lane,west_to_east,n00500,85.8,re-rendered,84.45,1.4,forward
distaff_lane/west_to_east/003_n00501_E.jpg,distaff_lane,west_to_east,n00501,92.8,re-rendered,91.29,1.5,forward
distaff_lane/west_to_east/004_n00502_E.jpg,distaff_lane,west_to_east,n00502,94.7,re-rendered,93.28,1.4,forward
distaff_lane/west_to_east/005_n00503_E.jpg,distaff_lane,west_to_east,n00503,97.8,re-rendered,96.17,1.6,forward
distaff_lane/west_to_east/006_n00504_E.jpg,distaff_lane,west_to_east,n00504,35.3,re-rendered,33.79,1.5,forward
distaff_lane/west_to_east/007_n00505_E.jpg,distaff_lane,west_to_east,n00505,9.0,re-rendered,7.57,1.4,forward
distaff_lane/west_to_east/008_n00506_E.jpg,distaff_lane,west_to_east,n00506,9.1,re-rendered,7.47,1.6,forward
distaff_lane/west_to_east/009_n00507_E.jpg,distaff_lane,west_to_east,n00507,9.1,re-rendered,7.47,1.6,forward
dowgate_hill/north_to_south/001_n00514_S.jpg,dowgate_hill,north_to_south,n00514,194.44,fitted axis,199.51,-5.1,forward
dowgate_hill/north_to_south/002_n00513_S.jpg,dowgate_hill,north_to_south,n00513,194.44,fitted axis,189.24,5.2,forward
dowgate_hill/north_to_south/003_n00512_S.jpg,dowgate_hill,north_to_south,n00512,194.44,fitted axis,193.64,0.8,forward
dowgate_hill/north_to_south/004_n00511_S.jpg,dowgate_hill,north_to_south,n00511,194.44,fitted axis,193.53,0.9,forward
dowgate_hill/north_to_south/005_n00510_S.jpg,dowgate_hill,north_to_south,n00510,194.44,fitted axis,194.54,-0.1,forward
dowgate_hill/north_to_south/006_n00509_S.jpg,dowgate_hill,north_to_south,n00509,194.44,fitted axis,199.85,-5.4,forward
dowgate_hill/north_to_south/007_n00508_S.jpg,dowgate_hill,north_to_south,n00508,194.44,fitted axis,199.85,-5.4,forward
dowgate_hill/south_to_north/001_n00508_N.jpg,dowgate_hill,south_to_north,n00508,14.44,fitted axis,19.85,-5.4,forward
dowgate_hill/south_to_north/002_n00509_N.jpg,dowgate_hill,south_to_north,n00509,14.44,fitted axis,14.54,-0.1,forward
dowgate_hill/south_to_north/003_n00510_N.jpg,dowgate_hill,south_to_north,n00510,14.44,fitted axis,13.53,0.9,forward
dowgate_hill/south_to_north/004_n00511_N.jpg,dowgate_hill,south_to_north,n00511,14.44,fitted axis,13.64,0.8,forward
dowgate_hill/south_to_north/005_n00512_N.jpg,dowgate_hill,south_to_north,n00512,14.44,fitted axis,9.24,5.2,forward
dowgate_hill/south_to_north/006_n00513_N.jpg,dowgate_hill,south_to_north,n00513,14.44,fitted axis,19.51,-5.1,forward
dowgate_hill/south_to_north/007_n00514_N.jpg,dowgate_hill,south_to_north,n00514,14.44,fitted axis,19.51,-5.1,forward
dunster_court/east_to_west/001_n00519_W.jpg,dunster_court,east_to_west,n00519,260.68,fitted axis,236.33,24.3,forward
dunster_court/east_to_west/002_n00518_W.jpg,dunster_court,east_to_west,n00518,260.68,fitted axis,198.03,62.6,forward
dunster_court/east_to_west/003_n00516_W.jpg,dunster_court,east_to_west,n00516,260.68,fitted axis,198.03,62.6,forward
dunster_court/east_to_west/004_n00515_W.jpg,dunster_court,east_to_west,n00515,0.0,re-rendered,0.0,0.0,forward
dunster_court/east_to_west/005_n00517_W.jpg,dunster_court,east_to_west,n00517,0.0,re-rendered,0.0,0.0,forward
dunster_court/west_to_east/001_n00515_E.jpg,dunster_court,west_to_east,n00515,0.0,re-rendered,0.0,0.0,forward
dunster_court/west_to_east/002_n00517_E.jpg,dunster_court,west_to_east,n00517,0.0,re-rendered,0.0,0.0,forward
dunster_court/west_to_east/003_n00516_E.jpg,dunster_court,west_to_east,n00516,80.68,fitted axis,18.03,62.6,forward
dunster_court/west_to_east/004_n00518_E.jpg,dunster_court,west_to_east,n00518,80.68,fitted axis,56.33,24.3,forward
dunster_court/west_to_east/005_n00519_E.jpg,dunster_court,west_to_east,n00519,80.68,fitted axis,56.33,24.3,forward
eastcheap/east_to_west/001_n00520_W.jpg,eastcheap,east_to_west,n00520,277.47,fitted axis,291.17,-13.7,forward
eastcheap/east_to_west/002_n00522_W.jpg,eastcheap,east_to_west,n00522,294.9,re-rendered,293.54,1.4,forward
eastcheap/east_to_west/003_n00524_W.jpg,eastcheap,east_to_west,n00524,277.47,fitted axis,277.76,-0.3,forward
eastcheap/east_to_west/004_n00526_W.jpg,eastcheap,east_to_west,n00526,277.47,fitted axis,273.17,4.3,forward
eastcheap/east_to_west/005_n00528_W.jpg,eastcheap,east_to_west,n00528,277.47,fitted axis,276.99,0.5,forward
eastcheap/east_to_west/006_n00529_W.jpg,eastcheap,east_to_west,n00529,277.47,fitted axis,279.98,-2.5,forward
eastcheap/east_to_west/007_n00530_W.jpg,eastcheap,east_to_west,n00530,277.47,fitted axis,277.69,-0.2,forward
eastcheap/east_to_west/008_n00531_W.jpg,eastcheap,east_to_west,n00531,277.47,fitted axis,272.03,5.4,forward
eastcheap/east_to_west/009_n00532_W.jpg,eastcheap,east_to_west,n00532,277.47,fitted axis,268.0,9.5,forward
eastcheap/east_to_west/010_n00533_W.jpg,eastcheap,east_to_west,n00533,277.47,fitted axis,281.55,-4.1,forward
eastcheap/east_to_west/011_n00521_W.jpg,eastcheap,east_to_west,n00521,277.47,fitted axis,274.03,3.4,forward
eastcheap/east_to_west/012_n00534_W.jpg,eastcheap,east_to_west,n00534,254.9,re-rendered,253.2,1.7,forward
eastcheap/east_to_west/013_n00523_W.jpg,eastcheap,east_to_west,n00523,277.47,fitted axis,284.45,-7.0,forward
eastcheap/east_to_west/014_n00535_W.jpg,eastcheap,east_to_west,n00535,277.47,fitted axis,284.05,-6.6,forward
eastcheap/east_to_west/015_n00525_W.jpg,eastcheap,east_to_west,n00525,277.47,fitted axis,285.77,-8.3,forward
eastcheap/east_to_west/016_n00536_W.jpg,eastcheap,east_to_west,n00536,277.47,fitted axis,284.05,-6.6,forward
eastcheap/east_to_west/017_n00527_W.jpg,eastcheap,east_to_west,n00527,277.47,fitted axis,285.77,-8.3,forward
eastcheap/west_to_east/001_n00527_E.jpg,eastcheap,west_to_east,n00527,97.47,fitted axis,105.77,-8.3,forward
eastcheap/west_to_east/002_n00536_E.jpg,eastcheap,west_to_east,n00536,97.47,fitted axis,104.05,-6.6,forward
eastcheap/west_to_east/003_n00525_E.jpg,eastcheap,west_to_east,n00525,97.47,fitted axis,104.45,-7.0,forward
eastcheap/west_to_east/004_n00535_E.jpg,eastcheap,west_to_east,n00535,97.47,fitted axis,73.2,24.3,forward
eastcheap/west_to_east/005_n00523_E.jpg,eastcheap,west_to_east,n00523,97.47,fitted axis,94.03,3.4,forward
eastcheap/west_to_east/006_n00534_E.jpg,eastcheap,west_to_east,n00534,74.9,re-rendered,101.55,-26.6,forward
eastcheap/west_to_east/007_n00521_E.jpg,eastcheap,west_to_east,n00521,97.47,fitted axis,94.03,3.4,forward
eastcheap/west_to_east/008_n00533_E.jpg,eastcheap,west_to_east,n00533,97.47,fitted axis,88.0,9.5,forward
eastcheap/west_to_east/009_n00532_E.jpg,eastcheap,west_to_east,n00532,97.47,fitted axis,92.03,5.4,forward
eastcheap/west_to_east/010_n00531_E.jpg,eastcheap,west_to_east,n00531,97.47,fitted axis,97.69,-0.2,forward
eastcheap/west_to_east/011_n00530_E.jpg,eastcheap,west_to_east,n00530,97.47,fitted axis,99.98,-2.5,forward
eastcheap/west_to_east/012_n00529_E.jpg,eastcheap,west_to_east,n00529,97.47,fitted axis,96.99,0.5,forward
eastcheap/west_to_east/013_n00528_E.jpg,eastcheap,west_to_east,n00528,97.47,fitted axis,93.17,4.3,forward
eastcheap/west_to_east/014_n00526_E.jpg,eastcheap,west_to_east,n00526,97.47,fitted axis,97.76,-0.3,forward
eastcheap/west_to_east/015_n00524_E.jpg,eastcheap,west_to_east,n00524,97.47,fitted axis,113.54,-16.1,forward
eastcheap/west_to_east/016_n00522_E.jpg,eastcheap,west_to_east,n00522,114.9,re-rendered,111.17,3.7,forward
eastcheap/west_to_east/017_n00520_E.jpg,eastcheap,west_to_east,n00520,97.47,fitted axis,111.17,-13.7,forward
eldon_street/east_to_west/001_n00537_W.jpg,eldon_street,east_to_west,n00537,342.1,re-rendered,340.88,1.2,forward
eldon_street/east_to_west/002_n00538_W.jpg,eldon_street,east_to_west,n00538,306.91,fitted axis,294.5,12.4,forward
eldon_street/east_to_west/003_n00539_W.jpg,eldon_street,east_to_west,n00539,306.91,fitted axis,293.15,13.8,forward
eldon_street/east_to_west/004_n00540_W.jpg,eldon_street,east_to_west,n00540,306.91,fitted axis,293.15,13.8,forward
eldon_street/west_to_east/001_n00540_E.jpg,eldon_street,west_to_east,n00540,126.91,fitted axis,113.15,13.8,forward
eldon_street/west_to_east/002_n00539_E.jpg,eldon_street,west_to_east,n00539,126.91,fitted axis,114.5,12.4,forward
eldon_street/west_to_east/003_n00538_E.jpg,eldon_street,west_to_east,n00538,126.91,fitted axis,160.88,-34.0,forward
eldon_street/west_to_east/004_n00537_E.jpg,eldon_street,west_to_east,n00537,162.1,re-rendered,160.88,1.2,forward
fen_court/north_to_south/001_n00545_S.jpg,fen_court,north_to_south,n00545,165.62,fitted axis,179.39,-13.8,forward
fen_court/north_to_south/002_n00544_S.jpg,fen_court,north_to_south,n00544,165.62,fitted axis,190.5,-24.9,forward
fen_court/north_to_south/003_n00543_S.jpg,fen_court,north_to_south,n00543,165.62,fitted axis,142.48,23.1,forward
fen_court/north_to_south/004_n00542_S.jpg,fen_court,north_to_south,n00542,144.0,re-rendered,149.98,-6.0,forward
fen_court/north_to_south/005_n00541_S.jpg,fen_court,north_to_south,n00541,165.62,fitted axis,149.98,15.6,forward
fen_court/south_to_north/001_n00541_N.jpg,fen_court,south_to_north,n00541,345.62,fitted axis,329.98,15.6,forward
fen_court/south_to_north/002_n00542_N.jpg,fen_court,south_to_north,n00542,324.0,re-rendered,322.48,1.5,forward
fen_court/south_to_north/003_n00543_N.jpg,fen_court,south_to_north,n00543,345.62,fitted axis,10.5,-24.9,forward
fen_court/south_to_north/004_n00544_N.jpg,fen_court,south_to_north,n00544,345.62,fitted axis,359.39,-13.8,forward
fen_court/south_to_north/005_n00545_N.jpg,fen_court,south_to_north,n00545,345.62,fitted axis,359.39,-13.8,forward
fenchurch_avenue/east_to_west/001_n00546_W.jpg,fenchurch_avenue,east_to_west,n00546,270.7,fitted axis,263.26,7.4,forward
fenchurch_avenue/east_to_west/002_n00547_W.jpg,fenchurch_avenue,east_to_west,n00547,270.7,fitted axis,260.07,10.6,forward
fenchurch_avenue/east_to_west/003_n00548_W.jpg,fenchurch_avenue,east_to_west,n00548,270.7,fitted axis,266.94,3.8,forward
fenchurch_avenue/east_to_west/004_n00549_W.jpg,fenchurch_avenue,east_to_west,n00549,270.7,fitted axis,271.26,-0.6,forward
fenchurch_avenue/east_to_west/005_n00550_W.jpg,fenchurch_avenue,east_to_west,n00550,270.7,fitted axis,282.0,-11.3,forward
fenchurch_avenue/east_to_west/006_n00551_W.jpg,fenchurch_avenue,east_to_west,n00551,270.7,fitted axis,282.81,-12.1,forward
fenchurch_avenue/east_to_west/007_n00552_W.jpg,fenchurch_avenue,east_to_west,n00552,270.7,fitted axis,282.81,-12.1,forward
fenchurch_avenue/west_to_east/001_n00552_E.jpg,fenchurch_avenue,west_to_east,n00552,90.7,fitted axis,102.81,-12.1,forward
fenchurch_avenue/west_to_east/002_n00551_E.jpg,fenchurch_avenue,west_to_east,n00551,90.7,fitted axis,102.0,-11.3,forward
fenchurch_avenue/west_to_east/003_n00550_E.jpg,fenchurch_avenue,west_to_east,n00550,90.7,fitted axis,91.26,-0.6,forward
fenchurch_avenue/west_to_east/004_n00549_E.jpg,fenchurch_avenue,west_to_east,n00549,90.7,fitted axis,86.94,3.8,forward
fenchurch_avenue/west_to_east/005_n00548_E.jpg,fenchurch_avenue,west_to_east,n00548,90.7,fitted axis,80.07,10.6,forward
fenchurch_avenue/west_to_east/006_n00547_E.jpg,fenchurch_avenue,west_to_east,n00547,90.7,fitted axis,83.26,7.4,forward
fenchurch_avenue/west_to_east/007_n00546_E.jpg,fenchurch_avenue,west_to_east,n00546,90.7,fitted axis,83.26,7.4,forward
fenchurch_street/east_to_west/001_n00571_W.jpg,fenchurch_street,east_to_west,n00571,245.0,re-rendered,243.32,1.7,forward
fenchurch_street/east_to_west/002_n00570_W.jpg,fenchurch_street,east_to_west,n00570,245.0,re-rendered,242.32,2.7,forward
fenchurch_street/east_to_west/003_n00569_W.jpg,fenchurch_street,east_to_west,n00569,243.6,re-rendered,243.66,-0.1,forward
fenchurch_street/east_to_west/004_n00568_W.jpg,fenchurch_street,east_to_west,n00568,245.3,re-rendered,240.83,4.5,forward
fenchurch_street/east_to_west/005_n00567_W.jpg,fenchurch_street,east_to_west,n00567,264.97,fitted axis,248.4,16.6,forward
fenchurch_street/east_to_west/006_n00566_W.jpg,fenchurch_street,east_to_west,n00566,264.97,fitted axis,250.14,14.8,forward
fenchurch_street/east_to_west/007_n00565_W.jpg,fenchurch_street,east_to_west,n00565,264.97,fitted axis,251.04,13.9,forward
fenchurch_street/east_to_west/008_n00564_W.jpg,fenchurch_street,east_to_west,n00564,264.97,fitted axis,257.2,7.8,forward
fenchurch_street/east_to_west/009_n00563_W.jpg,fenchurch_street,east_to_west,n00563,264.97,fitted axis,263.82,1.1,forward
fenchurch_street/east_to_west/010_n00562_W.jpg,fenchurch_street,east_to_west,n00562,264.97,fitted axis,268.83,-3.9,forward
fenchurch_street/east_to_west/011_n00561_W.jpg,fenchurch_street,east_to_west,n00561,264.97,fitted axis,274.45,-9.5,forward
fenchurch_street/east_to_west/012_n00560_W.jpg,fenchurch_street,east_to_west,n00560,264.97,fitted axis,278.38,-13.4,forward
fenchurch_street/east_to_west/013_n00559_W.jpg,fenchurch_street,east_to_west,n00559,279.9,re-rendered,278.93,1.0,forward
fenchurch_street/east_to_west/014_n00558_W.jpg,fenchurch_street,east_to_west,n00558,280.3,re-rendered,282.76,-2.5,forward
fenchurch_street/east_to_west/015_n00557_W.jpg,fenchurch_street,east_to_west,n00557,284.1,re-rendered,283.31,0.8,forward
fenchurch_street/east_to_west/016_n00556_W.jpg,fenchurch_street,east_to_west,n00556,284.8,re-rendered,291.04,-6.2,forward
fenchurch_street/east_to_west/017_n00555_W.jpg,fenchurch_street,east_to_west,n00555,292.5,re-rendered,265.2,27.3,forward
fenchurch_street/east_to_west/018_n00554_W.jpg,fenchurch_street,east_to_west,n00554,264.97,fitted axis,288.52,-23.6,forward
fenchurch_street/east_to_west/019_n00553_W.jpg,fenchurch_street,east_to_west,n00553,264.97,fitted axis,288.52,-23.6,forward
fenchurch_street/west_to_east/001_n00553_E.jpg,fenchurch_street,west_to_east,n00553,84.97,fitted axis,108.52,-23.6,forward
fenchurch_street/west_to_east/002_n00554_E.jpg,fenchurch_street,west_to_east,n00554,84.97,fitted axis,85.2,-0.2,forward
fenchurch_street/west_to_east/003_n00555_E.jpg,fenchurch_street,west_to_east,n00555,112.5,re-rendered,111.04,1.5,forward
fenchurch_street/west_to_east/004_n00556_E.jpg,fenchurch_street,west_to_east,n00556,104.8,re-rendered,103.31,1.5,forward
fenchurch_street/west_to_east/005_n00557_E.jpg,fenchurch_street,west_to_east,n00557,104.1,re-rendered,102.76,1.3,forward
fenchurch_street/west_to_east/006_n00558_E.jpg,fenchurch_street,west_to_east,n00558,100.3,re-rendered,98.93,1.4,forward
fenchurch_street/west_to_east/007_n00559_E.jpg,fenchurch_street,west_to_east,n00559,99.9,re-rendered,98.38,1.5,forward
fenchurch_street/west_to_east/008_n00560_E.jpg,fenchurch_street,west_to_east,n00560,84.97,fitted axis,94.45,-9.5,forward
fenchurch_street/west_to_east/009_n00561_E.jpg,fenchurch_street,west_to_east,n00561,84.97,fitted axis,88.83,-3.9,forward
fenchurch_street/west_to_east/010_n00562_E.jpg,fenchurch_street,west_to_east,n00562,84.97,fitted axis,83.82,1.1,forward
fenchurch_street/west_to_east/011_n00563_E.jpg,fenchurch_street,west_to_east,n00563,84.97,fitted axis,77.2,7.8,forward
fenchurch_street/west_to_east/012_n00564_E.jpg,fenchurch_street,west_to_east,n00564,84.97,fitted axis,71.04,13.9,forward
fenchurch_street/west_to_east/013_n00565_E.jpg,fenchurch_street,west_to_east,n00565,84.97,fitted axis,70.14,14.8,forward
fenchurch_street/west_to_east/014_n00566_E.jpg,fenchurch_street,west_to_east,n00566,84.97,fitted axis,68.4,16.6,forward
fenchurch_street/west_to_east/015_n00567_E.jpg,fenchurch_street,west_to_east,n00567,84.97,fitted axis,60.83,24.1,forward
fenchurch_street/west_to_east/016_n00568_E.jpg,fenchurch_street,west_to_east,n00568,65.3,re-rendered,63.66,1.6,forward
fenchurch_street/west_to_east/017_n00569_E.jpg,fenchurch_street,west_to_east,n00569,63.6,re-rendered,62.32,1.3,forward
fenchurch_street/west_to_east/018_n00570_E.jpg,fenchurch_street,west_to_east,n00570,65.0,re-rendered,63.32,1.7,forward
fenchurch_street/west_to_east/019_n00571_E.jpg,fenchurch_street,west_to_east,n00571,65.0,re-rendered,63.32,1.7,forward
finch_lane/north_to_south/001_n00576_S.jpg,finch_lane,north_to_south,n00576,194.4,fitted axis,197.38,-3.0,forward
finch_lane/north_to_south/002_n00575_S.jpg,finch_lane,north_to_south,n00575,194.4,fitted axis,183.86,10.5,forward
finch_lane/north_to_south/003_n00574_S.jpg,finch_lane,north_to_south,n00574,194.4,fitted axis,204.62,-10.2,forward
finch_lane/north_to_south/004_n00573_S.jpg,finch_lane,north_to_south,n00573,194.4,fitted axis,186.44,8.0,forward
finch_lane/north_to_south/005_n00572_S.jpg,finch_lane,north_to_south,n00572,194.4,fitted axis,186.44,8.0,forward
finch_lane/south_to_north/001_n00572_N.jpg,finch_lane,south_to_north,n00572,14.4,fitted axis,6.44,8.0,forward
finch_lane/south_to_north/002_n00573_N.jpg,finch_lane,south_to_north,n00573,14.4,fitted axis,24.62,-10.2,forward
finch_lane/south_to_north/003_n00574_N.jpg,finch_lane,south_to_north,n00574,14.4,fitted axis,3.86,10.5,forward
finch_lane/south_to_north/004_n00575_N.jpg,finch_lane,south_to_north,n00575,14.4,fitted axis,17.38,-3.0,forward
finch_lane/south_to_north/005_n00576_N.jpg,finch_lane,south_to_north,n00576,14.4,fitted axis,17.38,-3.0,forward
finsbury_circus/east_to_west/001_n00577_W.jpg,finsbury_circus,east_to_west,n00577,281.74,fitted axis,282.88,-1.1,forward
finsbury_circus/east_to_west/002_n00579_W.jpg,finsbury_circus,east_to_west,n00579,281.74,fitted axis,272.3,9.4,forward
finsbury_circus/east_to_west/003_n00581_W.jpg,finsbury_circus,east_to_west,n00581,281.74,fitted axis,292.09,-10.3,forward
finsbury_circus/east_to_west/004_n00583_W.jpg,finsbury_circus,east_to_west,n00583,281.74,fitted axis,292.09,-10.3,forward
finsbury_circus/east_to_west/005_n00586_W.jpg,finsbury_circus,east_to_west,n00586,348.4,re-rendered,346.91,1.5,forward
finsbury_circus/east_to_west/006_n00585_W.jpg,finsbury_circus,east_to_west,n00585,197.1,re-rendered,15.4,-178.3,reverse
finsbury_circus/east_to_west/007_n00584_W.jpg,finsbury_circus,east_to_west,n00584,219.5,re-rendered,37.9,-178.4,reverse
finsbury_circus/east_to_west/008_n00587_W.jpg,finsbury_circus,east_to_west,n00587,319.3,re-rendered,317.84,1.5,forward
finsbury_circus/east_to_west/009_n00588_W.jpg,finsbury_circus,east_to_west,n00588,302.2,re-rendered,300.9,1.3,forward
finsbury_circus/east_to_west/010_n00582_W.jpg,finsbury_circus,east_to_west,n00582,247.1,re-rendered,65.66,-178.6,reverse
finsbury_circus/east_to_west/011_n00580_W.jpg,finsbury_circus,east_to_west,n00580,262.3,re-rendered,80.65,-178.4,reverse
finsbury_circus/east_to_west/012_n00589_W.jpg,finsbury_circus,east_to_west,n00589,281.74,fitted axis,286.46,-4.7,forward
finsbury_circus/east_to_west/013_n00578_W.jpg,finsbury_circus,east_to_west,n00578,261.1,re-rendered,79.48,-178.4,reverse
finsbury_circus/east_to_west/014_n00590_W.jpg,finsbury_circus,east_to_west,n00590,281.74,fitted axis,273.21,8.5,forward
finsbury_circus/east_to_west/015_n00598_W.jpg,finsbury_circus,east_to_west,n00598,299.9,re-rendered,118.59,-178.7,reverse
finsbury_circus/east_to_west/016_n00591_W.jpg,finsbury_circus,east_to_west,n00591,260.3,re-rendered,258.61,1.7,forward
finsbury_circus/east_to_west/017_n00597_W.jpg,finsbury_circus,east_to_west,n00597,299.9,re-rendered,118.59,-178.7,reverse
finsbury_circus/east_to_west/018_n00592_W.jpg,finsbury_circus,east_to_west,n00592,243.0,re-rendered,241.53,1.5,forward
finsbury_circus/east_to_west/019_n00596_W.jpg,finsbury_circus,east_to_west,n00596,314.9,re-rendered,133.64,-178.7,reverse
finsbury_circus/east_to_west/020_n00593_W.jpg,finsbury_circus,east_to_west,n00593,213.4,re-rendered,211.61,1.8,forward
finsbury_circus/east_to_west/021_n00595_W.jpg,finsbury_circus,east_to_west,n00595,338.3,re-rendered,156.83,-178.5,reverse
finsbury_circus/east_to_west/022_n00594_W.jpg,finsbury_circus,east_to_west,n00594,188.7,re-rendered,187.27,1.4,forward
finsbury_circus/west_to_east/001_n00594_E.jpg,finsbury_circus,west_to_east,n00594,8.7,re-rendered,31.61,-22.9,forward
finsbury_circus/west_to_east/002_n00595_E.jpg,finsbury_circus,west_to_east,n00595,158.3,re-rendered,7.27,151.0,reverse
finsbury_circus/west_to_east/003_n00593_E.jpg,finsbury_circus,west_to_east,n00593,33.4,re-rendered,61.53,-28.1,forward
finsbury_circus/west_to_east/004_n00596_E.jpg,finsbury_circus,west_to_east,n00596,134.9,re-rendered,336.83,158.1,reverse
finsbury_circus/west_to_east/005_n00592_E.jpg,finsbury_circus,west_to_east,n00592,63.0,re-rendered,78.61,-15.6,forward
finsbury_circus/west_to_east/006_n00597_E.jpg,finsbury_circus,west_to_east,n00597,119.9,re-rendered,313.64,166.3,reverse
finsbury_circus/west_to_east/007_n00591_E.jpg,finsbury_circus,west_to_east,n00591,80.3,re-rendered,93.21,-12.9,forward
finsbury_circus/west_to_east/008_n00598_E.jpg,finsbury_circus,west_to_east,n00598,119.9,re-rendered,298.59,-178.7,reverse
finsbury_circus/west_to_east/009_n00590_E.jpg,finsbury_circus,west_to_east,n00590,101.74,fitted axis,106.46,-4.7,forward
finsbury_circus/west_to_east/010_n00578_E.jpg,finsbury_circus,west_to_east,n00578,81.1,re-rendered,259.48,-178.4,reverse
finsbury_circus/west_to_east/011_n00589_E.jpg,finsbury_circus,west_to_east,n00589,101.74,fitted axis,120.9,-19.2,forward
finsbury_circus/west_to_east/012_n00580_E.jpg,finsbury_circus,west_to_east,n00580,82.3,re-rendered,259.48,-177.2,reverse
finsbury_circus/west_to_east/013_n00582_E.jpg,finsbury_circus,west_to_east,n00582,67.1,re-rendered,260.65,166.4,reverse
finsbury_circus/west_to_east/014_n00588_E.jpg,finsbury_circus,west_to_east,n00588,122.2,re-rendered,137.84,-15.6,forward
finsbury_circus/west_to_east/015_n00587_E.jpg,finsbury_circus,west_to_east,n00587,139.3,re-rendered,166.91,-27.6,forward
finsbury_circus/west_to_east/016_n00584_E.jpg,finsbury_circus,west_to_east,n00584,39.5,re-rendered,245.66,153.8,reverse
finsbury_circus/west_to_east/017_n00585_E.jpg,finsbury_circus,west_to_east,n00585,17.1,re-rendered,217.9,159.2,reverse
finsbury_circus/west_to_east/018_n00586_E.jpg,finsbury_circus,west_to_east,n00586,168.4,re-rendered,195.4,-27.0,forward
finsbury_circus/west_to_east/019_n00583_E.jpg,finsbury_circus,west_to_east,n00583,101.74,fitted axis,112.09,-10.3,forward
finsbury_circus/west_to_east/020_n00581_E.jpg,finsbury_circus,west_to_east,n00581,101.74,fitted axis,92.3,9.4,forward
finsbury_circus/west_to_east/021_n00579_E.jpg,finsbury_circus,west_to_east,n00579,101.74,fitted axis,102.88,-1.1,forward
finsbury_circus/west_to_east/022_n00577_E.jpg,finsbury_circus,west_to_east,n00577,101.74,fitted axis,102.88,-1.1,forward
fish_street_hill/north_to_south/001_n00602_S.jpg,fish_street_hill,north_to_south,n00602,200.69,fitted axis,194.08,6.6,forward
fish_street_hill/north_to_south/002_n00601_S.jpg,fish_street_hill,north_to_south,n00601,200.69,fitted axis,203.25,-2.6,forward
fish_street_hill/north_to_south/003_n00600_S.jpg,fish_street_hill,north_to_south,n00600,200.69,fitted axis,210.47,-9.8,forward
fish_street_hill/north_to_south/004_n00599_S.jpg,fish_street_hill,north_to_south,n00599,200.69,fitted axis,210.47,-9.8,forward
fish_street_hill/south_to_north/001_n00599_N.jpg,fish_street_hill,south_to_north,n00599,20.69,fitted axis,30.47,-9.8,forward
fish_street_hill/south_to_north/002_n00600_N.jpg,fish_street_hill,south_to_north,n00600,20.69,fitted axis,23.25,-2.6,forward
fish_street_hill/south_to_north/003_n00601_N.jpg,fish_street_hill,south_to_north,n00601,20.69,fitted axis,14.08,6.6,forward
fish_street_hill/south_to_north/004_n00602_N.jpg,fish_street_hill,south_to_north,n00602,20.69,fitted axis,14.08,6.6,forward
fisherman_s_hall_wharf/east_to_west/001_n00603_W.jpg,fisherman_s_hall_wharf,east_to_west,n00603,274.48,fitted axis,271.37,3.1,forward
fisherman_s_hall_wharf/east_to_west/002_n00604_W.jpg,fisherman_s_hall_wharf,east_to_west,n00604,298.2,re-rendered,296.7,1.5,forward
fisherman_s_hall_wharf/east_to_west/003_n00606_W.jpg,fisherman_s_hall_wharf,east_to_west,n00606,274.48,fitted axis,283.7,-9.2,forward
fisherman_s_hall_wharf/east_to_west/004_n00605_W.jpg,fisherman_s_hall_wharf,east_to_west,n00605,274.48,fitted axis,105.12,169.4,reverse
fisherman_s_hall_wharf/east_to_west/005_n00607_W.jpg,fisherman_s_hall_wharf,east_to_west,n00607,274.48,fitted axis,256.78,17.7,forward
fisherman_s_hall_wharf/east_to_west/006_n00608_W.jpg,fisherman_s_hall_wharf,east_to_west,n00608,274.48,fitted axis,263.21,11.3,forward
fisherman_s_hall_wharf/east_to_west/007_n00609_W.jpg,fisherman_s_hall_wharf,east_to_west,n00609,274.48,fitted axis,263.21,11.3,forward
fisherman_s_hall_wharf/west_to_east/001_n00609_E.jpg,fisherman_s_hall_wharf,west_to_east,n00609,94.48,fitted axis,83.21,11.3,forward
fisherman_s_hall_wharf/west_to_east/002_n00608_E.jpg,fisherman_s_hall_wharf,west_to_east,n00608,94.48,fitted axis,76.78,17.7,forward
fisherman_s_hall_wharf/west_to_east/003_n00607_E.jpg,fisherman_s_hall_wharf,west_to_east,n00607,94.48,fitted axis,103.7,-9.2,forward
fisherman_s_hall_wharf/west_to_east/004_n00605_E.jpg,fisherman_s_hall_wharf,west_to_east,n00605,94.48,fitted axis,116.7,-22.2,forward
fisherman_s_hall_wharf/west_to_east/005_n00606_E.jpg,fisherman_s_hall_wharf,west_to_east,n00606,94.48,fitted axis,285.12,169.4,reverse
fisherman_s_hall_wharf/west_to_east/006_n00604_E.jpg,fisherman_s_hall_wharf,west_to_east,n00604,118.2,re-rendered,91.37,26.8,forward
fisherman_s_hall_wharf/west_to_east/007_n00603_E.jpg,fisherman_s_hall_wharf,west_to_east,n00603,94.48,fitted axis,91.37,3.1,forward
fore_street/east_to_west/001_n00610_W.jpg,fore_street,east_to_west,n00610,289.38,fitted axis,288.83,0.6,forward
fore_street/east_to_west/002_n00611_W.jpg,fore_street,east_to_west,n00611,289.38,fitted axis,289.31,0.1,forward
fore_street/east_to_west/003_n00612_W.jpg,fore_street,east_to_west,n00612,289.38,fitted axis,289.83,-0.4,forward
fore_street/east_to_west/004_n00613_W.jpg,fore_street,east_to_west,n00613,289.38,fitted axis,290.78,-1.4,forward
fore_street/east_to_west/005_n00614_W.jpg,fore_street,east_to_west,n00614,289.38,fitted axis,288.3,1.1,forward
fore_street/east_to_west/006_n00615_W.jpg,fore_street,east_to_west,n00615,289.38,fitted axis,288.04,1.3,forward
fore_street/east_to_west/007_n00616_W.jpg,fore_street,east_to_west,n00616,289.38,fitted axis,290.13,-0.7,forward
fore_street/east_to_west/008_n00617_W.jpg,fore_street,east_to_west,n00617,289.38,fitted axis,289.91,-0.5,forward
fore_street/east_to_west/009_n00618_W.jpg,fore_street,east_to_west,n00618,289.38,fitted axis,289.91,-0.5,forward
fore_street/west_to_east/001_n00618_E.jpg,fore_street,west_to_east,n00618,109.38,fitted axis,109.91,-0.5,forward
fore_street/west_to_east/002_n00617_E.jpg,fore_street,west_to_east,n00617,109.38,fitted axis,110.13,-0.7,forward
fore_street/west_to_east/003_n00616_E.jpg,fore_street,west_to_east,n00616,109.38,fitted axis,108.04,1.3,forward
fore_street/west_to_east/004_n00615_E.jpg,fore_street,west_to_east,n00615,109.38,fitted axis,108.3,1.1,forward
fore_street/west_to_east/005_n00614_E.jpg,fore_street,west_to_east,n00614,109.38,fitted axis,110.78,-1.4,forward
fore_street/west_to_east/006_n00613_E.jpg,fore_street,west_to_east,n00613,109.38,fitted axis,109.83,-0.4,forward
fore_street/west_to_east/007_n00612_E.jpg,fore_street,west_to_east,n00612,109.38,fitted axis,109.31,0.1,forward
fore_street/west_to_east/008_n00611_E.jpg,fore_street,west_to_east,n00611,109.38,fitted axis,108.83,0.6,forward
fore_street/west_to_east/009_n00610_E.jpg,fore_street,west_to_east,n00610,109.38,fitted axis,108.83,0.6,forward
fore_street_avenue/east_to_west/001_n00623_W.jpg,fore_street_avenue,east_to_west,n00623,289.5,re-rendered,288.21,1.3,forward
fore_street_avenue/east_to_west/002_n00622_W.jpg,fore_street_avenue,east_to_west,n00622,289.5,re-rendered,280.73,8.8,forward
fore_street_avenue/east_to_west/003_n00621_W.jpg,fore_street_avenue,east_to_west,n00621,282.3,re-rendered,203.4,78.9,forward
fore_street_avenue/east_to_west/004_n00620_W.jpg,fore_street_avenue,east_to_west,n00620,205.0,re-rendered,196.69,8.3,forward
fore_street_avenue/east_to_west/005_n00619_W.jpg,fore_street_avenue,east_to_west,n00619,198.2,re-rendered,196.69,1.5,forward
fore_street_avenue/west_to_east/001_n00619_E.jpg,fore_street_avenue,west_to_east,n00619,18.2,re-rendered,16.69,1.5,forward
fore_street_avenue/west_to_east/002_n00620_E.jpg,fore_street_avenue,west_to_east,n00620,25.0,re-rendered,23.4,1.6,forward
fore_street_avenue/west_to_east/003_n00621_E.jpg,fore_street_avenue,west_to_east,n00621,102.3,re-rendered,100.73,1.6,forward
fore_street_avenue/west_to_east/004_n00622_E.jpg,fore_street_avenue,west_to_east,n00622,109.5,re-rendered,108.21,1.3,forward
fore_street_avenue/west_to_east/005_n00623_E.jpg,fore_street_avenue,west_to_east,n00623,109.5,re-rendered,108.21,1.3,forward
foster_lane/north_to_south/001_n00632_S.jpg,foster_lane,north_to_south,n00632,186.13,fitted axis,194.1,-8.0,forward
foster_lane/north_to_south/002_n00631_S.jpg,foster_lane,north_to_south,n00631,186.13,fitted axis,194.2,-8.1,forward
foster_lane/north_to_south/003_n00630_S.jpg,foster_lane,north_to_south,n00630,186.13,fitted axis,193.84,-7.7,forward
foster_lane/north_to_south/004_n00629_S.jpg,foster_lane,north_to_south,n00629,186.13,fitted axis,180.99,5.1,forward
foster_lane/north_to_south/005_n00628_S.jpg,foster_lane,north_to_south,n00628,186.13,fitted axis,181.09,5.0,forward
foster_lane/north_to_south/006_n00627_S.jpg,foster_lane,north_to_south,n00627,186.13,fitted axis,180.08,6.1,forward
foster_lane/north_to_south/007_n00626_S.jpg,foster_lane,north_to_south,n00626,186.13,fitted axis,183.63,2.5,forward
foster_lane/north_to_south/008_n00625_S.jpg,foster_lane,north_to_south,n00625,186.13,fitted axis,191.05,-4.9,forward
foster_lane/north_to_south/009_n00624_S.jpg,foster_lane,north_to_south,n00624,186.13,fitted axis,191.05,-4.9,forward
foster_lane/south_to_north/001_n00624_N.jpg,foster_lane,south_to_north,n00624,6.13,fitted axis,11.05,-4.9,forward
foster_lane/south_to_north/002_n00625_N.jpg,foster_lane,south_to_north,n00625,6.13,fitted axis,3.63,2.5,forward
foster_lane/south_to_north/003_n00626_N.jpg,foster_lane,south_to_north,n00626,6.13,fitted axis,0.08,6.1,forward
foster_lane/south_to_north/004_n00627_N.jpg,foster_lane,south_to_north,n00627,6.13,fitted axis,1.09,5.0,forward
foster_lane/south_to_north/005_n00628_N.jpg,foster_lane,south_to_north,n00628,6.13,fitted axis,0.99,5.1,forward
foster_lane/south_to_north/006_n00629_N.jpg,foster_lane,south_to_north,n00629,6.13,fitted axis,13.84,-7.7,forward
foster_lane/south_to_north/007_n00630_N.jpg,foster_lane,south_to_north,n00630,6.13,fitted axis,14.2,-8.1,forward
foster_lane/south_to_north/008_n00631_N.jpg,foster_lane,south_to_north,n00631,6.13,fitted axis,14.1,-8.0,forward
foster_lane/south_to_north/009_n00632_N.jpg,foster_lane,south_to_north,n00632,6.13,fitted axis,14.1,-8.0,forward
frederick_s_place/east_to_west/001_n00633_W.jpg,frederick_s_place,east_to_west,n00633,281.25,fitted axis,281.79,-0.5,forward
frederick_s_place/east_to_west/002_n00634_W.jpg,frederick_s_place,east_to_west,n00634,281.25,fitted axis,280.64,0.6,forward
frederick_s_place/east_to_west/003_n00635_W.jpg,frederick_s_place,east_to_west,n00635,281.25,fitted axis,280.64,0.6,forward
frederick_s_place/west_to_east/001_n00635_E.jpg,frederick_s_place,west_to_east,n00635,101.25,fitted axis,100.64,0.6,forward
frederick_s_place/west_to_east/002_n00634_E.jpg,frederick_s_place,west_to_east,n00634,101.25,fitted axis,101.79,-0.5,forward
frederick_s_place/west_to_east/003_n00633_E.jpg,frederick_s_place,west_to_east,n00633,101.25,fitted axis,101.79,-0.5,forward
friday_street/north_to_south/001_n00640_S.jpg,friday_street,north_to_south,n00640,187.37,fitted axis,186.74,0.6,forward
friday_street/north_to_south/002_n00639_S.jpg,friday_street,north_to_south,n00639,187.37,fitted axis,191.8,-4.4,forward
friday_street/north_to_south/003_n00638_S.jpg,friday_street,north_to_south,n00638,187.37,fitted axis,187.97,-0.6,forward
friday_street/north_to_south/004_n00637_S.jpg,friday_street,north_to_south,n00637,187.37,fitted axis,180.26,7.1,forward
friday_street/north_to_south/005_n00636_S.jpg,friday_street,north_to_south,n00636,187.37,fitted axis,180.26,7.1,forward
friday_street/south_to_north/001_n00636_N.jpg,friday_street,south_to_north,n00636,7.37,fitted axis,0.26,7.1,forward
friday_street/south_to_north/002_n00637_N.jpg,friday_street,south_to_north,n00637,7.37,fitted axis,7.97,-0.6,forward
friday_street/south_to_north/003_n00638_N.jpg,friday_street,south_to_north,n00638,7.37,fitted axis,11.8,-4.4,forward
friday_street/south_to_north/004_n00639_N.jpg,friday_street,south_to_north,n00639,7.37,fitted axis,6.74,0.6,forward
friday_street/south_to_north/005_n00640_N.jpg,friday_street,south_to_north,n00640,7.37,fitted axis,6.74,0.6,forward
fyefoot_lane/north_to_south/001_n00643_S.jpg,fyefoot_lane,north_to_south,n00643,181.79,fitted axis,181.78,0.0,forward
fyefoot_lane/north_to_south/002_n00642_S.jpg,fyefoot_lane,north_to_south,n00642,181.79,fitted axis,181.79,-0.0,forward
fyefoot_lane/north_to_south/003_n00641_S.jpg,fyefoot_lane,north_to_south,n00641,181.79,fitted axis,181.79,-0.0,forward
fyefoot_lane/south_to_north/001_n00641_N.jpg,fyefoot_lane,south_to_north,n00641,1.79,fitted axis,1.79,-0.0,forward
fyefoot_lane/south_to_north/002_n00642_N.jpg,fyefoot_lane,south_to_north,n00642,1.79,fitted axis,1.78,0.0,forward
fyefoot_lane/south_to_north/003_n00643_N.jpg,fyefoot_lane,south_to_north,n00643,1.79,fitted axis,1.78,0.0,forward
gardner_s_lane/north_to_south/001_n00646_S.jpg,gardner_s_lane,north_to_south,n00646,208.36,fitted axis,214.9,-6.5,forward
gardner_s_lane/north_to_south/002_n00645_S.jpg,gardner_s_lane,north_to_south,n00645,216.5,re-rendered,194.72,21.8,forward
gardner_s_lane/north_to_south/003_n00644_S.jpg,gardner_s_lane,north_to_south,n00644,208.36,fitted axis,194.72,13.6,forward
gardner_s_lane/south_to_north/001_n00644_N.jpg,gardner_s_lane,south_to_north,n00644,28.36,fitted axis,14.72,13.6,forward
gardner_s_lane/south_to_north/002_n00645_N.jpg,gardner_s_lane,south_to_north,n00645,36.5,re-rendered,34.9,1.6,forward
gardner_s_lane/south_to_north/003_n00646_N.jpg,gardner_s_lane,south_to_north,n00646,28.36,fitted axis,34.9,-6.5,forward
garlick_hill/north_to_south/001_n00653_S.jpg,garlick_hill,north_to_south,n00653,184.5,fitted axis,180.95,3.6,forward
garlick_hill/north_to_south/002_n00652_S.jpg,garlick_hill,north_to_south,n00652,184.5,fitted axis,194.18,-9.7,forward
garlick_hill/north_to_south/003_n00651_S.jpg,garlick_hill,north_to_south,n00651,184.5,fitted axis,177.61,6.9,forward
garlick_hill/north_to_south/004_n00650_S.jpg,garlick_hill,north_to_south,n00650,184.5,fitted axis,186.69,-2.2,forward
garlick_hill/north_to_south/005_n00649_S.jpg,garlick_hill,north_to_south,n00649,184.5,fitted axis,182.37,2.1,forward
garlick_hill/north_to_south/006_n00648_S.jpg,garlick_hill,north_to_south,n00648,184.5,fitted axis,182.43,2.1,forward
garlick_hill/north_to_south/007_n00647_S.jpg,garlick_hill,north_to_south,n00647,184.5,fitted axis,182.43,2.1,forward
garlick_hill/south_to_north/001_n00647_N.jpg,garlick_hill,south_to_north,n00647,4.5,fitted axis,2.43,2.1,forward
garlick_hill/south_to_north/002_n00648_N.jpg,garlick_hill,south_to_north,n00648,4.5,fitted axis,2.37,2.1,forward
garlick_hill/south_to_north/003_n00649_N.jpg,garlick_hill,south_to_north,n00649,4.5,fitted axis,6.69,-2.2,forward
garlick_hill/south_to_north/004_n00650_N.jpg,garlick_hill,south_to_north,n00650,4.5,fitted axis,357.61,6.9,forward
garlick_hill/south_to_north/005_n00651_N.jpg,garlick_hill,south_to_north,n00651,4.5,fitted axis,14.18,-9.7,forward
garlick_hill/south_to_north/006_n00652_N.jpg,garlick_hill,south_to_north,n00652,4.5,fitted axis,0.95,3.6,forward
garlick_hill/south_to_north/007_n00653_N.jpg,garlick_hill,south_to_north,n00653,4.5,fitted axis,0.95,3.6,forward
george_yard/north_to_south/001_n00656_S.jpg,george_yard,north_to_south,n00656,205.63,fitted axis,205.27,0.4,forward
george_yard/north_to_south/002_n00655_S.jpg,george_yard,north_to_south,n00655,205.63,fitted axis,206.46,-0.8,forward
george_yard/north_to_south/003_n00654_S.jpg,george_yard,north_to_south,n00654,205.63,fitted axis,206.46,-0.8,forward
george_yard/south_to_north/001_n00654_N.jpg,george_yard,south_to_north,n00654,25.63,fitted axis,26.46,-0.8,forward
george_yard/south_to_north/002_n00655_N.jpg,george_yard,south_to_north,n00655,25.63,fitted axis,25.27,0.4,forward
george_yard/south_to_north/003_n00656_N.jpg,george_yard,south_to_north,n00656,25.63,fitted axis,25.27,0.4,forward
globe_view_walkway/east_to_west/001_n00663_W.jpg,globe_view_walkway,east_to_west,n00663,218.6,re-rendered,217.1,1.5,forward
globe_view_walkway/east_to_west/002_n00662_W.jpg,globe_view_walkway,east_to_west,n00662,218.6,re-rendered,228.84,-10.2,forward
globe_view_walkway/east_to_west/003_n00661_W.jpg,globe_view_walkway,east_to_west,n00661,239.26,fitted axis,280.53,-41.3,forward
globe_view_walkway/east_to_west/004_n00660_W.jpg,globe_view_walkway,east_to_west,n00660,281.8,re-rendered,204.53,77.3,forward
globe_view_walkway/east_to_west/005_n00659_W.jpg,globe_view_walkway,east_to_west,n00659,206.3,re-rendered,192.3,14.0,forward
globe_view_walkway/east_to_west/006_n00658_W.jpg,globe_view_walkway,east_to_west,n00658,193.6,re-rendered,274.64,-81.0,forward
globe_view_walkway/east_to_west/007_n00657_W.jpg,globe_view_walkway,east_to_west,n00657,239.26,fitted axis,274.64,-35.4,forward
globe_view_walkway/west_to_east/001_n00657_E.jpg,globe_view_walkway,west_to_east,n00657,59.26,fitted axis,94.64,-35.4,forward
globe_view_walkway/west_to_east/002_n00658_E.jpg,globe_view_walkway,west_to_east,n00658,13.6,re-rendered,12.3,1.3,forward
globe_view_walkway/west_to_east/003_n00659_E.jpg,globe_view_walkway,west_to_east,n00659,26.3,re-rendered,24.53,1.8,forward
globe_view_walkway/west_to_east/004_n00660_E.jpg,globe_view_walkway,west_to_east,n00660,101.8,re-rendered,100.53,1.3,forward
globe_view_walkway/west_to_east/005_n00661_E.jpg,globe_view_walkway,west_to_east,n00661,59.26,fitted axis,48.84,10.4,forward
globe_view_walkway/west_to_east/006_n00662_E.jpg,globe_view_walkway,west_to_east,n00662,38.6,re-rendered,37.1,1.5,forward
globe_view_walkway/west_to_east/007_n00663_E.jpg,globe_view_walkway,west_to_east,n00663,38.6,re-rendered,37.1,1.5,forward
goldsmith_street/east_to_west/001_n00664_W.jpg,goldsmith_street,east_to_west,n00664,281.52,fitted axis,284.71,-3.2,forward
goldsmith_street/east_to_west/002_n00665_W.jpg,goldsmith_street,east_to_west,n00665,281.52,fitted axis,277.58,3.9,forward
goldsmith_street/east_to_west/003_n00666_W.jpg,goldsmith_street,east_to_west,n00666,281.52,fitted axis,277.58,3.9,forward
goldsmith_street/west_to_east/001_n00666_E.jpg,goldsmith_street,west_to_east,n00666,101.52,fitted axis,97.58,3.9,forward
goldsmith_street/west_to_east/002_n00665_E.jpg,goldsmith_street,west_to_east,n00665,101.52,fitted axis,104.71,-3.2,forward
goldsmith_street/west_to_east/003_n00664_E.jpg,goldsmith_street,west_to_east,n00664,101.52,fitted axis,104.71,-3.2,forward
gophir_lane/east_to_west/001_n00667_W.jpg,gophir_lane,east_to_west,n00667,303.1,fitted axis,303.1,0.0,forward
gophir_lane/east_to_west/002_n00668_W.jpg,gophir_lane,east_to_west,n00668,303.1,fitted axis,303.1,0.0,forward
gophir_lane/west_to_east/001_n00668_E.jpg,gophir_lane,west_to_east,n00668,123.1,fitted axis,123.1,-0.0,forward
gophir_lane/west_to_east/002_n00667_E.jpg,gophir_lane,west_to_east,n00667,123.1,fitted axis,123.1,-0.0,forward
gracechurch_street/north_to_south/001_n00692_S.jpg,gracechurch_street,north_to_south,n00692,206.04,fitted axis,195.27,10.8,forward
gracechurch_street/north_to_south/002_n00691_S.jpg,gracechurch_street,north_to_south,n00691,206.04,fitted axis,199.21,6.8,forward
gracechurch_street/north_to_south/003_n00690_S.jpg,gracechurch_street,north_to_south,n00690,206.04,fitted axis,199.51,6.5,forward
gracechurch_street/north_to_south/004_n00689_S.jpg,gracechurch_street,north_to_south,n00689,206.04,fitted axis,202.0,4.0,forward
gracechurch_street/north_to_south/005_n00688_S.jpg,gracechurch_street,north_to_south,n00688,206.04,fitted axis,204.19,1.8,forward
gracechurch_street/north_to_south/006_n00687_S.jpg,gracechurch_street,north_to_south,n00687,206.04,fitted axis,203.15,2.9,forward
gracechurch_street/north_to_south/007_n00686_S.jpg,gracechurch_street,north_to_south,n00686,206.04,fitted axis,203.75,2.3,forward
gracechurch_street/north_to_south/008_n00685_S.jpg,gracechurch_street,north_to_south,n00685,206.04,fitted axis,210.46,-4.4,forward
gracechurch_street/north_to_south/009_n00684_S.jpg,gracechurch_street,north_to_south,n00684,206.04,fitted axis,203.79,2.2,forward
gracechurch_street/north_to_south/010_n00683_S.jpg,gracechurch_street,north_to_south,n00683,206.04,fitted axis,193.64,12.4,forward
gracechurch_street/north_to_south/011_n00682_S.jpg,gracechurch_street,north_to_south,n00682,206.04,fitted axis,200.23,5.8,forward
gracechurch_street/north_to_south/012_n00681_S.jpg,gracechurch_street,north_to_south,n00681,206.04,fitted axis,191.83,14.2,forward
gracechurch_street/north_to_south/013_n00680_S.jpg,gracechurch_street,north_to_south,n00680,206.04,fitted axis,206.28,-0.2,forward
gracechurch_street/north_to_south/014_n00679_S.jpg,gracechurch_street,north_to_south,n00679,206.04,fitted axis,193.21,12.8,forward
gracechurch_street/north_to_south/015_n00675_S.jpg,gracechurch_street,north_to_south,n00675,232.7,re-rendered,231.14,1.6,forward
gracechurch_street/north_to_south/016_n00678_S.jpg,gracechurch_street,north_to_south,n00678,206.04,fitted axis,177.46,28.6,forward
gracechurch_street/north_to_south/017_n00676_S.jpg,gracechurch_street,north_to_south,n00676,168.7,re-rendered,230.41,-61.7,forward
gracechurch_street/north_to_south/018_n00673_S.jpg,gracechurch_street,north_to_south,n00673,232.7,re-rendered,239.87,-7.2,forward
gracechurch_street/north_to_south/019_n00677_S.jpg,gracechurch_street,north_to_south,n00677,178.9,re-rendered,347.31,-168.4,reverse
gracechurch_street/north_to_south/020_n00674_S.jpg,gracechurch_street,north_to_south,n00674,231.9,re-rendered,248.78,-16.9,forward
gracechurch_street/north_to_south/021_n00671_S.jpg,gracechurch_street,north_to_south,n00671,241.3,re-rendered,268.5,-27.2,forward
gracechurch_street/north_to_south/022_n00669_S.jpg,gracechurch_street,north_to_south,n00669,90.0,re-rendered,268.5,-178.5,reverse
gracechurch_street/north_to_south/023_n00672_S.jpg,gracechurch_street,north_to_south,n00672,250.3,re-rendered,265.59,-15.3,forward
gracechurch_street/north_to_south/024_n00670_S.jpg,gracechurch_street,north_to_south,n00670,267.2,re-rendered,265.59,1.6,forward
gracechurch_street/south_to_north/001_n00670_N.jpg,gracechurch_street,south_to_north,n00670,87.2,re-rendered,85.59,1.6,forward
gracechurch_street/south_to_north/002_n00672_N.jpg,gracechurch_street,south_to_north,n00672,70.3,re-rendered,68.78,1.5,forward
gracechurch_street/south_to_north/003_n00669_N.jpg,gracechurch_street,south_to_north,n00669,90.0,re-rendered,88.5,1.5,forward
gracechurch_street/south_to_north/004_n00671_N.jpg,gracechurch_street,south_to_north,n00671,61.3,re-rendered,59.87,1.4,forward
gracechurch_street/south_to_north/005_n00674_N.jpg,gracechurch_street,south_to_north,n00674,51.9,re-rendered,50.41,1.5,forward
gracechurch_street/south_to_north/006_n00677_N.jpg,gracechurch_street,south_to_north,n00677,358.9,re-rendered,357.46,1.4,forward
gracechurch_street/south_to_north/007_n00673_N.jpg,gracechurch_street,south_to_north,n00673,52.7,re-rendered,51.14,1.6,forward
gracechurch_street/south_to_north/008_n00676_N.jpg,gracechurch_street,south_to_north,n00676,348.7,re-rendered,167.31,-178.6,reverse
gracechurch_street/south_to_north/009_n00678_N.jpg,gracechurch_street,south_to_north,n00678,26.04,fitted axis,13.21,12.8,forward
gracechurch_street/south_to_north/010_n00675_N.jpg,gracechurch_street,south_to_north,n00675,52.7,re-rendered,51.14,1.6,forward
gracechurch_street/south_to_north/011_n00679_N.jpg,gracechurch_street,south_to_north,n00679,26.04,fitted axis,26.28,-0.2,forward
gracechurch_street/south_to_north/012_n00680_N.jpg,gracechurch_street,south_to_north,n00680,26.04,fitted axis,11.83,14.2,forward
gracechurch_street/south_to_north/013_n00681_N.jpg,gracechurch_street,south_to_north,n00681,26.04,fitted axis,20.23,5.8,forward
gracechurch_street/south_to_north/014_n00682_N.jpg,gracechurch_street,south_to_north,n00682,26.04,fitted axis,13.64,12.4,forward
gracechurch_street/south_to_north/015_n00683_N.jpg,gracechurch_street,south_to_north,n00683,26.04,fitted axis,23.79,2.2,forward
gracechurch_street/south_to_north/016_n00684_N.jpg,gracechurch_street,south_to_north,n00684,26.04,fitted axis,30.46,-4.4,forward
gracechurch_street/south_to_north/017_n00685_N.jpg,gracechurch_street,south_to_north,n00685,26.04,fitted axis,23.75,2.3,forward
gracechurch_street/south_to_north/018_n00686_N.jpg,gracechurch_street,south_to_north,n00686,26.04,fitted axis,23.15,2.9,forward
gracechurch_street/south_to_north/019_n00687_N.jpg,gracechurch_street,south_to_north,n00687,26.04,fitted axis,24.19,1.8,forward
gracechurch_street/south_to_north/020_n00688_N.jpg,gracechurch_street,south_to_north,n00688,26.04,fitted axis,22.0,4.0,forward
gracechurch_street/south_to_north/021_n00689_N.jpg,gracechurch_street,south_to_north,n00689,26.04,fitted axis,19.51,6.5,forward
gracechurch_street/south_to_north/022_n00690_N.jpg,gracechurch_street,south_to_north,n00690,26.04,fitted axis,19.21,6.8,forward
gracechurch_street/south_to_north/023_n00691_N.jpg,gracechurch_street,south_to_north,n00691,26.04,fitted axis,15.27,10.8,forward
gracechurch_street/south_to_north/024_n00692_N.jpg,gracechurch_street,south_to_north,n00692,26.04,fitted axis,15.27,10.8,forward
great_bell_alley/east_to_west/001_n00693_W.jpg,great_bell_alley,east_to_west,n00693,276.66,fitted axis,276.66,0.0,forward
great_bell_alley/east_to_west/002_n00694_W.jpg,great_bell_alley,east_to_west,n00694,276.66,fitted axis,276.66,0.0,forward
great_bell_alley/west_to_east/001_n00694_E.jpg,great_bell_alley,west_to_east,n00694,96.66,fitted axis,96.66,0.0,forward
great_bell_alley/west_to_east/002_n00693_E.jpg,great_bell_alley,west_to_east,n00693,96.66,fitted axis,96.66,0.0,forward
great_st_helens/east_to_west/001_n00695_W.jpg,great_st_helens,east_to_west,n00695,297.69,fitted axis,300.15,-2.5,forward
great_st_helens/east_to_west/002_n00696_W.jpg,great_st_helens,east_to_west,n00696,297.69,fitted axis,295.14,2.5,forward
great_st_helens/east_to_west/003_n00697_W.jpg,great_st_helens,east_to_west,n00697,297.69,fitted axis,299.02,-1.3,forward
great_st_helens/east_to_west/004_n00698_W.jpg,great_st_helens,east_to_west,n00698,297.69,fitted axis,299.02,-1.3,forward
great_st_helens/west_to_east/001_n00698_E.jpg,great_st_helens,west_to_east,n00698,117.69,fitted axis,119.02,-1.3,forward
great_st_helens/west_to_east/002_n00697_E.jpg,great_st_helens,west_to_east,n00697,117.69,fitted axis,115.14,2.5,forward
great_st_helens/west_to_east/003_n00696_E.jpg,great_st_helens,west_to_east,n00696,117.69,fitted axis,120.15,-2.5,forward
great_st_helens/west_to_east/004_n00695_E.jpg,great_st_helens,west_to_east,n00695,117.69,fitted axis,120.15,-2.5,forward
great_st_thomas_apostle/east_to_west/001_n00699_W.jpg,great_st_thomas_apostle,east_to_west,n00699,281.07,fitted axis,281.04,0.0,forward
great_st_thomas_apostle/east_to_west/002_n00700_W.jpg,great_st_thomas_apostle,east_to_west,n00700,281.07,fitted axis,281.19,-0.1,forward
great_st_thomas_apostle/east_to_west/003_n00701_W.jpg,great_st_thomas_apostle,east_to_west,n00701,281.07,fitted axis,280.95,0.1,forward
great_st_thomas_apostle/east_to_west/004_n00702_W.jpg,great_st_thomas_apostle,east_to_west,n00702,281.07,fitted axis,280.95,0.1,forward
great_st_thomas_apostle/west_to_east/001_n00702_E.jpg,great_st_thomas_apostle,west_to_east,n00702,101.07,fitted axis,100.95,0.1,forward
great_st_thomas_apostle/west_to_east/002_n00701_E.jpg,great_st_thomas_apostle,west_to_east,n00701,101.07,fitted axis,101.19,-0.1,forward
great_st_thomas_apostle/west_to_east/003_n00700_E.jpg,great_st_thomas_apostle,west_to_east,n00700,101.07,fitted axis,101.04,0.0,forward
great_st_thomas_apostle/west_to_east/004_n00699_E.jpg,great_st_thomas_apostle,west_to_east,n00699,101.07,fitted axis,101.04,0.0,forward
great_swan_alley/east_to_west/001_n00703_W.jpg,great_swan_alley,east_to_west,n00703,276.79,fitted axis,288.43,-11.6,forward
great_swan_alley/east_to_west/002_n00705_W.jpg,great_swan_alley,east_to_west,n00705,276.79,fitted axis,288.43,-11.6,forward
great_swan_alley/east_to_west/003_n00704_W.jpg,great_swan_alley,east_to_west,n00704,276.79,fitted axis,273.05,3.7,forward
great_swan_alley/east_to_west/004_n00706_W.jpg,great_swan_alley,east_to_west,n00706,276.79,fitted axis,277.34,-0.5,forward
great_swan_alley/east_to_west/005_n00707_W.jpg,great_swan_alley,east_to_west,n00707,250.8,re-rendered,249.12,1.7,forward
great_swan_alley/east_to_west/006_n00708_W.jpg,great_swan_alley,east_to_west,n00708,276.79,fitted axis,286.58,-9.8,forward
great_swan_alley/east_to_west/007_n00709_W.jpg,great_swan_alley,east_to_west,n00709,276.79,fitted axis,278.49,-1.7,forward
great_swan_alley/east_to_west/008_n00710_W.jpg,great_swan_alley,east_to_west,n00710,276.79,fitted axis,278.49,-1.7,forward
great_swan_alley/west_to_east/001_n00710_E.jpg,great_swan_alley,west_to_east,n00710,96.79,fitted axis,98.49,-1.7,forward
great_swan_alley/west_to_east/002_n00709_E.jpg,great_swan_alley,west_to_east,n00709,96.79,fitted axis,106.58,-9.8,forward
great_swan_alley/west_to_east/003_n00708_E.jpg,great_swan_alley,west_to_east,n00708,96.79,fitted axis,69.12,27.7,forward
great_swan_alley/west_to_east/004_n00707_E.jpg,great_swan_alley,west_to_east,n00707,70.8,re-rendered,97.34,-26.5,forward
great_swan_alley/west_to_east/005_n00706_E.jpg,great_swan_alley,west_to_east,n00706,96.79,fitted axis,93.05,3.7,forward
great_swan_alley/west_to_east/006_n00704_E.jpg,great_swan_alley,west_to_east,n00704,96.79,fitted axis,93.05,3.7,forward
great_swan_alley/west_to_east/007_n00705_E.jpg,great_swan_alley,west_to_east,n00705,96.79,fitted axis,108.43,-11.6,forward
great_swan_alley/west_to_east/008_n00703_E.jpg,great_swan_alley,west_to_east,n00703,96.79,fitted axis,108.43,-11.6,forward
great_tower_street/east_to_west/001_n00711_W.jpg,great_tower_street,east_to_west,n00711,298.57,fitted axis,313.09,-14.5,forward
great_tower_street/east_to_west/002_n00712_W.jpg,great_tower_street,east_to_west,n00712,298.57,fitted axis,288.28,10.3,forward
great_tower_street/east_to_west/003_n00713_W.jpg,great_tower_street,east_to_west,n00713,298.57,fitted axis,299.02,-0.5,forward
great_tower_street/east_to_west/004_n00714_W.jpg,great_tower_street,east_to_west,n00714,298.57,fitted axis,294.39,4.2,forward
great_tower_street/east_to_west/005_n00715_W.jpg,great_tower_street,east_to_west,n00715,298.57,fitted axis,301.0,-2.4,forward
great_tower_street/east_to_west/006_n00716_W.jpg,great_tower_street,east_to_west,n00716,298.57,fitted axis,304.19,-5.6,forward
great_tower_street/east_to_west/007_n00717_W.jpg,great_tower_street,east_to_west,n00717,298.57,fitted axis,302.25,-3.7,forward
great_tower_street/east_to_west/008_n00718_W.jpg,great_tower_street,east_to_west,n00718,298.57,fitted axis,289.07,9.5,forward
great_tower_street/east_to_west/009_n00719_W.jpg,great_tower_street,east_to_west,n00719,298.57,fitted axis,297.55,1.0,forward
great_tower_street/east_to_west/010_n00720_W.jpg,great_tower_street,east_to_west,n00720,298.57,fitted axis,297.55,1.0,forward
great_tower_street/west_to_east/001_n00720_E.jpg,great_tower_street,west_to_east,n00720,118.57,fitted axis,117.55,1.0,forward
great_tower_street/west_to_east/002_n00719_E.jpg,great_tower_street,west_to_east,n00719,118.57,fitted axis,109.07,9.5,forward
great_tower_street/west_to_east/003_n00718_E.jpg,great_tower_street,west_to_east,n00718,118.57,fitted axis,122.25,-3.7,forward
great_tower_street/west_to_east/004_n00717_E.jpg,great_tower_street,west_to_east,n00717,118.57,fitted axis,124.19,-5.6,forward
great_tower_street/west_to_east/005_n00716_E.jpg,great_tower_street,west_to_east,n00716,118.57,fitted axis,121.0,-2.4,forward
great_tower_street/west_to_east/006_n00715_E.jpg,great_tower_street,west_to_east,n00715,118.57,fitted axis,114.39,4.2,forward
great_tower_street/west_to_east/007_n00714_E.jpg,great_tower_street,west_to_east,n00714,118.57,fitted axis,119.02,-0.5,forward
great_tower_street/west_to_east/008_n00713_E.jpg,great_tower_street,west_to_east,n00713,118.57,fitted axis,108.28,10.3,forward
great_tower_street/west_to_east/009_n00712_E.jpg,great_tower_street,west_to_east,n00712,118.57,fitted axis,133.09,-14.5,forward
great_tower_street/west_to_east/010_n00711_E.jpg,great_tower_street,west_to_east,n00711,118.57,fitted axis,133.09,-14.5,forward
great_trinity_lane/east_to_west/001_n00721_W.jpg,great_trinity_lane,east_to_west,n00721,281.59,fitted axis,280.69,0.9,forward
great_trinity_lane/east_to_west/002_n00722_W.jpg,great_trinity_lane,east_to_west,n00722,281.59,fitted axis,282.55,-1.0,forward
great_trinity_lane/east_to_west/003_n00723_W.jpg,great_trinity_lane,east_to_west,n00723,281.59,fitted axis,282.55,-1.0,forward
great_trinity_lane/west_to_east/001_n00723_E.jpg,great_trinity_lane,west_to_east,n00723,101.59,fitted axis,102.55,-1.0,forward
great_trinity_lane/west_to_east/002_n00722_E.jpg,great_trinity_lane,west_to_east,n00722,101.59,fitted axis,100.69,0.9,forward
great_trinity_lane/west_to_east/003_n00721_E.jpg,great_trinity_lane,west_to_east,n00721,101.59,fitted axis,100.69,0.9,forward
great_winchester_street/east_to_west/001_n00724_W.jpg,great_winchester_street,east_to_west,n00724,301.63,fitted axis,295.46,6.2,forward
great_winchester_street/east_to_west/002_n00725_W.jpg,great_winchester_street,east_to_west,n00725,301.63,fitted axis,291.53,10.1,forward
great_winchester_street/east_to_west/003_n00726_W.jpg,great_winchester_street,east_to_west,n00726,301.63,fitted axis,289.37,12.3,forward
great_winchester_street/east_to_west/004_n00727_W.jpg,great_winchester_street,east_to_west,n00727,301.63,fitted axis,291.34,10.3,forward
great_winchester_street/east_to_west/005_n00728_W.jpg,great_winchester_street,east_to_west,n00728,285.5,re-rendered,284.12,1.4,forward
great_winchester_street/east_to_west/006_n00729_W.jpg,great_winchester_street,east_to_west,n00729,301.63,fitted axis,298.49,3.1,forward
great_winchester_street/east_to_west/007_n00730_W.jpg,great_winchester_street,east_to_west,n00730,182.1,re-rendered,0.66,-178.6,reverse
great_winchester_street/east_to_west/008_n00731_W.jpg,great_winchester_street,east_to_west,n00731,199.5,re-rendered,17.95,-178.4,reverse
great_winchester_street/east_to_west/009_n00732_W.jpg,great_winchester_street,east_to_west,n00732,199.5,re-rendered,17.95,-178.4,reverse
great_winchester_street/west_to_east/001_n00732_E.jpg,great_winchester_street,west_to_east,n00732,19.5,re-rendered,197.95,-178.4,reverse
great_winchester_street/west_to_east/002_n00731_E.jpg,great_winchester_street,west_to_east,n00731,19.5,re-rendered,180.66,-161.2,reverse
great_winchester_street/west_to_east/003_n00730_E.jpg,great_winchester_street,west_to_east,n00730,2.1,re-rendered,118.49,-116.4,reverse
great_winchester_street/west_to_east/004_n00729_E.jpg,great_winchester_street,west_to_east,n00729,121.63,fitted axis,104.12,17.5,forward
great_winchester_street/west_to_east/005_n00728_E.jpg,great_winchester_street,west_to_east,n00728,105.5,re-rendered,111.34,-5.8,forward
great_winchester_street/west_to_east/006_n00727_E.jpg,great_winchester_street,west_to_east,n00727,121.63,fitted axis,109.37,12.3,forward
great_winchester_street/west_to_east/007_n00726_E.jpg,great_winchester_street,west_to_east,n00726,121.63,fitted axis,111.53,10.1,forward
great_winchester_street/west_to_east/008_n00725_E.jpg,great_winchester_street,west_to_east,n00725,121.63,fitted axis,115.46,6.2,forward
great_winchester_street/west_to_east/009_n00724_E.jpg,great_winchester_street,west_to_east,n00724,121.63,fitted axis,115.46,6.2,forward
gresham_street/east_to_west/001_n00733_W.jpg,gresham_street,east_to_west,n00733,288.69,fitted axis,285.99,2.7,forward
gresham_street/east_to_west/002_n00734_W.jpg,gresham_street,east_to_west,n00734,288.69,fitted axis,276.14,12.5,forward
gresham_street/east_to_west/003_n00735_W.jpg,gresham_street,east_to_west,n00735,288.69,fitted axis,279.61,9.1,forward
gresham_street/east_to_west/004_n00736_W.jpg,gresham_street,east_to_west,n00736,288.69,fitted axis,277.42,11.3,forward
gresham_street/east_to_west/005_n00737_W.jpg,gresham_street,east_to_west,n00737,288.69,fitted axis,277.92,10.8,forward
gresham_street/east_to_west/006_n00738_W.jpg,gresham_street,east_to_west,n00738,288.69,fitted axis,282.96,5.7,forward
gresham_street/east_to_west/007_n00739_W.jpg,gresham_street,east_to_west,n00739,288.69,fitted axis,273.41,15.3,forward
gresham_street/east_to_west/008_n00740_W.jpg,gresham_street,east_to_west,n00740,288.69,fitted axis,282.76,5.9,forward
gresham_street/east_to_west/009_n00741_W.jpg,gresham_street,east_to_west,n00741,288.69,fitted axis,289.29,-0.6,forward
gresham_street/east_to_west/010_n00742_W.jpg,gresham_street,east_to_west,n00742,288.69,fitted axis,303.1,-14.4,forward
gresham_street/east_to_west/011_n00743_W.jpg,gresham_street,east_to_west,n00743,307.0,re-rendered,305.66,1.3,forward
gresham_street/east_to_west/012_n00744_W.jpg,gresham_street,east_to_west,n00744,288.69,fitted axis,288.85,-0.2,forward
gresham_street/east_to_west/013_n00745_W.jpg,gresham_street,east_to_west,n00745,288.69,fitted axis,290.85,-2.2,forward
gresham_street/east_to_west/014_n00746_W.jpg,gresham_street,east_to_west,n00746,288.69,fitted axis,290.66,-2.0,forward
gresham_street/east_to_west/015_n00747_W.jpg,gresham_street,east_to_west,n00747,288.69,fitted axis,289.19,-0.5,forward
gresham_street/east_to_west/016_n00748_W.jpg,gresham_street,east_to_west,n00748,288.69,fitted axis,291.29,-2.6,forward
gresham_street/east_to_west/017_n00749_W.jpg,gresham_street,east_to_west,n00749,288.69,fitted axis,289.84,-1.2,forward
gresham_street/east_to_west/018_n00750_W.jpg,gresham_street,east_to_west,n00750,288.69,fitted axis,289.47,-0.8,forward
gresham_street/east_to_west/019_n00751_W.jpg,gresham_street,east_to_west,n00751,288.69,fitted axis,287.74,1.0,forward
gresham_street/east_to_west/020_n00752_W.jpg,gresham_street,east_to_west,n00752,288.69,fitted axis,286.46,2.2,forward
gresham_street/east_to_west/021_n00753_W.jpg,gresham_street,east_to_west,n00753,288.69,fitted axis,276.46,12.2,forward
gresham_street/east_to_west/022_n00754_W.jpg,gresham_street,east_to_west,n00754,316.1,re-rendered,314.74,1.4,forward
gresham_street/east_to_west/023_n00755_W.jpg,gresham_street,east_to_west,n00755,288.69,fitted axis,302.01,-13.3,forward
gresham_street/east_to_west/024_n00756_W.jpg,gresham_street,east_to_west,n00756,288.69,fitted axis,281.67,7.0,forward
gresham_street/east_to_west/025_n00757_W.jpg,gresham_street,east_to_west,n00757,288.69,fitted axis,281.67,7.0,forward
gresham_street/west_to_east/001_n00757_E.jpg,gresham_street,west_to_east,n00757,108.69,fitted axis,101.67,7.0,forward
gresham_street/west_to_east/002_n00756_E.jpg,gresham_street,west_to_east,n00756,108.69,fitted axis,122.01,-13.3,forward
gresham_street/west_to_east/003_n00755_E.jpg,gresham_street,west_to_east,n00755,108.69,fitted axis,134.74,-26.1,forward
gresham_street/west_to_east/004_n00754_E.jpg,gresham_street,west_to_east,n00754,136.1,re-rendered,96.46,39.6,forward
gresham_street/west_to_east/005_n00753_E.jpg,gresham_street,west_to_east,n00753,108.69,fitted axis,106.46,2.2,forward
gresham_street/west_to_east/006_n00752_E.jpg,gresham_street,west_to_east,n00752,108.69,fitted axis,107.74,1.0,forward
gresham_street/west_to_east/007_n00751_E.jpg,gresham_street,west_to_east,n00751,108.69,fitted axis,109.47,-0.8,forward
gresham_street/west_to_east/008_n00750_E.jpg,gresham_street,west_to_east,n00750,108.69,fitted axis,109.84,-1.2,forward
gresham_street/west_to_east/009_n00749_E.jpg,gresham_street,west_to_east,n00749,108.69,fitted axis,111.29,-2.6,forward
gresham_street/west_to_east/010_n00748_E.jpg,gresham_street,west_to_east,n00748,108.69,fitted axis,109.19,-0.5,forward
gresham_street/west_to_east/011_n00747_E.jpg,gresham_street,west_to_east,n00747,108.69,fitted axis,110.66,-2.0,forward
gresham_street/west_to_east/012_n00746_E.jpg,gresham_street,west_to_east,n00746,108.69,fitted axis,110.85,-2.2,forward
gresham_street/west_to_east/013_n00745_E.jpg,gresham_street,west_to_east,n00745,108.69,fitted axis,108.85,-0.2,forward
gresham_street/west_to_east/014_n00744_E.jpg,gresham_street,west_to_east,n00744,108.69,fitted axis,125.66,-17.0,forward
gresham_street/west_to_east/015_n00743_E.jpg,gresham_street,west_to_east,n00743,127.0,re-rendered,123.1,3.9,forward
gresham_street/west_to_east/016_n00742_E.jpg,gresham_street,west_to_east,n00742,108.69,fitted axis,109.29,-0.6,forward
gresham_street/west_to_east/017_n00741_E.jpg,gresham_street,west_to_east,n00741,108.69,fitted axis,102.76,5.9,forward
gresham_street/west_to_east/018_n00740_E.jpg,gresham_street,west_to_east,n00740,108.69,fitted axis,93.41,15.3,forward
gresham_street/west_to_east/019_n00739_E.jpg,gresham_street,west_to_east,n00739,108.69,fitted axis,102.96,5.7,forward
gresham_street/west_to_east/020_n00738_E.jpg,gresham_street,west_to_east,n00738,108.69,fitted axis,97.92,10.8,forward
gresham_street/west_to_east/021_n00737_E.jpg,gresham_street,west_to_east,n00737,108.69,fitted axis,97.42,11.3,forward
gresham_street/west_to_east/022_n00736_E.jpg,gresham_street,west_to_east,n00736,108.69,fitted axis,99.61,9.1,forward
gresham_street/west_to_east/023_n00735_E.jpg,gresham_street,west_to_east,n00735,108.69,fitted axis,96.14,12.5,forward
gresham_street/west_to_east/024_n00734_E.jpg,gresham_street,west_to_east,n00734,108.69,fitted axis,105.99,2.7,forward
gresham_street/west_to_east/025_n00733_E.jpg,gresham_street,west_to_east,n00733,108.69,fitted axis,105.99,2.7,forward
grocers_hall_court/north_to_south/001_n00760_S.jpg,grocers_hall_court,north_to_south,n00760,200.92,fitted axis,202.22,-1.3,forward
grocers_hall_court/north_to_south/002_n00759_S.jpg,grocers_hall_court,north_to_south,n00759,200.92,fitted axis,199.52,1.4,forward
grocers_hall_court/north_to_south/003_n00758_S.jpg,grocers_hall_court,north_to_south,n00758,200.92,fitted axis,199.52,1.4,forward
grocers_hall_court/south_to_north/001_n00758_N.jpg,grocers_hall_court,south_to_north,n00758,20.92,fitted axis,19.52,1.4,forward
grocers_hall_court/south_to_north/002_n00759_N.jpg,grocers_hall_court,south_to_north,n00759,20.92,fitted axis,22.22,-1.3,forward
grocers_hall_court/south_to_north/003_n00760_N.jpg,grocers_hall_court,south_to_north,n00760,20.92,fitted axis,22.22,-1.3,forward
guildhall_buildings/east_to_west/001_n00761_W.jpg,guildhall_buildings,east_to_west,n00761,268.0,fitted axis,259.71,8.3,forward
guildhall_buildings/east_to_west/002_n00762_W.jpg,guildhall_buildings,east_to_west,n00762,268.0,fitted axis,276.51,-8.5,forward
guildhall_buildings/east_to_west/003_n00763_W.jpg,guildhall_buildings,east_to_west,n00763,268.0,fitted axis,276.51,-8.5,forward
guildhall_buildings/west_to_east/001_n00763_E.jpg,guildhall_buildings,west_to_east,n00763,88.0,fitted axis,96.51,-8.5,forward
guildhall_buildings/west_to_east/002_n00762_E.jpg,guildhall_buildings,west_to_east,n00762,88.0,fitted axis,79.71,8.3,forward
guildhall_buildings/west_to_east/003_n00761_E.jpg,guildhall_buildings,west_to_east,n00761,88.0,fitted axis,79.71,8.3,forward
guildhall_yard/north_to_south/001_n00765_S.jpg,guildhall_yard,north_to_south,n00765,182.42,fitted axis,182.42,0.0,forward
guildhall_yard/north_to_south/002_n00764_S.jpg,guildhall_yard,north_to_south,n00764,182.42,fitted axis,182.42,0.0,forward
guildhall_yard/south_to_north/001_n00764_N.jpg,guildhall_yard,south_to_north,n00764,2.42,fitted axis,2.42,-0.0,forward
guildhall_yard/south_to_north/002_n00765_N.jpg,guildhall_yard,south_to_north,n00765,2.42,fitted axis,2.42,-0.0,forward
gutter_lane/north_to_south/001_n00774_S.jpg,gutter_lane,north_to_south,n00774,178.55,fitted axis,172.46,6.1,forward
gutter_lane/north_to_south/002_n00773_S.jpg,gutter_lane,north_to_south,n00773,178.55,fitted axis,163.48,15.1,forward
gutter_lane/north_to_south/003_n00772_S.jpg,gutter_lane,north_to_south,n00772,164.8,re-rendered,177.04,-12.2,forward
gutter_lane/north_to_south/004_n00771_S.jpg,gutter_lane,north_to_south,n00771,178.55,fitted axis,176.82,1.7,forward
gutter_lane/north_to_south/005_n00770_S.jpg,gutter_lane,north_to_south,n00770,178.55,fitted axis,179.9,-1.4,forward
gutter_lane/north_to_south/006_n00769_S.jpg,gutter_lane,north_to_south,n00769,178.55,fitted axis,181.97,-3.4,forward
gutter_lane/north_to_south/007_n00768_S.jpg,gutter_lane,north_to_south,n00768,178.55,fitted axis,188.09,-9.5,forward
gutter_lane/north_to_south/008_n00767_S.jpg,gutter_lane,north_to_south,n00767,178.55,fitted axis,192.29,-13.7,forward
gutter_lane/north_to_south/009_n00766_S.jpg,gutter_lane,north_to_south,n00766,178.55,fitted axis,192.29,-13.7,forward
gutter_lane/south_to_north/001_n00766_N.jpg,gutter_lane,south_to_north,n00766,358.55,fitted axis,12.29,-13.7,forward
gutter_lane/south_to_north/002_n00767_N.jpg,gutter_lane,south_to_north,n00767,358.55,fitted axis,8.09,-9.5,forward
gutter_lane/south_to_north/003_n00768_N.jpg,gutter_lane,south_to_north,n00768,358.55,fitted axis,1.97,-3.4,forward
gutter_lane/south_to_north/004_n00769_N.jpg,gutter_lane,south_to_north,n00769,358.55,fitted axis,359.9,-1.4,forward
gutter_lane/south_to_north/005_n00770_N.jpg,gutter_lane,south_to_north,n00770,358.55,fitted axis,356.82,1.7,forward
gutter_lane/south_to_north/006_n00771_N.jpg,gutter_lane,south_to_north,n00771,358.55,fitted axis,357.04,1.5,forward
gutter_lane/south_to_north/007_n00772_N.jpg,gutter_lane,south_to_north,n00772,344.8,re-rendered,343.48,1.3,forward
gutter_lane/south_to_north/008_n00773_N.jpg,gutter_lane,south_to_north,n00773,358.55,fitted axis,352.46,6.1,forward
gutter_lane/south_to_north/009_n00774_N.jpg,gutter_lane,south_to_north,n00774,358.55,fitted axis,352.46,6.1,forward
hanseatic_walk/east_to_west/001_n00775_W.jpg,hanseatic_walk,east_to_west,n00775,267.0,re-rendered,265.73,1.3,forward
hanseatic_walk/east_to_west/002_n00776_W.jpg,hanseatic_walk,east_to_west,n00776,281.75,fitted axis,290.45,-8.7,forward
hanseatic_walk/east_to_west/003_n00777_W.jpg,hanseatic_walk,east_to_west,n00777,281.75,fitted axis,283.84,-2.1,forward
hanseatic_walk/east_to_west/004_n00778_W.jpg,hanseatic_walk,east_to_west,n00778,281.75,fitted axis,285.98,-4.2,forward
hanseatic_walk/east_to_west/005_n00779_W.jpg,hanseatic_walk,east_to_west,n00779,281.75,fitted axis,285.98,-4.2,forward
hanseatic_walk/west_to_east/001_n00779_E.jpg,hanseatic_walk,west_to_east,n00779,101.75,fitted axis,105.98,-4.2,forward
hanseatic_walk/west_to_east/002_n00778_E.jpg,hanseatic_walk,west_to_east,n00778,101.75,fitted axis,103.84,-2.1,forward
hanseatic_walk/west_to_east/003_n00777_E.jpg,hanseatic_walk,west_to_east,n00777,101.75,fitted axis,110.45,-8.7,forward
hanseatic_walk/west_to_east/004_n00776_E.jpg,hanseatic_walk,west_to_east,n00776,101.75,fitted axis,85.73,16.0,forward
hanseatic_walk/west_to_east/005_n00775_E.jpg,hanseatic_walk,west_to_east,n00775,87.0,re-rendered,85.73,1.3,forward
harp_lane/north_to_south/001_n00781_S.jpg,harp_lane,north_to_south,n00781,213.77,fitted axis,213.77,0.0,forward
harp_lane/north_to_south/002_n00780_S.jpg,harp_lane,north_to_south,n00780,213.77,fitted axis,213.77,0.0,forward
harp_lane/south_to_north/001_n00780_N.jpg,harp_lane,south_to_north,n00780,33.77,fitted axis,33.77,0.0,forward
harp_lane/south_to_north/002_n00781_N.jpg,harp_lane,south_to_north,n00781,33.77,fitted axis,33.77,0.0,forward
high_timber_street/east_to_west/001_n00782_W.jpg,high_timber_street,east_to_west,n00782,279.61,fitted axis,277.43,2.2,forward
high_timber_street/east_to_west/002_n00783_W.jpg,high_timber_street,east_to_west,n00783,279.61,fitted axis,288.74,-9.1,forward
high_timber_street/east_to_west/003_n00784_W.jpg,high_timber_street,east_to_west,n00784,279.61,fitted axis,277.61,2.0,forward
high_timber_street/east_to_west/004_n00785_W.jpg,high_timber_street,east_to_west,n00785,279.61,fitted axis,282.48,-2.9,forward
high_timber_street/east_to_west/005_n00786_W.jpg,high_timber_street,east_to_west,n00786,279.61,fitted axis,276.24,3.4,forward
high_timber_street/east_to_west/006_n00787_W.jpg,high_timber_street,east_to_west,n00787,279.61,fitted axis,268.76,10.8,forward
high_timber_street/east_to_west/007_n00788_W.jpg,high_timber_street,east_to_west,n00788,279.61,fitted axis,268.76,10.8,forward
high_timber_street/west_to_east/001_n00788_E.jpg,high_timber_street,west_to_east,n00788,99.61,fitted axis,88.76,10.8,forward
high_timber_street/west_to_east/002_n00787_E.jpg,high_timber_street,west_to_east,n00787,99.61,fitted axis,96.24,3.4,forward
high_timber_street/west_to_east/003_n00786_E.jpg,high_timber_street,west_to_east,n00786,99.61,fitted axis,102.48,-2.9,forward
high_timber_street/west_to_east/004_n00785_E.jpg,high_timber_street,west_to_east,n00785,99.61,fitted axis,97.61,2.0,forward
high_timber_street/west_to_east/005_n00784_E.jpg,high_timber_street,west_to_east,n00784,99.61,fitted axis,108.74,-9.1,forward
high_timber_street/west_to_east/006_n00783_E.jpg,high_timber_street,west_to_east,n00783,99.61,fitted axis,97.43,2.2,forward
high_timber_street/west_to_east/007_n00782_E.jpg,high_timber_street,west_to_east,n00782,99.61,fitted axis,97.43,2.2,forward
houndsditch/east_to_west/001_n00789_W.jpg,houndsditch,east_to_west,n00789,328.7,re-rendered,327.35,1.4,forward
houndsditch/east_to_west/002_n00790_W.jpg,houndsditch,east_to_west,n00790,308.28,fitted axis,308.97,-0.7,forward
houndsditch/east_to_west/003_n00791_W.jpg,houndsditch,east_to_west,n00791,308.28,fitted axis,302.77,5.5,forward
houndsditch/east_to_west/004_n00792_W.jpg,houndsditch,east_to_west,n00792,308.28,fitted axis,301.48,6.8,forward
houndsditch/east_to_west/005_n00793_W.jpg,houndsditch,east_to_west,n00793,308.28,fitted axis,301.48,6.8,forward
houndsditch/west_to_east/001_n00793_E.jpg,houndsditch,west_to_east,n00793,128.28,fitted axis,121.48,6.8,forward
houndsditch/west_to_east/002_n00792_E.jpg,houndsditch,west_to_east,n00792,128.28,fitted axis,122.77,5.5,forward
houndsditch/west_to_east/003_n00791_E.jpg,houndsditch,west_to_east,n00791,128.28,fitted axis,128.97,-0.7,forward
houndsditch/west_to_east/004_n00790_E.jpg,houndsditch,west_to_east,n00790,128.28,fitted axis,147.35,-19.1,forward
houndsditch/west_to_east/005_n00789_E.jpg,houndsditch,west_to_east,n00789,148.7,re-rendered,147.35,1.4,forward
huggin_hill/north_to_south/001_n00798_S.jpg,huggin_hill,north_to_south,n00798,185.57,fitted axis,174.12,11.4,forward
huggin_hill/north_to_south/002_n00797_S.jpg,huggin_hill,north_to_south,n00797,185.57,fitted axis,188.26,-2.7,forward
huggin_hill/north_to_south/003_n00796_S.jpg,huggin_hill,north_to_south,n00796,185.57,fitted axis,188.59,-3.0,forward
huggin_hill/north_to_south/004_n00795_S.jpg,huggin_hill,north_to_south,n00795,185.57,fitted axis,188.2,-2.6,forward
huggin_hill/north_to_south/005_n00794_S.jpg,huggin_hill,north_to_south,n00794,185.57,fitted axis,188.2,-2.6,forward
huggin_hill/south_to_north/001_n00794_N.jpg,huggin_hill,south_to_north,n00794,5.57,fitted axis,8.2,-2.6,forward
huggin_hill/south_to_north/002_n00795_N.jpg,huggin_hill,south_to_north,n00795,5.57,fitted axis,8.59,-3.0,forward
huggin_hill/south_to_north/003_n00796_N.jpg,huggin_hill,south_to_north,n00796,5.57,fitted axis,8.26,-2.7,forward
huggin_hill/south_to_north/004_n00797_N.jpg,huggin_hill,south_to_north,n00797,5.57,fitted axis,354.12,11.4,forward
huggin_hill/south_to_north/005_n00798_N.jpg,huggin_hill,south_to_north,n00798,5.57,fitted axis,354.12,11.4,forward
idol_lane/north_to_south/001_n00803_S.jpg,idol_lane,north_to_south,n00803,187.5,fitted axis,194.48,-7.0,forward
idol_lane/north_to_south/002_n00802_S.jpg,idol_lane,north_to_south,n00802,187.5,fitted axis,191.82,-4.3,forward
idol_lane/north_to_south/003_n00801_S.jpg,idol_lane,north_to_south,n00801,187.5,fitted axis,185.49,2.0,forward
idol_lane/north_to_south/004_n00800_S.jpg,idol_lane,north_to_south,n00800,187.5,fitted axis,181.76,5.7,forward
idol_lane/north_to_south/005_n00799_S.jpg,idol_lane,north_to_south,n00799,187.5,fitted axis,181.76,5.7,forward
idol_lane/south_to_north/001_n00799_N.jpg,idol_lane,south_to_north,n00799,7.5,fitted axis,1.76,5.7,forward
idol_lane/south_to_north/002_n00800_N.jpg,idol_lane,south_to_north,n00800,7.5,fitted axis,5.49,2.0,forward
idol_lane/south_to_north/003_n00801_N.jpg,idol_lane,south_to_north,n00801,7.5,fitted axis,11.82,-4.3,forward
idol_lane/south_to_north/004_n00802_N.jpg,idol_lane,south_to_north,n00802,7.5,fitted axis,14.48,-7.0,forward
idol_lane/south_to_north/005_n00803_N.jpg,idol_lane,south_to_north,n00803,7.5,fitted axis,14.48,-7.0,forward
ironmonger_lane/north_to_south/001_n00811_S.jpg,ironmonger_lane,north_to_south,n00811,198.37,fitted axis,200.69,-2.3,forward
ironmonger_lane/north_to_south/002_n00810_S.jpg,ironmonger_lane,north_to_south,n00810,198.37,fitted axis,200.66,-2.3,forward
ironmonger_lane/north_to_south/003_n00809_S.jpg,ironmonger_lane,north_to_south,n00809,198.37,fitted axis,206.37,-8.0,forward
ironmonger_lane/north_to_south/004_n00808_S.jpg,ironmonger_lane,north_to_south,n00808,198.37,fitted axis,201.4,-3.0,forward
ironmonger_lane/north_to_south/005_n00807_S.jpg,ironmonger_lane,north_to_south,n00807,198.37,fitted axis,197.56,0.8,forward
ironmonger_lane/north_to_south/006_n00806_S.jpg,ironmonger_lane,north_to_south,n00806,198.37,fitted axis,194.39,4.0,forward
ironmonger_lane/north_to_south/007_n00805_S.jpg,ironmonger_lane,north_to_south,n00805,198.37,fitted axis,179.56,18.8,forward
ironmonger_lane/north_to_south/008_n00804_S.jpg,ironmonger_lane,north_to_south,n00804,181.0,re-rendered,179.56,1.4,forward
ironmonger_lane/south_to_north/001_n00804_N.jpg,ironmonger_lane,south_to_north,n00804,1.0,re-rendered,359.56,1.4,forward
ironmonger_lane/south_to_north/002_n00805_N.jpg,ironmonger_lane,south_to_north,n00805,18.37,fitted axis,14.39,4.0,forward
ironmonger_lane/south_to_north/003_n00806_N.jpg,ironmonger_lane,south_to_north,n00806,18.37,fitted axis,17.56,0.8,forward
ironmonger_lane/south_to_north/004_n00807_N.jpg,ironmonger_lane,south_to_north,n00807,18.37,fitted axis,21.4,-3.0,forward
ironmonger_lane/south_to_north/005_n00808_N.jpg,ironmonger_lane,south_to_north,n00808,18.37,fitted axis,26.37,-8.0,forward
ironmonger_lane/south_to_north/006_n00809_N.jpg,ironmonger_lane,south_to_north,n00809,18.37,fitted axis,20.66,-2.3,forward
ironmonger_lane/south_to_north/007_n00810_N.jpg,ironmonger_lane,south_to_north,n00810,18.37,fitted axis,20.69,-2.3,forward
ironmonger_lane/south_to_north/008_n00811_N.jpg,ironmonger_lane,south_to_north,n00811,18.37,fitted axis,20.69,-2.3,forward
kennett_wharf_lane/north_to_south/001_n00815_S.jpg,kennett_wharf_lane,north_to_south,n00815,197.18,fitted axis,193.68,3.5,forward
kennett_wharf_lane/north_to_south/002_n00813_S.jpg,kennett_wharf_lane,north_to_south,n00813,197.18,fitted axis,193.68,3.5,forward
kennett_wharf_lane/north_to_south/003_n00816_S.jpg,kennett_wharf_lane,north_to_south,n00816,197.18,fitted axis,184.91,12.3,forward
kennett_wharf_lane/north_to_south/004_n00814_S.jpg,kennett_wharf_lane,north_to_south,n00814,197.18,fitted axis,197.08,0.1,forward
kennett_wharf_lane/north_to_south/005_n00812_S.jpg,kennett_wharf_lane,north_to_south,n00812,197.18,fitted axis,197.08,0.1,forward
kennett_wharf_lane/south_to_north/001_n00812_N.jpg,kennett_wharf_lane,south_to_north,n00812,17.18,fitted axis,17.08,0.1,forward
kennett_wharf_lane/south_to_north/002_n00814_N.jpg,kennett_wharf_lane,south_to_north,n00814,17.18,fitted axis,4.91,12.3,forward
kennett_wharf_lane/south_to_north/003_n00816_N.jpg,kennett_wharf_lane,south_to_north,n00816,17.18,fitted axis,4.91,12.3,forward
kennett_wharf_lane/south_to_north/004_n00813_N.jpg,kennett_wharf_lane,south_to_north,n00813,17.18,fitted axis,13.68,3.5,forward
kennett_wharf_lane/south_to_north/005_n00815_N.jpg,kennett_wharf_lane,south_to_north,n00815,17.18,fitted axis,13.68,3.5,forward
king_s_arms_yard/east_to_west/001_n00852_W.jpg,king_s_arms_yard,east_to_west,n00852,280.35,fitted axis,290.34,-10.0,forward
king_s_arms_yard/east_to_west/002_n00853_W.jpg,king_s_arms_yard,east_to_west,n00853,280.35,fitted axis,276.11,4.2,forward
king_s_arms_yard/east_to_west/003_n00854_W.jpg,king_s_arms_yard,east_to_west,n00854,263.3,re-rendered,261.84,1.5,forward
king_s_arms_yard/east_to_west/004_n00855_W.jpg,king_s_arms_yard,east_to_west,n00855,280.35,fitted axis,293.11,-12.8,forward
king_s_arms_yard/east_to_west/005_n00856_W.jpg,king_s_arms_yard,east_to_west,n00856,280.35,fitted axis,278.39,2.0,forward
king_s_arms_yard/east_to_west/006_n00857_W.jpg,king_s_arms_yard,east_to_west,n00857,280.35,fitted axis,278.39,2.0,forward
king_s_arms_yard/west_to_east/001_n00857_E.jpg,king_s_arms_yard,west_to_east,n00857,100.35,fitted axis,98.39,2.0,forward
king_s_arms_yard/west_to_east/002_n00856_E.jpg,king_s_arms_yard,west_to_east,n00856,100.35,fitted axis,113.11,-12.8,forward
king_s_arms_yard/west_to_east/003_n00855_E.jpg,king_s_arms_yard,west_to_east,n00855,100.35,fitted axis,81.84,18.5,forward
king_s_arms_yard/west_to_east/004_n00854_E.jpg,king_s_arms_yard,west_to_east,n00854,83.3,re-rendered,96.11,-12.8,forward
king_s_arms_yard/west_to_east/005_n00853_E.jpg,king_s_arms_yard,west_to_east,n00853,100.35,fitted axis,110.34,-10.0,forward
king_s_arms_yard/west_to_east/006_n00852_E.jpg,king_s_arms_yard,west_to_east,n00852,100.35,fitted axis,110.34,-10.0,forward
king_street/north_to_south/001_n00824_S.jpg,king_street,north_to_south,n00824,184.2,fitted axis,197.77,-13.6,forward
king_street/north_to_south/002_n00823_S.jpg,king_street,north_to_south,n00823,184.2,fitted axis,175.56,8.6,forward
king_street/north_to_south/003_n00822_S.jpg,king_street,north_to_south,n00822,184.2,fitted axis,185.46,-1.3,forward
king_street/north_to_south/004_n00821_S.jpg,king_street,north_to_south,n00821,184.2,fitted axis,184.02,0.2,forward
king_street/north_to_south/005_n00820_S.jpg,king_street,north_to_south,n00820,184.2,fitted axis,186.04,-1.8,forward
king_street/north_to_south/006_n00819_S.jpg,king_street,north_to_south,n00819,184.2,fitted axis,183.24,1.0,forward
king_street/north_to_south/007_n00818_S.jpg,king_street,north_to_south,n00818,184.2,fitted axis,187.33,-3.1,forward
king_street/north_to_south/008_n00817_S.jpg,king_street,north_to_south,n00817,184.2,fitted axis,187.33,-3.1,forward
king_street/south_to_north/001_n00817_N.jpg,king_street,south_to_north,n00817,4.2,fitted axis,7.33,-3.1,forward
king_street/south_to_north/002_n00818_N.jpg,king_street,south_to_north,n00818,4.2,fitted axis,3.24,1.0,forward
king_street/south_to_north/003_n00819_N.jpg,king_street,south_to_north,n00819,4.2,fitted axis,6.04,-1.8,forward
king_street/south_to_north/004_n00820_N.jpg,king_street,south_to_north,n00820,4.2,fitted axis,4.02,0.2,forward
king_street/south_to_north/005_n00821_N.jpg,king_street,south_to_north,n00821,4.2,fitted axis,5.46,-1.3,forward
king_street/south_to_north/006_n00822_N.jpg,king_street,south_to_north,n00822,4.2,fitted axis,355.56,8.6,forward
king_street/south_to_north/007_n00823_N.jpg,king_street,south_to_north,n00823,4.2,fitted axis,17.77,-13.6,forward
king_street/south_to_north/008_n00824_N.jpg,king_street,south_to_north,n00824,4.2,fitted axis,17.77,-13.6,forward
king_william_street/north_to_south/001_n00851_S.jpg,king_william_street,north_to_south,n00851,160.48,fitted axis,161.6,-1.1,forward
king_william_street/north_to_south/002_n00850_S.jpg,king_william_street,north_to_south,n00850,160.48,fitted axis,153.24,7.2,forward
king_william_street/north_to_south/003_n00849_S.jpg,king_william_street,north_to_south,n00849,160.48,fitted axis,156.1,4.4,forward
king_william_street/north_to_south/004_n00848_S.jpg,king_william_street,north_to_south,n00848,160.48,fitted axis,155.22,5.3,forward
king_william_street/north_to_south/005_n00847_S.jpg,king_william_street,north_to_south,n00847,160.48,fitted axis,145.08,15.4,forward
king_william_street/north_to_south/006_n00846_S.jpg,king_william_street,north_to_south,n00846,146.4,re-rendered,151.0,-4.6,forward
king_william_street/north_to_south/007_n00845_S.jpg,king_william_street,north_to_south,n00845,160.48,fitted axis,147.32,13.2,forward
king_william_street/north_to_south/008_n00844_S.jpg,king_william_street,north_to_south,n00844,160.48,fitted axis,150.5,10.0,forward
king_william_street/north_to_south/009_n00843_S.jpg,king_william_street,north_to_south,n00843,160.48,fitted axis,150.82,9.7,forward
king_william_street/north_to_south/010_n00842_S.jpg,king_william_street,north_to_south,n00842,160.48,fitted axis,151.31,9.2,forward
king_william_street/north_to_south/011_n00841_S.jpg,king_william_street,north_to_south,n00841,160.48,fitted axis,149.12,11.4,forward
king_william_street/north_to_south/012_n00840_S.jpg,king_william_street,north_to_south,n00840,160.48,fitted axis,161.07,-0.6,forward
king_william_street/north_to_south/013_n00839_S.jpg,king_william_street,north_to_south,n00839,160.48,fitted axis,106.34,54.1,forward
king_william_street/north_to_south/014_n00837_S.jpg,king_william_street,north_to_south,n00837,160.48,fitted axis,181.68,-21.2,forward
king_william_street/north_to_south/015_n00838_S.jpg,king_william_street,north_to_south,n00838,107.6,re-rendered,207.91,-100.3,reverse
king_william_street/north_to_south/016_n00836_S.jpg,king_william_street,north_to_south,n00836,209.4,re-rendered,196.09,13.3,forward
king_william_street/north_to_south/017_n00835_S.jpg,king_william_street,north_to_south,n00835,183.4,re-rendered,192.41,-9.0,forward
king_william_street/north_to_south/018_n00834_S.jpg,king_william_street,north_to_south,n00834,197.6,re-rendered,193.64,4.0,forward
king_william_street/north_to_south/019_n00833_S.jpg,king_william_street,north_to_south,n00833,160.48,fitted axis,194.78,-34.3,forward
king_william_street/north_to_south/020_n00832_S.jpg,king_william_street,north_to_south,n00832,160.48,fitted axis,193.76,-33.3,forward
king_william_street/north_to_south/021_n00831_S.jpg,king_william_street,north_to_south,n00831,196.4,re-rendered,192.6,3.8,forward
king_william_street/north_to_south/022_n00830_S.jpg,king_william_street,north_to_south,n00830,195.3,re-rendered,192.8,2.5,forward
king_william_street/north_to_south/023_n00829_S.jpg,king_william_street,north_to_south,n00829,194.2,re-rendered,192.99,1.2,forward
king_william_street/north_to_south/024_n00828_S.jpg,king_william_street,north_to_south,n00828,194.4,re-rendered,192.4,2.0,forward
king_william_street/north_to_south/025_n00827_S.jpg,king_william_street,north_to_south,n00827,194.5,re-rendered,193.39,1.1,forward
king_william_street/north_to_south/026_n00826_S.jpg,king_william_street,north_to_south,n00826,194.0,re-rendered,192.4,1.6,forward
king_william_street/north_to_south/027_n00825_S.jpg,king_william_street,north_to_south,n00825,194.9,re-rendered,193.39,1.5,forward
king_william_street/south_to_north/001_n00825_N.jpg,king_william_street,south_to_north,n00825,14.9,re-rendered,13.39,1.5,forward
king_william_street/south_to_north/002_n00826_N.jpg,king_william_street,south_to_north,n00826,14.0,re-rendered,12.4,1.6,forward
king_william_street/south_to_north/003_n00827_N.jpg,king_william_street,south_to_north,n00827,14.5,re-rendered,12.99,1.5,forward
king_william_street/south_to_north/004_n00828_N.jpg,king_william_street,south_to_north,n00828,14.4,re-rendered,12.8,1.6,forward
king_william_street/south_to_north/005_n00829_N.jpg,king_william_street,south_to_north,n00829,14.2,re-rendered,12.6,1.6,forward
king_william_street/south_to_north/006_n00830_N.jpg,king_william_street,south_to_north,n00830,15.3,re-rendered,13.76,1.5,forward
king_william_street/south_to_north/007_n00831_N.jpg,king_william_street,south_to_north,n00831,16.4,re-rendered,14.78,1.6,forward
king_william_street/south_to_north/008_n00832_N.jpg,king_william_street,south_to_north,n00832,340.48,fitted axis,13.64,-33.2,forward
king_william_street/south_to_north/009_n00833_N.jpg,king_william_street,south_to_north,n00833,340.48,fitted axis,12.41,-31.9,forward
king_william_street/south_to_north/010_n00834_N.jpg,king_william_street,south_to_north,n00834,17.6,re-rendered,16.09,1.5,forward
king_william_street/south_to_north/011_n00835_N.jpg,king_william_street,south_to_north,n00835,3.4,re-rendered,1.68,1.7,forward
king_william_street/south_to_north/012_n00836_N.jpg,king_william_street,south_to_north,n00836,29.4,re-rendered,27.91,1.5,forward
king_william_street/south_to_north/013_n00838_N.jpg,king_william_street,south_to_north,n00838,287.6,re-rendered,286.34,1.3,forward
king_william_street/south_to_north/014_n00837_N.jpg,king_william_street,south_to_north,n00837,340.48,fitted axis,1.68,-21.2,forward
king_william_street/south_to_north/015_n00839_N.jpg,king_william_street,south_to_north,n00839,340.48,fitted axis,341.07,-0.6,forward
king_william_street/south_to_north/016_n00840_N.jpg,king_william_street,south_to_north,n00840,340.48,fitted axis,329.12,11.4,forward
king_william_street/south_to_north/017_n00841_N.jpg,king_william_street,south_to_north,n00841,340.48,fitted axis,331.31,9.2,forward
king_william_street/south_to_north/018_n00842_N.jpg,king_william_street,south_to_north,n00842,340.48,fitted axis,330.82,9.7,forward
king_william_street/south_to_north/019_n00843_N.jpg,king_william_street,south_to_north,n00843,340.48,fitted axis,330.5,10.0,forward
king_william_street/south_to_north/020_n00844_N.jpg,king_william_street,south_to_north,n00844,340.48,fitted axis,327.32,13.2,forward
king_william_street/south_to_north/021_n00845_N.jpg,king_william_street,south_to_north,n00845,340.48,fitted axis,331.0,9.5,forward
king_william_street/south_to_north/022_n00846_N.jpg,king_william_street,south_to_north,n00846,326.4,re-rendered,325.08,1.3,forward
king_william_street/south_to_north/023_n00847_N.jpg,king_william_street,south_to_north,n00847,340.48,fitted axis,335.22,5.3,forward
king_william_street/south_to_north/024_n00848_N.jpg,king_william_street,south_to_north,n00848,340.48,fitted axis,336.1,4.4,forward
king_william_street/south_to_north/025_n00849_N.jpg,king_william_street,south_to_north,n00849,340.48,fitted axis,333.24,7.2,forward
king_william_street/south_to_north/026_n00850_N.jpg,king_william_street,south_to_north,n00850,340.48,fitted axis,341.6,-1.1,forward
king_william_street/south_to_north/027_n00851_N.jpg,king_william_street,south_to_north,n00851,340.48,fitted axis,341.6,-1.1,forward
lambeth_hill/east_to_west/001_n00858_W.jpg,lambeth_hill,east_to_west,n00858,342.0,re-rendered,340.33,1.7,forward
lambeth_hill/east_to_west/002_n00859_W.jpg,lambeth_hill,east_to_west,n00859,304.23,fitted axis,279.92,24.3,forward
lambeth_hill/east_to_west/003_n00860_W.jpg,lambeth_hill,east_to_west,n00860,304.23,fitted axis,276.6,27.6,forward
lambeth_hill/east_to_west/004_n00861_W.jpg,lambeth_hill,east_to_west,n00861,312.4,re-rendered,311.14,1.3,forward
lambeth_hill/east_to_west/005_n00862_W.jpg,lambeth_hill,east_to_west,n00862,304.23,fitted axis,5.83,-61.6,forward
lambeth_hill/east_to_west/006_n00863_W.jpg,lambeth_hill,east_to_west,n00863,304.23,fitted axis,5.83,-61.6,forward
lambeth_hill/west_to_east/001_n00863_E.jpg,lambeth_hill,west_to_east,n00863,124.23,fitted axis,185.83,-61.6,forward
lambeth_hill/west_to_east/002_n00862_E.jpg,lambeth_hill,west_to_east,n00862,124.23,fitted axis,131.14,-6.9,forward
lambeth_hill/west_to_east/003_n00861_E.jpg,lambeth_hill,west_to_east,n00861,132.4,re-rendered,96.6,35.8,forward
lambeth_hill/west_to_east/004_n00860_E.jpg,lambeth_hill,west_to_east,n00860,124.23,fitted axis,99.92,24.3,forward
lambeth_hill/west_to_east/005_n00859_E.jpg,lambeth_hill,west_to_east,n00859,124.23,fitted axis,160.33,-36.1,forward
lambeth_hill/west_to_east/006_n00858_E.jpg,lambeth_hill,west_to_east,n00858,162.0,re-rendered,160.33,1.7,forward
langthorn_court/east_to_west/001_n00864_W.jpg,langthorn_court,east_to_west,n00864,0.0,re-rendered,0.0,0.0,forward
langthorn_court/east_to_west/002_n00865_W.jpg,langthorn_court,east_to_west,n00865,0.0,re-rendered,0.0,0.0,forward
langthorn_court/west_to_east/001_n00864_E.jpg,langthorn_court,west_to_east,n00864,0.0,re-rendered,0.0,0.0,forward
langthorn_court/west_to_east/002_n00865_E.jpg,langthorn_court,west_to_east,n00865,0.0,re-rendered,0.0,0.0,forward
laurence_pountney_hill/north_to_south/001_n00873_S.jpg,laurence_pountney_hill,north_to_south,n00873,210.7,re-rendered,209.13,1.6,forward
laurence_pountney_hill/north_to_south/002_n00872_S.jpg,laurence_pountney_hill,north_to_south,n00872,210.7,re-rendered,175.85,34.8,forward
laurence_pountney_hill/north_to_south/003_n00871_S.jpg,laurence_pountney_hill,north_to_south,n00871,166.57,fitted axis,182.63,-16.1,forward
laurence_pountney_hill/north_to_south/004_n00869_S.jpg,laurence_pountney_hill,north_to_south,n00869,109.6,re-rendered,108.07,1.5,forward
laurence_pountney_hill/north_to_south/005_n00868_S.jpg,laurence_pountney_hill,north_to_south,n00868,109.6,re-rendered,107.62,2.0,forward
laurence_pountney_hill/north_to_south/006_n00870_S.jpg,laurence_pountney_hill,north_to_south,n00870,184.1,re-rendered,288.07,-104.0,reverse
laurence_pountney_hill/north_to_south/007_n00867_S.jpg,laurence_pountney_hill,north_to_south,n00867,109.0,re-rendered,80.62,28.4,forward
laurence_pountney_hill/north_to_south/008_n00866_S.jpg,laurence_pountney_hill,north_to_south,n00866,262.3,re-rendered,80.62,-178.3,reverse
laurence_pountney_hill/south_to_north/001_n00866_N.jpg,laurence_pountney_hill,south_to_north,n00866,82.3,re-rendered,260.62,-178.3,reverse
laurence_pountney_hill/south_to_north/002_n00867_N.jpg,laurence_pountney_hill,south_to_north,n00867,289.0,re-rendered,287.62,1.4,forward
laurence_pountney_hill/south_to_north/003_n00868_N.jpg,laurence_pountney_hill,south_to_north,n00868,289.6,re-rendered,288.07,1.5,forward
laurence_pountney_hill/south_to_north/004_n00870_N.jpg,laurence_pountney_hill,south_to_north,n00870,4.1,re-rendered,2.63,1.5,forward
laurence_pountney_hill/south_to_north/005_n00869_N.jpg,laurence_pountney_hill,south_to_north,n00869,289.6,re-rendered,108.07,-178.5,reverse
laurence_pountney_hill/south_to_north/006_n00871_N.jpg,laurence_pountney_hill,south_to_north,n00871,346.57,fitted axis,355.85,-9.3,forward
laurence_pountney_hill/south_to_north/007_n00872_N.jpg,laurence_pountney_hill,south_to_north,n00872,30.7,re-rendered,29.13,1.6,forward
laurence_pountney_hill/south_to_north/008_n00873_N.jpg,laurence_pountney_hill,south_to_north,n00873,30.7,re-rendered,29.13,1.6,forward
laurence_pountney_lane/north_to_south/001_n00880_S.jpg,laurence_pountney_lane,north_to_south,n00880,198.85,fitted axis,198.63,0.2,forward
laurence_pountney_lane/north_to_south/002_n00879_S.jpg,laurence_pountney_lane,north_to_south,n00879,198.85,fitted axis,198.82,0.0,forward
laurence_pountney_lane/north_to_south/003_n00878_S.jpg,laurence_pountney_lane,north_to_south,n00878,198.85,fitted axis,199.07,-0.2,forward
laurence_pountney_lane/north_to_south/004_n00877_S.jpg,laurence_pountney_lane,north_to_south,n00877,198.85,fitted axis,197.86,1.0,forward
laurence_pountney_lane/north_to_south/005_n00876_S.jpg,laurence_pountney_lane,north_to_south,n00876,198.85,fitted axis,198.24,0.6,forward
laurence_pountney_lane/north_to_south/006_n00875_S.jpg,laurence_pountney_lane,north_to_south,n00875,198.85,fitted axis,201.37,-2.5,forward
laurence_pountney_lane/north_to_south/007_n00874_S.jpg,laurence_pountney_lane,north_to_south,n00874,198.85,fitted axis,201.37,-2.5,forward
laurence_pountney_lane/south_to_north/001_n00874_N.jpg,laurence_pountney_lane,south_to_north,n00874,18.85,fitted axis,21.37,-2.5,forward
laurence_pountney_lane/south_to_north/002_n00875_N.jpg,laurence_pountney_lane,south_to_north,n00875,18.85,fitted axis,18.24,0.6,forward
laurence_pountney_lane/south_to_north/003_n00876_N.jpg,laurence_pountney_lane,south_to_north,n00876,18.85,fitted axis,17.86,1.0,forward
laurence_pountney_lane/south_to_north/004_n00877_N.jpg,laurence_pountney_lane,south_to_north,n00877,18.85,fitted axis,19.07,-0.2,forward
laurence_pountney_lane/south_to_north/005_n00878_N.jpg,laurence_pountney_lane,south_to_north,n00878,18.85,fitted axis,18.82,0.0,forward
laurence_pountney_lane/south_to_north/006_n00879_N.jpg,laurence_pountney_lane,south_to_north,n00879,18.85,fitted axis,18.63,0.2,forward
laurence_pountney_lane/south_to_north/007_n00880_N.jpg,laurence_pountney_lane,south_to_north,n00880,18.85,fitted axis,18.63,0.2,forward
lawrence_lane/north_to_south/001_n00885_S.jpg,lawrence_lane,north_to_south,n00885,179.99,fitted axis,193.56,-13.6,forward
lawrence_lane/north_to_south/002_n00884_S.jpg,lawrence_lane,north_to_south,n00884,179.99,fitted axis,189.68,-9.7,forward
lawrence_lane/north_to_south/003_n00883_S.jpg,lawrence_lane,north_to_south,n00883,179.99,fitted axis,181.29,-1.3,forward
lawrence_lane/north_to_south/004_n00882_S.jpg,lawrence_lane,north_to_south,n00882,179.99,fitted axis,127.85,52.1,forward
lawrence_lane/north_to_south/005_n00881_S.jpg,lawrence_lane,north_to_south,n00881,179.99,fitted axis,127.85,52.1,forward
lawrence_lane/south_to_north/001_n00881_N.jpg,lawrence_lane,south_to_north,n00881,359.99,fitted axis,307.85,52.1,forward
lawrence_lane/south_to_north/002_n00882_N.jpg,lawrence_lane,south_to_north,n00882,359.99,fitted axis,1.29,-1.3,forward
lawrence_lane/south_to_north/003_n00883_N.jpg,lawrence_lane,south_to_north,n00883,359.99,fitted axis,9.68,-9.7,forward
lawrence_lane/south_to_north/004_n00884_N.jpg,lawrence_lane,south_to_north,n00884,359.99,fitted axis,13.56,-13.6,forward
lawrence_lane/south_to_north/005_n00885_N.jpg,lawrence_lane,south_to_north,n00885,359.99,fitted axis,13.56,-13.6,forward
leadenhall_market/east_to_west/001_n00886_W.jpg,leadenhall_market,east_to_west,n00886,286.96,fitted axis,297.17,-10.2,forward
leadenhall_market/east_to_west/002_n00887_W.jpg,leadenhall_market,east_to_west,n00887,286.96,fitted axis,285.28,1.7,forward
leadenhall_market/east_to_west/003_n00888_W.jpg,leadenhall_market,east_to_west,n00888,286.96,fitted axis,283.51,3.4,forward
leadenhall_market/east_to_west/004_n00889_W.jpg,leadenhall_market,east_to_west,n00889,286.96,fitted axis,283.61,3.4,forward
leadenhall_market/east_to_west/005_n00890_W.jpg,leadenhall_market,east_to_west,n00890,286.96,fitted axis,283.61,3.4,forward
leadenhall_market/west_to_east/001_n00890_E.jpg,leadenhall_market,west_to_east,n00890,106.96,fitted axis,103.61,3.4,forward
leadenhall_market/west_to_east/002_n00889_E.jpg,leadenhall_market,west_to_east,n00889,106.96,fitted axis,103.51,3.4,forward
leadenhall_market/west_to_east/003_n00888_E.jpg,leadenhall_market,west_to_east,n00888,106.96,fitted axis,105.28,1.7,forward
leadenhall_market/west_to_east/004_n00887_E.jpg,leadenhall_market,west_to_east,n00887,106.96,fitted axis,117.17,-10.2,forward
leadenhall_market/west_to_east/005_n00886_E.jpg,leadenhall_market,west_to_east,n00886,106.96,fitted axis,117.17,-10.2,forward
leadenhall_place/east_to_west/001_n00891_W.jpg,leadenhall_place,east_to_west,n00891,301.17,fitted axis,309.27,-8.1,forward
leadenhall_place/east_to_west/002_n00892_W.jpg,leadenhall_place,east_to_west,n00892,301.17,fitted axis,292.79,8.4,forward
leadenhall_place/east_to_west/003_n00893_W.jpg,leadenhall_place,east_to_west,n00893,301.17,fitted axis,292.79,8.4,forward
leadenhall_place/west_to_east/001_n00893_E.jpg,leadenhall_place,west_to_east,n00893,121.17,fitted axis,112.79,8.4,forward
leadenhall_place/west_to_east/002_n00892_E.jpg,leadenhall_place,west_to_east,n00892,121.17,fitted axis,129.27,-8.1,forward
leadenhall_place/west_to_east/003_n00891_E.jpg,leadenhall_place,west_to_east,n00891,121.17,fitted axis,129.27,-8.1,forward
leadenhall_street/east_to_west/001_n00894_W.jpg,leadenhall_street,east_to_west,n00894,268.56,fitted axis,281.69,-13.1,forward
leadenhall_street/east_to_west/002_n00895_W.jpg,leadenhall_street,east_to_west,n00895,268.56,fitted axis,273.71,-5.1,forward
leadenhall_street/east_to_west/003_n00896_W.jpg,leadenhall_street,east_to_west,n00896,268.56,fitted axis,277.45,-8.9,forward
leadenhall_street/east_to_west/004_n00897_W.jpg,leadenhall_street,east_to_west,n00897,268.56,fitted axis,274.73,-6.2,forward
leadenhall_street/east_to_west/005_n00898_W.jpg,leadenhall_street,east_to_west,n00898,268.56,fitted axis,272.2,-3.6,forward
leadenhall_street/east_to_west/006_n00899_W.jpg,leadenhall_street,east_to_west,n00899,268.56,fitted axis,267.55,1.0,forward
leadenhall_street/east_to_west/007_n00900_W.jpg,leadenhall_street,east_to_west,n00900,268.56,fitted axis,264.72,3.8,forward
leadenhall_street/east_to_west/008_n00901_W.jpg,leadenhall_street,east_to_west,n00901,268.56,fitted axis,265.27,3.3,forward
leadenhall_street/east_to_west/009_n00902_W.jpg,leadenhall_street,east_to_west,n00902,268.56,fitted axis,266.22,2.3,forward
leadenhall_street/east_to_west/010_n00903_W.jpg,leadenhall_street,east_to_west,n00903,268.56,fitted axis,257.02,11.5,forward
leadenhall_street/east_to_west/011_n00904_W.jpg,leadenhall_street,east_to_west,n00904,268.56,fitted axis,268.5,0.1,forward
leadenhall_street/east_to_west/012_n00905_W.jpg,leadenhall_street,east_to_west,n00905,268.56,fitted axis,264.33,4.2,forward
leadenhall_street/east_to_west/013_n00906_W.jpg,leadenhall_street,east_to_west,n00906,268.56,fitted axis,276.16,-7.6,forward
leadenhall_street/east_to_west/014_n00907_W.jpg,leadenhall_street,east_to_west,n00907,252.8,re-rendered,251.12,1.7,forward
leadenhall_street/east_to_west/015_n00908_W.jpg,leadenhall_street,east_to_west,n00908,252.8,re-rendered,251.12,1.7,forward
leadenhall_street/west_to_east/001_n00908_E.jpg,leadenhall_street,west_to_east,n00908,72.8,re-rendered,71.12,1.7,forward
leadenhall_street/west_to_east/002_n00907_E.jpg,leadenhall_street,west_to_east,n00907,72.8,re-rendered,96.16,-23.4,forward
leadenhall_street/west_to_east/003_n00906_E.jpg,leadenhall_street,west_to_east,n00906,88.56,fitted axis,84.33,4.2,forward
leadenhall_street/west_to_east/004_n00905_E.jpg,leadenhall_street,west_to_east,n00905,88.56,fitted axis,88.5,0.1,forward
leadenhall_street/west_to_east/005_n00904_E.jpg,leadenhall_street,west_to_east,n00904,88.56,fitted axis,77.02,11.5,forward
leadenhall_street/west_to_east/006_n00903_E.jpg,leadenhall_street,west_to_east,n00903,88.56,fitted axis,86.22,2.3,forward
leadenhall_street/west_to_east/007_n00902_E.jpg,leadenhall_street,west_to_east,n00902,88.56,fitted axis,85.27,3.3,forward
leadenhall_street/west_to_east/008_n00901_E.jpg,leadenhall_street,west_to_east,n00901,88.56,fitted axis,84.72,3.8,forward
leadenhall_street/west_to_east/009_n00900_E.jpg,leadenhall_street,west_to_east,n00900,88.56,fitted axis,87.55,1.0,forward
leadenhall_street/west_to_east/010_n00899_E.jpg,leadenhall_street,west_to_east,n00899,88.56,fitted axis,92.2,-3.6,forward
leadenhall_street/west_to_east/011_n00898_E.jpg,leadenhall_street,west_to_east,n00898,88.56,fitted axis,94.73,-6.2,forward
leadenhall_street/west_to_east/012_n00897_E.jpg,leadenhall_street,west_to_east,n00897,88.56,fitted axis,97.45,-8.9,forward
leadenhall_street/west_to_east/013_n00896_E.jpg,leadenhall_street,west_to_east,n00896,88.56,fitted axis,93.71,-5.1,forward
leadenhall_street/west_to_east/014_n00895_E.jpg,leadenhall_street,west_to_east,n00895,88.56,fitted axis,101.69,-13.1,forward
leadenhall_street/west_to_east/015_n00894_E.jpg,leadenhall_street,west_to_east,n00894,88.56,fitted axis,101.69,-13.1,forward
lime_street/north_to_south/001_n00923_S.jpg,lime_street,north_to_south,n00923,185.3,re-rendered,183.82,1.5,forward
lime_street/north_to_south/002_n00922_S.jpg,lime_street,north_to_south,n00922,185.3,re-rendered,198.72,-13.4,forward
lime_street/north_to_south/003_n00921_S.jpg,lime_street,north_to_south,n00921,200.3,re-rendered,200.51,-0.2,forward
lime_street/north_to_south/004_n00920_S.jpg,lime_street,north_to_south,n00920,202.1,re-rendered,201.5,0.6,forward
lime_street/north_to_south/005_n00919_S.jpg,lime_street,north_to_south,n00919,203.0,re-rendered,205.86,-2.9,forward
lime_street/north_to_south/006_n00918_S.jpg,lime_street,north_to_south,n00918,219.04,fitted axis,250.04,-31.0,forward
lime_street/north_to_south/007_n00917_S.jpg,lime_street,north_to_south,n00917,251.7,re-rendered,213.46,38.2,forward
lime_street/north_to_south/008_n00916_S.jpg,lime_street,north_to_south,n00916,219.04,fitted axis,211.76,7.3,forward
lime_street/north_to_south/009_n00915_S.jpg,lime_street,north_to_south,n00915,219.04,fitted axis,245.14,-26.1,forward
lime_street/north_to_south/010_n00914_S.jpg,lime_street,north_to_south,n00914,246.7,re-rendered,248.19,-1.5,forward
lime_street/north_to_south/011_n00913_S.jpg,lime_street,north_to_south,n00913,219.04,fitted axis,253.88,-34.8,forward
lime_street/north_to_south/012_n00912_S.jpg,lime_street,north_to_south,n00912,255.6,re-rendered,228.01,27.6,forward
lime_street/north_to_south/013_n00911_S.jpg,lime_street,north_to_south,n00911,219.04,fitted axis,200.34,18.7,forward
lime_street/north_to_south/014_n00910_S.jpg,lime_street,north_to_south,n00910,201.9,re-rendered,195.48,6.4,forward
lime_street/north_to_south/015_n00909_S.jpg,lime_street,north_to_south,n00909,197.1,re-rendered,195.48,1.6,forward
lime_street/south_to_north/001_n00909_N.jpg,lime_street,south_to_north,n00909,17.1,re-rendered,15.48,1.6,forward
lime_street/south_to_north/002_n00910_N.jpg,lime_street,south_to_north,n00910,21.9,re-rendered,20.34,1.6,forward
lime_street/south_to_north/003_n00911_N.jpg,lime_street,south_to_north,n00911,39.04,fitted axis,48.01,-9.0,forward
lime_street/south_to_north/004_n00912_N.jpg,lime_street,south_to_north,n00912,75.6,re-rendered,73.88,1.7,forward
lime_street/south_to_north/005_n00913_N.jpg,lime_street,south_to_north,n00913,39.04,fitted axis,68.19,-29.1,forward
lime_street/south_to_north/006_n00914_N.jpg,lime_street,south_to_north,n00914,66.7,re-rendered,65.14,1.6,forward
lime_street/south_to_north/007_n00915_N.jpg,lime_street,south_to_north,n00915,39.04,fitted axis,31.76,7.3,forward
lime_street/south_to_north/008_n00916_N.jpg,lime_street,south_to_north,n00916,39.04,fitted axis,33.46,5.6,forward
lime_street/south_to_north/009_n00917_N.jpg,lime_street,south_to_north,n00917,71.7,re-rendered,70.04,1.7,forward
lime_street/south_to_north/010_n00918_N.jpg,lime_street,south_to_north,n00918,39.04,fitted axis,25.86,13.2,forward
lime_street/south_to_north/011_n00919_N.jpg,lime_street,south_to_north,n00919,23.0,re-rendered,21.5,1.5,forward
lime_street/south_to_north/012_n00920_N.jpg,lime_street,south_to_north,n00920,22.1,re-rendered,20.51,1.6,forward
lime_street/south_to_north/013_n00921_N.jpg,lime_street,south_to_north,n00921,20.3,re-rendered,18.72,1.6,forward
lime_street/south_to_north/014_n00922_N.jpg,lime_street,south_to_north,n00922,5.3,re-rendered,3.82,1.5,forward
lime_street/south_to_north/015_n00923_N.jpg,lime_street,south_to_north,n00923,5.3,re-rendered,3.82,1.5,forward
lime_street_passage/north_to_south/001_n00928_S.jpg,lime_street_passage,north_to_south,n00928,178.66,fitted axis,189.23,-10.6,forward
lime_street_passage/north_to_south/002_n00927_S.jpg,lime_street_passage,north_to_south,n00927,190.8,re-rendered,202.43,-11.6,forward
lime_street_passage/north_to_south/003_n00926_S.jpg,lime_street_passage,north_to_south,n00926,178.66,fitted axis,171.94,6.7,forward
lime_street_passage/north_to_south/004_n00925_S.jpg,lime_street_passage,north_to_south,n00925,178.66,fitted axis,152.43,26.2,forward
lime_street_passage/north_to_south/005_n00924_S.jpg,lime_street_passage,north_to_south,n00924,153.8,re-rendered,152.43,1.4,forward
lime_street_passage/south_to_north/001_n00924_N.jpg,lime_street_passage,south_to_north,n00924,333.8,re-rendered,332.43,1.4,forward
lime_street_passage/south_to_north/002_n00925_N.jpg,lime_street_passage,south_to_north,n00925,358.66,fitted axis,351.94,6.7,forward
lime_street_passage/south_to_north/003_n00926_N.jpg,lime_street_passage,south_to_north,n00926,358.66,fitted axis,22.43,-23.8,forward
lime_street_passage/south_to_north/004_n00927_N.jpg,lime_street_passage,south_to_north,n00927,10.8,re-rendered,9.23,1.6,forward
lime_street_passage/south_to_north/005_n00928_N.jpg,lime_street_passage,south_to_north,n00928,358.66,fitted axis,9.23,-10.6,forward
little_britain/east_to_west/001_n00933_W.jpg,little_britain,east_to_west,n00933,259.88,fitted axis,269.35,-9.5,forward
little_britain/east_to_west/002_n00932_W.jpg,little_britain,east_to_west,n00932,259.88,fitted axis,258.73,1.2,forward
little_britain/east_to_west/003_n00931_W.jpg,little_britain,east_to_west,n00931,259.88,fitted axis,253.04,6.8,forward
little_britain/east_to_west/004_n00930_W.jpg,little_britain,east_to_west,n00930,259.88,fitted axis,256.0,3.9,forward
little_britain/east_to_west/005_n00929_W.jpg,little_britain,east_to_west,n00929,259.88,fitted axis,256.0,3.9,forward
little_britain/west_to_east/001_n00929_E.jpg,little_britain,west_to_east,n00929,79.88,fitted axis,76.0,3.9,forward
little_britain/west_to_east/002_n00930_E.jpg,little_britain,west_to_east,n00930,79.88,fitted axis,73.04,6.8,forward
little_britain/west_to_east/003_n00931_E.jpg,little_britain,west_to_east,n00931,79.88,fitted axis,78.73,1.2,forward
little_britain/west_to_east/004_n00932_E.jpg,little_britain,west_to_east,n00932,79.88,fitted axis,89.35,-9.5,forward
little_britain/west_to_east/005_n00933_E.jpg,little_britain,west_to_east,n00933,79.88,fitted axis,89.35,-9.5,forward
little_college_lane/north_to_south/001_n00935_S.jpg,little_college_lane,north_to_south,n00935,213.07,fitted axis,213.07,0.0,forward
little_college_lane/north_to_south/002_n00934_S.jpg,little_college_lane,north_to_south,n00934,213.07,fitted axis,213.07,0.0,forward
little_college_lane/south_to_north/001_n00934_N.jpg,little_college_lane,south_to_north,n00934,33.07,fitted axis,33.07,0.0,forward
little_college_lane/south_to_north/002_n00935_N.jpg,little_college_lane,south_to_north,n00935,33.07,fitted axis,33.07,0.0,forward
little_trinity_lane/north_to_south/001_n00942_S.jpg,little_trinity_lane,north_to_south,n00942,190.6,re-rendered,188.95,1.6,forward
little_trinity_lane/north_to_south/002_n00941_S.jpg,little_trinity_lane,north_to_south,n00941,190.6,re-rendered,189.42,1.2,forward
little_trinity_lane/north_to_south/003_n00940_S.jpg,little_trinity_lane,north_to_south,n00940,191.0,re-rendered,187.89,3.1,forward
little_trinity_lane/north_to_south/004_n00939_S.jpg,little_trinity_lane,north_to_south,n00939,189.4,re-rendered,141.55,47.8,forward
little_trinity_lane/north_to_south/005_n00938_S.jpg,little_trinity_lane,north_to_south,n00938,150.85,fitted axis,94.21,56.6,forward
little_trinity_lane/north_to_south/006_n00937_S.jpg,little_trinity_lane,north_to_south,n00937,95.8,re-rendered,85.31,10.5,forward
little_trinity_lane/north_to_south/007_n00936_S.jpg,little_trinity_lane,north_to_south,n00936,266.7,re-rendered,85.31,-178.6,reverse
little_trinity_lane/south_to_north/001_n00936_N.jpg,little_trinity_lane,south_to_north,n00936,86.7,re-rendered,265.31,-178.6,reverse
little_trinity_lane/south_to_north/002_n00937_N.jpg,little_trinity_lane,south_to_north,n00937,275.8,re-rendered,274.21,1.6,forward
little_trinity_lane/south_to_north/003_n00938_N.jpg,little_trinity_lane,south_to_north,n00938,330.85,fitted axis,321.55,9.3,forward
little_trinity_lane/south_to_north/004_n00939_N.jpg,little_trinity_lane,south_to_north,n00939,9.4,re-rendered,7.89,1.5,forward
little_trinity_lane/south_to_north/005_n00940_N.jpg,little_trinity_lane,south_to_north,n00940,11.0,re-rendered,9.42,1.6,forward
little_trinity_lane/south_to_north/006_n00941_N.jpg,little_trinity_lane,south_to_north,n00941,10.6,re-rendered,8.95,1.6,forward
little_trinity_lane/south_to_north/007_n00942_N.jpg,little_trinity_lane,south_to_north,n00942,10.6,re-rendered,8.95,1.6,forward
liverpool_street/east_to_west/001_n00943_W.jpg,liverpool_street,east_to_west,n00943,313.7,re-rendered,312.38,1.3,forward
liverpool_street/east_to_west/002_n00944_W.jpg,liverpool_street,east_to_west,n00944,291.82,fitted axis,290.15,1.7,forward
liverpool_street/east_to_west/003_n00945_W.jpg,liverpool_street,east_to_west,n00945,291.82,fitted axis,319.53,-27.7,forward
liverpool_street/east_to_west/004_n00946_W.jpg,liverpool_street,east_to_west,n00946,291.82,fitted axis,303.87,-12.0,forward
liverpool_street/east_to_west/005_n00947_W.jpg,liverpool_street,east_to_west,n00947,291.82,fitted axis,289.79,2.0,forward
liverpool_street/east_to_west/006_n00948_W.jpg,liverpool_street,east_to_west,n00948,291.82,fitted axis,287.34,4.5,forward
liverpool_street/east_to_west/007_n00949_W.jpg,liverpool_street,east_to_west,n00949,291.82,fitted axis,279.37,12.5,forward
liverpool_street/east_to_west/008_n00950_W.jpg,liverpool_street,east_to_west,n00950,291.82,fitted axis,293.19,-1.4,forward
liverpool_street/east_to_west/009_n00951_W.jpg,liverpool_street,east_to_west,n00951,291.82,fitted axis,298.68,-6.9,forward
liverpool_street/east_to_west/010_n00952_W.jpg,liverpool_street,east_to_west,n00952,291.82,fitted axis,277.84,14.0,forward
liverpool_street/east_to_west/011_n00953_W.jpg,liverpool_street,east_to_west,n00953,291.82,fitted axis,285.63,6.2,forward
liverpool_street/east_to_west/012_n00954_W.jpg,liverpool_street,east_to_west,n00954,291.82,fitted axis,287.33,4.5,forward
liverpool_street/east_to_west/013_n00955_W.jpg,liverpool_street,east_to_west,n00955,291.82,fitted axis,287.33,4.5,forward
liverpool_street/west_to_east/001_n00955_E.jpg,liverpool_street,west_to_east,n00955,111.82,fitted axis,107.33,4.5,forward
liverpool_street/west_to_east/002_n00954_E.jpg,liverpool_street,west_to_east,n00954,111.82,fitted axis,105.63,6.2,forward
liverpool_street/west_to_east/003_n00953_E.jpg,liverpool_street,west_to_east,n00953,111.82,fitted axis,97.84,14.0,forward
liverpool_street/west_to_east/004_n00952_E.jpg,liverpool_street,west_to_east,n00952,111.82,fitted axis,118.68,-6.9,forward
liverpool_street/west_to_east/005_n00951_E.jpg,liverpool_street,west_to_east,n00951,111.82,fitted axis,113.19,-1.4,forward
liverpool_street/west_to_east/006_n00950_E.jpg,liverpool_street,west_to_east,n00950,111.82,fitted axis,99.37,12.5,forward
liverpool_street/west_to_east/007_n00949_E.jpg,liverpool_street,west_to_east,n00949,111.82,fitted axis,107.34,4.5,forward
liverpool_street/west_to_east/008_n00948_E.jpg,liverpool_street,west_to_east,n00948,111.82,fitted axis,109.79,2.0,forward
liverpool_street/west_to_east/009_n00947_E.jpg,liverpool_street,west_to_east,n00947,111.82,fitted axis,123.87,-12.0,forward
liverpool_street/west_to_east/010_n00946_E.jpg,liverpool_street,west_to_east,n00946,111.82,fitted axis,139.53,-27.7,forward
liverpool_street/west_to_east/011_n00945_E.jpg,liverpool_street,west_to_east,n00945,111.82,fitted axis,110.15,1.7,forward
liverpool_street/west_to_east/012_n00944_E.jpg,liverpool_street,west_to_east,n00944,111.82,fitted axis,132.38,-20.6,forward
liverpool_street/west_to_east/013_n00943_E.jpg,liverpool_street,west_to_east,n00943,133.7,re-rendered,132.38,1.3,forward
lombard_court/east_to_west/001_n00956_W.jpg,lombard_court,east_to_west,n00956,284.88,fitted axis,285.77,-0.9,forward
lombard_court/east_to_west/002_n00957_W.jpg,lombard_court,east_to_west,n00957,284.88,fitted axis,284.52,0.4,forward
lombard_court/east_to_west/003_n00958_W.jpg,lombard_court,east_to_west,n00958,284.88,fitted axis,284.52,0.4,forward
lombard_court/west_to_east/001_n00958_E.jpg,lombard_court,west_to_east,n00958,104.88,fitted axis,104.52,0.4,forward
lombard_court/west_to_east/002_n00957_E.jpg,lombard_court,west_to_east,n00957,104.88,fitted axis,105.77,-0.9,forward
lombard_court/west_to_east/003_n00956_E.jpg,lombard_court,west_to_east,n00956,104.88,fitted axis,105.77,-0.9,forward
lombard_street/east_to_west/001_n00959_W.jpg,lombard_street,east_to_west,n00959,297.68,fitted axis,298.2,-0.5,forward
lombard_street/east_to_west/002_n00960_W.jpg,lombard_street,east_to_west,n00960,297.68,fitted axis,286.65,11.0,forward
lombard_street/east_to_west/003_n00961_W.jpg,lombard_street,east_to_west,n00961,297.68,fitted axis,288.75,8.9,forward
lombard_street/east_to_west/004_n00962_W.jpg,lombard_street,east_to_west,n00962,297.68,fitted axis,297.68,-0.0,forward
lombard_street/east_to_west/005_n00963_W.jpg,lombard_street,east_to_west,n00963,297.68,fitted axis,303.76,-6.1,forward
lombard_street/east_to_west/006_n00964_W.jpg,lombard_street,east_to_west,n00964,297.68,fitted axis,306.21,-8.5,forward
lombard_street/east_to_west/007_n00965_W.jpg,lombard_street,east_to_west,n00965,297.68,fitted axis,300.56,-2.9,forward
lombard_street/east_to_west/008_n00966_W.jpg,lombard_street,east_to_west,n00966,297.68,fitted axis,301.16,-3.5,forward
lombard_street/east_to_west/009_n00967_W.jpg,lombard_street,east_to_west,n00967,297.68,fitted axis,296.8,0.9,forward
lombard_street/east_to_west/010_n00968_W.jpg,lombard_street,east_to_west,n00968,297.68,fitted axis,292.78,4.9,forward
lombard_street/east_to_west/011_n00969_W.jpg,lombard_street,east_to_west,n00969,297.68,fitted axis,293.03,4.7,forward
lombard_street/east_to_west/012_n00970_W.jpg,lombard_street,east_to_west,n00970,297.68,fitted axis,284.47,13.2,forward
lombard_street/east_to_west/013_n00971_W.jpg,lombard_street,east_to_west,n00971,254.9,re-rendered,253.55,1.4,forward
lombard_street/east_to_west/014_n00972_W.jpg,lombard_street,east_to_west,n00972,344.0,re-rendered,342.6,1.4,forward
lombard_street/east_to_west/015_n00973_W.jpg,lombard_street,east_to_west,n00973,297.68,fitted axis,308.3,-10.6,forward
lombard_street/east_to_west/016_n00974_W.jpg,lombard_street,east_to_west,n00974,338.5,re-rendered,337.08,1.4,forward
lombard_street/east_to_west/017_n00975_W.jpg,lombard_street,east_to_west,n00975,338.5,re-rendered,337.08,1.4,forward
lombard_street/west_to_east/001_n00975_E.jpg,lombard_street,west_to_east,n00975,158.5,re-rendered,157.08,1.4,forward
lombard_street/west_to_east/002_n00974_E.jpg,lombard_street,west_to_east,n00974,158.5,re-rendered,128.3,30.2,forward
lombard_street/west_to_east/003_n00973_E.jpg,lombard_street,west_to_east,n00973,117.68,fitted axis,162.6,-44.9,forward
lombard_street/west_to_east/004_n00972_E.jpg,lombard_street,west_to_east,n00972,164.0,re-rendered,73.55,90.5,reverse
lombard_street/west_to_east/005_n00971_E.jpg,lombard_street,west_to_east,n00971,74.9,re-rendered,104.47,-29.6,forward
lombard_street/west_to_east/006_n00970_E.jpg,lombard_street,west_to_east,n00970,117.68,fitted axis,113.03,4.7,forward
lombard_street/west_to_east/007_n00969_E.jpg,lombard_street,west_to_east,n00969,117.68,fitted axis,112.78,4.9,forward
lombard_street/west_to_east/008_n00968_E.jpg,lombard_street,west_to_east,n00968,117.68,fitted axis,116.8,0.9,forward
lombard_street/west_to_east/009_n00967_E.jpg,lombard_street,west_to_east,n00967,117.68,fitted axis,121.16,-3.5,forward
lombard_street/west_to_east/010_n00966_E.jpg,lombard_street,west_to_east,n00966,117.68,fitted axis,120.56,-2.9,forward
lombard_street/west_to_east/011_n00965_E.jpg,lombard_street,west_to_east,n00965,117.68,fitted axis,126.21,-8.5,forward
lombard_street/west_to_east/012_n00964_E.jpg,lombard_street,west_to_east,n00964,117.68,fitted axis,123.76,-6.1,forward
lombard_street/west_to_east/013_n00963_E.jpg,lombard_street,west_to_east,n00963,117.68,fitted axis,117.68,-0.0,forward
lombard_street/west_to_east/014_n00962_E.jpg,lombard_street,west_to_east,n00962,117.68,fitted axis,108.75,8.9,forward
lombard_street/west_to_east/015_n00961_E.jpg,lombard_street,west_to_east,n00961,117.68,fitted axis,106.65,11.0,forward
lombard_street/west_to_east/016_n00960_E.jpg,lombard_street,west_to_east,n00960,117.68,fitted axis,118.2,-0.5,forward
lombard_street/west_to_east/017_n00959_E.jpg,lombard_street,west_to_east,n00959,117.68,fitted axis,118.2,-0.5,forward
london_wall/east_to_west/001_n00977_W.jpg,london_wall,east_to_west,n00977,276.62,fitted axis,278.74,-2.1,forward
london_wall/east_to_west/002_n00976_W.jpg,london_wall,east_to_west,n00976,276.62,fitted axis,279.44,-2.8,forward
london_wall/east_to_west/003_n00982_W.jpg,london_wall,east_to_west,n00982,276.62,fitted axis,277.67,-1.0,forward
london_wall/east_to_west/004_n00981_W.jpg,london_wall,east_to_west,n00981,276.62,fitted axis,278.74,-2.1,forward
london_wall/east_to_west/005_n00986_W.jpg,london_wall,east_to_west,n00986,276.62,fitted axis,281.68,-5.1,forward
london_wall/east_to_west/006_n00987_W.jpg,london_wall,east_to_west,n00987,276.62,fitted axis,277.31,-0.7,forward
london_wall/east_to_west/007_n00992_W.jpg,london_wall,east_to_west,n00992,276.62,fitted axis,277.04,-0.4,forward
london_wall/east_to_west/008_n00991_W.jpg,london_wall,east_to_west,n00991,276.62,fitted axis,285.97,-9.3,forward
london_wall/east_to_west/009_n00997_W.jpg,london_wall,east_to_west,n00997,276.62,fitted axis,276.61,0.0,forward
london_wall/east_to_west/010_n00996_W.jpg,london_wall,east_to_west,n00996,276.62,fitted axis,291.51,-14.9,forward
london_wall/east_to_west/011_n01002_W.jpg,london_wall,east_to_west,n01002,296.1,re-rendered,276.04,20.1,forward
london_wall/east_to_west/012_n01001_W.jpg,london_wall,east_to_west,n01001,296.0,re-rendered,294.52,1.5,forward
london_wall/east_to_west/013_n01007_W.jpg,london_wall,east_to_west,n01007,295.3,re-rendered,275.88,19.4,forward
london_wall/east_to_west/014_n01006_W.jpg,london_wall,east_to_west,n01006,276.62,fitted axis,291.66,-15.0,forward
london_wall/east_to_west/015_n01012_W.jpg,london_wall,east_to_west,n01012,295.3,re-rendered,274.64,20.7,forward
london_wall/east_to_west/016_n01011_W.jpg,london_wall,east_to_west,n01011,276.62,fitted axis,262.96,13.7,forward
london_wall/east_to_west/017_n01016_W.jpg,london_wall,east_to_west,n01016,304.7,re-rendered,303.29,1.4,forward
london_wall/east_to_west/018_n01018_W.jpg,london_wall,east_to_west,n01018,276.62,fitted axis,275.64,1.0,forward
london_wall/east_to_west/019_n01020_W.jpg,london_wall,east_to_west,n01020,276.62,fitted axis,280.8,-4.2,forward
london_wall/east_to_west/020_n01022_W.jpg,london_wall,east_to_west,n01022,276.62,fitted axis,285.1,-8.5,forward
london_wall/east_to_west/021_n01024_W.jpg,london_wall,east_to_west,n01024,276.62,fitted axis,278.87,-2.3,forward
london_wall/east_to_west/022_n01026_W.jpg,london_wall,east_to_west,n01026,276.62,fitted axis,283.81,-7.2,forward
london_wall/east_to_west/023_n01028_W.jpg,london_wall,east_to_west,n01028,276.62,fitted axis,289.01,-12.4,forward
london_wall/east_to_west/024_n01030_W.jpg,london_wall,east_to_west,n01030,276.62,fitted axis,274.06,2.6,forward
london_wall/east_to_west/025_n01032_W.jpg,london_wall,east_to_west,n01032,276.62,fitted axis,281.27,-4.6,forward
london_wall/east_to_west/026_n01033_W.jpg,london_wall,east_to_west,n01033,276.62,fitted axis,283.17,-6.5,forward
london_wall/east_to_west/027_n01034_W.jpg,london_wall,east_to_west,n01034,296.9,re-rendered,295.67,1.2,forward
london_wall/east_to_west/028_n00978_W.jpg,london_wall,east_to_west,n00978,276.62,fitted axis,278.6,-2.0,forward
london_wall/east_to_west/029_n01035_W.jpg,london_wall,east_to_west,n01035,276.62,fitted axis,285.58,-9.0,forward
london_wall/east_to_west/030_n00983_W.jpg,london_wall,east_to_west,n00983,276.62,fitted axis,283.39,-6.8,forward
london_wall/east_to_west/031_n01036_W.jpg,london_wall,east_to_west,n01036,276.62,fitted axis,287.66,-11.0,forward
london_wall/east_to_west/032_n00988_W.jpg,london_wall,east_to_west,n00988,276.62,fitted axis,284.37,-7.7,forward
london_wall/east_to_west/033_n01037_W.jpg,london_wall,east_to_west,n01037,276.62,fitted axis,288.96,-12.3,forward
london_wall/east_to_west/034_n00993_W.jpg,london_wall,east_to_west,n00993,276.62,fitted axis,282.02,-5.4,forward
london_wall/east_to_west/035_n01038_W.jpg,london_wall,east_to_west,n01038,276.62,fitted axis,281.14,-4.5,forward
london_wall/east_to_west/036_n00998_W.jpg,london_wall,east_to_west,n00998,276.62,fitted axis,272.33,4.3,forward
london_wall/east_to_west/037_n01039_W.jpg,london_wall,east_to_west,n01039,276.62,fitted axis,271.61,5.0,forward
london_wall/east_to_west/038_n01003_W.jpg,london_wall,east_to_west,n01003,276.62,fitted axis,269.78,6.8,forward
london_wall/east_to_west/039_n01040_W.jpg,london_wall,east_to_west,n01040,276.62,fitted axis,264.44,12.2,forward
london_wall/east_to_west/040_n01008_W.jpg,london_wall,east_to_west,n01008,276.62,fitted axis,268.51,8.1,forward
london_wall/east_to_west/041_n01041_W.jpg,london_wall,east_to_west,n01041,276.62,fitted axis,266.37,10.3,forward
london_wall/east_to_west/042_n01013_W.jpg,london_wall,east_to_west,n01013,276.62,fitted axis,267.54,9.1,forward
london_wall/east_to_west/043_n01042_W.jpg,london_wall,east_to_west,n01042,276.62,fitted axis,267.27,9.3,forward
london_wall/east_to_west/044_n01017_W.jpg,london_wall,east_to_west,n01017,276.62,fitted axis,267.55,9.1,forward
london_wall/east_to_west/045_n01043_W.jpg,london_wall,east_to_west,n01043,276.62,fitted axis,267.23,9.4,forward
london_wall/east_to_west/046_n01019_W.jpg,london_wall,east_to_west,n01019,276.62,fitted axis,267.25,9.4,forward
london_wall/east_to_west/047_n01044_W.jpg,london_wall,east_to_west,n01044,276.62,fitted axis,266.88,9.7,forward
london_wall/east_to_west/048_n01021_W.jpg,london_wall,east_to_west,n01021,276.62,fitted axis,267.54,9.1,forward
london_wall/east_to_west/049_n01045_W.jpg,london_wall,east_to_west,n01045,276.62,fitted axis,267.24,9.4,forward
london_wall/east_to_west/050_n01023_W.jpg,london_wall,east_to_west,n01023,276.62,fitted axis,268.22,8.4,forward
london_wall/east_to_west/051_n01046_W.jpg,london_wall,east_to_west,n01046,276.62,fitted axis,267.25,9.4,forward
london_wall/east_to_west/052_n01025_W.jpg,london_wall,east_to_west,n01025,276.62,fitted axis,266.69,9.9,forward
london_wall/east_to_west/053_n01047_W.jpg,london_wall,east_to_west,n01047,276.62,fitted axis,267.26,9.4,forward
london_wall/east_to_west/054_n01027_W.jpg,london_wall,east_to_west,n01027,276.62,fitted axis,267.39,9.2,forward
london_wall/east_to_west/055_n01048_W.jpg,london_wall,east_to_west,n01048,276.62,fitted axis,267.86,8.8,forward
london_wall/east_to_west/056_n01029_W.jpg,london_wall,east_to_west,n01029,276.62,fitted axis,267.55,9.1,forward
london_wall/east_to_west/057_n01049_W.jpg,london_wall,east_to_west,n01049,276.62,fitted axis,268.83,7.8,forward
london_wall/east_to_west/058_n01031_W.jpg,london_wall,east_to_west,n01031,276.62,fitted axis,267.55,9.1,forward
london_wall/east_to_west/059_n01050_W.jpg,london_wall,east_to_west,n01050,276.62,fitted axis,268.83,7.8,forward
london_wall/east_to_west/060_n00980_W.jpg,london_wall,east_to_west,n00980,276.62,fitted axis,198.75,77.9,forward
london_wall/east_to_west/061_n00979_W.jpg,london_wall,east_to_west,n00979,276.62,fitted axis,97.89,178.7,reverse
london_wall/east_to_west/062_n00985_W.jpg,london_wall,east_to_west,n00985,276.62,fitted axis,98.27,178.4,reverse
london_wall/east_to_west/063_n00984_W.jpg,london_wall,east_to_west,n00984,276.62,fitted axis,8.62,-92.0,reverse
london_wall/east_to_west/064_n00989_W.jpg,london_wall,east_to_west,n00989,276.62,fitted axis,325.26,-48.6,forward
london_wall/east_to_west/065_n00990_W.jpg,london_wall,east_to_west,n00990,276.62,fitted axis,97.83,178.8,reverse
london_wall/east_to_west/066_n00994_W.jpg,london_wall,east_to_west,n00994,276.62,fitted axis,322.61,-46.0,forward
london_wall/east_to_west/067_n00995_W.jpg,london_wall,east_to_west,n00995,276.62,fitted axis,97.39,179.2,reverse
london_wall/east_to_west/068_n00999_W.jpg,london_wall,east_to_west,n00999,276.62,fitted axis,326.55,-49.9,forward
london_wall/east_to_west/069_n01000_W.jpg,london_wall,east_to_west,n01000,276.62,fitted axis,96.79,179.8,reverse
london_wall/east_to_west/070_n01004_W.jpg,london_wall,east_to_west,n01004,276.62,fitted axis,323.66,-47.0,forward
london_wall/east_to_west/071_n01005_W.jpg,london_wall,east_to_west,n01005,276.62,fitted axis,244.95,31.7,forward
london_wall/east_to_west/072_n01009_W.jpg,london_wall,east_to_west,n01009,276.62,fitted axis,95.33,-178.7,reverse
london_wall/east_to_west/073_n01010_W.jpg,london_wall,east_to_west,n01010,276.62,fitted axis,95.39,-178.8,reverse
london_wall/east_to_west/074_n01014_W.jpg,london_wall,east_to_west,n01014,276.62,fitted axis,351.06,-74.4,forward
london_wall/east_to_west/075_n01015_W.jpg,london_wall,east_to_west,n01015,276.62,fitted axis,351.06,-74.4,forward
london_wall/west_to_east/001_n01015_E.jpg,london_wall,west_to_east,n01015,96.62,fitted axis,95.67,1.0,forward
london_wall/west_to_east/002_n01014_E.jpg,london_wall,west_to_east,n01014,96.62,fitted axis,351.06,105.6,reverse
london_wall/west_to_east/003_n01010_E.jpg,london_wall,west_to_east,n01010,96.62,fitted axis,156.81,-60.2,forward
london_wall/west_to_east/004_n01009_E.jpg,london_wall,west_to_east,n01009,96.62,fitted axis,95.33,1.3,forward
london_wall/west_to_east/005_n01005_E.jpg,london_wall,west_to_east,n01005,96.62,fitted axis,96.56,0.1,forward
london_wall/west_to_east/006_n01004_E.jpg,london_wall,west_to_east,n01004,96.62,fitted axis,323.66,133.0,reverse
london_wall/west_to_east/007_n01000_E.jpg,london_wall,west_to_east,n01000,96.62,fitted axis,97.15,-0.5,forward
london_wall/west_to_east/008_n00999_E.jpg,london_wall,west_to_east,n00999,96.62,fitted axis,326.55,130.1,reverse
london_wall/west_to_east/009_n00995_E.jpg,london_wall,west_to_east,n00995,96.62,fitted axis,238.21,-141.6,reverse
london_wall/west_to_east/010_n00994_E.jpg,london_wall,west_to_east,n00994,96.62,fitted axis,322.61,134.0,reverse
london_wall/west_to_east/011_n00990_E.jpg,london_wall,west_to_east,n00990,96.62,fitted axis,97.91,-1.3,forward
london_wall/west_to_east/012_n00989_E.jpg,london_wall,west_to_east,n00989,96.62,fitted axis,325.26,131.4,reverse
london_wall/west_to_east/013_n00984_E.jpg,london_wall,west_to_east,n00984,96.62,fitted axis,268.51,-171.9,reverse
london_wall/west_to_east/014_n00985_E.jpg,london_wall,west_to_east,n00985,96.62,fitted axis,98.39,-1.8,forward
london_wall/west_to_east/015_n00979_E.jpg,london_wall,west_to_east,n00979,96.62,fitted axis,97.96,-1.3,forward
london_wall/west_to_east/016_n00980_E.jpg,london_wall,west_to_east,n00980,96.62,fitted axis,198.75,-102.1,reverse
london_wall/west_to_east/017_n01050_E.jpg,london_wall,west_to_east,n01050,96.62,fitted axis,88.83,7.8,forward
london_wall/west_to_east/018_n01031_E.jpg,london_wall,west_to_east,n01031,96.62,fitted axis,87.55,9.1,forward
london_wall/west_to_east/019_n01049_E.jpg,london_wall,west_to_east,n01049,96.62,fitted axis,87.86,8.8,forward
london_wall/west_to_east/020_n01029_E.jpg,london_wall,west_to_east,n01029,96.62,fitted axis,87.39,9.2,forward
london_wall/west_to_east/021_n01048_E.jpg,london_wall,west_to_east,n01048,96.62,fitted axis,87.26,9.4,forward
london_wall/west_to_east/022_n01027_E.jpg,london_wall,west_to_east,n01027,96.62,fitted axis,86.69,9.9,forward
london_wall/west_to_east/023_n01047_E.jpg,london_wall,west_to_east,n01047,96.62,fitted axis,87.25,9.4,forward
london_wall/west_to_east/024_n01025_E.jpg,london_wall,west_to_east,n01025,96.62,fitted axis,88.22,8.4,forward
london_wall/west_to_east/025_n01046_E.jpg,london_wall,west_to_east,n01046,96.62,fitted axis,87.24,9.4,forward
london_wall/west_to_east/026_n01023_E.jpg,london_wall,west_to_east,n01023,96.62,fitted axis,87.54,9.1,forward
london_wall/west_to_east/027_n01045_E.jpg,london_wall,west_to_east,n01045,96.62,fitted axis,86.88,9.7,forward
london_wall/west_to_east/028_n01021_E.jpg,london_wall,west_to_east,n01021,96.62,fitted axis,87.25,9.4,forward
london_wall/west_to_east/029_n01044_E.jpg,london_wall,west_to_east,n01044,96.62,fitted axis,87.23,9.4,forward
london_wall/west_to_east/030_n01019_E.jpg,london_wall,west_to_east,n01019,96.62,fitted axis,87.55,9.1,forward
london_wall/west_to_east/031_n01043_E.jpg,london_wall,west_to_east,n01043,96.62,fitted axis,87.27,9.3,forward
london_wall/west_to_east/032_n01017_E.jpg,london_wall,west_to_east,n01017,96.62,fitted axis,87.54,9.1,forward
london_wall/west_to_east/033_n01042_E.jpg,london_wall,west_to_east,n01042,96.62,fitted axis,86.37,10.3,forward
london_wall/west_to_east/034_n01013_E.jpg,london_wall,west_to_east,n01013,96.62,fitted axis,88.51,8.1,forward
london_wall/west_to_east/035_n01041_E.jpg,london_wall,west_to_east,n01041,96.62,fitted axis,84.44,12.2,forward
london_wall/west_to_east/036_n01008_E.jpg,london_wall,west_to_east,n01008,96.62,fitted axis,89.78,6.8,forward
london_wall/west_to_east/037_n01040_E.jpg,london_wall,west_to_east,n01040,96.62,fitted axis,91.61,5.0,forward
london_wall/west_to_east/038_n01003_E.jpg,london_wall,west_to_east,n01003,96.62,fitted axis,92.33,4.3,forward
london_wall/west_to_east/039_n01039_E.jpg,london_wall,west_to_east,n01039,96.62,fitted axis,101.14,-4.5,forward
london_wall/west_to_east/040_n00998_E.jpg,london_wall,west_to_east,n00998,96.62,fitted axis,102.02,-5.4,forward
london_wall/west_to_east/041_n01038_E.jpg,london_wall,west_to_east,n01038,96.62,fitted axis,108.96,-12.3,forward
london_wall/west_to_east/042_n00993_E.jpg,london_wall,west_to_east,n00993,96.62,fitted axis,104.37,-7.7,forward
london_wall/west_to_east/043_n01037_E.jpg,london_wall,west_to_east,n01037,96.62,fitted axis,107.66,-11.0,forward
london_wall/west_to_east/044_n00988_E.jpg,london_wall,west_to_east,n00988,96.62,fitted axis,103.39,-6.8,forward
london_wall/west_to_east/045_n01036_E.jpg,london_wall,west_to_east,n01036,96.62,fitted axis,105.58,-9.0,forward
london_wall/west_to_east/046_n00983_E.jpg,london_wall,west_to_east,n00983,96.62,fitted axis,98.6,-2.0,forward
london_wall/west_to_east/047_n01035_E.jpg,london_wall,west_to_east,n01035,96.62,fitted axis,115.67,-19.0,forward
london_wall/west_to_east/048_n00978_E.jpg,london_wall,west_to_east,n00978,96.62,fitted axis,98.6,-2.0,forward
london_wall/west_to_east/049_n01034_E.jpg,london_wall,west_to_east,n01034,116.9,re-rendered,103.17,13.7,forward
london_wall/west_to_east/050_n01033_E.jpg,london_wall,west_to_east,n01033,96.62,fitted axis,101.27,-4.6,forward
london_wall/west_to_east/051_n01032_E.jpg,london_wall,west_to_east,n01032,96.62,fitted axis,94.06,2.6,forward
london_wall/west_to_east/052_n01030_E.jpg,london_wall,west_to_east,n01030,96.62,fitted axis,109.01,-12.4,forward
london_wall/west_to_east/053_n01028_E.jpg,london_wall,west_to_east,n01028,96.62,fitted axis,103.81,-7.2,forward
london_wall/west_to_east/054_n01026_E.jpg,london_wall,west_to_east,n01026,96.62,fitted axis,98.87,-2.3,forward
london_wall/west_to_east/055_n01024_E.jpg,london_wall,west_to_east,n01024,96.62,fitted axis,105.1,-8.5,forward
london_wall/west_to_east/056_n01022_E.jpg,london_wall,west_to_east,n01022,96.62,fitted axis,100.8,-4.2,forward
london_wall/west_to_east/057_n01020_E.jpg,london_wall,west_to_east,n01020,96.62,fitted axis,95.64,1.0,forward
london_wall/west_to_east/058_n01018_E.jpg,london_wall,west_to_east,n01018,96.62,fitted axis,123.29,-26.7,forward
london_wall/west_to_east/059_n01016_E.jpg,london_wall,west_to_east,n01016,124.7,re-rendered,82.96,41.7,forward
london_wall/west_to_east/060_n01011_E.jpg,london_wall,west_to_east,n01011,96.62,fitted axis,111.66,-15.0,forward
london_wall/west_to_east/061_n01012_E.jpg,london_wall,west_to_east,n01012,115.3,re-rendered,95.67,19.6,forward
london_wall/west_to_east/062_n01006_E.jpg,london_wall,west_to_east,n01006,96.62,fitted axis,114.52,-17.9,forward
london_wall/west_to_east/063_n01007_E.jpg,london_wall,west_to_east,n01007,115.3,re-rendered,275.14,-159.8,reverse
london_wall/west_to_east/064_n01001_E.jpg,london_wall,west_to_east,n01001,116.0,re-rendered,111.51,4.5,forward
london_wall/west_to_east/065_n01002_E.jpg,london_wall,west_to_east,n01002,116.1,re-rendered,276.36,-160.3,reverse
london_wall/west_to_east/066_n00996_E.jpg,london_wall,west_to_east,n00996,96.62,fitted axis,105.97,-9.3,forward
london_wall/west_to_east/067_n00997_E.jpg,london_wall,west_to_east,n00997,96.62,fitted axis,276.41,-179.8,reverse
london_wall/west_to_east/068_n00991_E.jpg,london_wall,west_to_east,n00991,96.62,fitted axis,101.68,-5.1,forward
london_wall/west_to_east/069_n00992_E.jpg,london_wall,west_to_east,n00992,96.62,fitted axis,277.04,179.6,reverse
london_wall/west_to_east/070_n00987_E.jpg,london_wall,west_to_east,n00987,96.62,fitted axis,283.05,173.6,reverse
london_wall/west_to_east/071_n00986_E.jpg,london_wall,west_to_east,n00986,96.62,fitted axis,98.74,-2.1,forward
london_wall/west_to_east/072_n00981_E.jpg,london_wall,west_to_east,n00981,96.62,fitted axis,99.44,-2.8,forward
london_wall/west_to_east/073_n00982_E.jpg,london_wall,west_to_east,n00982,96.62,fitted axis,277.67,179.0,reverse
london_wall/west_to_east/074_n00976_E.jpg,london_wall,west_to_east,n00976,96.62,fitted axis,99.44,-2.8,forward
london_wall/west_to_east/075_n00977_E.jpg,london_wall,west_to_east,n00977,96.62,fitted axis,278.45,178.2,reverse
london_wall_place/north_to_south/001_n01052_S.jpg,london_wall_place,north_to_south,n01052,195.7,fitted axis,195.7,0.0,forward
london_wall_place/north_to_south/002_n01051_S.jpg,london_wall_place,north_to_south,n01051,195.7,fitted axis,195.7,0.0,forward
london_wall_place/south_to_north/001_n01051_N.jpg,london_wall_place,south_to_north,n01051,15.7,fitted axis,15.7,0.0,forward
london_wall_place/south_to_north/002_n01052_N.jpg,london_wall_place,south_to_north,n01052,15.7,fitted axis,15.7,0.0,forward
lothbury/east_to_west/001_n01053_W.jpg,lothbury,east_to_west,n01053,277.87,fitted axis,278.67,-0.8,forward
lothbury/east_to_west/002_n01055_W.jpg,lothbury,east_to_west,n01055,277.87,fitted axis,272.41,5.5,forward
lothbury/east_to_west/003_n01057_W.jpg,lothbury,east_to_west,n01057,277.87,fitted axis,273.47,4.4,forward
lothbury/east_to_west/004_n01059_W.jpg,lothbury,east_to_west,n01059,277.87,fitted axis,276.77,1.1,forward
lothbury/east_to_west/005_n01060_W.jpg,lothbury,east_to_west,n01060,277.87,fitted axis,276.06,1.8,forward
lothbury/east_to_west/006_n01054_W.jpg,lothbury,east_to_west,n01054,277.87,fitted axis,276.44,1.4,forward
lothbury/east_to_west/007_n01061_W.jpg,lothbury,east_to_west,n01061,277.87,fitted axis,279.49,-1.6,forward
lothbury/east_to_west/008_n01056_W.jpg,lothbury,east_to_west,n01056,277.87,fitted axis,281.51,-3.6,forward
lothbury/east_to_west/009_n01062_W.jpg,lothbury,east_to_west,n01062,277.87,fitted axis,282.58,-4.7,forward
lothbury/east_to_west/010_n01058_W.jpg,lothbury,east_to_west,n01058,277.87,fitted axis,281.51,-3.6,forward
lothbury/east_to_west/011_n01063_W.jpg,lothbury,east_to_west,n01063,277.87,fitted axis,283.41,-5.5,forward
lothbury/east_to_west/012_n01064_W.jpg,lothbury,east_to_west,n01064,277.87,fitted axis,279.01,-1.1,forward
lothbury/east_to_west/013_n01065_W.jpg,lothbury,east_to_west,n01065,277.87,fitted axis,279.01,-1.1,forward
lothbury/west_to_east/001_n01065_E.jpg,lothbury,west_to_east,n01065,97.87,fitted axis,99.01,-1.1,forward
lothbury/west_to_east/002_n01064_E.jpg,lothbury,west_to_east,n01064,97.87,fitted axis,103.41,-5.5,forward
lothbury/west_to_east/003_n01063_E.jpg,lothbury,west_to_east,n01063,97.87,fitted axis,102.58,-4.7,forward
lothbury/west_to_east/004_n01058_E.jpg,lothbury,west_to_east,n01058,97.87,fitted axis,101.51,-3.6,forward
lothbury/west_to_east/005_n01062_E.jpg,lothbury,west_to_east,n01062,97.87,fitted axis,99.49,-1.6,forward
lothbury/west_to_east/006_n01056_E.jpg,lothbury,west_to_east,n01056,97.87,fitted axis,96.44,1.4,forward
lothbury/west_to_east/007_n01061_E.jpg,lothbury,west_to_east,n01061,97.87,fitted axis,96.06,1.8,forward
lothbury/west_to_east/008_n01054_E.jpg,lothbury,west_to_east,n01054,97.87,fitted axis,96.44,1.4,forward
lothbury/west_to_east/009_n01060_E.jpg,lothbury,west_to_east,n01060,97.87,fitted axis,96.77,1.1,forward
lothbury/west_to_east/010_n01059_E.jpg,lothbury,west_to_east,n01059,97.87,fitted axis,93.47,4.4,forward
lothbury/west_to_east/011_n01057_E.jpg,lothbury,west_to_east,n01057,97.87,fitted axis,92.41,5.5,forward
lothbury/west_to_east/012_n01055_E.jpg,lothbury,west_to_east,n01055,97.87,fitted axis,98.67,-0.8,forward
lothbury/west_to_east/013_n01053_E.jpg,lothbury,west_to_east,n01053,97.87,fitted axis,98.67,-0.8,forward
lovat_lane/north_to_south/001_n01072_S.jpg,lovat_lane,north_to_south,n01072,191.32,fitted axis,189.06,2.3,forward
lovat_lane/north_to_south/002_n01071_S.jpg,lovat_lane,north_to_south,n01071,191.32,fitted axis,175.66,15.7,forward
lovat_lane/north_to_south/003_n01070_S.jpg,lovat_lane,north_to_south,n01070,177.1,re-rendered,212.15,-35.0,forward
lovat_lane/north_to_south/004_n01069_S.jpg,lovat_lane,north_to_south,n01069,191.32,fitted axis,193.09,-1.8,forward
lovat_lane/north_to_south/005_n01068_S.jpg,lovat_lane,north_to_south,n01068,191.32,fitted axis,191.67,-0.4,forward
lovat_lane/north_to_south/006_n01067_S.jpg,lovat_lane,north_to_south,n01067,191.32,fitted axis,196.01,-4.7,forward
lovat_lane/north_to_south/007_n01066_S.jpg,lovat_lane,north_to_south,n01066,191.32,fitted axis,196.01,-4.7,forward
lovat_lane/south_to_north/001_n01066_N.jpg,lovat_lane,south_to_north,n01066,11.32,fitted axis,16.01,-4.7,forward
lovat_lane/south_to_north/002_n01067_N.jpg,lovat_lane,south_to_north,n01067,11.32,fitted axis,11.67,-0.4,forward
lovat_lane/south_to_north/003_n01068_N.jpg,lovat_lane,south_to_north,n01068,11.32,fitted axis,13.09,-1.8,forward
lovat_lane/south_to_north/004_n01069_N.jpg,lovat_lane,south_to_north,n01069,11.32,fitted axis,32.15,-20.8,forward
lovat_lane/south_to_north/005_n01070_N.jpg,lovat_lane,south_to_north,n01070,357.1,re-rendered,355.66,1.4,forward
lovat_lane/south_to_north/006_n01071_N.jpg,lovat_lane,south_to_north,n01071,11.32,fitted axis,9.06,2.3,forward
lovat_lane/south_to_north/007_n01072_N.jpg,lovat_lane,south_to_north,n01072,11.32,fitted axis,9.06,2.3,forward
love_lane/east_to_west/001_n01073_W.jpg,love_lane,east_to_west,n01073,290.57,fitted axis,296.62,-6.1,forward
love_lane/east_to_west/002_n01074_W.jpg,love_lane,east_to_west,n01074,290.57,fitted axis,287.69,2.9,forward
love_lane/east_to_west/003_n01075_W.jpg,love_lane,east_to_west,n01075,290.57,fitted axis,287.35,3.2,forward
love_lane/east_to_west/004_n01076_W.jpg,love_lane,east_to_west,n01076,290.57,fitted axis,287.35,3.2,forward
love_lane/west_to_east/001_n01076_E.jpg,love_lane,west_to_east,n01076,110.57,fitted axis,107.35,3.2,forward
love_lane/west_to_east/002_n01075_E.jpg,love_lane,west_to_east,n01075,110.57,fitted axis,107.69,2.9,forward
love_lane/west_to_east/003_n01074_E.jpg,love_lane,west_to_east,n01074,110.57,fitted axis,116.62,-6.1,forward
love_lane/west_to_east/004_n01073_E.jpg,love_lane,west_to_east,n01073,110.57,fitted axis,116.62,-6.1,forward
lower_thames_street/east_to_west/001_n01077_W.jpg,lower_thames_street,east_to_west,n01077,281.17,fitted axis,294.43,-13.3,forward
lower_thames_street/east_to_west/002_n01080_W.jpg,lower_thames_street,east_to_west,n01080,298.3,re-rendered,296.99,1.3,forward
lower_thames_street/east_to_west/003_n01078_W.jpg,lower_thames_street,east_to_west,n01078,304.3,re-rendered,302.8,1.5,forward
lower_thames_street/east_to_west/004_n01083_W.jpg,lower_thames_street,east_to_west,n01083,281.17,fitted axis,284.77,-3.6,forward
lower_thames_street/east_to_west/005_n01086_W.jpg,lower_thames_street,east_to_west,n01086,281.17,fitted axis,292.33,-11.2,forward
lower_thames_street/east_to_west/006_n01081_W.jpg,lower_thames_street,east_to_west,n01081,281.17,fitted axis,293.83,-12.7,forward
lower_thames_street/east_to_west/007_n01089_W.jpg,lower_thames_street,east_to_west,n01089,299.1,re-rendered,297.8,1.3,forward
lower_thames_street/east_to_west/008_n01084_W.jpg,lower_thames_street,east_to_west,n01084,318.9,re-rendered,317.54,1.4,forward
lower_thames_street/east_to_west/009_n01087_W.jpg,lower_thames_street,east_to_west,n01087,318.9,re-rendered,317.54,1.4,forward
lower_thames_street/east_to_west/010_n01091_W.jpg,lower_thames_street,east_to_west,n01091,281.17,fitted axis,283.25,-2.1,forward
lower_thames_street/east_to_west/011_n01093_W.jpg,lower_thames_street,east_to_west,n01093,281.17,fitted axis,277.91,3.3,forward
lower_thames_street/east_to_west/012_n01095_W.jpg,lower_thames_street,east_to_west,n01095,281.17,fitted axis,287.27,-6.1,forward
lower_thames_street/east_to_west/013_n01079_W.jpg,lower_thames_street,east_to_west,n01079,281.17,fitted axis,269.72,11.5,forward
lower_thames_street/east_to_west/014_n01097_W.jpg,lower_thames_street,east_to_west,n01097,281.17,fitted axis,278.45,2.7,forward
lower_thames_street/east_to_west/015_n01082_W.jpg,lower_thames_street,east_to_west,n01082,281.17,fitted axis,275.88,5.3,forward
lower_thames_street/east_to_west/016_n01099_W.jpg,lower_thames_street,east_to_west,n01099,281.17,fitted axis,277.3,3.9,forward
lower_thames_street/east_to_west/017_n01085_W.jpg,lower_thames_street,east_to_west,n01085,281.17,fitted axis,278.56,2.6,forward
lower_thames_street/east_to_west/018_n01101_W.jpg,lower_thames_street,east_to_west,n01101,281.17,fitted axis,278.52,2.6,forward
lower_thames_street/east_to_west/019_n01088_W.jpg,lower_thames_street,east_to_west,n01088,281.17,fitted axis,280.66,0.5,forward
lower_thames_street/east_to_west/020_n01103_W.jpg,lower_thames_street,east_to_west,n01103,281.17,fitted axis,278.43,2.7,forward
lower_thames_street/east_to_west/021_n01090_W.jpg,lower_thames_street,east_to_west,n01090,281.17,fitted axis,280.66,0.5,forward
lower_thames_street/east_to_west/022_n01105_W.jpg,lower_thames_street,east_to_west,n01105,281.17,fitted axis,281.97,-0.8,forward
lower_thames_street/east_to_west/023_n01092_W.jpg,lower_thames_street,east_to_west,n01092,281.17,fitted axis,279.39,1.8,forward
lower_thames_street/east_to_west/024_n01107_W.jpg,lower_thames_street,east_to_west,n01107,281.17,fitted axis,279.63,1.5,forward
lower_thames_street/east_to_west/025_n01094_W.jpg,lower_thames_street,east_to_west,n01094,281.17,fitted axis,279.6,1.6,forward
lower_thames_street/east_to_west/026_n01109_W.jpg,lower_thames_street,east_to_west,n01109,281.17,fitted axis,281.97,-0.8,forward
lower_thames_street/east_to_west/027_n01096_W.jpg,lower_thames_street,east_to_west,n01096,281.17,fitted axis,280.18,1.0,forward
lower_thames_street/east_to_west/028_n01111_W.jpg,lower_thames_street,east_to_west,n01111,281.17,fitted axis,275.61,5.6,forward
lower_thames_street/east_to_west/029_n01098_W.jpg,lower_thames_street,east_to_west,n01098,281.17,fitted axis,281.15,0.0,forward
lower_thames_street/east_to_west/030_n01113_W.jpg,lower_thames_street,east_to_west,n01113,281.17,fitted axis,279.45,1.7,forward
lower_thames_street/east_to_west/031_n01100_W.jpg,lower_thames_street,east_to_west,n01100,281.17,fitted axis,280.25,0.9,forward
lower_thames_street/east_to_west/032_n01115_W.jpg,lower_thames_street,east_to_west,n01115,281.17,fitted axis,279.68,1.5,forward
lower_thames_street/east_to_west/033_n01102_W.jpg,lower_thames_street,east_to_west,n01102,281.17,fitted axis,279.99,1.2,forward
lower_thames_street/east_to_west/034_n01117_W.jpg,lower_thames_street,east_to_west,n01117,281.17,fitted axis,279.34,1.8,forward
lower_thames_street/east_to_west/035_n01104_W.jpg,lower_thames_street,east_to_west,n01104,281.17,fitted axis,280.36,0.8,forward
lower_thames_street/east_to_west/036_n01119_W.jpg,lower_thames_street,east_to_west,n01119,281.17,fitted axis,280.13,1.0,forward
lower_thames_street/east_to_west/037_n01106_W.jpg,lower_thames_street,east_to_west,n01106,281.17,fitted axis,280.28,0.9,forward
lower_thames_street/east_to_west/038_n01120_W.jpg,lower_thames_street,east_to_west,n01120,281.17,fitted axis,279.57,1.6,forward
lower_thames_street/east_to_west/039_n01108_W.jpg,lower_thames_street,east_to_west,n01108,281.17,fitted axis,280.34,0.8,forward
lower_thames_street/east_to_west/040_n01121_W.jpg,lower_thames_street,east_to_west,n01121,281.17,fitted axis,279.57,1.6,forward
lower_thames_street/east_to_west/041_n01110_W.jpg,lower_thames_street,east_to_west,n01110,281.17,fitted axis,268.2,13.0,forward
lower_thames_street/east_to_west/042_n01122_W.jpg,lower_thames_street,east_to_west,n01122,281.17,fitted axis,279.34,1.8,forward
lower_thames_street/east_to_west/043_n01112_W.jpg,lower_thames_street,east_to_west,n01112,281.17,fitted axis,276.45,4.7,forward
lower_thames_street/east_to_west/044_n01123_W.jpg,lower_thames_street,east_to_west,n01123,281.17,fitted axis,281.4,-0.2,forward
lower_thames_street/east_to_west/045_n01114_W.jpg,lower_thames_street,east_to_west,n01114,281.17,fitted axis,283.18,-2.0,forward
lower_thames_street/east_to_west/046_n01124_W.jpg,lower_thames_street,east_to_west,n01124,281.17,fitted axis,281.53,-0.4,forward
lower_thames_street/east_to_west/047_n01116_W.jpg,lower_thames_street,east_to_west,n01116,281.17,fitted axis,295.62,-14.5,forward
lower_thames_street/east_to_west/048_n01125_W.jpg,lower_thames_street,east_to_west,n01125,281.17,fitted axis,281.53,-0.4,forward
lower_thames_street/east_to_west/049_n01118_W.jpg,lower_thames_street,east_to_west,n01118,281.17,fitted axis,295.62,-14.5,forward
lower_thames_street/west_to_east/001_n01118_E.jpg,lower_thames_street,west_to_east,n01118,101.17,fitted axis,115.62,-14.5,forward
lower_thames_street/west_to_east/002_n01125_E.jpg,lower_thames_street,west_to_east,n01125,101.17,fitted axis,101.53,-0.4,forward
lower_thames_street/west_to_east/003_n01116_E.jpg,lower_thames_street,west_to_east,n01116,101.17,fitted axis,103.18,-2.0,forward
lower_thames_street/west_to_east/004_n01124_E.jpg,lower_thames_street,west_to_east,n01124,101.17,fitted axis,101.4,-0.2,forward
lower_thames_street/west_to_east/005_n01114_E.jpg,lower_thames_street,west_to_east,n01114,101.17,fitted axis,96.45,4.7,forward
lower_thames_street/west_to_east/006_n01123_E.jpg,lower_thames_street,west_to_east,n01123,101.17,fitted axis,99.34,1.8,forward
lower_thames_street/west_to_east/007_n01112_E.jpg,lower_thames_street,west_to_east,n01112,101.17,fitted axis,88.2,13.0,forward
lower_thames_street/west_to_east/008_n01122_E.jpg,lower_thames_street,west_to_east,n01122,101.17,fitted axis,99.57,1.6,forward
lower_thames_street/west_to_east/009_n01110_E.jpg,lower_thames_street,west_to_east,n01110,101.17,fitted axis,100.34,0.8,forward
lower_thames_street/west_to_east/010_n01121_E.jpg,lower_thames_street,west_to_east,n01121,101.17,fitted axis,99.57,1.6,forward
lower_thames_street/west_to_east/011_n01108_E.jpg,lower_thames_street,west_to_east,n01108,101.17,fitted axis,100.28,0.9,forward
lower_thames_street/west_to_east/012_n01120_E.jpg,lower_thames_street,west_to_east,n01120,101.17,fitted axis,100.13,1.0,forward
lower_thames_street/west_to_east/013_n01106_E.jpg,lower_thames_street,west_to_east,n01106,101.17,fitted axis,100.36,0.8,forward
lower_thames_street/west_to_east/014_n01119_E.jpg,lower_thames_street,west_to_east,n01119,101.17,fitted axis,99.34,1.8,forward
lower_thames_street/west_to_east/015_n01104_E.jpg,lower_thames_street,west_to_east,n01104,101.17,fitted axis,99.99,1.2,forward
lower_thames_street/west_to_east/016_n01117_E.jpg,lower_thames_street,west_to_east,n01117,101.17,fitted axis,99.68,1.5,forward
lower_thames_street/west_to_east/017_n01102_E.jpg,lower_thames_street,west_to_east,n01102,101.17,fitted axis,100.25,0.9,forward
lower_thames_street/west_to_east/018_n01115_E.jpg,lower_thames_street,west_to_east,n01115,101.17,fitted axis,99.45,1.7,forward
lower_thames_street/west_to_east/019_n01100_E.jpg,lower_thames_street,west_to_east,n01100,101.17,fitted axis,101.15,0.0,forward
lower_thames_street/west_to_east/020_n01113_E.jpg,lower_thames_street,west_to_east,n01113,101.17,fitted axis,95.61,5.6,forward
lower_thames_street/west_to_east/021_n01098_E.jpg,lower_thames_street,west_to_east,n01098,101.17,fitted axis,100.18,1.0,forward
lower_thames_street/west_to_east/022_n01111_E.jpg,lower_thames_street,west_to_east,n01111,101.17,fitted axis,101.97,-0.8,forward
lower_thames_street/west_to_east/023_n01096_E.jpg,lower_thames_street,west_to_east,n01096,101.17,fitted axis,99.6,1.6,forward
lower_thames_street/west_to_east/024_n01109_E.jpg,lower_thames_street,west_to_east,n01109,101.17,fitted axis,99.63,1.5,forward
lower_thames_street/west_to_east/025_n01094_E.jpg,lower_thames_street,west_to_east,n01094,101.17,fitted axis,99.39,1.8,forward
lower_thames_street/west_to_east/026_n01107_E.jpg,lower_thames_street,west_to_east,n01107,101.17,fitted axis,101.97,-0.8,forward
lower_thames_street/west_to_east/027_n01092_E.jpg,lower_thames_street,west_to_east,n01092,101.17,fitted axis,100.66,0.5,forward
lower_thames_street/west_to_east/028_n01105_E.jpg,lower_thames_street,west_to_east,n01105,101.17,fitted axis,98.43,2.7,forward
lower_thames_street/west_to_east/029_n01090_E.jpg,lower_thames_street,west_to_east,n01090,101.17,fitted axis,100.66,0.5,forward
lower_thames_street/west_to_east/030_n01103_E.jpg,lower_thames_street,west_to_east,n01103,101.17,fitted axis,98.52,2.6,forward
lower_thames_street/west_to_east/031_n01088_E.jpg,lower_thames_street,west_to_east,n01088,101.17,fitted axis,98.56,2.6,forward
lower_thames_street/west_to_east/032_n01101_E.jpg,lower_thames_street,west_to_east,n01101,101.17,fitted axis,97.3,3.9,forward
lower_thames_street/west_to_east/033_n01085_E.jpg,lower_thames_street,west_to_east,n01085,101.17,fitted axis,95.88,5.3,forward
lower_thames_street/west_to_east/034_n01099_E.jpg,lower_thames_street,west_to_east,n01099,101.17,fitted axis,98.45,2.7,forward
lower_thames_street/west_to_east/035_n01082_E.jpg,lower_thames_street,west_to_east,n01082,101.17,fitted axis,89.72,11.5,forward
lower_thames_street/west_to_east/036_n01097_E.jpg,lower_thames_street,west_to_east,n01097,101.17,fitted axis,107.27,-6.1,forward
lower_thames_street/west_to_east/037_n01079_E.jpg,lower_thames_street,west_to_east,n01079,101.17,fitted axis,89.72,11.5,forward
lower_thames_street/west_to_east/038_n01095_E.jpg,lower_thames_street,west_to_east,n01095,101.17,fitted axis,97.91,3.3,forward
lower_thames_street/west_to_east/039_n01093_E.jpg,lower_thames_street,west_to_east,n01093,101.17,fitted axis,103.25,-2.1,forward
lower_thames_street/west_to_east/040_n01091_E.jpg,lower_thames_street,west_to_east,n01091,101.17,fitted axis,117.8,-16.6,forward
lower_thames_street/west_to_east/041_n01087_E.jpg,lower_thames_street,west_to_east,n01087,138.9,re-rendered,137.54,1.4,forward
lower_thames_street/west_to_east/042_n01084_E.jpg,lower_thames_street,west_to_east,n01084,138.9,re-rendered,113.83,25.1,forward
lower_thames_street/west_to_east/043_n01089_E.jpg,lower_thames_street,west_to_east,n01089,119.1,re-rendered,112.33,6.8,forward
lower_thames_street/west_to_east/044_n01081_E.jpg,lower_thames_street,west_to_east,n01081,101.17,fitted axis,122.8,-21.6,forward
lower_thames_street/west_to_east/045_n01086_E.jpg,lower_thames_street,west_to_east,n01086,101.17,fitted axis,104.77,-3.6,forward
lower_thames_street/west_to_east/046_n01078_E.jpg,lower_thames_street,west_to_east,n01078,124.3,re-rendered,122.8,1.5,forward
lower_thames_street/west_to_east/047_n01083_E.jpg,lower_thames_street,west_to_east,n01083,101.17,fitted axis,116.99,-15.8,forward
lower_thames_street/west_to_east/048_n01080_E.jpg,lower_thames_street,west_to_east,n01080,118.3,re-rendered,114.43,3.9,forward
lower_thames_street/west_to_east/049_n01077_E.jpg,lower_thames_street,west_to_east,n01077,101.17,fitted axis,114.43,-13.3,forward
mansion_house_place/north_to_south/001_n01132_S.jpg,mansion_house_place,north_to_south,n01132,188.2,re-rendered,186.45,1.8,forward
mansion_house_place/north_to_south/002_n01131_S.jpg,mansion_house_place,north_to_south,n01131,188.2,re-rendered,194.5,-6.3,forward
mansion_house_place/north_to_south/003_n01130_S.jpg,mansion_house_place,north_to_south,n01130,196.0,re-rendered,197.13,-1.1,forward
mansion_house_place/north_to_south/004_n01129_S.jpg,mansion_house_place,north_to_south,n01129,198.7,re-rendered,119.05,79.6,forward
mansion_house_place/north_to_south/005_n01128_S.jpg,mansion_house_place,north_to_south,n01128,120.5,re-rendered,116.15,4.3,forward
mansion_house_place/north_to_south/006_n01127_S.jpg,mansion_house_place,north_to_south,n01127,117.3,re-rendered,104.24,13.1,forward
mansion_house_place/north_to_south/007_n01126_S.jpg,mansion_house_place,north_to_south,n01126,105.7,re-rendered,104.24,1.5,forward
mansion_house_place/south_to_north/001_n01126_N.jpg,mansion_house_place,south_to_north,n01126,285.7,re-rendered,284.24,1.5,forward
mansion_house_place/south_to_north/002_n01127_N.jpg,mansion_house_place,south_to_north,n01127,297.3,re-rendered,296.15,1.1,forward
mansion_house_place/south_to_north/003_n01128_N.jpg,mansion_house_place,south_to_north,n01128,300.5,re-rendered,299.05,1.4,forward
mansion_house_place/south_to_north/004_n01129_N.jpg,mansion_house_place,south_to_north,n01129,18.7,re-rendered,17.13,1.6,forward
mansion_house_place/south_to_north/005_n01130_N.jpg,mansion_house_place,south_to_north,n01130,16.0,re-rendered,14.5,1.5,forward
mansion_house_place/south_to_north/006_n01131_N.jpg,mansion_house_place,south_to_north,n01131,8.2,re-rendered,6.45,1.8,forward
mansion_house_place/south_to_north/007_n01132_N.jpg,mansion_house_place,south_to_north,n01132,8.2,re-rendered,6.45,1.8,forward
mansion_house_street/east_to_west/001_n01135_W.jpg,mansion_house_street,east_to_west,n01135,277.28,fitted axis,267.83,9.5,forward
mansion_house_street/east_to_west/002_n01134_W.jpg,mansion_house_street,east_to_west,n01134,277.28,fitted axis,284.9,-7.6,forward
mansion_house_street/east_to_west/003_n01133_W.jpg,mansion_house_street,east_to_west,n01133,277.28,fitted axis,284.9,-7.6,forward
mansion_house_street/west_to_east/001_n01133_E.jpg,mansion_house_street,west_to_east,n01133,97.28,fitted axis,104.9,-7.6,forward
mansion_house_street/west_to_east/002_n01134_E.jpg,mansion_house_street,west_to_east,n01134,97.28,fitted axis,87.83,9.5,forward
mansion_house_street/west_to_east/003_n01135_E.jpg,mansion_house_street,west_to_east,n01135,97.28,fitted axis,87.83,9.5,forward
mark_lane/north_to_south/001_n01148_S.jpg,mark_lane,north_to_south,n01148,156.7,re-rendered,155.31,1.4,forward
mark_lane/north_to_south/002_n01147_S.jpg,mark_lane,north_to_south,n01147,156.7,re-rendered,163.91,-7.2,forward
mark_lane/north_to_south/003_n01146_S.jpg,mark_lane,north_to_south,n01146,165.4,re-rendered,190.39,-25.0,forward
mark_lane/north_to_south/004_n01145_S.jpg,mark_lane,north_to_south,n01145,186.98,fitted axis,184.43,2.5,forward
mark_lane/north_to_south/005_n01144_S.jpg,mark_lane,north_to_south,n01144,186.98,fitted axis,178.09,8.9,forward
mark_lane/north_to_south/006_n01143_S.jpg,mark_lane,north_to_south,n01143,186.98,fitted axis,197.08,-10.1,forward
mark_lane/north_to_south/007_n01142_S.jpg,mark_lane,north_to_south,n01142,186.98,fitted axis,192.12,-5.1,forward
mark_lane/north_to_south/008_n01141_S.jpg,mark_lane,north_to_south,n01141,186.98,fitted axis,190.25,-3.3,forward
mark_lane/north_to_south/009_n01140_S.jpg,mark_lane,north_to_south,n01140,186.98,fitted axis,189.44,-2.5,forward
mark_lane/north_to_south/010_n01139_S.jpg,mark_lane,north_to_south,n01139,186.98,fitted axis,188.52,-1.5,forward
mark_lane/north_to_south/011_n01138_S.jpg,mark_lane,north_to_south,n01138,186.98,fitted axis,188.71,-1.7,forward
mark_lane/north_to_south/012_n01137_S.jpg,mark_lane,north_to_south,n01137,186.98,fitted axis,219.17,-32.2,forward
mark_lane/north_to_south/013_n01136_S.jpg,mark_lane,north_to_south,n01136,220.7,re-rendered,219.17,1.5,forward
mark_lane/south_to_north/001_n01136_N.jpg,mark_lane,south_to_north,n01136,40.7,re-rendered,39.17,1.5,forward
mark_lane/south_to_north/002_n01137_N.jpg,mark_lane,south_to_north,n01137,6.98,fitted axis,8.71,-1.7,forward
mark_lane/south_to_north/003_n01138_N.jpg,mark_lane,south_to_north,n01138,6.98,fitted axis,8.52,-1.5,forward
mark_lane/south_to_north/004_n01139_N.jpg,mark_lane,south_to_north,n01139,6.98,fitted axis,9.44,-2.5,forward
mark_lane/south_to_north/005_n01140_N.jpg,mark_lane,south_to_north,n01140,6.98,fitted axis,10.25,-3.3,forward
mark_lane/south_to_north/006_n01141_N.jpg,mark_lane,south_to_north,n01141,6.98,fitted axis,12.12,-5.1,forward
mark_lane/south_to_north/007_n01142_N.jpg,mark_lane,south_to_north,n01142,6.98,fitted axis,17.08,-10.1,forward
mark_lane/south_to_north/008_n01143_N.jpg,mark_lane,south_to_north,n01143,6.98,fitted axis,358.09,8.9,forward
mark_lane/south_to_north/009_n01144_N.jpg,mark_lane,south_to_north,n01144,6.98,fitted axis,4.43,2.5,forward
mark_lane/south_to_north/010_n01145_N.jpg,mark_lane,south_to_north,n01145,6.98,fitted axis,10.39,-3.4,forward
mark_lane/south_to_north/011_n01146_N.jpg,mark_lane,south_to_north,n01146,345.4,re-rendered,343.91,1.5,forward
mark_lane/south_to_north/012_n01147_N.jpg,mark_lane,south_to_north,n01147,336.7,re-rendered,335.31,1.4,forward
mark_lane/south_to_north/013_n01148_N.jpg,mark_lane,south_to_north,n01148,336.7,re-rendered,335.31,1.4,forward
martin_lane/north_to_south/001_n01153_S.jpg,martin_lane,north_to_south,n01153,197.56,fitted axis,199.1,-1.5,forward
martin_lane/north_to_south/002_n01152_S.jpg,martin_lane,north_to_south,n01152,197.56,fitted axis,199.83,-2.3,forward
martin_lane/north_to_south/003_n01151_S.jpg,martin_lane,north_to_south,n01151,197.56,fitted axis,194.97,2.6,forward
martin_lane/north_to_south/004_n01150_S.jpg,martin_lane,north_to_south,n01150,197.56,fitted axis,198.68,-1.1,forward
martin_lane/north_to_south/005_n01149_S.jpg,martin_lane,north_to_south,n01149,197.56,fitted axis,198.68,-1.1,forward
martin_lane/south_to_north/001_n01149_N.jpg,martin_lane,south_to_north,n01149,17.56,fitted axis,18.68,-1.1,forward
martin_lane/south_to_north/002_n01150_N.jpg,martin_lane,south_to_north,n01150,17.56,fitted axis,14.97,2.6,forward
martin_lane/south_to_north/003_n01151_N.jpg,martin_lane,south_to_north,n01151,17.56,fitted axis,19.83,-2.3,forward
martin_lane/south_to_north/004_n01152_N.jpg,martin_lane,south_to_north,n01152,17.56,fitted axis,19.1,-1.5,forward
martin_lane/south_to_north/005_n01153_N.jpg,martin_lane,south_to_north,n01153,17.56,fitted axis,19.1,-1.5,forward
masons_avenue/east_to_west/001_n01154_W.jpg,masons_avenue,east_to_west,n01154,274.35,fitted axis,276.66,-2.3,forward
masons_avenue/east_to_west/002_n01155_W.jpg,masons_avenue,east_to_west,n01155,274.35,fitted axis,271.94,2.4,forward
masons_avenue/east_to_west/003_n01156_W.jpg,masons_avenue,east_to_west,n01156,274.35,fitted axis,271.94,2.4,forward
masons_avenue/west_to_east/001_n01156_E.jpg,masons_avenue,west_to_east,n01156,94.35,fitted axis,91.94,2.4,forward
masons_avenue/west_to_east/002_n01155_E.jpg,masons_avenue,west_to_east,n01155,94.35,fitted axis,96.66,-2.3,forward
masons_avenue/west_to_east/003_n01154_E.jpg,masons_avenue,west_to_east,n01154,94.35,fitted axis,96.66,-2.3,forward
milk_street/north_to_south/001_n01164_S.jpg,milk_street,north_to_south,n01164,203.73,fitted axis,195.92,7.8,forward
milk_street/north_to_south/002_n01163_S.jpg,milk_street,north_to_south,n01163,203.73,fitted axis,203.83,-0.1,forward
milk_street/north_to_south/003_n01162_S.jpg,milk_street,north_to_south,n01162,203.73,fitted axis,208.97,-5.2,forward
milk_street/north_to_south/004_n01161_S.jpg,milk_street,north_to_south,n01161,203.73,fitted axis,210.47,-6.7,forward
milk_street/north_to_south/005_n01160_S.jpg,milk_street,north_to_south,n01160,203.73,fitted axis,215.08,-11.4,forward
milk_street/north_to_south/006_n01159_S.jpg,milk_street,north_to_south,n01159,203.73,fitted axis,191.94,11.8,forward
milk_street/north_to_south/007_n01158_S.jpg,milk_street,north_to_south,n01158,203.73,fitted axis,191.93,11.8,forward
milk_street/north_to_south/008_n01157_S.jpg,milk_street,north_to_south,n01157,203.73,fitted axis,191.93,11.8,forward
milk_street/south_to_north/001_n01157_N.jpg,milk_street,south_to_north,n01157,23.73,fitted axis,11.93,11.8,forward
milk_street/south_to_north/002_n01158_N.jpg,milk_street,south_to_north,n01158,23.73,fitted axis,11.94,11.8,forward
milk_street/south_to_north/003_n01159_N.jpg,milk_street,south_to_north,n01159,23.73,fitted axis,35.08,-11.4,forward
milk_street/south_to_north/004_n01160_N.jpg,milk_street,south_to_north,n01160,23.73,fitted axis,30.47,-6.7,forward
milk_street/south_to_north/005_n01161_N.jpg,milk_street,south_to_north,n01161,23.73,fitted axis,28.97,-5.2,forward
milk_street/south_to_north/006_n01162_N.jpg,milk_street,south_to_north,n01162,23.73,fitted axis,23.83,-0.1,forward
milk_street/south_to_north/007_n01163_N.jpg,milk_street,south_to_north,n01163,23.73,fitted axis,15.92,7.8,forward
milk_street/south_to_north/008_n01164_N.jpg,milk_street,south_to_north,n01164,23.73,fitted axis,15.92,7.8,forward
mincing_lane/north_to_south/001_n01174_S.jpg,mincing_lane,north_to_south,n01174,146.6,re-rendered,145.19,1.4,forward
mincing_lane/north_to_south/002_n01173_S.jpg,mincing_lane,north_to_south,n01173,146.6,re-rendered,174.36,-27.8,forward
mincing_lane/north_to_south/003_n01172_S.jpg,mincing_lane,north_to_south,n01172,182.33,fitted axis,187.91,-5.6,forward
mincing_lane/north_to_south/004_n01171_S.jpg,mincing_lane,north_to_south,n01171,182.33,fitted axis,160.51,21.8,forward
mincing_lane/north_to_south/005_n01170_S.jpg,mincing_lane,north_to_south,n01170,162.0,re-rendered,185.5,-23.5,forward
mincing_lane/north_to_south/006_n01169_S.jpg,mincing_lane,north_to_south,n01169,182.33,fitted axis,187.46,-5.1,forward
mincing_lane/north_to_south/007_n01168_S.jpg,mincing_lane,north_to_south,n01168,182.33,fitted axis,188.39,-6.1,forward
mincing_lane/north_to_south/008_n01167_S.jpg,mincing_lane,north_to_south,n01167,182.33,fitted axis,188.99,-6.7,forward
mincing_lane/north_to_south/009_n01166_S.jpg,mincing_lane,north_to_south,n01166,182.33,fitted axis,207.03,-24.7,forward
mincing_lane/north_to_south/010_n01165_S.jpg,mincing_lane,north_to_south,n01165,208.7,re-rendered,207.03,1.7,forward
mincing_lane/south_to_north/001_n01165_N.jpg,mincing_lane,south_to_north,n01165,28.7,re-rendered,27.03,1.7,forward
mincing_lane/south_to_north/002_n01166_N.jpg,mincing_lane,south_to_north,n01166,2.33,fitted axis,8.99,-6.7,forward
mincing_lane/south_to_north/003_n01167_N.jpg,mincing_lane,south_to_north,n01167,2.33,fitted axis,8.39,-6.1,forward
mincing_lane/south_to_north/004_n01168_N.jpg,mincing_lane,south_to_north,n01168,2.33,fitted axis,7.46,-5.1,forward
mincing_lane/south_to_north/005_n01169_N.jpg,mincing_lane,south_to_north,n01169,2.33,fitted axis,5.5,-3.2,forward
mincing_lane/south_to_north/006_n01170_N.jpg,mincing_lane,south_to_north,n01170,342.0,re-rendered,340.51,1.5,forward
mincing_lane/south_to_north/007_n01171_N.jpg,mincing_lane,south_to_north,n01171,2.33,fitted axis,7.91,-5.6,forward
mincing_lane/south_to_north/008_n01172_N.jpg,mincing_lane,south_to_north,n01172,2.33,fitted axis,354.36,8.0,forward
mincing_lane/south_to_north/009_n01173_N.jpg,mincing_lane,south_to_north,n01173,326.6,re-rendered,325.19,1.4,forward
mincing_lane/south_to_north/010_n01174_N.jpg,mincing_lane,south_to_north,n01174,326.6,re-rendered,325.19,1.4,forward
monkwell_square/east_to_west/001_n01177_W.jpg,monkwell_square,east_to_west,n01177,251.45,fitted axis,278.94,-27.5,forward
monkwell_square/east_to_west/002_n01180_W.jpg,monkwell_square,east_to_west,n01180,251.45,fitted axis,288.37,-36.9,forward
monkwell_square/east_to_west/003_n01175_W.jpg,monkwell_square,east_to_west,n01175,0.0,re-rendered,0.0,0.0,forward
monkwell_square/east_to_west/004_n01178_W.jpg,monkwell_square,east_to_west,n01178,0.0,re-rendered,0.0,0.0,forward
monkwell_square/east_to_west/005_n01182_W.jpg,monkwell_square,east_to_west,n01182,251.45,fitted axis,289.55,-38.1,forward
monkwell_square/east_to_west/006_n01183_W.jpg,monkwell_square,east_to_west,n01183,0.0,re-rendered,0.0,0.0,forward
monkwell_square/east_to_west/007_n01184_W.jpg,monkwell_square,east_to_west,n01184,0.0,re-rendered,0.0,0.0,forward
monkwell_square/east_to_west/008_n01179_W.jpg,monkwell_square,east_to_west,n01179,251.45,fitted axis,199.46,52.0,forward
monkwell_square/east_to_west/009_n01181_W.jpg,monkwell_square,east_to_west,n01181,251.45,fitted axis,0.0,-108.5,reverse
monkwell_square/east_to_west/010_n01176_W.jpg,monkwell_square,east_to_west,n01176,251.45,fitted axis,199.46,52.0,forward
monkwell_square/west_to_east/001_n01176_E.jpg,monkwell_square,west_to_east,n01176,71.45,fitted axis,19.46,52.0,forward
monkwell_square/west_to_east/002_n01179_E.jpg,monkwell_square,west_to_east,n01179,71.45,fitted axis,0.0,71.5,forward
monkwell_square/west_to_east/003_n01181_E.jpg,monkwell_square,west_to_east,n01181,71.45,fitted axis,0.0,71.5,forward
monkwell_square/west_to_east/004_n01183_E.jpg,monkwell_square,west_to_east,n01183,0.0,re-rendered,109.55,-109.5,reverse
monkwell_square/west_to_east/005_n01184_E.jpg,monkwell_square,west_to_east,n01184,0.0,re-rendered,0.0,0.0,forward
monkwell_square/west_to_east/006_n01175_E.jpg,monkwell_square,west_to_east,n01175,0.0,re-rendered,0.0,0.0,forward
monkwell_square/west_to_east/007_n01178_E.jpg,monkwell_square,west_to_east,n01178,0.0,re-rendered,0.0,0.0,forward
monkwell_square/west_to_east/008_n01182_E.jpg,monkwell_square,west_to_east,n01182,71.45,fitted axis,108.37,-36.9,forward
monkwell_square/west_to_east/009_n01180_E.jpg,monkwell_square,west_to_east,n01180,71.45,fitted axis,98.94,-27.5,forward
monkwell_square/west_to_east/010_n01177_E.jpg,monkwell_square,west_to_east,n01177,71.45,fitted axis,98.94,-27.5,forward
monument_street/east_to_west/001_n01185_W.jpg,monument_street,east_to_west,n01185,337.5,re-rendered,336.05,1.5,forward
monument_street/east_to_west/002_n01186_W.jpg,monument_street,east_to_west,n01186,302.42,fitted axis,312.08,-9.7,forward
monument_street/east_to_west/003_n01187_W.jpg,monument_street,east_to_west,n01187,302.42,fitted axis,302.55,-0.1,forward
monument_street/east_to_west/004_n01188_W.jpg,monument_street,east_to_west,n01188,302.42,fitted axis,302.42,-0.0,forward
monument_street/east_to_west/005_n01189_W.jpg,monument_street,east_to_west,n01189,302.42,fitted axis,311.78,-9.4,forward
monument_street/east_to_west/006_n01190_W.jpg,monument_street,east_to_west,n01190,282.1,re-rendered,280.77,1.3,forward
monument_street/east_to_west/007_n01191_W.jpg,monument_street,east_to_west,n01191,275.1,re-rendered,273.67,1.4,forward
monument_street/east_to_west/008_n01192_W.jpg,monument_street,east_to_west,n01192,302.42,fitted axis,273.67,28.7,forward
monument_street/west_to_east/001_n01192_E.jpg,monument_street,west_to_east,n01192,122.42,fitted axis,93.67,28.7,forward
monument_street/west_to_east/002_n01191_E.jpg,monument_street,west_to_east,n01191,95.1,re-rendered,100.77,-5.7,forward
monument_street/west_to_east/003_n01190_E.jpg,monument_street,west_to_east,n01190,102.1,re-rendered,131.78,-29.7,forward
monument_street/west_to_east/004_n01189_E.jpg,monument_street,west_to_east,n01189,122.42,fitted axis,122.42,-0.0,forward
monument_street/west_to_east/005_n01188_E.jpg,monument_street,west_to_east,n01188,122.42,fitted axis,122.55,-0.1,forward
monument_street/west_to_east/006_n01187_E.jpg,monument_street,west_to_east,n01187,122.42,fitted axis,132.08,-9.7,forward
monument_street/west_to_east/007_n01186_E.jpg,monument_street,west_to_east,n01186,122.42,fitted axis,156.05,-33.6,forward
monument_street/west_to_east/008_n01185_E.jpg,monument_street,west_to_east,n01185,157.5,re-rendered,156.05,1.5,forward
moor_lane/north_to_south/001_n01194_S.jpg,moor_lane,north_to_south,n01194,223.54,fitted axis,223.54,0.0,forward
moor_lane/north_to_south/002_n01193_S.jpg,moor_lane,north_to_south,n01193,223.54,fitted axis,223.54,0.0,forward
moor_lane/south_to_north/001_n01193_N.jpg,moor_lane,south_to_north,n01193,43.54,fitted axis,43.54,-0.0,forward
moor_lane/south_to_north/002_n01194_N.jpg,moor_lane,south_to_north,n01194,43.54,fitted axis,43.54,-0.0,forward
moorfields/north_to_south/001_n01197_S.jpg,moorfields,north_to_south,n01197,186.0,re-rendered,184.51,1.5,forward
moorfields/north_to_south/002_n01196_S.jpg,moorfields,north_to_south,n01196,186.0,re-rendered,213.11,-27.1,forward
moorfields/north_to_south/003_n01195_S.jpg,moorfields,north_to_south,n01195,201.76,fitted axis,213.11,-11.4,forward
moorfields/south_to_north/001_n01195_N.jpg,moorfields,south_to_north,n01195,21.76,fitted axis,33.11,-11.4,forward
moorfields/south_to_north/002_n01196_N.jpg,moorfields,south_to_north,n01196,6.0,re-rendered,4.51,1.5,forward
moorfields/south_to_north/003_n01197_N.jpg,moorfields,south_to_north,n01197,6.0,re-rendered,4.51,1.5,forward
moorgate/north_to_south/001_n01218_S.jpg,moorgate,north_to_south,n01218,192.19,fitted axis,196.9,-4.7,forward
moorgate/north_to_south/002_n01217_S.jpg,moorgate,north_to_south,n01217,192.19,fitted axis,197.14,-5.0,forward
moorgate/north_to_south/003_n01216_S.jpg,moorgate,north_to_south,n01216,192.19,fitted axis,197.04,-4.9,forward
moorgate/north_to_south/004_n01215_S.jpg,moorgate,north_to_south,n01215,192.19,fitted axis,197.7,-5.5,forward
moorgate/north_to_south/005_n01214_S.jpg,moorgate,north_to_south,n01214,192.19,fitted axis,197.89,-5.7,forward
moorgate/north_to_south/006_n01213_S.jpg,moorgate,north_to_south,n01213,192.19,fitted axis,175.83,16.4,forward
moorgate/north_to_south/007_n01212_S.jpg,moorgate,north_to_south,n01212,177.3,re-rendered,203.06,-25.8,forward
moorgate/north_to_south/008_n01211_S.jpg,moorgate,north_to_south,n01211,192.19,fitted axis,187.13,5.1,forward
moorgate/north_to_south/009_n01210_S.jpg,moorgate,north_to_south,n01210,192.19,fitted axis,191.09,1.1,forward
moorgate/north_to_south/010_n01209_S.jpg,moorgate,north_to_south,n01209,192.19,fitted axis,191.79,0.4,forward
moorgate/north_to_south/011_n01208_S.jpg,moorgate,north_to_south,n01208,192.19,fitted axis,191.87,0.3,forward
moorgate/north_to_south/012_n01207_S.jpg,moorgate,north_to_south,n01207,192.19,fitted axis,191.67,0.5,forward
moorgate/north_to_south/013_n01206_S.jpg,moorgate,north_to_south,n01206,192.19,fitted axis,191.77,0.4,forward
moorgate/north_to_south/014_n01205_S.jpg,moorgate,north_to_south,n01205,192.19,fitted axis,191.87,0.3,forward
moorgate/north_to_south/015_n01204_S.jpg,moorgate,north_to_south,n01204,192.19,fitted axis,186.82,5.4,forward
moorgate/north_to_south/016_n01203_S.jpg,moorgate,north_to_south,n01203,192.19,fitted axis,195.83,-3.6,forward
moorgate/north_to_south/017_n01202_S.jpg,moorgate,north_to_south,n01202,192.19,fitted axis,192.27,-0.1,forward
moorgate/north_to_south/018_n01201_S.jpg,moorgate,north_to_south,n01201,192.19,fitted axis,192.42,-0.2,forward
moorgate/north_to_south/019_n01200_S.jpg,moorgate,north_to_south,n01200,192.19,fitted axis,192.33,-0.1,forward
moorgate/north_to_south/020_n01199_S.jpg,moorgate,north_to_south,n01199,192.19,fitted axis,211.18,-19.0,forward
moorgate/north_to_south/021_n01198_S.jpg,moorgate,north_to_south,n01198,212.7,re-rendered,211.18,1.5,forward
moorgate/south_to_north/001_n01198_N.jpg,moorgate,south_to_north,n01198,32.7,re-rendered,31.18,1.5,forward
moorgate/south_to_north/002_n01199_N.jpg,moorgate,south_to_north,n01199,12.19,fitted axis,12.33,-0.1,forward
moorgate/south_to_north/003_n01200_N.jpg,moorgate,south_to_north,n01200,12.19,fitted axis,12.42,-0.2,forward
moorgate/south_to_north/004_n01201_N.jpg,moorgate,south_to_north,n01201,12.19,fitted axis,12.27,-0.1,forward
moorgate/south_to_north/005_n01202_N.jpg,moorgate,south_to_north,n01202,12.19,fitted axis,15.83,-3.6,forward
moorgate/south_to_north/006_n01203_N.jpg,moorgate,south_to_north,n01203,12.19,fitted axis,6.82,5.4,forward
moorgate/south_to_north/007_n01204_N.jpg,moorgate,south_to_north,n01204,12.19,fitted axis,11.87,0.3,forward
moorgate/south_to_north/008_n01205_N.jpg,moorgate,south_to_north,n01205,12.19,fitted axis,11.77,0.4,forward
moorgate/south_to_north/009_n01206_N.jpg,moorgate,south_to_north,n01206,12.19,fitted axis,11.67,0.5,forward
moorgate/south_to_north/010_n01207_N.jpg,moorgate,south_to_north,n01207,12.19,fitted axis,11.87,0.3,forward
moorgate/south_to_north/011_n01208_N.jpg,moorgate,south_to_north,n01208,12.19,fitted axis,11.79,0.4,forward
moorgate/south_to_north/012_n01209_N.jpg,moorgate,south_to_north,n01209,12.19,fitted axis,11.09,1.1,forward
moorgate/south_to_north/013_n01210_N.jpg,moorgate,south_to_north,n01210,12.19,fitted axis,7.13,5.1,forward
moorgate/south_to_north/014_n01211_N.jpg,moorgate,south_to_north,n01211,12.19,fitted axis,23.06,-10.9,forward
moorgate/south_to_north/015_n01212_N.jpg,moorgate,south_to_north,n01212,357.3,re-rendered,355.83,1.5,forward
moorgate/south_to_north/016_n01213_N.jpg,moorgate,south_to_north,n01213,12.19,fitted axis,17.89,-5.7,forward
moorgate/south_to_north/017_n01214_N.jpg,moorgate,south_to_north,n01214,12.19,fitted axis,17.7,-5.5,forward
moorgate/south_to_north/018_n01215_N.jpg,moorgate,south_to_north,n01215,12.19,fitted axis,17.04,-4.9,forward
moorgate/south_to_north/019_n01216_N.jpg,moorgate,south_to_north,n01216,12.19,fitted axis,17.14,-5.0,forward
moorgate/south_to_north/020_n01217_N.jpg,moorgate,south_to_north,n01217,12.19,fitted axis,16.9,-4.7,forward
moorgate/south_to_north/021_n01218_N.jpg,moorgate,south_to_north,n01218,12.19,fitted axis,16.9,-4.7,forward
new_broad_street/east_to_west/001_n01219_W.jpg,new_broad_street,east_to_west,n01219,280.6,re-rendered,279.06,1.5,forward
new_broad_street/east_to_west/002_n01220_W.jpg,new_broad_street,east_to_west,n01220,283.6,re-rendered,282.17,1.4,forward
new_broad_street/east_to_west/003_n01221_W.jpg,new_broad_street,east_to_west,n01221,284.3,re-rendered,283.1,1.2,forward
new_broad_street/east_to_west/004_n01222_W.jpg,new_broad_street,east_to_west,n01222,285.8,re-rendered,284.26,1.5,forward
new_broad_street/east_to_west/005_n01223_W.jpg,new_broad_street,east_to_west,n01223,287.5,re-rendered,286.16,1.3,forward
new_broad_street/east_to_west/006_n01224_W.jpg,new_broad_street,east_to_west,n01224,293.5,re-rendered,292.19,1.3,forward
new_broad_street/east_to_west/007_n01225_W.jpg,new_broad_street,east_to_west,n01225,188.5,re-rendered,6.97,-178.5,reverse
new_broad_street/east_to_west/008_n01227_W.jpg,new_broad_street,east_to_west,n01227,195.0,re-rendered,13.6,-178.6,reverse
new_broad_street/east_to_west/009_n01226_W.jpg,new_broad_street,east_to_west,n01226,238.7,re-rendered,57.01,-178.3,reverse
new_broad_street/east_to_west/010_n01228_W.jpg,new_broad_street,east_to_west,n01228,226.3,re-rendered,44.62,-178.3,reverse
new_broad_street/east_to_west/011_n01229_W.jpg,new_broad_street,east_to_west,n01229,214.7,re-rendered,33.13,-178.4,reverse
new_broad_street/east_to_west/012_n01230_W.jpg,new_broad_street,east_to_west,n01230,214.7,re-rendered,33.13,-178.4,reverse
new_broad_street/west_to_east/001_n01230_E.jpg,new_broad_street,west_to_east,n01230,34.7,re-rendered,213.13,-178.4,reverse
new_broad_street/west_to_east/002_n01229_E.jpg,new_broad_street,west_to_east,n01229,34.7,re-rendered,224.62,170.1,reverse
new_broad_street/west_to_east/003_n01228_E.jpg,new_broad_street,west_to_east,n01228,46.3,re-rendered,193.6,-147.3,reverse
new_broad_street/west_to_east/004_n01226_E.jpg,new_broad_street,west_to_east,n01226,58.7,re-rendered,186.97,-128.3,reverse
new_broad_street/west_to_east/005_n01227_E.jpg,new_broad_street,west_to_east,n01227,15.0,re-rendered,237.01,138.0,reverse
new_broad_street/west_to_east/006_n01225_E.jpg,new_broad_street,west_to_east,n01225,8.5,re-rendered,112.19,-103.7,reverse
new_broad_street/west_to_east/007_n01224_E.jpg,new_broad_street,west_to_east,n01224,113.5,re-rendered,106.16,7.3,forward
new_broad_street/west_to_east/008_n01223_E.jpg,new_broad_street,west_to_east,n01223,107.5,re-rendered,104.26,3.2,forward
new_broad_street/west_to_east/009_n01222_E.jpg,new_broad_street,west_to_east,n01222,105.8,re-rendered,103.1,2.7,forward
new_broad_street/west_to_east/010_n01221_E.jpg,new_broad_street,west_to_east,n01221,104.3,re-rendered,102.17,2.1,forward
new_broad_street/west_to_east/011_n01220_E.jpg,new_broad_street,west_to_east,n01220,103.6,re-rendered,99.06,4.5,forward
new_broad_street/west_to_east/012_n01219_E.jpg,new_broad_street,west_to_east,n01219,100.6,re-rendered,99.06,1.5,forward
new_change/north_to_south/001_n01240_S.jpg,new_change,north_to_south,n01240,167.03,fitted axis,169.59,-2.6,forward
new_change/north_to_south/002_n01239_S.jpg,new_change,north_to_south,n01239,167.03,fitted axis,151.04,16.0,forward
new_change/north_to_south/003_n01238_S.jpg,new_change,north_to_south,n01238,152.5,re-rendered,144.64,7.9,forward
new_change/north_to_south/004_n01237_S.jpg,new_change,north_to_south,n01237,146.0,re-rendered,153.43,-7.4,forward
new_change/north_to_south/005_n01236_S.jpg,new_change,north_to_south,n01236,154.8,re-rendered,164.58,-9.8,forward
new_change/north_to_south/006_n01235_S.jpg,new_change,north_to_south,n01235,167.03,fitted axis,176.52,-9.5,forward
new_change/north_to_south/007_n01234_S.jpg,new_change,north_to_south,n01234,167.03,fitted axis,181.13,-14.1,forward
new_change/north_to_south/008_n01233_S.jpg,new_change,north_to_south,n01233,167.03,fitted axis,186.34,-19.3,forward
new_change/north_to_south/009_n01232_S.jpg,new_change,north_to_south,n01232,187.8,re-rendered,189.52,-1.7,forward
new_change/north_to_south/010_n01231_S.jpg,new_change,north_to_south,n01231,191.1,re-rendered,189.52,1.6,forward
new_change/south_to_north/001_n01231_N.jpg,new_change,south_to_north,n01231,11.1,re-rendered,9.52,1.6,forward
new_change/south_to_north/002_n01232_N.jpg,new_change,south_to_north,n01232,7.8,re-rendered,6.34,1.5,forward
new_change/south_to_north/003_n01233_N.jpg,new_change,south_to_north,n01233,347.03,fitted axis,1.13,-14.1,forward
new_change/south_to_north/004_n01234_N.jpg,new_change,south_to_north,n01234,347.03,fitted axis,356.52,-9.5,forward
new_change/south_to_north/005_n01235_N.jpg,new_change,south_to_north,n01235,347.03,fitted axis,344.58,2.5,forward
new_change/south_to_north/006_n01236_N.jpg,new_change,south_to_north,n01236,334.8,re-rendered,333.43,1.4,forward
new_change/south_to_north/007_n01237_N.jpg,new_change,south_to_north,n01237,326.0,re-rendered,324.64,1.4,forward
new_change/south_to_north/008_n01238_N.jpg,new_change,south_to_north,n01238,332.5,re-rendered,331.04,1.5,forward
new_change/south_to_north/009_n01239_N.jpg,new_change,south_to_north,n01239,347.03,fitted axis,349.59,-2.6,forward
new_change/south_to_north/010_n01240_N.jpg,new_change,south_to_north,n01240,347.03,fitted axis,349.59,-2.6,forward
new_change_passage/east_to_west/001_n01244_W.jpg,new_change_passage,east_to_west,n01244,268.84,fitted axis,245.33,23.5,forward
new_change_passage/east_to_west/002_n01243_W.jpg,new_change_passage,east_to_west,n01243,268.84,fitted axis,281.99,-13.2,forward
new_change_passage/east_to_west/003_n01242_W.jpg,new_change_passage,east_to_west,n01242,268.84,fitted axis,279.4,-10.6,forward
new_change_passage/east_to_west/004_n01241_W.jpg,new_change_passage,east_to_west,n01241,268.84,fitted axis,279.4,-10.6,forward
new_change_passage/west_to_east/001_n01241_E.jpg,new_change_passage,west_to_east,n01241,88.84,fitted axis,99.4,-10.6,forward
new_change_passage/west_to_east/002_n01242_E.jpg,new_change_passage,west_to_east,n01242,88.84,fitted axis,101.99,-13.2,forward
new_change_passage/west_to_east/003_n01243_E.jpg,new_change_passage,west_to_east,n01243,88.84,fitted axis,65.33,23.5,forward
new_change_passage/west_to_east/004_n01244_E.jpg,new_change_passage,west_to_east,n01244,88.84,fitted axis,65.33,23.5,forward
new_street/east_to_west/001_n01245_W.jpg,new_street,east_to_west,n01245,295.98,fitted axis,301.06,-5.1,forward
new_street/east_to_west/002_n01246_W.jpg,new_street,east_to_west,n01246,295.98,fitted axis,291.24,4.7,forward
new_street/east_to_west/003_n01247_W.jpg,new_street,east_to_west,n01247,295.98,fitted axis,291.24,4.7,forward
new_street/west_to_east/001_n01247_E.jpg,new_street,west_to_east,n01247,115.98,fitted axis,111.24,4.7,forward
new_street/west_to_east/002_n01246_E.jpg,new_street,west_to_east,n01246,115.98,fitted axis,121.06,-5.1,forward
new_street/west_to_east/003_n01245_E.jpg,new_street,west_to_east,n01245,115.98,fitted axis,121.06,-5.1,forward
newgate_street/east_to_west/001_n01248_W.jpg,newgate_street,east_to_west,n01248,295.01,fitted axis,295.01,0.0,forward
newgate_street/east_to_west/002_n01249_W.jpg,newgate_street,east_to_west,n01249,295.01,fitted axis,295.01,0.0,forward
newgate_street/west_to_east/001_n01249_E.jpg,newgate_street,west_to_east,n01249,115.01,fitted axis,115.01,0.0,forward
newgate_street/west_to_east/002_n01248_E.jpg,newgate_street,west_to_east,n01248,115.01,fitted axis,115.01,0.0,forward
nicholas_lane/north_to_south/001_n01258_S.jpg,nicholas_lane,north_to_south,n01258,201.83,fitted axis,204.8,-3.0,forward
nicholas_lane/north_to_south/002_n01257_S.jpg,nicholas_lane,north_to_south,n01257,201.83,fitted axis,203.63,-1.8,forward
nicholas_lane/north_to_south/003_n01256_S.jpg,nicholas_lane,north_to_south,n01256,201.83,fitted axis,201.64,0.2,forward
nicholas_lane/north_to_south/004_n01255_S.jpg,nicholas_lane,north_to_south,n01255,201.83,fitted axis,199.85,2.0,forward
nicholas_lane/north_to_south/005_n01254_S.jpg,nicholas_lane,north_to_south,n01254,201.83,fitted axis,236.41,-34.6,forward
nicholas_lane/north_to_south/006_n01253_S.jpg,nicholas_lane,north_to_south,n01253,238.0,re-rendered,167.17,70.8,forward
nicholas_lane/north_to_south/007_n01252_S.jpg,nicholas_lane,north_to_south,n01252,168.6,re-rendered,206.24,-37.6,forward
nicholas_lane/north_to_south/008_n01251_S.jpg,nicholas_lane,north_to_south,n01251,201.83,fitted axis,198.18,3.6,forward
nicholas_lane/north_to_south/009_n01250_S.jpg,nicholas_lane,north_to_south,n01250,201.83,fitted axis,198.18,3.6,forward
nicholas_lane/south_to_north/001_n01250_N.jpg,nicholas_lane,south_to_north,n01250,21.83,fitted axis,18.18,3.6,forward
nicholas_lane/south_to_north/002_n01251_N.jpg,nicholas_lane,south_to_north,n01251,21.83,fitted axis,26.24,-4.4,forward
nicholas_lane/south_to_north/003_n01252_N.jpg,nicholas_lane,south_to_north,n01252,348.6,re-rendered,347.17,1.4,forward
nicholas_lane/south_to_north/004_n01253_N.jpg,nicholas_lane,south_to_north,n01253,58.0,re-rendered,56.41,1.6,forward
nicholas_lane/south_to_north/005_n01254_N.jpg,nicholas_lane,south_to_north,n01254,21.83,fitted axis,19.85,2.0,forward
nicholas_lane/south_to_north/006_n01255_N.jpg,nicholas_lane,south_to_north,n01255,21.83,fitted axis,21.64,0.2,forward
nicholas_lane/south_to_north/007_n01256_N.jpg,nicholas_lane,south_to_north,n01256,21.83,fitted axis,23.63,-1.8,forward
nicholas_lane/south_to_north/008_n01257_N.jpg,nicholas_lane,south_to_north,n01257,21.83,fitted axis,24.8,-3.0,forward
nicholas_lane/south_to_north/009_n01258_N.jpg,nicholas_lane,south_to_north,n01258,21.83,fitted axis,24.8,-3.0,forward
nicholas_passage/east_to_west/001_n01259_W.jpg,nicholas_passage,east_to_west,n01259,294.88,fitted axis,295.8,-0.9,forward
nicholas_passage/east_to_west/002_n01260_W.jpg,nicholas_passage,east_to_west,n01260,294.88,fitted axis,292.53,2.3,forward
nicholas_passage/east_to_west/003_n01261_W.jpg,nicholas_passage,east_to_west,n01261,294.88,fitted axis,292.53,2.3,forward
nicholas_passage/west_to_east/001_n01261_E.jpg,nicholas_passage,west_to_east,n01261,114.88,fitted axis,112.53,2.3,forward
nicholas_passage/west_to_east/002_n01260_E.jpg,nicholas_passage,west_to_east,n01260,114.88,fitted axis,115.8,-0.9,forward
nicholas_passage/west_to_east/003_n01259_E.jpg,nicholas_passage,west_to_east,n01259,114.88,fitted axis,115.8,-0.9,forward
noble_street/north_to_south/001_n01270_S.jpg,noble_street,north_to_south,n01270,196.34,fitted axis,185.83,10.5,forward
noble_street/north_to_south/002_n01269_S.jpg,noble_street,north_to_south,n01269,196.34,fitted axis,190.19,6.2,forward
noble_street/north_to_south/003_n01268_S.jpg,noble_street,north_to_south,n01268,196.34,fitted axis,197.89,-1.5,forward
noble_street/north_to_south/004_n01267_S.jpg,noble_street,north_to_south,n01267,196.34,fitted axis,196.76,-0.4,forward
noble_street/north_to_south/005_n01266_S.jpg,noble_street,north_to_south,n01266,196.34,fitted axis,198.4,-2.1,forward
noble_street/north_to_south/006_n01265_S.jpg,noble_street,north_to_south,n01265,196.34,fitted axis,198.45,-2.1,forward
noble_street/north_to_south/007_n01264_S.jpg,noble_street,north_to_south,n01264,196.34,fitted axis,198.42,-2.1,forward
noble_street/north_to_south/008_n01263_S.jpg,noble_street,north_to_south,n01263,196.34,fitted axis,197.82,-1.5,forward
noble_street/north_to_south/009_n01262_S.jpg,noble_street,north_to_south,n01262,196.34,fitted axis,197.82,-1.5,forward
noble_street/south_to_north/001_n01262_N.jpg,noble_street,south_to_north,n01262,16.34,fitted axis,17.82,-1.5,forward
noble_street/south_to_north/002_n01263_N.jpg,noble_street,south_to_north,n01263,16.34,fitted axis,18.42,-2.1,forward
noble_street/south_to_north/003_n01264_N.jpg,noble_street,south_to_north,n01264,16.34,fitted axis,18.45,-2.1,forward
noble_street/south_to_north/004_n01265_N.jpg,noble_street,south_to_north,n01265,16.34,fitted axis,18.4,-2.1,forward
noble_street/south_to_north/005_n01266_N.jpg,noble_street,south_to_north,n01266,16.34,fitted axis,16.76,-0.4,forward
noble_street/south_to_north/006_n01267_N.jpg,noble_street,south_to_north,n01267,16.34,fitted axis,17.89,-1.5,forward
noble_street/south_to_north/007_n01268_N.jpg,noble_street,south_to_north,n01268,16.34,fitted axis,10.19,6.2,forward
noble_street/south_to_north/008_n01269_N.jpg,noble_street,south_to_north,n01269,16.34,fitted axis,5.83,10.5,forward
noble_street/south_to_north/009_n01270_N.jpg,noble_street,south_to_north,n01270,16.34,fitted axis,5.83,10.5,forward
oat_lane/east_to_west/001_n01271_W.jpg,oat_lane,east_to_west,n01271,200.2,re-rendered,18.48,-178.3,reverse
oat_lane/east_to_west/002_n01272_W.jpg,oat_lane,east_to_west,n01272,283.4,re-rendered,282.03,1.4,forward
oat_lane/east_to_west/003_n01273_W.jpg,oat_lane,east_to_west,n01273,294.0,re-rendered,292.66,1.3,forward
oat_lane/east_to_west/004_n01274_W.jpg,oat_lane,east_to_west,n01274,294.0,re-rendered,292.66,1.3,forward
oat_lane/west_to_east/001_n01274_E.jpg,oat_lane,west_to_east,n01274,114.0,re-rendered,112.66,1.3,forward
oat_lane/west_to_east/002_n01273_E.jpg,oat_lane,west_to_east,n01273,114.0,re-rendered,102.03,12.0,forward
oat_lane/west_to_east/003_n01272_E.jpg,oat_lane,west_to_east,n01272,103.4,re-rendered,198.48,-95.1,reverse
oat_lane/west_to_east/004_n01271_E.jpg,oat_lane,west_to_east,n01271,20.2,re-rendered,198.48,-178.3,reverse
old_billingsgate_walk/east_to_west/001_n01275_W.jpg,old_billingsgate_walk,east_to_west,n01275,279.22,fitted axis,280.22,-1.0,forward
old_billingsgate_walk/east_to_west/002_n01276_W.jpg,old_billingsgate_walk,east_to_west,n01276,279.22,fitted axis,279.21,0.0,forward
old_billingsgate_walk/east_to_west/003_n01277_W.jpg,old_billingsgate_walk,east_to_west,n01277,279.22,fitted axis,277.87,1.4,forward
old_billingsgate_walk/east_to_west/004_n01278_W.jpg,old_billingsgate_walk,east_to_west,n01278,279.22,fitted axis,277.87,1.4,forward
old_billingsgate_walk/west_to_east/001_n01278_E.jpg,old_billingsgate_walk,west_to_east,n01278,99.22,fitted axis,97.87,1.4,forward
old_billingsgate_walk/west_to_east/002_n01277_E.jpg,old_billingsgate_walk,west_to_east,n01277,99.22,fitted axis,99.21,0.0,forward
old_billingsgate_walk/west_to_east/003_n01276_E.jpg,old_billingsgate_walk,west_to_east,n01276,99.22,fitted axis,100.22,-1.0,forward
old_billingsgate_walk/west_to_east/004_n01275_E.jpg,old_billingsgate_walk,west_to_east,n01275,99.22,fitted axis,100.22,-1.0,forward
old_broad_street/north_to_south/001_n01301_S.jpg,old_broad_street,north_to_south,n01301,211.1,fitted axis,198.55,12.5,forward
old_broad_street/north_to_south/002_n01300_S.jpg,old_broad_street,north_to_south,n01300,211.1,fitted axis,187.55,23.5,forward
old_broad_street/north_to_south/003_n01299_S.jpg,old_broad_street,north_to_south,n01299,189.2,re-rendered,192.28,-3.1,forward
old_broad_street/north_to_south/004_n01298_S.jpg,old_broad_street,north_to_south,n01298,193.8,re-rendered,193.04,0.8,forward
old_broad_street/north_to_south/005_n01297_S.jpg,old_broad_street,north_to_south,n01297,194.5,re-rendered,192.22,2.3,forward
old_broad_street/north_to_south/006_n01296_S.jpg,old_broad_street,north_to_south,n01296,193.8,re-rendered,196.29,-2.5,forward
old_broad_street/north_to_south/007_n01295_S.jpg,old_broad_street,north_to_south,n01295,211.1,fitted axis,206.94,4.2,forward
old_broad_street/north_to_south/008_n01294_S.jpg,old_broad_street,north_to_south,n01294,211.1,fitted axis,204.0,7.1,forward
old_broad_street/north_to_south/009_n01293_S.jpg,old_broad_street,north_to_south,n01293,211.1,fitted axis,208.6,2.5,forward
old_broad_street/north_to_south/010_n01292_S.jpg,old_broad_street,north_to_south,n01292,211.1,fitted axis,207.97,3.1,forward
old_broad_street/north_to_south/011_n01291_S.jpg,old_broad_street,north_to_south,n01291,211.1,fitted axis,207.49,3.6,forward
old_broad_street/north_to_south/012_n01290_S.jpg,old_broad_street,north_to_south,n01290,211.1,fitted axis,207.97,3.1,forward
old_broad_street/north_to_south/013_n01289_S.jpg,old_broad_street,north_to_south,n01289,211.1,fitted axis,207.72,3.4,forward
old_broad_street/north_to_south/014_n01288_S.jpg,old_broad_street,north_to_south,n01288,211.1,fitted axis,219.31,-8.2,forward
old_broad_street/north_to_south/015_n01287_S.jpg,old_broad_street,north_to_south,n01287,211.1,fitted axis,229.67,-18.6,forward
old_broad_street/north_to_south/016_n01286_S.jpg,old_broad_street,north_to_south,n01286,231.1,re-rendered,253.11,-22.0,forward
old_broad_street/north_to_south/017_n01285_S.jpg,old_broad_street,north_to_south,n01285,211.1,fitted axis,225.27,-14.2,forward
old_broad_street/north_to_south/018_n01284_S.jpg,old_broad_street,north_to_south,n01284,211.1,fitted axis,229.46,-18.4,forward
old_broad_street/north_to_south/019_n01283_S.jpg,old_broad_street,north_to_south,n01283,211.1,fitted axis,197.15,13.9,forward
old_broad_street/north_to_south/020_n01282_S.jpg,old_broad_street,north_to_south,n01282,211.1,fitted axis,213.63,-2.5,forward
old_broad_street/north_to_south/021_n01281_S.jpg,old_broad_street,north_to_south,n01281,211.1,fitted axis,215.33,-4.2,forward
old_broad_street/north_to_south/022_n01280_S.jpg,old_broad_street,north_to_south,n01280,211.1,fitted axis,197.41,13.7,forward
old_broad_street/north_to_south/023_n01279_S.jpg,old_broad_street,north_to_south,n01279,211.1,fitted axis,197.41,13.7,forward
old_broad_street/south_to_north/001_n01279_N.jpg,old_broad_street,south_to_north,n01279,31.1,fitted axis,17.41,13.7,forward
old_broad_street/south_to_north/002_n01280_N.jpg,old_broad_street,south_to_north,n01280,31.1,fitted axis,35.33,-4.2,forward
old_broad_street/south_to_north/003_n01281_N.jpg,old_broad_street,south_to_north,n01281,31.1,fitted axis,33.63,-2.5,forward
old_broad_street/south_to_north/004_n01282_N.jpg,old_broad_street,south_to_north,n01282,31.1,fitted axis,17.15,13.9,forward
old_broad_street/south_to_north/005_n01283_N.jpg,old_broad_street,south_to_north,n01283,31.1,fitted axis,49.46,-18.4,forward
old_broad_street/south_to_north/006_n01284_N.jpg,old_broad_street,south_to_north,n01284,31.1,fitted axis,45.27,-14.2,forward
old_broad_street/south_to_north/007_n01285_N.jpg,old_broad_street,south_to_north,n01285,31.1,fitted axis,73.11,-42.0,forward
old_broad_street/south_to_north/008_n01286_N.jpg,old_broad_street,south_to_north,n01286,51.1,re-rendered,49.67,1.4,forward
old_broad_street/south_to_north/009_n01287_N.jpg,old_broad_street,south_to_north,n01287,31.1,fitted axis,39.31,-8.2,forward
old_broad_street/south_to_north/010_n01288_N.jpg,old_broad_street,south_to_north,n01288,31.1,fitted axis,27.72,3.4,forward
old_broad_street/south_to_north/011_n01289_N.jpg,old_broad_street,south_to_north,n01289,31.1,fitted axis,27.97,3.1,forward
old_broad_street/south_to_north/012_n01290_N.jpg,old_broad_street,south_to_north,n01290,31.1,fitted axis,27.49,3.6,forward
old_broad_street/south_to_north/013_n01291_N.jpg,old_broad_street,south_to_north,n01291,31.1,fitted axis,27.97,3.1,forward
old_broad_street/south_to_north/014_n01292_N.jpg,old_broad_street,south_to_north,n01292,31.1,fitted axis,28.6,2.5,forward
old_broad_street/south_to_north/015_n01293_N.jpg,old_broad_street,south_to_north,n01293,31.1,fitted axis,24.0,7.1,forward
old_broad_street/south_to_north/016_n01294_N.jpg,old_broad_street,south_to_north,n01294,31.1,fitted axis,26.94,4.2,forward
old_broad_street/south_to_north/017_n01295_N.jpg,old_broad_street,south_to_north,n01295,31.1,fitted axis,16.29,14.8,forward
old_broad_street/south_to_north/018_n01296_N.jpg,old_broad_street,south_to_north,n01296,13.8,re-rendered,12.22,1.6,forward
old_broad_street/south_to_north/019_n01297_N.jpg,old_broad_street,south_to_north,n01297,14.5,re-rendered,13.04,1.5,forward
old_broad_street/south_to_north/020_n01298_N.jpg,old_broad_street,south_to_north,n01298,13.8,re-rendered,12.28,1.5,forward
old_broad_street/south_to_north/021_n01299_N.jpg,old_broad_street,south_to_north,n01299,9.2,re-rendered,7.55,1.6,forward
old_broad_street/south_to_north/022_n01300_N.jpg,old_broad_street,south_to_north,n01300,31.1,fitted axis,18.55,12.5,forward
old_broad_street/south_to_north/023_n01301_N.jpg,old_broad_street,south_to_north,n01301,31.1,fitted axis,18.55,12.5,forward
old_change_court/north_to_south/001_n01305_S.jpg,old_change_court,north_to_south,n01305,189.07,fitted axis,184.68,4.4,forward
old_change_court/north_to_south/002_n01304_S.jpg,old_change_court,north_to_south,n01304,189.07,fitted axis,197.61,-8.5,forward
old_change_court/north_to_south/003_n01303_S.jpg,old_change_court,north_to_south,n01303,189.07,fitted axis,180.14,8.9,forward
old_change_court/north_to_south/004_n01302_S.jpg,old_change_court,north_to_south,n01302,189.07,fitted axis,180.14,8.9,forward
old_change_court/south_to_north/001_n01302_N.jpg,old_change_court,south_to_north,n01302,9.07,fitted axis,0.14,8.9,forward
old_change_court/south_to_north/002_n01303_N.jpg,old_change_court,south_to_north,n01303,9.07,fitted axis,17.61,-8.5,forward
old_change_court/south_to_north/003_n01304_N.jpg,old_change_court,south_to_north,n01304,9.07,fitted axis,4.68,4.4,forward
old_change_court/south_to_north/004_n01305_N.jpg,old_change_court,south_to_north,n01305,9.07,fitted axis,4.68,4.4,forward
old_jewry/north_to_south/001_n01313_S.jpg,old_jewry,north_to_south,n01313,195.58,fitted axis,194.31,1.3,forward
old_jewry/north_to_south/002_n01312_S.jpg,old_jewry,north_to_south,n01312,195.58,fitted axis,196.22,-0.6,forward
old_jewry/north_to_south/003_n01311_S.jpg,old_jewry,north_to_south,n01311,195.58,fitted axis,194.79,0.8,forward
old_jewry/north_to_south/004_n01310_S.jpg,old_jewry,north_to_south,n01310,195.58,fitted axis,198.88,-3.3,forward
old_jewry/north_to_south/005_n01309_S.jpg,old_jewry,north_to_south,n01309,195.58,fitted axis,182.2,13.4,forward
old_jewry/north_to_south/006_n01308_S.jpg,old_jewry,north_to_south,n01308,195.58,fitted axis,195.59,-0.0,forward
old_jewry/north_to_south/007_n01307_S.jpg,old_jewry,north_to_south,n01307,195.58,fitted axis,201.69,-6.1,forward
old_jewry/north_to_south/008_n01306_S.jpg,old_jewry,north_to_south,n01306,195.58,fitted axis,201.69,-6.1,forward
old_jewry/south_to_north/001_n01306_N.jpg,old_jewry,south_to_north,n01306,15.58,fitted axis,21.69,-6.1,forward
old_jewry/south_to_north/002_n01307_N.jpg,old_jewry,south_to_north,n01307,15.58,fitted axis,15.59,-0.0,forward
old_jewry/south_to_north/003_n01308_N.jpg,old_jewry,south_to_north,n01308,15.58,fitted axis,2.2,13.4,forward
old_jewry/south_to_north/004_n01309_N.jpg,old_jewry,south_to_north,n01309,15.58,fitted axis,18.88,-3.3,forward
old_jewry/south_to_north/005_n01310_N.jpg,old_jewry,south_to_north,n01310,15.58,fitted axis,14.79,0.8,forward
old_jewry/south_to_north/006_n01311_N.jpg,old_jewry,south_to_north,n01311,15.58,fitted axis,16.22,-0.6,forward
old_jewry/south_to_north/007_n01312_N.jpg,old_jewry,south_to_north,n01312,15.58,fitted axis,14.31,1.3,forward
old_jewry/south_to_north/008_n01313_N.jpg,old_jewry,south_to_north,n01313,15.58,fitted axis,14.31,1.3,forward
old_watermen_s_walk/north_to_south/001_n01317_S.jpg,old_watermen_s_walk,north_to_south,n01317,189.7,fitted axis,189.62,0.1,forward
old_watermen_s_walk/north_to_south/002_n01316_S.jpg,old_watermen_s_walk,north_to_south,n01316,189.7,fitted axis,189.81,-0.1,forward
old_watermen_s_walk/north_to_south/003_n01315_S.jpg,old_watermen_s_walk,north_to_south,n01315,189.7,fitted axis,189.64,0.1,forward
old_watermen_s_walk/north_to_south/004_n01314_S.jpg,old_watermen_s_walk,north_to_south,n01314,189.7,fitted axis,189.64,0.1,forward
old_watermen_s_walk/south_to_north/001_n01314_N.jpg,old_watermen_s_walk,south_to_north,n01314,9.7,fitted axis,9.64,0.1,forward
old_watermen_s_walk/south_to_north/002_n01315_N.jpg,old_watermen_s_walk,south_to_north,n01315,9.7,fitted axis,9.81,-0.1,forward
old_watermen_s_walk/south_to_north/003_n01316_N.jpg,old_watermen_s_walk,south_to_north,n01316,9.7,fitted axis,9.62,0.1,forward
old_watermen_s_walk/south_to_north/004_n01317_N.jpg,old_watermen_s_walk,south_to_north,n01317,9.7,fitted axis,9.62,0.1,forward
outwich_street/east_to_west/001_n01320_W.jpg,outwich_street,east_to_west,n01320,223.4,re-rendered,221.8,1.6,forward
outwich_street/east_to_west/002_n01319_W.jpg,outwich_street,east_to_west,n01319,223.4,re-rendered,268.5,-45.1,forward
outwich_street/east_to_west/003_n01318_W.jpg,outwich_street,east_to_west,n01318,270.0,re-rendered,268.5,1.5,forward
outwich_street/west_to_east/001_n01318_E.jpg,outwich_street,west_to_east,n01318,90.0,re-rendered,88.5,1.5,forward
outwich_street/west_to_east/002_n01319_E.jpg,outwich_street,west_to_east,n01319,43.4,re-rendered,41.8,1.6,forward
outwich_street/west_to_east/003_n01320_E.jpg,outwich_street,west_to_east,n01320,43.4,re-rendered,41.8,1.6,forward
oystergate_walk/east_to_west/001_n01321_W.jpg,oystergate_walk,east_to_west,n01321,267.9,fitted axis,259.67,8.2,forward
oystergate_walk/east_to_west/002_n01322_W.jpg,oystergate_walk,east_to_west,n01322,267.9,fitted axis,272.03,-4.1,forward
oystergate_walk/east_to_west/003_n01323_W.jpg,oystergate_walk,east_to_west,n01323,267.9,fitted axis,269.48,-1.6,forward
oystergate_walk/east_to_west/004_n01324_W.jpg,oystergate_walk,east_to_west,n01324,267.9,fitted axis,269.48,-1.6,forward
oystergate_walk/west_to_east/001_n01324_E.jpg,oystergate_walk,west_to_east,n01324,87.9,fitted axis,89.48,-1.6,forward
oystergate_walk/west_to_east/002_n01323_E.jpg,oystergate_walk,west_to_east,n01323,87.9,fitted axis,92.03,-4.1,forward
oystergate_walk/west_to_east/003_n01322_E.jpg,oystergate_walk,west_to_east,n01322,87.9,fitted axis,79.67,8.2,forward
oystergate_walk/west_to_east/004_n01321_E.jpg,oystergate_walk,west_to_east,n01321,87.9,fitted axis,79.67,8.2,forward
pancras_lane/east_to_west/001_n01325_W.jpg,pancras_lane,east_to_west,n01325,271.38,fitted axis,272.03,-0.7,forward
pancras_lane/east_to_west/002_n01326_W.jpg,pancras_lane,east_to_west,n01326,271.38,fitted axis,271.0,0.4,forward
pancras_lane/east_to_west/003_n01327_W.jpg,pancras_lane,east_to_west,n01327,271.38,fitted axis,271.07,0.3,forward
pancras_lane/east_to_west/004_n01328_W.jpg,pancras_lane,east_to_west,n01328,271.38,fitted axis,271.07,0.3,forward
pancras_lane/west_to_east/001_n01328_E.jpg,pancras_lane,west_to_east,n01328,91.38,fitted axis,91.07,0.3,forward
pancras_lane/west_to_east/002_n01327_E.jpg,pancras_lane,west_to_east,n01327,91.38,fitted axis,91.0,0.4,forward
pancras_lane/west_to_east/003_n01326_E.jpg,pancras_lane,west_to_east,n01326,91.38,fitted axis,92.03,-0.7,forward
pancras_lane/west_to_east/004_n01325_E.jpg,pancras_lane,west_to_east,n01325,91.38,fitted axis,92.03,-0.7,forward
panyer_alley/north_to_south/001_n01332_S.jpg,panyer_alley,north_to_south,n01332,174.53,fitted axis,173.42,1.1,forward
panyer_alley/north_to_south/002_n01331_S.jpg,panyer_alley,north_to_south,n01331,174.53,fitted axis,174.91,-0.4,forward
panyer_alley/north_to_south/003_n01330_S.jpg,panyer_alley,north_to_south,n01330,174.53,fitted axis,174.83,-0.3,forward
panyer_alley/north_to_south/004_n01329_S.jpg,panyer_alley,north_to_south,n01329,174.53,fitted axis,174.83,-0.3,forward
panyer_alley/south_to_north/001_n01329_N.jpg,panyer_alley,south_to_north,n01329,354.53,fitted axis,354.83,-0.3,forward
panyer_alley/south_to_north/002_n01330_N.jpg,panyer_alley,south_to_north,n01330,354.53,fitted axis,354.91,-0.4,forward
panyer_alley/south_to_north/003_n01331_N.jpg,panyer_alley,south_to_north,n01331,354.53,fitted axis,353.42,1.1,forward
panyer_alley/south_to_north/004_n01332_N.jpg,panyer_alley,south_to_north,n01332,354.53,fitted axis,353.42,1.1,forward
paternoster_row/east_to_west/001_n01333_W.jpg,paternoster_row,east_to_west,n01333,188.8,re-rendered,291.44,-102.6,reverse
paternoster_row/east_to_west/002_n01335_W.jpg,paternoster_row,east_to_west,n01335,289.6,fitted axis,290.44,-0.8,forward
paternoster_row/east_to_west/003_n01336_W.jpg,paternoster_row,east_to_west,n01336,263.7,re-rendered,290.44,-26.7,forward
paternoster_row/east_to_west/004_n01334_W.jpg,paternoster_row,east_to_west,n01334,263.7,re-rendered,101.54,162.2,reverse
paternoster_row/west_to_east/001_n01334_E.jpg,paternoster_row,west_to_east,n01334,83.7,re-rendered,111.44,-27.7,forward
paternoster_row/west_to_east/002_n01336_E.jpg,paternoster_row,west_to_east,n01336,83.7,re-rendered,110.44,-26.7,forward
paternoster_row/west_to_east/003_n01335_E.jpg,paternoster_row,west_to_east,n01335,109.6,fitted axis,110.44,-0.8,forward
paternoster_row/west_to_east/004_n01333_E.jpg,paternoster_row,west_to_east,n01333,8.8,re-rendered,303.59,65.2,forward
paul_s_walk/east_to_west/001_n01337_W.jpg,paul_s_walk,east_to_west,n01337,282.78,fitted axis,281.65,1.1,forward
paul_s_walk/east_to_west/002_n01338_W.jpg,paul_s_walk,east_to_west,n01338,282.78,fitted axis,284.7,-1.9,forward
paul_s_walk/east_to_west/003_n01339_W.jpg,paul_s_walk,east_to_west,n01339,282.78,fitted axis,284.39,-1.6,forward
paul_s_walk/east_to_west/004_n01340_W.jpg,paul_s_walk,east_to_west,n01340,282.78,fitted axis,278.71,4.1,forward
paul_s_walk/east_to_west/005_n01341_W.jpg,paul_s_walk,east_to_west,n01341,282.78,fitted axis,278.71,4.1,forward
paul_s_walk/west_to_east/001_n01341_E.jpg,paul_s_walk,west_to_east,n01341,102.78,fitted axis,98.71,4.1,forward
paul_s_walk/west_to_east/002_n01340_E.jpg,paul_s_walk,west_to_east,n01340,102.78,fitted axis,104.39,-1.6,forward
paul_s_walk/west_to_east/003_n01339_E.jpg,paul_s_walk,west_to_east,n01339,102.78,fitted axis,104.7,-1.9,forward
paul_s_walk/west_to_east/004_n01338_E.jpg,paul_s_walk,west_to_east,n01338,102.78,fitted axis,101.65,1.1,forward
paul_s_walk/west_to_east/005_n01337_E.jpg,paul_s_walk,west_to_east,n01337,102.78,fitted axis,101.65,1.1,forward
philpot_lane/north_to_south/001_n01347_S.jpg,philpot_lane,north_to_south,n01347,193.04,fitted axis,192.62,0.4,forward
philpot_lane/north_to_south/002_n01346_S.jpg,philpot_lane,north_to_south,n01346,193.04,fitted axis,190.87,2.2,forward
philpot_lane/north_to_south/003_n01345_S.jpg,philpot_lane,north_to_south,n01345,193.04,fitted axis,194.58,-1.5,forward
philpot_lane/north_to_south/004_n01344_S.jpg,philpot_lane,north_to_south,n01344,193.04,fitted axis,197.13,-4.1,forward
philpot_lane/north_to_south/005_n01343_S.jpg,philpot_lane,north_to_south,n01343,193.04,fitted axis,187.74,5.3,forward
philpot_lane/north_to_south/006_n01342_S.jpg,philpot_lane,north_to_south,n01342,193.04,fitted axis,187.74,5.3,forward
philpot_lane/south_to_north/001_n01342_N.jpg,philpot_lane,south_to_north,n01342,13.04,fitted axis,7.74,5.3,forward
philpot_lane/south_to_north/002_n01343_N.jpg,philpot_lane,south_to_north,n01343,13.04,fitted axis,17.13,-4.1,forward
philpot_lane/south_to_north/003_n01344_N.jpg,philpot_lane,south_to_north,n01344,13.04,fitted axis,14.58,-1.5,forward
philpot_lane/south_to_north/004_n01345_N.jpg,philpot_lane,south_to_north,n01345,13.04,fitted axis,10.87,2.2,forward
philpot_lane/south_to_north/005_n01346_N.jpg,philpot_lane,south_to_north,n01346,13.04,fitted axis,12.62,0.4,forward
philpot_lane/south_to_north/006_n01347_N.jpg,philpot_lane,south_to_north,n01347,13.04,fitted axis,12.62,0.4,forward
plantation_lane/east_to_west/001_n01348_W.jpg,plantation_lane,east_to_west,n01348,275.21,fitted axis,283.85,-8.6,forward
plantation_lane/east_to_west/002_n01349_W.jpg,plantation_lane,east_to_west,n01349,275.21,fitted axis,274.6,0.6,forward
plantation_lane/east_to_west/003_n01350_W.jpg,plantation_lane,east_to_west,n01350,258.3,re-rendered,256.83,1.5,forward
plantation_lane/east_to_west/004_n01351_W.jpg,plantation_lane,east_to_west,n01351,275.21,fitted axis,295.52,-20.3,forward
plantation_lane/east_to_west/005_n01352_W.jpg,plantation_lane,east_to_west,n01352,275.21,fitted axis,274.72,0.5,forward
plantation_lane/east_to_west/006_n01353_W.jpg,plantation_lane,east_to_west,n01353,275.21,fitted axis,274.72,0.5,forward
plantation_lane/west_to_east/001_n01353_E.jpg,plantation_lane,west_to_east,n01353,95.21,fitted axis,94.72,0.5,forward
plantation_lane/west_to_east/002_n01352_E.jpg,plantation_lane,west_to_east,n01352,95.21,fitted axis,115.52,-20.3,forward
plantation_lane/west_to_east/003_n01351_E.jpg,plantation_lane,west_to_east,n01351,95.21,fitted axis,76.83,18.4,forward
plantation_lane/west_to_east/004_n01350_E.jpg,plantation_lane,west_to_east,n01350,78.3,re-rendered,94.6,-16.3,forward
plantation_lane/west_to_east/005_n01349_E.jpg,plantation_lane,west_to_east,n01349,95.21,fitted axis,103.85,-8.6,forward
plantation_lane/west_to_east/006_n01348_E.jpg,plantation_lane,west_to_east,n01348,95.21,fitted axis,103.85,-8.6,forward
plough_court/north_to_south/001_n01355_S.jpg,plough_court,north_to_south,n01355,201.17,fitted axis,201.17,0.0,forward
plough_court/north_to_south/002_n01354_S.jpg,plough_court,north_to_south,n01354,201.17,fitted axis,201.17,0.0,forward
plough_court/south_to_north/001_n01354_N.jpg,plough_court,south_to_north,n01354,21.17,fitted axis,21.17,0.0,forward
plough_court/south_to_north/002_n01355_N.jpg,plough_court,south_to_north,n01355,21.17,fitted axis,21.17,0.0,forward
post_office_court/north_to_south/001_n01357_S.jpg,post_office_court,north_to_south,n01357,222.08,fitted axis,222.08,0.0,forward
post_office_court/north_to_south/002_n01356_S.jpg,post_office_court,north_to_south,n01356,222.08,fitted axis,222.08,0.0,forward
post_office_court/south_to_north/001_n01356_N.jpg,post_office_court,south_to_north,n01356,42.08,fitted axis,42.08,0.0,forward
post_office_court/south_to_north/002_n01357_N.jpg,post_office_court,south_to_north,n01357,42.08,fitted axis,42.08,0.0,forward
poultry/east_to_west/001_n01358_W.jpg,poultry,east_to_west,n01358,283.15,fitted axis,281.69,1.5,forward
poultry/east_to_west/002_n01359_W.jpg,poultry,east_to_west,n01359,283.15,fitted axis,285.03,-1.9,forward
poultry/east_to_west/003_n01360_W.jpg,poultry,east_to_west,n01360,283.15,fitted axis,276.37,6.8,forward
poultry/east_to_west/004_n01361_W.jpg,poultry,east_to_west,n01361,283.15,fitted axis,287.22,-4.1,forward
poultry/east_to_west/005_n01362_W.jpg,poultry,east_to_west,n01362,283.15,fitted axis,282.02,1.1,forward
poultry/east_to_west/006_n01363_W.jpg,poultry,east_to_west,n01363,283.15,fitted axis,282.02,1.1,forward
poultry/west_to_east/001_n01363_E.jpg,poultry,west_to_east,n01363,103.15,fitted axis,102.02,1.1,forward
poultry/west_to_east/002_n01362_E.jpg,poultry,west_to_east,n01362,103.15,fitted axis,107.22,-4.1,forward
poultry/west_to_east/003_n01361_E.jpg,poultry,west_to_east,n01361,103.15,fitted axis,96.37,6.8,forward
poultry/west_to_east/004_n01360_E.jpg,poultry,west_to_east,n01360,103.15,fitted axis,105.03,-1.9,forward
poultry/west_to_east/005_n01359_E.jpg,poultry,west_to_east,n01359,103.15,fitted axis,101.69,1.5,forward
poultry/west_to_east/006_n01358_E.jpg,poultry,west_to_east,n01358,103.15,fitted axis,101.69,1.5,forward
princes_street/north_to_south/001_n01372_S.jpg,princes_street,north_to_south,n01372,190.2,re-rendered,188.57,1.6,forward
princes_street/north_to_south/002_n01371_S.jpg,princes_street,north_to_south,n01371,190.2,re-rendered,158.46,31.7,forward
princes_street/north_to_south/003_n01370_S.jpg,princes_street,north_to_south,n01370,155.05,fitted axis,151.86,3.2,forward
princes_street/north_to_south/004_n01369_S.jpg,princes_street,north_to_south,n01369,155.05,fitted axis,154.91,0.1,forward
princes_street/north_to_south/005_n01368_S.jpg,princes_street,north_to_south,n01368,155.05,fitted axis,147.22,7.8,forward
princes_street/north_to_south/006_n01367_S.jpg,princes_street,north_to_south,n01367,155.05,fitted axis,157.22,-2.2,forward
princes_street/north_to_south/007_n01366_S.jpg,princes_street,north_to_south,n01366,155.05,fitted axis,142.84,12.2,forward
princes_street/north_to_south/008_n01365_S.jpg,princes_street,north_to_south,n01365,155.05,fitted axis,175.65,-20.6,forward
princes_street/north_to_south/009_n01364_S.jpg,princes_street,north_to_south,n01364,177.1,re-rendered,175.65,1.4,forward
princes_street/south_to_north/001_n01364_N.jpg,princes_street,south_to_north,n01364,357.1,re-rendered,355.65,1.4,forward
princes_street/south_to_north/002_n01365_N.jpg,princes_street,south_to_north,n01365,335.05,fitted axis,322.84,12.2,forward
princes_street/south_to_north/003_n01366_N.jpg,princes_street,south_to_north,n01366,335.05,fitted axis,337.22,-2.2,forward
princes_street/south_to_north/004_n01367_N.jpg,princes_street,south_to_north,n01367,335.05,fitted axis,327.22,7.8,forward
princes_street/south_to_north/005_n01368_N.jpg,princes_street,south_to_north,n01368,335.05,fitted axis,334.91,0.1,forward
princes_street/south_to_north/006_n01369_N.jpg,princes_street,south_to_north,n01369,335.05,fitted axis,331.86,3.2,forward
princes_street/south_to_north/007_n01370_N.jpg,princes_street,south_to_north,n01370,335.05,fitted axis,338.46,-3.4,forward
princes_street/south_to_north/008_n01371_N.jpg,princes_street,south_to_north,n01371,10.2,re-rendered,8.57,1.6,forward
princes_street/south_to_north/009_n01372_N.jpg,princes_street,south_to_north,n01372,10.2,re-rendered,8.57,1.6,forward
pudding_lane/north_to_south/001_n01379_S.jpg,pudding_lane,north_to_south,n01379,177.0,re-rendered,175.52,1.5,forward
pudding_lane/north_to_south/002_n01378_S.jpg,pudding_lane,north_to_south,n01378,177.0,re-rendered,176.86,0.1,forward
pudding_lane/north_to_south/003_n01377_S.jpg,pudding_lane,north_to_south,n01377,190.68,fitted axis,187.88,2.8,forward
pudding_lane/north_to_south/004_n01376_S.jpg,pudding_lane,north_to_south,n01376,190.68,fitted axis,196.02,-5.3,forward
pudding_lane/north_to_south/005_n01375_S.jpg,pudding_lane,north_to_south,n01375,190.68,fitted axis,202.94,-12.3,forward
pudding_lane/north_to_south/006_n01374_S.jpg,pudding_lane,north_to_south,n01374,190.68,fitted axis,194.2,-3.5,forward
pudding_lane/north_to_south/007_n01373_S.jpg,pudding_lane,north_to_south,n01373,190.68,fitted axis,194.2,-3.5,forward
pudding_lane/south_to_north/001_n01373_N.jpg,pudding_lane,south_to_north,n01373,10.68,fitted axis,14.2,-3.5,forward
pudding_lane/south_to_north/002_n01374_N.jpg,pudding_lane,south_to_north,n01374,10.68,fitted axis,22.94,-12.3,forward
pudding_lane/south_to_north/003_n01375_N.jpg,pudding_lane,south_to_north,n01375,10.68,fitted axis,16.02,-5.3,forward
pudding_lane/south_to_north/004_n01376_N.jpg,pudding_lane,south_to_north,n01376,10.68,fitted axis,7.88,2.8,forward
pudding_lane/south_to_north/005_n01377_N.jpg,pudding_lane,south_to_north,n01377,10.68,fitted axis,356.86,13.8,forward
pudding_lane/south_to_north/006_n01378_N.jpg,pudding_lane,south_to_north,n01378,357.0,re-rendered,355.52,1.5,forward
pudding_lane/south_to_north/007_n01379_N.jpg,pudding_lane,south_to_north,n01379,357.0,re-rendered,355.52,1.5,forward
queen_street/north_to_south/001_n01390_S.jpg,queen_street,north_to_south,n01390,188.01,fitted axis,185.3,2.7,forward
queen_street/north_to_south/002_n01389_S.jpg,queen_street,north_to_south,n01389,188.01,fitted axis,184.75,3.3,forward
queen_street/north_to_south/003_n01388_S.jpg,queen_street,north_to_south,n01388,188.01,fitted axis,184.68,3.3,forward
queen_street/north_to_south/004_n01387_S.jpg,queen_street,north_to_south,n01387,188.01,fitted axis,182.74,5.3,forward
queen_street/north_to_south/005_n01385_S.jpg,queen_street,north_to_south,n01385,188.01,fitted axis,185.12,2.9,forward
queen_street/north_to_south/006_n01383_S.jpg,queen_street,north_to_south,n01383,188.01,fitted axis,179.02,9.0,forward
queen_street/north_to_south/007_n01381_S.jpg,queen_street,north_to_south,n01381,188.01,fitted axis,179.02,9.0,forward
queen_street/north_to_south/008_n01386_S.jpg,queen_street,north_to_south,n01386,188.01,fitted axis,189.54,-1.5,forward
queen_street/north_to_south/009_n01384_S.jpg,queen_street,north_to_south,n01384,188.01,fitted axis,189.75,-1.7,forward
queen_street/north_to_south/010_n01382_S.jpg,queen_street,north_to_south,n01382,188.01,fitted axis,187.98,0.0,forward
queen_street/north_to_south/011_n01380_S.jpg,queen_street,north_to_south,n01380,188.01,fitted axis,187.98,0.0,forward
queen_street/south_to_north/001_n01380_N.jpg,queen_street,south_to_north,n01380,8.01,fitted axis,7.98,0.0,forward
queen_street/south_to_north/002_n01382_N.jpg,queen_street,south_to_north,n01382,8.01,fitted axis,9.75,-1.7,forward
queen_street/south_to_north/003_n01384_N.jpg,queen_street,south_to_north,n01384,8.01,fitted axis,9.54,-1.5,forward
queen_street/south_to_north/004_n01386_N.jpg,queen_street,south_to_north,n01386,8.01,fitted axis,9.54,-1.5,forward
queen_street/south_to_north/005_n01381_N.jpg,queen_street,south_to_north,n01381,8.01,fitted axis,359.02,9.0,forward
queen_street/south_to_north/006_n01383_N.jpg,queen_street,south_to_north,n01383,8.01,fitted axis,5.12,2.9,forward
queen_street/south_to_north/007_n01385_N.jpg,queen_street,south_to_north,n01385,8.01,fitted axis,2.74,5.3,forward
queen_street/south_to_north/008_n01387_N.jpg,queen_street,south_to_north,n01387,8.01,fitted axis,4.68,3.3,forward
queen_street/south_to_north/009_n01388_N.jpg,queen_street,south_to_north,n01388,8.01,fitted axis,4.75,3.3,forward
queen_street/south_to_north/010_n01389_N.jpg,queen_street,south_to_north,n01389,8.01,fitted axis,5.3,2.7,forward
queen_street/south_to_north/011_n01390_N.jpg,queen_street,south_to_north,n01390,8.01,fitted axis,5.3,2.7,forward
queen_street_place/north_to_south/001_n01399_S.jpg,queen_street_place,north_to_south,n01399,195.47,fitted axis,198.23,-2.8,forward
queen_street_place/north_to_south/002_n01394_S.jpg,queen_street_place,north_to_south,n01394,195.47,fitted axis,186.6,8.9,forward
queen_street_place/north_to_south/003_n01398_S.jpg,queen_street_place,north_to_south,n01398,195.47,fitted axis,203.45,-8.0,forward
queen_street_place/north_to_south/004_n01392_S.jpg,queen_street_place,north_to_south,n01392,195.47,fitted axis,186.6,8.9,forward
queen_street_place/north_to_south/005_n01397_S.jpg,queen_street_place,north_to_south,n01397,195.47,fitted axis,193.59,1.9,forward
queen_street_place/north_to_south/006_n01396_S.jpg,queen_street_place,north_to_south,n01396,195.47,fitted axis,193.99,1.5,forward
queen_street_place/north_to_south/007_n01395_S.jpg,queen_street_place,north_to_south,n01395,195.47,fitted axis,197.63,-2.2,forward
queen_street_place/north_to_south/008_n01393_S.jpg,queen_street_place,north_to_south,n01393,195.47,fitted axis,198.81,-3.3,forward
queen_street_place/north_to_south/009_n01391_S.jpg,queen_street_place,north_to_south,n01391,195.47,fitted axis,198.81,-3.3,forward
queen_street_place/south_to_north/001_n01391_N.jpg,queen_street_place,south_to_north,n01391,15.47,fitted axis,18.81,-3.3,forward
queen_street_place/south_to_north/002_n01393_N.jpg,queen_street_place,south_to_north,n01393,15.47,fitted axis,17.63,-2.2,forward
queen_street_place/south_to_north/003_n01395_N.jpg,queen_street_place,south_to_north,n01395,15.47,fitted axis,13.99,1.5,forward
queen_street_place/south_to_north/004_n01396_N.jpg,queen_street_place,south_to_north,n01396,15.47,fitted axis,13.59,1.9,forward
queen_street_place/south_to_north/005_n01397_N.jpg,queen_street_place,south_to_north,n01397,15.47,fitted axis,23.45,-8.0,forward
queen_street_place/south_to_north/006_n01392_N.jpg,queen_street_place,south_to_north,n01392,15.47,fitted axis,6.6,8.9,forward
queen_street_place/south_to_north/007_n01398_N.jpg,queen_street_place,south_to_north,n01398,15.47,fitted axis,18.23,-2.8,forward
queen_street_place/south_to_north/008_n01394_N.jpg,queen_street_place,south_to_north,n01394,15.47,fitted axis,6.6,8.9,forward
queen_street_place/south_to_north/009_n01399_N.jpg,queen_street_place,south_to_north,n01399,15.47,fitted axis,18.23,-2.8,forward
queen_victoria_street/east_to_west/001_n01442_W.jpg,queen_victoria_street,east_to_west,n01442,252.56,fitted axis,247.89,4.7,forward
queen_victoria_street/east_to_west/002_n01440_W.jpg,queen_victoria_street,east_to_west,n01440,252.56,fitted axis,246.89,5.7,forward
queen_victoria_street/east_to_west/003_n01438_W.jpg,queen_victoria_street,east_to_west,n01438,252.56,fitted axis,248.87,3.7,forward
queen_victoria_street/east_to_west/004_n01436_W.jpg,queen_victoria_street,east_to_west,n01436,252.56,fitted axis,243.4,9.2,forward
queen_victoria_street/east_to_west/005_n01434_W.jpg,queen_victoria_street,east_to_west,n01434,252.56,fitted axis,250.38,2.2,forward
queen_victoria_street/east_to_west/006_n01432_W.jpg,queen_victoria_street,east_to_west,n01432,252.56,fitted axis,247.62,4.9,forward
queen_victoria_street/east_to_west/007_n01430_W.jpg,queen_victoria_street,east_to_west,n01430,252.56,fitted axis,247.4,5.2,forward
queen_victoria_street/east_to_west/008_n01428_W.jpg,queen_victoria_street,east_to_west,n01428,252.56,fitted axis,242.91,9.7,forward
queen_victoria_street/east_to_west/009_n01426_W.jpg,queen_victoria_street,east_to_west,n01426,252.56,fitted axis,240.58,12.0,forward
queen_victoria_street/east_to_west/010_n01446_W.jpg,queen_victoria_street,east_to_west,n01446,235.9,re-rendered,234.29,1.6,forward
queen_victoria_street/east_to_west/011_n01423_W.jpg,queen_victoria_street,east_to_west,n01423,252.56,fitted axis,246.82,5.7,forward
queen_victoria_street/east_to_west/012_n01420_W.jpg,queen_victoria_street,east_to_west,n01420,252.56,fitted axis,247.45,5.1,forward
queen_victoria_street/east_to_west/013_n01445_W.jpg,queen_victoria_street,east_to_west,n01445,235.9,re-rendered,248.1,-12.2,forward
queen_victoria_street/east_to_west/014_n01417_W.jpg,queen_victoria_street,east_to_west,n01417,252.56,fitted axis,248.46,4.1,forward
queen_victoria_street/east_to_west/015_n01444_W.jpg,queen_victoria_street,east_to_west,n01444,252.56,fitted axis,251.8,0.8,forward
queen_victoria_street/east_to_west/016_n01414_W.jpg,queen_victoria_street,east_to_west,n01414,252.56,fitted axis,246.96,5.6,forward
queen_victoria_street/east_to_west/017_n01443_W.jpg,queen_victoria_street,east_to_west,n01443,252.56,fitted axis,252.86,-0.3,forward
queen_victoria_street/east_to_west/018_n01441_W.jpg,queen_victoria_street,east_to_west,n01441,252.56,fitted axis,251.96,0.6,forward
queen_victoria_street/east_to_west/019_n01411_W.jpg,queen_victoria_street,east_to_west,n01411,252.56,fitted axis,250.38,2.2,forward
queen_victoria_street/east_to_west/020_n01408_W.jpg,queen_victoria_street,east_to_west,n01408,252.56,fitted axis,261.21,-8.7,forward
queen_victoria_street/east_to_west/021_n01439_W.jpg,queen_victoria_street,east_to_west,n01439,252.56,fitted axis,246.52,6.0,forward
queen_victoria_street/east_to_west/022_n01405_W.jpg,queen_victoria_street,east_to_west,n01405,252.56,fitted axis,256.67,-4.1,forward
queen_victoria_street/east_to_west/023_n01437_W.jpg,queen_victoria_street,east_to_west,n01437,252.56,fitted axis,238.04,14.5,forward
queen_victoria_street/east_to_west/024_n01402_W.jpg,queen_victoria_street,east_to_west,n01402,252.56,fitted axis,256.67,-4.1,forward
queen_victoria_street/east_to_west/025_n01435_W.jpg,queen_victoria_street,east_to_west,n01435,252.56,fitted axis,221.61,31.0,forward
queen_victoria_street/east_to_west/026_n01433_W.jpg,queen_victoria_street,east_to_west,n01433,223.5,re-rendered,271.08,-47.6,forward
queen_victoria_street/east_to_west/027_n01431_W.jpg,queen_victoria_street,east_to_west,n01431,272.6,re-rendered,251.09,21.5,forward
queen_victoria_street/east_to_west/028_n01429_W.jpg,queen_victoria_street,east_to_west,n01429,252.56,fitted axis,234.8,17.8,forward
queen_victoria_street/east_to_west/029_n01427_W.jpg,queen_victoria_street,east_to_west,n01427,236.3,re-rendered,244.8,-8.5,forward
queen_victoria_street/east_to_west/030_n01425_W.jpg,queen_victoria_street,east_to_west,n01425,252.56,fitted axis,253.46,-0.9,forward
queen_victoria_street/east_to_west/031_n01422_W.jpg,queen_victoria_street,east_to_west,n01422,252.56,fitted axis,257.33,-4.8,forward
queen_victoria_street/east_to_west/032_n01424_W.jpg,queen_victoria_street,east_to_west,n01424,252.56,fitted axis,256.41,-3.8,forward
queen_victoria_street/east_to_west/033_n01419_W.jpg,queen_victoria_street,east_to_west,n01419,252.56,fitted axis,261.06,-8.5,forward
queen_victoria_street/east_to_west/034_n01421_W.jpg,queen_victoria_street,east_to_west,n01421,252.56,fitted axis,261.23,-8.7,forward
queen_victoria_street/east_to_west/035_n01416_W.jpg,queen_victoria_street,east_to_west,n01416,252.56,fitted axis,262.43,-9.9,forward
queen_victoria_street/east_to_west/036_n01418_W.jpg,queen_victoria_street,east_to_west,n01418,252.56,fitted axis,258.83,-6.3,forward
queen_victoria_street/east_to_west/037_n01413_W.jpg,queen_victoria_street,east_to_west,n01413,252.56,fitted axis,258.38,-5.8,forward
queen_victoria_street/east_to_west/038_n01415_W.jpg,queen_victoria_street,east_to_west,n01415,252.56,fitted axis,272.59,-20.0,forward
queen_victoria_street/east_to_west/039_n01412_W.jpg,queen_victoria_street,east_to_west,n01412,273.8,re-rendered,265.54,8.3,forward
queen_victoria_street/east_to_west/040_n01410_W.jpg,queen_victoria_street,east_to_west,n01410,252.56,fitted axis,269.36,-16.8,forward
queen_victoria_street/east_to_west/041_n01409_W.jpg,queen_victoria_street,east_to_west,n01409,252.56,fitted axis,269.78,-17.2,forward
queen_victoria_street/east_to_west/042_n01407_W.jpg,queen_victoria_street,east_to_west,n01407,252.56,fitted axis,275.07,-22.5,forward
queen_victoria_street/east_to_west/043_n01406_W.jpg,queen_victoria_street,east_to_west,n01406,271.2,re-rendered,261.15,10.0,forward
queen_victoria_street/east_to_west/044_n01404_W.jpg,queen_victoria_street,east_to_west,n01404,276.7,re-rendered,276.06,0.6,forward
queen_victoria_street/east_to_west/045_n01401_W.jpg,queen_victoria_street,east_to_west,n01401,277.3,re-rendered,276.06,1.2,forward
queen_victoria_street/east_to_west/046_n01403_W.jpg,queen_victoria_street,east_to_west,n01403,252.56,fitted axis,277.87,-25.3,forward
queen_victoria_street/east_to_west/047_n01400_W.jpg,queen_victoria_street,east_to_west,n01400,279.5,re-rendered,277.87,1.6,forward
queen_victoria_street/west_to_east/001_n01400_E.jpg,queen_victoria_street,west_to_east,n01400,99.5,re-rendered,97.87,1.6,forward
queen_victoria_street/west_to_east/002_n01403_E.jpg,queen_victoria_street,west_to_east,n01403,72.56,fitted axis,81.15,-8.6,forward
queen_victoria_street/west_to_east/003_n01401_E.jpg,queen_victoria_street,west_to_east,n01401,97.3,re-rendered,96.06,1.2,forward
queen_victoria_street/west_to_east/004_n01404_E.jpg,queen_victoria_street,west_to_east,n01404,96.7,re-rendered,95.07,1.6,forward
queen_victoria_street/west_to_east/005_n01406_E.jpg,queen_victoria_street,west_to_east,n01406,91.2,re-rendered,89.78,1.4,forward
queen_victoria_street/west_to_east/006_n01407_E.jpg,queen_victoria_street,west_to_east,n01407,72.56,fitted axis,89.36,-16.8,forward
queen_victoria_street/west_to_east/007_n01409_E.jpg,queen_victoria_street,west_to_east,n01409,72.56,fitted axis,85.54,-13.0,forward
queen_victoria_street/west_to_east/008_n01410_E.jpg,queen_victoria_street,west_to_east,n01410,72.56,fitted axis,78.38,-5.8,forward
queen_victoria_street/west_to_east/009_n01412_E.jpg,queen_victoria_street,west_to_east,n01412,93.8,re-rendered,92.59,1.2,forward
queen_victoria_street/west_to_east/010_n01415_E.jpg,queen_victoria_street,west_to_east,n01415,72.56,fitted axis,78.83,-6.3,forward
queen_victoria_street/west_to_east/011_n01413_E.jpg,queen_victoria_street,west_to_east,n01413,72.56,fitted axis,82.43,-9.9,forward
queen_victoria_street/west_to_east/012_n01418_E.jpg,queen_victoria_street,west_to_east,n01418,72.56,fitted axis,81.23,-8.7,forward
queen_victoria_street/west_to_east/013_n01416_E.jpg,queen_victoria_street,west_to_east,n01416,72.56,fitted axis,81.06,-8.5,forward
queen_victoria_street/west_to_east/014_n01421_E.jpg,queen_victoria_street,west_to_east,n01421,72.56,fitted axis,76.41,-3.8,forward
queen_victoria_street/west_to_east/015_n01419_E.jpg,queen_victoria_street,west_to_east,n01419,72.56,fitted axis,77.33,-4.8,forward
queen_victoria_street/west_to_east/016_n01424_E.jpg,queen_victoria_street,west_to_east,n01424,72.56,fitted axis,76.41,-3.8,forward
queen_victoria_street/west_to_east/017_n01422_E.jpg,queen_victoria_street,west_to_east,n01422,72.56,fitted axis,73.46,-0.9,forward
queen_victoria_street/west_to_east/018_n01425_E.jpg,queen_victoria_street,west_to_east,n01425,72.56,fitted axis,64.8,7.8,forward
queen_victoria_street/west_to_east/019_n01427_E.jpg,queen_victoria_street,west_to_east,n01427,56.3,re-rendered,54.8,1.5,forward
queen_victoria_street/west_to_east/020_n01429_E.jpg,queen_victoria_street,west_to_east,n01429,72.56,fitted axis,71.09,1.5,forward
queen_victoria_street/west_to_east/021_n01431_E.jpg,queen_victoria_street,west_to_east,n01431,92.6,re-rendered,91.08,1.5,forward
queen_victoria_street/west_to_east/022_n01433_E.jpg,queen_victoria_street,west_to_east,n01433,43.5,re-rendered,41.61,1.9,forward
queen_victoria_street/west_to_east/023_n01402_E.jpg,queen_victoria_street,west_to_east,n01402,72.56,fitted axis,76.67,-4.1,forward
queen_victoria_street/west_to_east/024_n01435_E.jpg,queen_victoria_street,west_to_east,n01435,72.56,fitted axis,58.04,14.5,forward
queen_victoria_street/west_to_east/025_n01437_E.jpg,queen_victoria_street,west_to_east,n01437,72.56,fitted axis,66.52,6.0,forward
queen_victoria_street/west_to_east/026_n01405_E.jpg,queen_victoria_street,west_to_east,n01405,72.56,fitted axis,81.21,-8.7,forward
queen_victoria_street/west_to_east/027_n01439_E.jpg,queen_victoria_street,west_to_east,n01439,72.56,fitted axis,71.96,0.6,forward
queen_victoria_street/west_to_east/028_n01408_E.jpg,queen_victoria_street,west_to_east,n01408,72.56,fitted axis,70.38,2.2,forward
queen_victoria_street/west_to_east/029_n01411_E.jpg,queen_victoria_street,west_to_east,n01411,72.56,fitted axis,66.96,5.6,forward
queen_victoria_street/west_to_east/030_n01441_E.jpg,queen_victoria_street,west_to_east,n01441,72.56,fitted axis,72.86,-0.3,forward
queen_victoria_street/west_to_east/031_n01443_E.jpg,queen_victoria_street,west_to_east,n01443,72.56,fitted axis,71.8,0.8,forward
queen_victoria_street/west_to_east/032_n01414_E.jpg,queen_victoria_street,west_to_east,n01414,72.56,fitted axis,68.46,4.1,forward
queen_victoria_street/west_to_east/033_n01444_E.jpg,queen_victoria_street,west_to_east,n01444,72.56,fitted axis,68.1,4.5,forward
queen_victoria_street/west_to_east/034_n01417_E.jpg,queen_victoria_street,west_to_east,n01417,72.56,fitted axis,67.45,5.1,forward
queen_victoria_street/west_to_east/035_n01445_E.jpg,queen_victoria_street,west_to_east,n01445,55.9,re-rendered,54.29,1.6,forward
queen_victoria_street/west_to_east/036_n01420_E.jpg,queen_victoria_street,west_to_east,n01420,72.56,fitted axis,66.82,5.7,forward
queen_victoria_street/west_to_east/037_n01423_E.jpg,queen_victoria_street,west_to_east,n01423,72.56,fitted axis,60.58,12.0,forward
queen_victoria_street/west_to_east/038_n01446_E.jpg,queen_victoria_street,west_to_east,n01446,55.9,re-rendered,54.29,1.6,forward
queen_victoria_street/west_to_east/039_n01426_E.jpg,queen_victoria_street,west_to_east,n01426,72.56,fitted axis,62.91,9.7,forward
queen_victoria_street/west_to_east/040_n01428_E.jpg,queen_victoria_street,west_to_east,n01428,72.56,fitted axis,67.4,5.2,forward
queen_victoria_street/west_to_east/041_n01430_E.jpg,queen_victoria_street,west_to_east,n01430,72.56,fitted axis,67.62,4.9,forward
queen_victoria_street/west_to_east/042_n01432_E.jpg,queen_victoria_street,west_to_east,n01432,72.56,fitted axis,70.38,2.2,forward
queen_victoria_street/west_to_east/043_n01434_E.jpg,queen_victoria_street,west_to_east,n01434,72.56,fitted axis,63.4,9.2,forward
queen_victoria_street/west_to_east/044_n01436_E.jpg,queen_victoria_street,west_to_east,n01436,72.56,fitted axis,68.87,3.7,forward
queen_victoria_street/west_to_east/045_n01438_E.jpg,queen_victoria_street,west_to_east,n01438,72.56,fitted axis,66.89,5.7,forward
queen_victoria_street/west_to_east/046_n01440_E.jpg,queen_victoria_street,west_to_east,n01440,72.56,fitted axis,67.89,4.7,forward
queen_victoria_street/west_to_east/047_n01442_E.jpg,queen_victoria_street,west_to_east,n01442,72.56,fitted axis,67.89,4.7,forward
queenhithe/north_to_south/001_n01451_S.jpg,queenhithe,north_to_south,n01451,190.22,fitted axis,193.75,-3.5,forward
queenhithe/north_to_south/002_n01450_S.jpg,queenhithe,north_to_south,n01450,190.22,fitted axis,185.62,4.6,forward
queenhithe/north_to_south/003_n01449_S.jpg,queenhithe,north_to_south,n01449,190.22,fitted axis,193.48,-3.3,forward
queenhithe/north_to_south/004_n01448_S.jpg,queenhithe,north_to_south,n01448,190.22,fitted axis,188.49,1.7,forward
queenhithe/north_to_south/005_n01447_S.jpg,queenhithe,north_to_south,n01447,190.22,fitted axis,188.49,1.7,forward
queenhithe/south_to_north/001_n01447_N.jpg,queenhithe,south_to_north,n01447,10.22,fitted axis,8.49,1.7,forward
queenhithe/south_to_north/002_n01448_N.jpg,queenhithe,south_to_north,n01448,10.22,fitted axis,13.48,-3.3,forward
queenhithe/south_to_north/003_n01449_N.jpg,queenhithe,south_to_north,n01449,10.22,fitted axis,5.62,4.6,forward
queenhithe/south_to_north/004_n01450_N.jpg,queenhithe,south_to_north,n01450,10.22,fitted axis,13.75,-3.5,forward
queenhithe/south_to_north/005_n01451_N.jpg,queenhithe,south_to_north,n01451,10.22,fitted axis,13.75,-3.5,forward
rood_lane/north_to_south/001_n01457_S.jpg,rood_lane,north_to_south,n01457,186.09,fitted axis,190.49,-4.4,forward
rood_lane/north_to_south/002_n01456_S.jpg,rood_lane,north_to_south,n01456,186.09,fitted axis,183.3,2.8,forward
rood_lane/north_to_south/003_n01455_S.jpg,rood_lane,north_to_south,n01455,186.09,fitted axis,178.27,7.8,forward
rood_lane/north_to_south/004_n01454_S.jpg,rood_lane,north_to_south,n01454,186.09,fitted axis,188.12,-2.0,forward
rood_lane/north_to_south/005_n01453_S.jpg,rood_lane,north_to_south,n01453,186.09,fitted axis,192.58,-6.5,forward
rood_lane/north_to_south/006_n01452_S.jpg,rood_lane,north_to_south,n01452,186.09,fitted axis,192.58,-6.5,forward
rood_lane/south_to_north/001_n01452_N.jpg,rood_lane,south_to_north,n01452,6.09,fitted axis,12.58,-6.5,forward
rood_lane/south_to_north/002_n01453_N.jpg,rood_lane,south_to_north,n01453,6.09,fitted axis,8.12,-2.0,forward
rood_lane/south_to_north/003_n01454_N.jpg,rood_lane,south_to_north,n01454,6.09,fitted axis,358.27,7.8,forward
rood_lane/south_to_north/004_n01455_N.jpg,rood_lane,south_to_north,n01455,6.09,fitted axis,3.3,2.8,forward
rood_lane/south_to_north/005_n01456_N.jpg,rood_lane,south_to_north,n01456,6.09,fitted axis,10.49,-4.4,forward
rood_lane/south_to_north/006_n01457_N.jpg,rood_lane,south_to_north,n01457,6.09,fitted axis,10.49,-4.4,forward
royal_exchange_avenue/east_to_west/001_n01458_W.jpg,royal_exchange_avenue,east_to_west,n01458,344.4,re-rendered,342.88,1.5,forward
royal_exchange_avenue/east_to_west/002_n01459_W.jpg,royal_exchange_avenue,east_to_west,n01459,278.9,re-rendered,277.76,1.1,forward
royal_exchange_avenue/east_to_west/003_n01460_W.jpg,royal_exchange_avenue,east_to_west,n01460,278.9,re-rendered,277.76,1.1,forward
royal_exchange_avenue/west_to_east/001_n01460_E.jpg,royal_exchange_avenue,west_to_east,n01460,98.9,re-rendered,97.76,1.1,forward
royal_exchange_avenue/west_to_east/002_n01459_E.jpg,royal_exchange_avenue,west_to_east,n01459,98.9,re-rendered,162.88,-64.0,forward
royal_exchange_avenue/west_to_east/003_n01458_E.jpg,royal_exchange_avenue,west_to_east,n01458,164.4,re-rendered,162.88,1.5,forward
royal_exchange_buildings/north_to_south/001_n01464_S.jpg,royal_exchange_buildings,north_to_south,n01464,163.1,fitted axis,169.49,-6.4,forward
royal_exchange_buildings/north_to_south/002_n01463_S.jpg,royal_exchange_buildings,north_to_south,n01463,163.1,fitted axis,168.31,-5.2,forward
royal_exchange_buildings/north_to_south/003_n01462_S.jpg,royal_exchange_buildings,north_to_south,n01462,163.1,fitted axis,151.4,11.7,forward
royal_exchange_buildings/north_to_south/004_n01461_S.jpg,royal_exchange_buildings,north_to_south,n01461,163.1,fitted axis,151.4,11.7,forward
royal_exchange_buildings/south_to_north/001_n01461_N.jpg,royal_exchange_buildings,south_to_north,n01461,343.1,fitted axis,331.4,11.7,forward
royal_exchange_buildings/south_to_north/002_n01462_N.jpg,royal_exchange_buildings,south_to_north,n01462,343.1,fitted axis,348.31,-5.2,forward
royal_exchange_buildings/south_to_north/003_n01463_N.jpg,royal_exchange_buildings,south_to_north,n01463,343.1,fitted axis,349.49,-6.4,forward
royal_exchange_buildings/south_to_north/004_n01464_N.jpg,royal_exchange_buildings,south_to_north,n01464,343.1,fitted axis,349.49,-6.4,forward
russia_row/east_to_west/001_n01465_W.jpg,russia_row,east_to_west,n01465,294.15,fitted axis,295.78,-1.6,forward
russia_row/east_to_west/002_n01466_W.jpg,russia_row,east_to_west,n01466,294.15,fitted axis,292.6,1.5,forward
russia_row/east_to_west/003_n01467_W.jpg,russia_row,east_to_west,n01467,294.15,fitted axis,292.6,1.5,forward
russia_row/west_to_east/001_n01467_E.jpg,russia_row,west_to_east,n01467,114.15,fitted axis,112.6,1.5,forward
russia_row/west_to_east/002_n01466_E.jpg,russia_row,west_to_east,n01466,114.15,fitted axis,115.78,-1.6,forward
russia_row/west_to_east/003_n01465_E.jpg,russia_row,west_to_east,n01465,114.15,fitted axis,115.78,-1.6,forward
saint_george_s_lane/east_to_west/001_n01468_W.jpg,saint_george_s_lane,east_to_west,n01468,282.48,fitted axis,293.02,-10.5,forward
saint_george_s_lane/east_to_west/002_n01469_W.jpg,saint_george_s_lane,east_to_west,n01469,282.48,fitted axis,273.31,9.2,forward
saint_george_s_lane/east_to_west/003_n01470_W.jpg,saint_george_s_lane,east_to_west,n01470,282.48,fitted axis,273.31,9.2,forward
saint_george_s_lane/west_to_east/001_n01470_E.jpg,saint_george_s_lane,west_to_east,n01470,102.48,fitted axis,93.31,9.2,forward
saint_george_s_lane/west_to_east/002_n01469_E.jpg,saint_george_s_lane,west_to_east,n01469,102.48,fitted axis,113.02,-10.5,forward
saint_george_s_lane/west_to_east/003_n01468_E.jpg,saint_george_s_lane,west_to_east,n01468,102.48,fitted axis,113.02,-10.5,forward
saint_mary_axe/north_to_south/001_n01482_S.jpg,saint_mary_axe,north_to_south,n01482,204.31,fitted axis,220.69,-16.4,forward
saint_mary_axe/north_to_south/002_n01481_S.jpg,saint_mary_axe,north_to_south,n01481,204.31,fitted axis,222.34,-18.0,forward
saint_mary_axe/north_to_south/003_n01480_S.jpg,saint_mary_axe,north_to_south,n01480,224.0,re-rendered,219.66,4.3,forward
saint_mary_axe/north_to_south/004_n01479_S.jpg,saint_mary_axe,north_to_south,n01479,204.31,fitted axis,200.39,3.9,forward
saint_mary_axe/north_to_south/005_n01478_S.jpg,saint_mary_axe,north_to_south,n01478,204.31,fitted axis,194.94,9.4,forward
saint_mary_axe/north_to_south/006_n01477_S.jpg,saint_mary_axe,north_to_south,n01477,204.31,fitted axis,208.22,-3.9,forward
saint_mary_axe/north_to_south/007_n01476_S.jpg,saint_mary_axe,north_to_south,n01476,204.31,fitted axis,199.28,5.0,forward
saint_mary_axe/north_to_south/008_n01475_S.jpg,saint_mary_axe,north_to_south,n01475,204.31,fitted axis,198.8,5.5,forward
saint_mary_axe/north_to_south/009_n01474_S.jpg,saint_mary_axe,north_to_south,n01474,204.31,fitted axis,180.83,23.5,forward
saint_mary_axe/north_to_south/010_n01473_S.jpg,saint_mary_axe,north_to_south,n01473,204.31,fitted axis,207.39,-3.1,forward
saint_mary_axe/north_to_south/011_n01472_S.jpg,saint_mary_axe,north_to_south,n01472,204.31,fitted axis,223.45,-19.1,forward
saint_mary_axe/north_to_south/012_n01471_S.jpg,saint_mary_axe,north_to_south,n01471,204.31,fitted axis,223.45,-19.1,forward
saint_mary_axe/south_to_north/001_n01471_N.jpg,saint_mary_axe,south_to_north,n01471,24.31,fitted axis,43.45,-19.1,forward
saint_mary_axe/south_to_north/002_n01472_N.jpg,saint_mary_axe,south_to_north,n01472,24.31,fitted axis,27.39,-3.1,forward
saint_mary_axe/south_to_north/003_n01473_N.jpg,saint_mary_axe,south_to_north,n01473,24.31,fitted axis,0.83,23.5,forward
saint_mary_axe/south_to_north/004_n01474_N.jpg,saint_mary_axe,south_to_north,n01474,24.31,fitted axis,18.8,5.5,forward
saint_mary_axe/south_to_north/005_n01475_N.jpg,saint_mary_axe,south_to_north,n01475,24.31,fitted axis,19.28,5.0,forward
saint_mary_axe/south_to_north/006_n01476_N.jpg,saint_mary_axe,south_to_north,n01476,24.31,fitted axis,28.22,-3.9,forward
saint_mary_axe/south_to_north/007_n01477_N.jpg,saint_mary_axe,south_to_north,n01477,24.31,fitted axis,14.94,9.4,forward
saint_mary_axe/south_to_north/008_n01478_N.jpg,saint_mary_axe,south_to_north,n01478,24.31,fitted axis,20.39,3.9,forward
saint_mary_axe/south_to_north/009_n01479_N.jpg,saint_mary_axe,south_to_north,n01479,24.31,fitted axis,39.66,-15.4,forward
saint_mary_axe/south_to_north/010_n01480_N.jpg,saint_mary_axe,south_to_north,n01480,44.0,re-rendered,42.34,1.7,forward
saint_mary_axe/south_to_north/011_n01481_N.jpg,saint_mary_axe,south_to_north,n01481,24.31,fitted axis,40.69,-16.4,forward
saint_mary_axe/south_to_north/012_n01482_N.jpg,saint_mary_axe,south_to_north,n01482,24.31,fitted axis,40.69,-16.4,forward
salters_hall_court/north_to_south/001_n01485_S.jpg,salters_hall_court,north_to_south,n01485,192.9,fitted axis,191.43,1.5,forward
salters_hall_court/north_to_south/002_n01484_S.jpg,salters_hall_court,north_to_south,n01484,192.9,fitted axis,193.5,-0.6,forward
salters_hall_court/north_to_south/003_n01483_S.jpg,salters_hall_court,north_to_south,n01483,192.9,fitted axis,193.5,-0.6,forward
salters_hall_court/south_to_north/001_n01483_N.jpg,salters_hall_court,south_to_north,n01483,12.9,fitted axis,13.5,-0.6,forward
salters_hall_court/south_to_north/002_n01484_N.jpg,salters_hall_court,south_to_north,n01484,12.9,fitted axis,11.43,1.5,forward
salters_hall_court/south_to_north/003_n01485_N.jpg,salters_hall_court,south_to_north,n01485,12.9,fitted axis,11.43,1.5,forward
sherborne_lane/north_to_south/001_n01490_S.jpg,sherborne_lane,north_to_south,n01490,197.25,fitted axis,204.57,-7.3,forward
sherborne_lane/north_to_south/002_n01489_S.jpg,sherborne_lane,north_to_south,n01489,197.25,fitted axis,206.32,-9.1,forward
sherborne_lane/north_to_south/003_n01488_S.jpg,sherborne_lane,north_to_south,n01488,197.25,fitted axis,205.24,-8.0,forward
sherborne_lane/north_to_south/004_n01487_S.jpg,sherborne_lane,north_to_south,n01487,197.25,fitted axis,147.33,49.9,forward
sherborne_lane/north_to_south/005_n01486_S.jpg,sherborne_lane,north_to_south,n01486,148.6,re-rendered,147.33,1.3,forward
sherborne_lane/south_to_north/001_n01486_N.jpg,sherborne_lane,south_to_north,n01486,328.6,re-rendered,327.33,1.3,forward
sherborne_lane/south_to_north/002_n01487_N.jpg,sherborne_lane,south_to_north,n01487,17.25,fitted axis,25.24,-8.0,forward
sherborne_lane/south_to_north/003_n01488_N.jpg,sherborne_lane,south_to_north,n01488,17.25,fitted axis,26.32,-9.1,forward
sherborne_lane/south_to_north/004_n01489_N.jpg,sherborne_lane,south_to_north,n01489,17.25,fitted axis,24.57,-7.3,forward
sherborne_lane/south_to_north/005_n01490_N.jpg,sherborne_lane,south_to_north,n01490,17.25,fitted axis,24.57,-7.3,forward
ship_tavern_passage/east_to_west/001_n01493_W.jpg,ship_tavern_passage,east_to_west,n01493,246.02,fitted axis,204.02,42.0,forward
ship_tavern_passage/east_to_west/002_n01492_W.jpg,ship_tavern_passage,east_to_west,n01492,205.5,re-rendered,289.53,-84.0,forward
ship_tavern_passage/east_to_west/003_n01491_W.jpg,ship_tavern_passage,east_to_west,n01491,246.02,fitted axis,289.53,-43.5,forward
ship_tavern_passage/west_to_east/001_n01491_E.jpg,ship_tavern_passage,west_to_east,n01491,66.02,fitted axis,109.53,-43.5,forward
ship_tavern_passage/west_to_east/002_n01492_E.jpg,ship_tavern_passage,west_to_east,n01492,25.5,re-rendered,24.02,1.5,forward
ship_tavern_passage/west_to_east/003_n01493_E.jpg,ship_tavern_passage,west_to_east,n01493,66.02,fitted axis,24.02,42.0,forward
skinners_lane/east_to_west/001_n01494_W.jpg,skinners_lane,east_to_west,n01494,280.76,fitted axis,291.56,-10.8,forward
skinners_lane/east_to_west/002_n01495_W.jpg,skinners_lane,east_to_west,n01495,280.76,fitted axis,277.52,3.2,forward
skinners_lane/east_to_west/003_n01496_W.jpg,skinners_lane,east_to_west,n01496,280.76,fitted axis,273.26,7.5,forward
skinners_lane/east_to_west/004_n01497_W.jpg,skinners_lane,east_to_west,n01497,280.76,fitted axis,273.26,7.5,forward
skinners_lane/west_to_east/001_n01497_E.jpg,skinners_lane,west_to_east,n01497,100.76,fitted axis,93.26,7.5,forward
skinners_lane/west_to_east/002_n01496_E.jpg,skinners_lane,west_to_east,n01496,100.76,fitted axis,97.52,3.2,forward
skinners_lane/west_to_east/003_n01495_E.jpg,skinners_lane,west_to_east,n01495,100.76,fitted axis,111.56,-10.8,forward
skinners_lane/west_to_east/004_n01494_E.jpg,skinners_lane,west_to_east,n01494,100.76,fitted axis,111.56,-10.8,forward
st_alphage_garden/east_to_west/001_n01498_W.jpg,st_alphage_garden,east_to_west,n01498,291.99,fitted axis,293.94,-1.9,forward
st_alphage_garden/east_to_west/002_n01499_W.jpg,st_alphage_garden,east_to_west,n01499,291.99,fitted axis,294.08,-2.1,forward
st_alphage_garden/east_to_west/003_n01500_W.jpg,st_alphage_garden,east_to_west,n01500,291.99,fitted axis,287.68,4.3,forward
st_alphage_garden/east_to_west/004_n01501_W.jpg,st_alphage_garden,east_to_west,n01501,291.99,fitted axis,287.68,4.3,forward
st_alphage_garden/west_to_east/001_n01501_E.jpg,st_alphage_garden,west_to_east,n01501,111.99,fitted axis,107.68,4.3,forward
st_alphage_garden/west_to_east/002_n01500_E.jpg,st_alphage_garden,west_to_east,n01500,111.99,fitted axis,114.08,-2.1,forward
st_alphage_garden/west_to_east/003_n01499_E.jpg,st_alphage_garden,west_to_east,n01499,111.99,fitted axis,113.94,-1.9,forward
st_alphage_garden/west_to_east/004_n01498_E.jpg,st_alphage_garden,west_to_east,n01498,111.99,fitted axis,113.94,-1.9,forward
st_clement_s_court/north_to_south/001_n01528_S.jpg,st_clement_s_court,north_to_south,n01528,139.84,fitted axis,139.84,0.0,forward
st_clement_s_court/north_to_south/002_n01527_S.jpg,st_clement_s_court,north_to_south,n01527,139.84,fitted axis,139.84,0.0,forward
st_clement_s_court/south_to_north/001_n01527_N.jpg,st_clement_s_court,south_to_north,n01527,319.84,fitted axis,319.84,0.0,forward
st_clement_s_court/south_to_north/002_n01528_N.jpg,st_clement_s_court,south_to_north,n01528,319.84,fitted axis,319.84,0.0,forward
st_dunstan_s_alley/east_to_west/001_n01529_W.jpg,st_dunstan_s_alley,east_to_west,n01529,289.45,fitted axis,294.43,-5.0,forward
st_dunstan_s_alley/east_to_west/002_n01530_W.jpg,st_dunstan_s_alley,east_to_west,n01530,289.45,fitted axis,282.84,6.6,forward
st_dunstan_s_alley/east_to_west/003_n01531_W.jpg,st_dunstan_s_alley,east_to_west,n01531,289.45,fitted axis,282.84,6.6,forward
st_dunstan_s_alley/west_to_east/001_n01531_E.jpg,st_dunstan_s_alley,west_to_east,n01531,109.45,fitted axis,102.84,6.6,forward
st_dunstan_s_alley/west_to_east/002_n01530_E.jpg,st_dunstan_s_alley,west_to_east,n01530,109.45,fitted axis,114.43,-5.0,forward
st_dunstan_s_alley/west_to_east/003_n01529_E.jpg,st_dunstan_s_alley,west_to_east,n01529,109.45,fitted axis,114.43,-5.0,forward
st_dunstan_s_hill/north_to_south/001_n01540_S.jpg,st_dunstan_s_hill,north_to_south,n01540,207.0,re-rendered,205.45,1.6,forward
st_dunstan_s_hill/north_to_south/002_n01539_S.jpg,st_dunstan_s_hill,north_to_south,n01539,207.0,re-rendered,207.11,-0.1,forward
st_dunstan_s_hill/north_to_south/003_n01538_S.jpg,st_dunstan_s_hill,north_to_south,n01538,221.19,fitted axis,208.34,12.8,forward
st_dunstan_s_hill/north_to_south/004_n01537_S.jpg,st_dunstan_s_hill,north_to_south,n01537,221.19,fitted axis,221.9,-0.7,forward
st_dunstan_s_hill/north_to_south/005_n01536_S.jpg,st_dunstan_s_hill,north_to_south,n01536,180.3,re-rendered,178.72,1.6,forward
st_dunstan_s_hill/north_to_south/006_n01535_S.jpg,st_dunstan_s_hill,north_to_south,n01535,221.19,fitted axis,257.26,-36.1,forward
st_dunstan_s_hill/north_to_south/007_n01534_S.jpg,st_dunstan_s_hill,north_to_south,n01534,180.3,re-rendered,187.31,-7.0,forward
st_dunstan_s_hill/north_to_south/008_n01533_S.jpg,st_dunstan_s_hill,north_to_south,n01533,221.19,fitted axis,257.26,-36.1,forward
st_dunstan_s_hill/north_to_south/009_n01532_S.jpg,st_dunstan_s_hill,north_to_south,n01532,188.9,re-rendered,187.31,1.6,forward
st_dunstan_s_hill/south_to_north/001_n01532_N.jpg,st_dunstan_s_hill,south_to_north,n01532,8.9,re-rendered,7.31,1.6,forward
st_dunstan_s_hill/south_to_north/002_n01533_N.jpg,st_dunstan_s_hill,south_to_north,n01533,41.19,fitted axis,77.26,-36.1,forward
st_dunstan_s_hill/south_to_north/003_n01534_N.jpg,st_dunstan_s_hill,south_to_north,n01534,0.3,re-rendered,358.72,1.6,forward
st_dunstan_s_hill/south_to_north/004_n01535_N.jpg,st_dunstan_s_hill,south_to_north,n01535,41.19,fitted axis,41.9,-0.7,forward
st_dunstan_s_hill/south_to_north/005_n01536_N.jpg,st_dunstan_s_hill,south_to_north,n01536,0.3,re-rendered,358.72,1.6,forward
st_dunstan_s_hill/south_to_north/006_n01537_N.jpg,st_dunstan_s_hill,south_to_north,n01537,41.19,fitted axis,28.34,12.8,forward
st_dunstan_s_hill/south_to_north/007_n01538_N.jpg,st_dunstan_s_hill,south_to_north,n01538,41.19,fitted axis,27.11,14.1,forward
st_dunstan_s_hill/south_to_north/008_n01539_N.jpg,st_dunstan_s_hill,south_to_north,n01539,27.0,re-rendered,25.45,1.6,forward
st_dunstan_s_hill/south_to_north/009_n01540_N.jpg,st_dunstan_s_hill,south_to_north,n01540,27.0,re-rendered,25.45,1.6,forward
st_dunstan_s_lane/east_to_west/001_n01541_W.jpg,st_dunstan_s_lane,east_to_west,n01541,278.01,fitted axis,270.96,7.1,forward
st_dunstan_s_lane/east_to_west/002_n01542_W.jpg,st_dunstan_s_lane,east_to_west,n01542,278.01,fitted axis,285.09,-7.1,forward
st_dunstan_s_lane/east_to_west/003_n01543_W.jpg,st_dunstan_s_lane,east_to_west,n01543,278.01,fitted axis,285.09,-7.1,forward
st_dunstan_s_lane/west_to_east/001_n01543_E.jpg,st_dunstan_s_lane,west_to_east,n01543,98.01,fitted axis,105.09,-7.1,forward
st_dunstan_s_lane/west_to_east/002_n01542_E.jpg,st_dunstan_s_lane,west_to_east,n01542,98.01,fitted axis,90.96,7.1,forward
st_dunstan_s_lane/west_to_east/003_n01541_E.jpg,st_dunstan_s_lane,west_to_east,n01541,98.01,fitted axis,90.96,7.1,forward
st_helen_s_place/east_to_west/001_n01502_W.jpg,st_helen_s_place,east_to_west,n01502,270.0,fitted axis,0.0,-90.0,forward
st_helen_s_place/east_to_west/002_n01503_W.jpg,st_helen_s_place,east_to_west,n01503,270.0,fitted axis,0.0,-90.0,forward
st_helen_s_place/west_to_east/001_n01502_E.jpg,st_helen_s_place,west_to_east,n01502,90.0,fitted axis,0.0,90.0,forward
st_helen_s_place/west_to_east/002_n01503_E.jpg,st_helen_s_place,west_to_east,n01503,90.0,fitted axis,0.0,90.0,forward
st_martin_s_le_grand/north_to_south/001_n01555_S.jpg,st_martin_s_le_grand,north_to_south,n01555,191.71,fitted axis,184.8,6.9,forward
st_martin_s_le_grand/north_to_south/002_n01554_S.jpg,st_martin_s_le_grand,north_to_south,n01554,191.71,fitted axis,185.27,6.4,forward
st_martin_s_le_grand/north_to_south/003_n01553_S.jpg,st_martin_s_le_grand,north_to_south,n01553,191.71,fitted axis,178.79,12.9,forward
st_martin_s_le_grand/north_to_south/004_n01552_S.jpg,st_martin_s_le_grand,north_to_south,n01552,191.71,fitted axis,188.21,3.5,forward
st_martin_s_le_grand/north_to_south/005_n01551_S.jpg,st_martin_s_le_grand,north_to_south,n01551,191.71,fitted axis,196.1,-4.4,forward
st_martin_s_le_grand/north_to_south/006_n01550_S.jpg,st_martin_s_le_grand,north_to_south,n01550,191.71,fitted axis,162.28,29.4,forward
st_martin_s_le_grand/north_to_south/007_n01549_S.jpg,st_martin_s_le_grand,north_to_south,n01549,163.4,re-rendered,185.86,-22.5,forward
st_martin_s_le_grand/north_to_south/008_n01548_S.jpg,st_martin_s_le_grand,north_to_south,n01548,191.71,fitted axis,185.17,6.5,forward
st_martin_s_le_grand/north_to_south/009_n01547_S.jpg,st_martin_s_le_grand,north_to_south,n01547,191.71,fitted axis,197.51,-5.8,forward
st_martin_s_le_grand/north_to_south/010_n01546_S.jpg,st_martin_s_le_grand,north_to_south,n01546,191.71,fitted axis,214.44,-22.7,forward
st_martin_s_le_grand/north_to_south/011_n01545_S.jpg,st_martin_s_le_grand,north_to_south,n01545,216.2,re-rendered,248.13,-31.9,forward
st_martin_s_le_grand/north_to_south/012_n01544_S.jpg,st_martin_s_le_grand,north_to_south,n01544,249.7,re-rendered,248.13,1.6,forward
st_martin_s_le_grand/south_to_north/001_n01544_N.jpg,st_martin_s_le_grand,south_to_north,n01544,69.7,re-rendered,68.13,1.6,forward
st_martin_s_le_grand/south_to_north/002_n01545_N.jpg,st_martin_s_le_grand,south_to_north,n01545,36.2,re-rendered,34.44,1.8,forward
st_martin_s_le_grand/south_to_north/003_n01546_N.jpg,st_martin_s_le_grand,south_to_north,n01546,11.71,fitted axis,17.51,-5.8,forward
st_martin_s_le_grand/south_to_north/004_n01547_N.jpg,st_martin_s_le_grand,south_to_north,n01547,11.71,fitted axis,5.17,6.5,forward
st_martin_s_le_grand/south_to_north/005_n01548_N.jpg,st_martin_s_le_grand,south_to_north,n01548,11.71,fitted axis,5.86,5.9,forward
st_martin_s_le_grand/south_to_north/006_n01549_N.jpg,st_martin_s_le_grand,south_to_north,n01549,343.4,re-rendered,342.28,1.1,forward
st_martin_s_le_grand/south_to_north/007_n01550_N.jpg,st_martin_s_le_grand,south_to_north,n01550,11.71,fitted axis,16.1,-4.4,forward
st_martin_s_le_grand/south_to_north/008_n01551_N.jpg,st_martin_s_le_grand,south_to_north,n01551,11.71,fitted axis,8.21,3.5,forward
st_martin_s_le_grand/south_to_north/009_n01552_N.jpg,st_martin_s_le_grand,south_to_north,n01552,11.71,fitted axis,358.79,12.9,forward
st_martin_s_le_grand/south_to_north/010_n01553_N.jpg,st_martin_s_le_grand,south_to_north,n01553,11.71,fitted axis,5.27,6.4,forward
st_martin_s_le_grand/south_to_north/011_n01554_N.jpg,st_martin_s_le_grand,south_to_north,n01554,11.71,fitted axis,4.8,6.9,forward
st_martin_s_le_grand/south_to_north/012_n01555_N.jpg,st_martin_s_le_grand,south_to_north,n01555,11.71,fitted axis,4.8,6.9,forward
st_mary_at_hill/north_to_south/001_n01563_S.jpg,st_mary_at_hill,north_to_south,n01563,195.31,fitted axis,189.19,6.1,forward
st_mary_at_hill/north_to_south/002_n01562_S.jpg,st_mary_at_hill,north_to_south,n01562,195.31,fitted axis,193.5,1.8,forward
st_mary_at_hill/north_to_south/003_n01561_S.jpg,st_mary_at_hill,north_to_south,n01561,195.31,fitted axis,193.28,2.0,forward
st_mary_at_hill/north_to_south/004_n01560_S.jpg,st_mary_at_hill,north_to_south,n01560,195.31,fitted axis,194.61,0.7,forward
st_mary_at_hill/north_to_south/005_n01559_S.jpg,st_mary_at_hill,north_to_south,n01559,195.31,fitted axis,197.21,-1.9,forward
st_mary_at_hill/north_to_south/006_n01558_S.jpg,st_mary_at_hill,north_to_south,n01558,195.31,fitted axis,199.32,-4.0,forward
st_mary_at_hill/north_to_south/007_n01557_S.jpg,st_mary_at_hill,north_to_south,n01557,195.31,fitted axis,198.49,-3.2,forward
st_mary_at_hill/north_to_south/008_n01556_S.jpg,st_mary_at_hill,north_to_south,n01556,195.31,fitted axis,198.49,-3.2,forward
st_mary_at_hill/south_to_north/001_n01556_N.jpg,st_mary_at_hill,south_to_north,n01556,15.31,fitted axis,18.49,-3.2,forward
st_mary_at_hill/south_to_north/002_n01557_N.jpg,st_mary_at_hill,south_to_north,n01557,15.31,fitted axis,19.32,-4.0,forward
st_mary_at_hill/south_to_north/003_n01558_N.jpg,st_mary_at_hill,south_to_north,n01558,15.31,fitted axis,17.21,-1.9,forward
st_mary_at_hill/south_to_north/004_n01559_N.jpg,st_mary_at_hill,south_to_north,n01559,15.31,fitted axis,14.61,0.7,forward
st_mary_at_hill/south_to_north/005_n01560_N.jpg,st_mary_at_hill,south_to_north,n01560,15.31,fitted axis,13.28,2.0,forward
st_mary_at_hill/south_to_north/006_n01561_N.jpg,st_mary_at_hill,south_to_north,n01561,15.31,fitted axis,13.5,1.8,forward
st_mary_at_hill/south_to_north/007_n01562_N.jpg,st_mary_at_hill,south_to_north,n01562,15.31,fitted axis,9.19,6.1,forward
st_mary_at_hill/south_to_north/008_n01563_N.jpg,st_mary_at_hill,south_to_north,n01563,15.31,fitted axis,9.19,6.1,forward
st_michaels_alley/north_to_south/001_n01570_S.jpg,st_michaels_alley,north_to_south,n01570,172.1,fitted axis,184.54,-12.4,forward
st_michaels_alley/north_to_south/002_n01568_S.jpg,st_michaels_alley,north_to_south,n01568,172.1,fitted axis,187.9,-15.8,forward
st_michaels_alley/north_to_south/003_n01565_S.jpg,st_michaels_alley,north_to_south,n01565,112.8,re-rendered,111.4,1.4,forward
st_michaels_alley/north_to_south/004_n01566_S.jpg,st_michaels_alley,north_to_south,n01566,189.5,re-rendered,192.82,-3.3,forward
st_michaels_alley/north_to_south/005_n01569_S.jpg,st_michaels_alley,north_to_south,n01569,259.5,re-rendered,77.9,-178.4,reverse
st_michaels_alley/north_to_south/006_n01567_S.jpg,st_michaels_alley,north_to_south,n01567,259.5,re-rendered,77.9,-178.4,reverse
st_michaels_alley/north_to_south/007_n01564_S.jpg,st_michaels_alley,north_to_south,n01564,194.3,re-rendered,192.82,1.5,forward
st_michaels_alley/south_to_north/001_n01564_N.jpg,st_michaels_alley,south_to_north,n01564,14.3,re-rendered,12.82,1.5,forward
st_michaels_alley/south_to_north/002_n01567_N.jpg,st_michaels_alley,south_to_north,n01567,79.5,re-rendered,291.4,148.1,reverse
st_michaels_alley/south_to_north/003_n01569_N.jpg,st_michaels_alley,south_to_north,n01569,79.5,re-rendered,257.9,-178.4,reverse
st_michaels_alley/south_to_north/004_n01565_N.jpg,st_michaels_alley,south_to_north,n01565,292.8,re-rendered,291.4,1.4,forward
st_michaels_alley/south_to_north/005_n01566_N.jpg,st_michaels_alley,south_to_north,n01566,9.5,re-rendered,7.9,1.6,forward
st_michaels_alley/south_to_north/006_n01568_N.jpg,st_michaels_alley,south_to_north,n01568,352.1,fitted axis,4.54,-12.4,forward
st_michaels_alley/south_to_north/007_n01570_N.jpg,st_michaels_alley,south_to_north,n01570,352.1,fitted axis,4.54,-12.4,forward
st_paul_s_churchyard/north_to_south/001_n01507_S.jpg,st_paul_s_churchyard,north_to_south,n01507,256.8,re-rendered,255.33,1.5,forward
st_paul_s_churchyard/north_to_south/002_n01505_S.jpg,st_paul_s_churchyard,north_to_south,n01505,178.74,fitted axis,179.63,-0.9,forward
st_paul_s_churchyard/north_to_south/003_n01509_S.jpg,st_paul_s_churchyard,north_to_south,n01509,178.74,fitted axis,179.41,-0.7,forward
st_paul_s_churchyard/north_to_south/004_n01511_S.jpg,st_paul_s_churchyard,north_to_south,n01511,264.5,re-rendered,178.16,86.3,forward
st_paul_s_churchyard/north_to_south/005_n01513_S.jpg,st_paul_s_churchyard,north_to_south,n01513,178.74,fitted axis,177.41,1.3,forward
st_paul_s_churchyard/north_to_south/006_n01512_S.jpg,st_paul_s_churchyard,north_to_south,n01512,123.9,re-rendered,177.41,-53.5,forward
st_paul_s_churchyard/north_to_south/007_n01510_S.jpg,st_paul_s_churchyard,north_to_south,n01510,123.9,re-rendered,350.66,133.2,reverse
st_paul_s_churchyard/north_to_south/008_n01508_S.jpg,st_paul_s_churchyard,north_to_south,n01508,178.74,fitted axis,349.69,-170.9,reverse
st_paul_s_churchyard/north_to_south/009_n01506_S.jpg,st_paul_s_churchyard,north_to_south,n01506,178.74,fitted axis,2.93,175.8,reverse
st_paul_s_churchyard/north_to_south/010_n01504_S.jpg,st_paul_s_churchyard,north_to_south,n01504,119.2,re-rendered,298.02,-178.8,reverse
st_paul_s_churchyard/south_to_north/001_n01504_N.jpg,st_paul_s_churchyard,south_to_north,n01504,299.2,re-rendered,359.63,-60.4,forward
st_paul_s_churchyard/south_to_north/002_n01506_N.jpg,st_paul_s_churchyard,south_to_north,n01506,358.74,fitted axis,272.42,86.3,forward
st_paul_s_churchyard/south_to_north/003_n01508_N.jpg,st_paul_s_churchyard,south_to_north,n01508,358.74,fitted axis,359.41,-0.7,forward
st_paul_s_churchyard/south_to_north/004_n01510_N.jpg,st_paul_s_churchyard,south_to_north,n01510,303.9,re-rendered,358.16,-54.3,forward
st_paul_s_churchyard/south_to_north/005_n01512_N.jpg,st_paul_s_churchyard,south_to_north,n01512,303.9,re-rendered,357.41,-53.5,forward
st_paul_s_churchyard/south_to_north/006_n01513_N.jpg,st_paul_s_churchyard,south_to_north,n01513,358.74,fitted axis,357.41,1.3,forward
st_paul_s_churchyard/south_to_north/007_n01511_N.jpg,st_paul_s_churchyard,south_to_north,n01511,84.5,re-rendered,185.49,-101.0,reverse
st_paul_s_churchyard/south_to_north/008_n01509_N.jpg,st_paul_s_churchyard,south_to_north,n01509,358.74,fitted axis,188.25,170.5,reverse
st_paul_s_churchyard/south_to_north/009_n01505_N.jpg,st_paul_s_churchyard,south_to_north,n01505,358.74,fitted axis,277.39,81.4,forward
st_paul_s_churchyard/south_to_north/010_n01507_N.jpg,st_paul_s_churchyard,south_to_north,n01507,76.8,re-rendered,182.93,-106.1,reverse
st_stephen_s_row/east_to_west/001_n01517_W.jpg,st_stephen_s_row,east_to_west,n01517,231.0,re-rendered,229.2,1.8,forward
st_stephen_s_row/east_to_west/002_n01516_W.jpg,st_stephen_s_row,east_to_west,n01516,231.0,re-rendered,289.05,-58.0,forward
st_stephen_s_row/east_to_west/003_n01515_W.jpg,st_stephen_s_row,east_to_west,n01515,274.65,fitted axis,283.75,-9.1,forward
st_stephen_s_row/east_to_west/004_n01514_W.jpg,st_stephen_s_row,east_to_west,n01514,274.65,fitted axis,283.75,-9.1,forward
st_stephen_s_row/west_to_east/001_n01514_E.jpg,st_stephen_s_row,west_to_east,n01514,94.65,fitted axis,103.75,-9.1,forward
st_stephen_s_row/west_to_east/002_n01515_E.jpg,st_stephen_s_row,west_to_east,n01515,94.65,fitted axis,109.05,-14.4,forward
st_stephen_s_row/west_to_east/003_n01516_E.jpg,st_stephen_s_row,west_to_east,n01516,51.0,re-rendered,49.2,1.8,forward
st_stephen_s_row/west_to_east/004_n01517_E.jpg,st_stephen_s_row,west_to_east,n01517,51.0,re-rendered,49.2,1.8,forward
st_swithin_s_lane/north_to_south/001_n01526_S.jpg,st_swithin_s_lane,north_to_south,n01526,228.0,re-rendered,226.57,1.4,forward
st_swithin_s_lane/north_to_south/002_n01525_S.jpg,st_swithin_s_lane,north_to_south,n01525,228.0,re-rendered,213.84,14.2,forward
st_swithin_s_lane/north_to_south/003_n01524_S.jpg,st_swithin_s_lane,north_to_south,n01524,205.52,fitted axis,205.92,-0.4,forward
st_swithin_s_lane/north_to_south/004_n01523_S.jpg,st_swithin_s_lane,north_to_south,n01523,205.52,fitted axis,207.61,-2.1,forward
st_swithin_s_lane/north_to_south/005_n01522_S.jpg,st_swithin_s_lane,north_to_south,n01522,205.52,fitted axis,205.03,0.5,forward
st_swithin_s_lane/north_to_south/006_n01521_S.jpg,st_swithin_s_lane,north_to_south,n01521,205.52,fitted axis,199.93,5.6,forward
st_swithin_s_lane/north_to_south/007_n01520_S.jpg,st_swithin_s_lane,north_to_south,n01520,205.52,fitted axis,197.3,8.2,forward
st_swithin_s_lane/north_to_south/008_n01519_S.jpg,st_swithin_s_lane,north_to_south,n01519,205.52,fitted axis,197.3,8.2,forward
st_swithin_s_lane/north_to_south/009_n01518_S.jpg,st_swithin_s_lane,north_to_south,n01518,205.52,fitted axis,197.3,8.2,forward
st_swithin_s_lane/south_to_north/001_n01518_N.jpg,st_swithin_s_lane,south_to_north,n01518,25.52,fitted axis,17.3,8.2,forward
st_swithin_s_lane/south_to_north/002_n01519_N.jpg,st_swithin_s_lane,south_to_north,n01519,25.52,fitted axis,17.3,8.2,forward
st_swithin_s_lane/south_to_north/003_n01520_N.jpg,st_swithin_s_lane,south_to_north,n01520,25.52,fitted axis,19.93,5.6,forward
st_swithin_s_lane/south_to_north/004_n01521_N.jpg,st_swithin_s_lane,south_to_north,n01521,25.52,fitted axis,25.03,0.5,forward
st_swithin_s_lane/south_to_north/005_n01522_N.jpg,st_swithin_s_lane,south_to_north,n01522,25.52,fitted axis,27.61,-2.1,forward
st_swithin_s_lane/south_to_north/006_n01523_N.jpg,st_swithin_s_lane,south_to_north,n01523,25.52,fitted axis,25.92,-0.4,forward
st_swithin_s_lane/south_to_north/007_n01524_N.jpg,st_swithin_s_lane,south_to_north,n01524,25.52,fitted axis,33.84,-8.3,forward
st_swithin_s_lane/south_to_north/008_n01525_N.jpg,st_swithin_s_lane,south_to_north,n01525,48.0,re-rendered,46.57,1.4,forward
st_swithin_s_lane/south_to_north/009_n01526_N.jpg,st_swithin_s_lane,south_to_north,n01526,48.0,re-rendered,46.57,1.4,forward
staining_lane/north_to_south/001_n01573_S.jpg,staining_lane,north_to_south,n01573,194.69,fitted axis,191.27,3.4,forward
staining_lane/north_to_south/002_n01572_S.jpg,staining_lane,north_to_south,n01572,194.69,fitted axis,198.63,-3.9,forward
staining_lane/north_to_south/003_n01571_S.jpg,staining_lane,north_to_south,n01571,194.69,fitted axis,198.63,-3.9,forward
staining_lane/south_to_north/001_n01571_N.jpg,staining_lane,south_to_north,n01571,14.69,fitted axis,18.63,-3.9,forward
staining_lane/south_to_north/002_n01572_N.jpg,staining_lane,south_to_north,n01572,14.69,fitted axis,11.27,3.4,forward
staining_lane/south_to_north/003_n01573_N.jpg,staining_lane,south_to_north,n01573,14.69,fitted axis,11.27,3.4,forward
star_alley/east_to_west/001_n01574_W.jpg,star_alley,east_to_west,n01574,235.06,fitted axis,235.06,0.0,forward
star_alley/east_to_west/002_n01575_W.jpg,star_alley,east_to_west,n01575,235.06,fitted axis,235.06,0.0,forward
star_alley/west_to_east/001_n01575_E.jpg,star_alley,west_to_east,n01575,55.06,fitted axis,55.06,0.0,forward
star_alley/west_to_east/002_n01574_E.jpg,star_alley,west_to_east,n01574,55.06,fitted axis,55.06,0.0,forward
stew_lane/north_to_south/001_n01579_S.jpg,stew_lane,north_to_south,n01579,198.18,fitted axis,190.01,8.2,forward
stew_lane/north_to_south/002_n01578_S.jpg,stew_lane,north_to_south,n01578,198.18,fitted axis,191.61,6.6,forward
stew_lane/north_to_south/003_n01577_S.jpg,stew_lane,north_to_south,n01577,198.18,fitted axis,231.74,-33.6,forward
stew_lane/north_to_south/004_n01576_S.jpg,stew_lane,north_to_south,n01576,198.18,fitted axis,231.74,-33.6,forward
stew_lane/south_to_north/001_n01576_N.jpg,stew_lane,south_to_north,n01576,18.18,fitted axis,51.74,-33.6,forward
stew_lane/south_to_north/002_n01577_N.jpg,stew_lane,south_to_north,n01577,18.18,fitted axis,11.61,6.6,forward
stew_lane/south_to_north/003_n01578_N.jpg,stew_lane,south_to_north,n01578,18.18,fitted axis,10.01,8.2,forward
stew_lane/south_to_north/004_n01579_N.jpg,stew_lane,south_to_north,n01579,18.18,fitted axis,10.01,8.2,forward
stone_house_court/east_to_west/001_n01580_W.jpg,stone_house_court,east_to_west,n01580,302.5,fitted axis,302.5,0.0,forward
stone_house_court/east_to_west/002_n01581_W.jpg,stone_house_court,east_to_west,n01581,302.5,fitted axis,302.5,0.0,forward
stone_house_court/west_to_east/001_n01581_E.jpg,stone_house_court,west_to_east,n01581,122.5,fitted axis,122.5,-0.0,forward
stone_house_court/west_to_east/002_n01580_E.jpg,stone_house_court,west_to_east,n01580,122.5,fitted axis,122.5,-0.0,forward
suffolk_lane/north_to_south/001_n01587_S.jpg,suffolk_lane,north_to_south,n01587,238.9,re-rendered,237.41,1.5,forward
suffolk_lane/north_to_south/002_n01586_S.jpg,suffolk_lane,north_to_south,n01586,238.9,re-rendered,212.27,26.6,forward
suffolk_lane/north_to_south/003_n01585_S.jpg,suffolk_lane,north_to_south,n01585,210.21,fitted axis,200.73,9.5,forward
suffolk_lane/north_to_south/004_n01584_S.jpg,suffolk_lane,north_to_south,n01584,210.21,fitted axis,207.45,2.8,forward
suffolk_lane/north_to_south/005_n01583_S.jpg,suffolk_lane,north_to_south,n01583,210.21,fitted axis,201.04,9.2,forward
suffolk_lane/north_to_south/006_n01582_S.jpg,suffolk_lane,north_to_south,n01582,210.21,fitted axis,201.04,9.2,forward
suffolk_lane/south_to_north/001_n01582_N.jpg,suffolk_lane,south_to_north,n01582,30.21,fitted axis,21.04,9.2,forward
suffolk_lane/south_to_north/002_n01583_N.jpg,suffolk_lane,south_to_north,n01583,30.21,fitted axis,27.45,2.8,forward
suffolk_lane/south_to_north/003_n01584_N.jpg,suffolk_lane,south_to_north,n01584,30.21,fitted axis,20.73,9.5,forward
suffolk_lane/south_to_north/004_n01585_N.jpg,suffolk_lane,south_to_north,n01585,30.21,fitted axis,32.27,-2.1,forward
suffolk_lane/south_to_north/005_n01586_N.jpg,suffolk_lane,south_to_north,n01586,58.9,re-rendered,57.41,1.5,forward
suffolk_lane/south_to_north/006_n01587_N.jpg,suffolk_lane,south_to_north,n01587,58.9,re-rendered,57.41,1.5,forward
sun_street_passage/north_to_south/001_n01593_S.jpg,sun_street_passage,north_to_south,n01593,221.9,re-rendered,220.24,1.7,forward
sun_street_passage/north_to_south/002_n01592_S.jpg,sun_street_passage,north_to_south,n01592,221.9,re-rendered,188.52,33.4,forward
sun_street_passage/north_to_south/003_n01591_S.jpg,sun_street_passage,north_to_south,n01591,190.1,re-rendered,208.8,-18.7,forward
sun_street_passage/north_to_south/004_n01590_S.jpg,sun_street_passage,north_to_south,n01590,203.87,fitted axis,198.98,4.9,forward
sun_street_passage/north_to_south/005_n01589_S.jpg,sun_street_passage,north_to_south,n01589,203.87,fitted axis,208.39,-4.5,forward
sun_street_passage/north_to_south/006_n01588_S.jpg,sun_street_passage,north_to_south,n01588,203.87,fitted axis,208.39,-4.5,forward
sun_street_passage/south_to_north/001_n01588_N.jpg,sun_street_passage,south_to_north,n01588,23.87,fitted axis,28.39,-4.5,forward
sun_street_passage/south_to_north/002_n01589_N.jpg,sun_street_passage,south_to_north,n01589,23.87,fitted axis,18.98,4.9,forward
sun_street_passage/south_to_north/003_n01590_N.jpg,sun_street_passage,south_to_north,n01590,23.87,fitted axis,28.8,-4.9,forward
sun_street_passage/south_to_north/004_n01591_N.jpg,sun_street_passage,south_to_north,n01591,10.1,re-rendered,8.52,1.6,forward
sun_street_passage/south_to_north/005_n01592_N.jpg,sun_street_passage,south_to_north,n01592,41.9,re-rendered,40.24,1.7,forward
sun_street_passage/south_to_north/006_n01593_N.jpg,sun_street_passage,south_to_north,n01593,41.9,re-rendered,40.24,1.7,forward
swan_lane/north_to_south/001_n01598_S.jpg,swan_lane,north_to_south,n01598,192.15,fitted axis,187.2,4.9,forward
swan_lane/north_to_south/002_n01597_S.jpg,swan_lane,north_to_south,n01597,192.15,fitted axis,193.56,-1.4,forward
swan_lane/north_to_south/003_n01596_S.jpg,swan_lane,north_to_south,n01596,192.15,fitted axis,193.45,-1.3,forward
swan_lane/north_to_south/004_n01595_S.jpg,swan_lane,north_to_south,n01595,192.15,fitted axis,193.91,-1.8,forward
swan_lane/north_to_south/005_n01594_S.jpg,swan_lane,north_to_south,n01594,192.15,fitted axis,193.91,-1.8,forward
swan_lane/south_to_north/001_n01594_N.jpg,swan_lane,south_to_north,n01594,12.15,fitted axis,13.91,-1.8,forward
swan_lane/south_to_north/002_n01595_N.jpg,swan_lane,south_to_north,n01595,12.15,fitted axis,13.45,-1.3,forward
swan_lane/south_to_north/003_n01596_N.jpg,swan_lane,south_to_north,n01596,12.15,fitted axis,13.56,-1.4,forward
swan_lane/south_to_north/004_n01597_N.jpg,swan_lane,south_to_north,n01597,12.15,fitted axis,7.2,4.9,forward
swan_lane/south_to_north/005_n01598_N.jpg,swan_lane,south_to_north,n01598,12.15,fitted axis,7.2,4.9,forward
talbot_court/east_to_west/001_n01599_W.jpg,talbot_court,east_to_west,n01599,292.01,fitted axis,292.01,0.0,forward
talbot_court/east_to_west/002_n01600_W.jpg,talbot_court,east_to_west,n01600,292.01,fitted axis,292.01,0.0,forward
talbot_court/west_to_east/001_n01600_E.jpg,talbot_court,west_to_east,n01600,112.01,fitted axis,112.01,0.0,forward
talbot_court/west_to_east/002_n01599_E.jpg,talbot_court,west_to_east,n01599,112.01,fitted axis,112.01,0.0,forward
telegraph_street/east_to_west/001_n01601_W.jpg,telegraph_street,east_to_west,n01601,266.25,fitted axis,263.28,3.0,forward
telegraph_street/east_to_west/002_n01602_W.jpg,telegraph_street,east_to_west,n01602,266.25,fitted axis,260.63,5.6,forward
telegraph_street/east_to_west/003_n01603_W.jpg,telegraph_street,east_to_west,n01603,266.25,fitted axis,269.33,-3.1,forward
telegraph_street/east_to_west/004_n01604_W.jpg,telegraph_street,east_to_west,n01604,266.25,fitted axis,263.43,2.8,forward
telegraph_street/east_to_west/005_n01605_W.jpg,telegraph_street,east_to_west,n01605,266.25,fitted axis,276.99,-10.7,forward
telegraph_street/east_to_west/006_n01606_W.jpg,telegraph_street,east_to_west,n01606,266.25,fitted axis,276.99,-10.7,forward
telegraph_street/west_to_east/001_n01606_E.jpg,telegraph_street,west_to_east,n01606,86.25,fitted axis,96.99,-10.7,forward
telegraph_street/west_to_east/002_n01605_E.jpg,telegraph_street,west_to_east,n01605,86.25,fitted axis,83.43,2.8,forward
telegraph_street/west_to_east/003_n01604_E.jpg,telegraph_street,west_to_east,n01604,86.25,fitted axis,89.33,-3.1,forward
telegraph_street/west_to_east/004_n01603_E.jpg,telegraph_street,west_to_east,n01603,86.25,fitted axis,80.63,5.6,forward
telegraph_street/west_to_east/005_n01602_E.jpg,telegraph_street,west_to_east,n01602,86.25,fitted axis,83.28,3.0,forward
telegraph_street/west_to_east/006_n01601_E.jpg,telegraph_street,west_to_east,n01601,86.25,fitted axis,83.28,3.0,forward
threadneedle_street/east_to_west/001_n01620_W.jpg,threadneedle_street,east_to_west,n01620,277.4,re-rendered,275.78,1.6,forward
threadneedle_street/east_to_west/002_n01619_W.jpg,threadneedle_street,east_to_west,n01619,255.82,fitted axis,260.04,-4.2,forward
threadneedle_street/east_to_west/003_n01618_W.jpg,threadneedle_street,east_to_west,n01618,255.82,fitted axis,254.04,1.8,forward
threadneedle_street/east_to_west/004_n01617_W.jpg,threadneedle_street,east_to_west,n01617,255.82,fitted axis,255.07,0.8,forward
threadneedle_street/east_to_west/005_n01616_W.jpg,threadneedle_street,east_to_west,n01616,255.82,fitted axis,253.18,2.6,forward
threadneedle_street/east_to_west/006_n01615_W.jpg,threadneedle_street,east_to_west,n01615,255.82,fitted axis,255.16,0.7,forward
threadneedle_street/east_to_west/007_n01614_W.jpg,threadneedle_street,east_to_west,n01614,255.82,fitted axis,261.37,-5.5,forward
threadneedle_street/east_to_west/008_n01613_W.jpg,threadneedle_street,east_to_west,n01613,255.82,fitted axis,250.05,5.8,forward
threadneedle_street/east_to_west/009_n01612_W.jpg,threadneedle_street,east_to_west,n01612,255.82,fitted axis,258.94,-3.1,forward
threadneedle_street/east_to_west/010_n01611_W.jpg,threadneedle_street,east_to_west,n01611,255.82,fitted axis,251.65,4.2,forward
threadneedle_street/east_to_west/011_n01610_W.jpg,threadneedle_street,east_to_west,n01610,255.82,fitted axis,250.35,5.5,forward
threadneedle_street/east_to_west/012_n01609_W.jpg,threadneedle_street,east_to_west,n01609,255.82,fitted axis,248.08,7.7,forward
threadneedle_street/east_to_west/013_n01608_W.jpg,threadneedle_street,east_to_west,n01608,255.82,fitted axis,278.12,-22.3,forward
threadneedle_street/east_to_west/014_n01607_W.jpg,threadneedle_street,east_to_west,n01607,279.6,re-rendered,278.12,1.5,forward
threadneedle_street/west_to_east/001_n01607_E.jpg,threadneedle_street,west_to_east,n01607,99.6,re-rendered,98.12,1.5,forward
threadneedle_street/west_to_east/002_n01608_E.jpg,threadneedle_street,west_to_east,n01608,75.82,fitted axis,68.08,7.7,forward
threadneedle_street/west_to_east/003_n01609_E.jpg,threadneedle_street,west_to_east,n01609,75.82,fitted axis,70.35,5.5,forward
threadneedle_street/west_to_east/004_n01610_E.jpg,threadneedle_street,west_to_east,n01610,75.82,fitted axis,71.65,4.2,forward
threadneedle_street/west_to_east/005_n01611_E.jpg,threadneedle_street,west_to_east,n01611,75.82,fitted axis,78.94,-3.1,forward
threadneedle_street/west_to_east/006_n01612_E.jpg,threadneedle_street,west_to_east,n01612,75.82,fitted axis,70.05,5.8,forward
threadneedle_street/west_to_east/007_n01613_E.jpg,threadneedle_street,west_to_east,n01613,75.82,fitted axis,81.37,-5.5,forward
threadneedle_street/west_to_east/008_n01614_E.jpg,threadneedle_street,west_to_east,n01614,75.82,fitted axis,75.16,0.7,forward
threadneedle_street/west_to_east/009_n01615_E.jpg,threadneedle_street,west_to_east,n01615,75.82,fitted axis,73.18,2.6,forward
threadneedle_street/west_to_east/010_n01616_E.jpg,threadneedle_street,west_to_east,n01616,75.82,fitted axis,75.07,0.8,forward
threadneedle_street/west_to_east/011_n01617_E.jpg,threadneedle_street,west_to_east,n01617,75.82,fitted axis,74.04,1.8,forward
threadneedle_street/west_to_east/012_n01618_E.jpg,threadneedle_street,west_to_east,n01618,75.82,fitted axis,80.04,-4.2,forward
threadneedle_street/west_to_east/013_n01619_E.jpg,threadneedle_street,west_to_east,n01619,75.82,fitted axis,95.78,-20.0,forward
threadneedle_street/west_to_east/014_n01620_E.jpg,threadneedle_street,west_to_east,n01620,97.4,re-rendered,95.78,1.6,forward
three_barrels_walk/east_to_west/001_n01621_W.jpg,three_barrels_walk,east_to_west,n01621,289.1,fitted axis,280.8,8.3,forward
three_barrels_walk/east_to_west/002_n01622_W.jpg,three_barrels_walk,east_to_west,n01622,289.1,fitted axis,283.37,5.7,forward
three_barrels_walk/east_to_west/003_n01623_W.jpg,three_barrels_walk,east_to_west,n01623,289.1,fitted axis,282.96,6.1,forward
three_barrels_walk/east_to_west/004_n01624_W.jpg,three_barrels_walk,east_to_west,n01624,289.1,fitted axis,313.35,-24.2,forward
three_barrels_walk/east_to_west/005_n01625_W.jpg,three_barrels_walk,east_to_west,n01625,289.1,fitted axis,291.82,-2.7,forward
three_barrels_walk/east_to_west/006_n01626_W.jpg,three_barrels_walk,east_to_west,n01626,289.1,fitted axis,291.82,-2.7,forward
three_barrels_walk/west_to_east/001_n01626_E.jpg,three_barrels_walk,west_to_east,n01626,109.1,fitted axis,111.82,-2.7,forward
three_barrels_walk/west_to_east/002_n01625_E.jpg,three_barrels_walk,west_to_east,n01625,109.1,fitted axis,133.35,-24.2,forward
three_barrels_walk/west_to_east/003_n01624_E.jpg,three_barrels_walk,west_to_east,n01624,109.1,fitted axis,102.96,6.1,forward
three_barrels_walk/west_to_east/004_n01623_E.jpg,three_barrels_walk,west_to_east,n01623,109.1,fitted axis,103.37,5.7,forward
three_barrels_walk/west_to_east/005_n01622_E.jpg,three_barrels_walk,west_to_east,n01622,109.1,fitted axis,100.8,8.3,forward
three_barrels_walk/west_to_east/006_n01621_E.jpg,three_barrels_walk,west_to_east,n01621,109.1,fitted axis,100.8,8.3,forward
three_cranes_walk/east_to_west/001_n01627_W.jpg,three_cranes_walk,east_to_west,n01627,286.29,fitted axis,271.32,15.0,forward
three_cranes_walk/east_to_west/002_n01628_W.jpg,three_cranes_walk,east_to_west,n01628,286.29,fitted axis,293.56,-7.3,forward
three_cranes_walk/east_to_west/003_n01629_W.jpg,three_cranes_walk,east_to_west,n01629,286.29,fitted axis,289.77,-3.5,forward
three_cranes_walk/east_to_west/004_n01630_W.jpg,three_cranes_walk,east_to_west,n01630,286.29,fitted axis,289.77,-3.5,forward
three_cranes_walk/west_to_east/001_n01630_E.jpg,three_cranes_walk,west_to_east,n01630,106.29,fitted axis,109.77,-3.5,forward
three_cranes_walk/west_to_east/002_n01629_E.jpg,three_cranes_walk,west_to_east,n01629,106.29,fitted axis,113.56,-7.3,forward
three_cranes_walk/west_to_east/003_n01628_E.jpg,three_cranes_walk,west_to_east,n01628,106.29,fitted axis,91.32,15.0,forward
three_cranes_walk/west_to_east/004_n01627_E.jpg,three_cranes_walk,west_to_east,n01627,106.29,fitted axis,91.32,15.0,forward
throgmorton_avenue/north_to_south/001_n01636_S.jpg,throgmorton_avenue,north_to_south,n01636,194.19,fitted axis,192.5,1.7,forward
throgmorton_avenue/north_to_south/002_n01633_S.jpg,throgmorton_avenue,north_to_south,n01633,194.19,fitted axis,190.31,3.9,forward
throgmorton_avenue/north_to_south/003_n01632_S.jpg,throgmorton_avenue,north_to_south,n01632,194.19,fitted axis,12.5,-178.3,reverse
throgmorton_avenue/north_to_south/004_n01635_S.jpg,throgmorton_avenue,north_to_south,n01635,194.19,fitted axis,192.5,1.7,forward
throgmorton_avenue/north_to_south/005_n01637_S.jpg,throgmorton_avenue,north_to_south,n01637,194.19,fitted axis,200.52,-6.3,forward
throgmorton_avenue/north_to_south/006_n01631_S.jpg,throgmorton_avenue,north_to_south,n01631,180.0,re-rendered,0.0,-180.0,reverse
throgmorton_avenue/north_to_south/007_n01634_S.jpg,throgmorton_avenue,north_to_south,n01634,202.0,re-rendered,0.0,-158.0,reverse
throgmorton_avenue/south_to_north/001_n01631_N.jpg,throgmorton_avenue,south_to_north,n01631,0.0,re-rendered,0.0,0.0,forward
throgmorton_avenue/south_to_north/002_n01634_N.jpg,throgmorton_avenue,south_to_north,n01634,22.0,re-rendered,20.52,1.5,forward
throgmorton_avenue/south_to_north/003_n01637_N.jpg,throgmorton_avenue,south_to_north,n01637,14.19,fitted axis,20.52,-6.3,forward
throgmorton_avenue/south_to_north/004_n01632_N.jpg,throgmorton_avenue,south_to_north,n01632,14.19,fitted axis,10.31,3.9,forward
throgmorton_avenue/south_to_north/005_n01635_N.jpg,throgmorton_avenue,south_to_north,n01635,14.19,fitted axis,12.5,1.7,forward
throgmorton_avenue/south_to_north/006_n01633_N.jpg,throgmorton_avenue,south_to_north,n01633,14.19,fitted axis,190.31,-176.1,reverse
throgmorton_avenue/south_to_north/007_n01636_N.jpg,throgmorton_avenue,south_to_north,n01636,14.19,fitted axis,12.5,1.7,forward
throgmorton_street/east_to_west/001_n01646_W.jpg,throgmorton_street,east_to_west,n01646,294.1,re-rendered,292.79,1.3,forward
throgmorton_street/east_to_west/002_n01645_W.jpg,throgmorton_street,east_to_west,n01645,294.1,re-rendered,270.08,24.0,forward
throgmorton_street/east_to_west/003_n01644_W.jpg,throgmorton_street,east_to_west,n01644,258.72,fitted axis,264.61,-5.9,forward
throgmorton_street/east_to_west/004_n01643_W.jpg,throgmorton_street,east_to_west,n01643,258.72,fitted axis,249.48,9.2,forward
throgmorton_street/east_to_west/005_n01642_W.jpg,throgmorton_street,east_to_west,n01642,258.72,fitted axis,257.66,1.1,forward
throgmorton_street/east_to_west/006_n01641_W.jpg,throgmorton_street,east_to_west,n01641,258.72,fitted axis,245.34,13.4,forward
throgmorton_street/east_to_west/007_n01640_W.jpg,throgmorton_street,east_to_west,n01640,258.72,fitted axis,252.99,5.7,forward
throgmorton_street/east_to_west/008_n01639_W.jpg,throgmorton_street,east_to_west,n01639,258.72,fitted axis,238.92,19.8,forward
throgmorton_street/east_to_west/009_n01638_W.jpg,throgmorton_street,east_to_west,n01638,240.7,re-rendered,238.92,1.8,forward
throgmorton_street/west_to_east/001_n01638_E.jpg,throgmorton_street,west_to_east,n01638,60.7,re-rendered,58.92,1.8,forward
throgmorton_street/west_to_east/002_n01639_E.jpg,throgmorton_street,west_to_east,n01639,78.72,fitted axis,72.99,5.7,forward
throgmorton_street/west_to_east/003_n01640_E.jpg,throgmorton_street,west_to_east,n01640,78.72,fitted axis,65.34,13.4,forward
throgmorton_street/west_to_east/004_n01641_E.jpg,throgmorton_street,west_to_east,n01641,78.72,fitted axis,77.66,1.1,forward
throgmorton_street/west_to_east/005_n01642_E.jpg,throgmorton_street,west_to_east,n01642,78.72,fitted axis,69.48,9.2,forward
throgmorton_street/west_to_east/006_n01643_E.jpg,throgmorton_street,west_to_east,n01643,78.72,fitted axis,84.61,-5.9,forward
throgmorton_street/west_to_east/007_n01644_E.jpg,throgmorton_street,west_to_east,n01644,78.72,fitted axis,90.08,-11.4,forward
throgmorton_street/west_to_east/008_n01645_E.jpg,throgmorton_street,west_to_east,n01645,114.1,re-rendered,112.79,1.3,forward
throgmorton_street/west_to_east/009_n01646_E.jpg,throgmorton_street,west_to_east,n01646,114.1,re-rendered,112.79,1.3,forward
tokenhouse_yard/north_to_south/001_n01652_S.jpg,tokenhouse_yard,north_to_south,n01652,231.5,re-rendered,230.16,1.3,forward
tokenhouse_yard/north_to_south/002_n01651_S.jpg,tokenhouse_yard,north_to_south,n01651,231.5,re-rendered,183.17,48.3,forward
tokenhouse_yard/north_to_south/003_n01650_S.jpg,tokenhouse_yard,north_to_south,n01650,186.57,fitted axis,181.98,4.6,forward
tokenhouse_yard/north_to_south/004_n01649_S.jpg,tokenhouse_yard,north_to_south,n01649,186.57,fitted axis,180.57,6.0,forward
tokenhouse_yard/north_to_south/005_n01648_S.jpg,tokenhouse_yard,north_to_south,n01648,186.57,fitted axis,185.3,1.3,forward
tokenhouse_yard/north_to_south/006_n01647_S.jpg,tokenhouse_yard,north_to_south,n01647,186.57,fitted axis,185.3,1.3,forward
tokenhouse_yard/south_to_north/001_n01647_N.jpg,tokenhouse_yard,south_to_north,n01647,6.57,fitted axis,5.3,1.3,forward
tokenhouse_yard/south_to_north/002_n01648_N.jpg,tokenhouse_yard,south_to_north,n01648,6.57,fitted axis,0.57,6.0,forward
tokenhouse_yard/south_to_north/003_n01649_N.jpg,tokenhouse_yard,south_to_north,n01649,6.57,fitted axis,1.98,4.6,forward
tokenhouse_yard/south_to_north/004_n01650_N.jpg,tokenhouse_yard,south_to_north,n01650,6.57,fitted axis,3.17,3.4,forward
tokenhouse_yard/south_to_north/005_n01651_N.jpg,tokenhouse_yard,south_to_north,n01651,51.5,re-rendered,50.16,1.3,forward
tokenhouse_yard/south_to_north/006_n01652_N.jpg,tokenhouse_yard,south_to_north,n01652,51.5,re-rendered,50.16,1.3,forward
trig_lane/east_to_west/001_n01653_W.jpg,trig_lane,east_to_west,n01653,0.0,re-rendered,0.0,0.0,forward
trig_lane/east_to_west/002_n01654_W.jpg,trig_lane,east_to_west,n01654,0.0,re-rendered,0.0,0.0,forward
trig_lane/west_to_east/001_n01653_E.jpg,trig_lane,west_to_east,n01653,0.0,re-rendered,0.0,0.0,forward
trig_lane/west_to_east/002_n01654_E.jpg,trig_lane,west_to_east,n01654,0.0,re-rendered,0.0,0.0,forward
trump_street/east_to_west/001_n01655_W.jpg,trump_street,east_to_west,n01655,273.52,fitted axis,277.33,-3.8,forward
trump_street/east_to_west/002_n01656_W.jpg,trump_street,east_to_west,n01656,273.52,fitted axis,274.21,-0.7,forward
trump_street/east_to_west/003_n01657_W.jpg,trump_street,east_to_west,n01657,273.52,fitted axis,268.82,4.7,forward
trump_street/east_to_west/004_n01658_W.jpg,trump_street,east_to_west,n01658,273.52,fitted axis,268.82,4.7,forward
trump_street/west_to_east/001_n01658_E.jpg,trump_street,west_to_east,n01658,93.52,fitted axis,88.82,4.7,forward
trump_street/west_to_east/002_n01657_E.jpg,trump_street,west_to_east,n01657,93.52,fitted axis,94.21,-0.7,forward
trump_street/west_to_east/003_n01656_E.jpg,trump_street,west_to_east,n01656,93.52,fitted axis,97.33,-3.8,forward
trump_street/west_to_east/004_n01655_E.jpg,trump_street,west_to_east,n01655,93.52,fitted axis,97.33,-3.8,forward
undershaft/east_to_west/001_n01666_W.jpg,undershaft,east_to_west,n01666,284.4,re-rendered,282.83,1.6,forward
undershaft/east_to_west/002_n01665_W.jpg,undershaft,east_to_west,n01665,284.4,re-rendered,268.13,16.3,forward
undershaft/east_to_west/003_n01664_W.jpg,undershaft,east_to_west,n01664,242.74,fitted axis,268.5,-25.8,forward
undershaft/east_to_west/004_n01663_W.jpg,undershaft,east_to_west,n01663,242.74,fitted axis,226.01,16.7,forward
undershaft/east_to_west/005_n01662_W.jpg,undershaft,east_to_west,n01662,227.5,re-rendered,234.63,-7.1,forward
undershaft/east_to_west/006_n01661_W.jpg,undershaft,east_to_west,n01661,242.74,fitted axis,221.79,20.9,forward
undershaft/east_to_west/007_n01660_W.jpg,undershaft,east_to_west,n01660,223.4,re-rendered,205.43,18.0,forward
undershaft/east_to_west/008_n01659_W.jpg,undershaft,east_to_west,n01659,207.2,re-rendered,205.43,1.8,forward
undershaft/west_to_east/001_n01659_E.jpg,undershaft,west_to_east,n01659,27.2,re-rendered,25.43,1.8,forward
undershaft/west_to_east/002_n01660_E.jpg,undershaft,west_to_east,n01660,43.4,re-rendered,41.79,1.6,forward
undershaft/west_to_east/003_n01661_E.jpg,undershaft,west_to_east,n01661,62.74,fitted axis,54.63,8.1,forward
undershaft/west_to_east/004_n01662_E.jpg,undershaft,west_to_east,n01662,47.5,re-rendered,46.01,1.5,forward
undershaft/west_to_east/005_n01663_E.jpg,undershaft,west_to_east,n01663,62.74,fitted axis,88.5,-25.8,forward
undershaft/west_to_east/006_n01664_E.jpg,undershaft,west_to_east,n01664,62.74,fitted axis,88.13,-25.4,forward
undershaft/west_to_east/007_n01665_E.jpg,undershaft,west_to_east,n01665,104.4,re-rendered,102.83,1.6,forward
undershaft/west_to_east/008_n01666_E.jpg,undershaft,west_to_east,n01666,104.4,re-rendered,102.83,1.6,forward
upper_thames_street/east_to_west/001_n01667_W.jpg,upper_thames_street,east_to_west,n01667,284.03,fitted axis,280.71,3.3,forward
upper_thames_street/east_to_west/002_n01668_W.jpg,upper_thames_street,east_to_west,n01668,284.03,fitted axis,282.28,1.7,forward
upper_thames_street/east_to_west/003_n01672_W.jpg,upper_thames_street,east_to_west,n01672,284.03,fitted axis,284.39,-0.4,forward
upper_thames_street/east_to_west/004_n01673_W.jpg,upper_thames_street,east_to_west,n01673,261.4,re-rendered,259.76,1.6,forward
upper_thames_street/east_to_west/005_n01677_W.jpg,upper_thames_street,east_to_west,n01677,284.03,fitted axis,279.34,4.7,forward
upper_thames_street/east_to_west/006_n01678_W.jpg,upper_thames_street,east_to_west,n01678,284.03,fitted axis,259.76,24.3,forward
upper_thames_street/east_to_west/007_n01682_W.jpg,upper_thames_street,east_to_west,n01682,284.03,fitted axis,283.26,0.8,forward
upper_thames_street/east_to_west/008_n01669_W.jpg,upper_thames_street,east_to_west,n01669,305.2,re-rendered,303.87,1.3,forward
upper_thames_street/east_to_west/009_n01686_W.jpg,upper_thames_street,east_to_west,n01686,284.03,fitted axis,283.17,0.9,forward
upper_thames_street/east_to_west/010_n01690_W.jpg,upper_thames_street,east_to_west,n01690,284.03,fitted axis,292.59,-8.6,forward
upper_thames_street/east_to_west/011_n01674_W.jpg,upper_thames_street,east_to_west,n01674,284.03,fitted axis,290.71,-6.7,forward
upper_thames_street/east_to_west/012_n01679_W.jpg,upper_thames_street,east_to_west,n01679,284.03,fitted axis,293.61,-9.6,forward
upper_thames_street/east_to_west/013_n01694_W.jpg,upper_thames_street,east_to_west,n01694,284.03,fitted axis,291.37,-7.3,forward
upper_thames_street/east_to_west/014_n01697_W.jpg,upper_thames_street,east_to_west,n01697,284.03,fitted axis,292.69,-8.7,forward
upper_thames_street/east_to_west/015_n01683_W.jpg,upper_thames_street,east_to_west,n01683,284.03,fitted axis,293.8,-9.8,forward
upper_thames_street/east_to_west/016_n01700_W.jpg,upper_thames_street,east_to_west,n01700,284.03,fitted axis,293.03,-9.0,forward
upper_thames_street/east_to_west/017_n01687_W.jpg,upper_thames_street,east_to_west,n01687,284.03,fitted axis,295.95,-11.9,forward
upper_thames_street/east_to_west/018_n01703_W.jpg,upper_thames_street,east_to_west,n01703,284.03,fitted axis,292.5,-8.5,forward
upper_thames_street/east_to_west/019_n01691_W.jpg,upper_thames_street,east_to_west,n01691,284.03,fitted axis,295.95,-11.9,forward
upper_thames_street/east_to_west/020_n01706_W.jpg,upper_thames_street,east_to_west,n01706,284.03,fitted axis,289.87,-5.8,forward
upper_thames_street/east_to_west/021_n01709_W.jpg,upper_thames_street,east_to_west,n01709,284.03,fitted axis,289.87,-5.8,forward
upper_thames_street/east_to_west/022_n01670_W.jpg,upper_thames_street,east_to_west,n01670,284.03,fitted axis,234.55,49.5,forward
upper_thames_street/east_to_west/023_n01671_W.jpg,upper_thames_street,east_to_west,n01671,284.03,fitted axis,308.45,-24.4,forward
upper_thames_street/east_to_west/024_n01675_W.jpg,upper_thames_street,east_to_west,n01675,284.03,fitted axis,223.95,60.1,forward
upper_thames_street/east_to_west/025_n01676_W.jpg,upper_thames_street,east_to_west,n01676,284.03,fitted axis,310.71,-26.7,forward
upper_thames_street/east_to_west/026_n01680_W.jpg,upper_thames_street,east_to_west,n01680,284.03,fitted axis,228.06,56.0,forward
upper_thames_street/east_to_west/027_n01681_W.jpg,upper_thames_street,east_to_west,n01681,284.03,fitted axis,310.99,-27.0,forward
upper_thames_street/east_to_west/028_n01684_W.jpg,upper_thames_street,east_to_west,n01684,284.03,fitted axis,226.1,57.9,forward
upper_thames_street/east_to_west/029_n01685_W.jpg,upper_thames_street,east_to_west,n01685,284.03,fitted axis,309.57,-25.5,forward
upper_thames_street/east_to_west/030_n01688_W.jpg,upper_thames_street,east_to_west,n01688,284.03,fitted axis,222.69,61.3,forward
upper_thames_street/east_to_west/031_n01689_W.jpg,upper_thames_street,east_to_west,n01689,284.03,fitted axis,310.69,-26.7,forward
upper_thames_street/east_to_west/032_n01692_W.jpg,upper_thames_street,east_to_west,n01692,284.03,fitted axis,233.94,50.1,forward
upper_thames_street/east_to_west/033_n01693_W.jpg,upper_thames_street,east_to_west,n01693,284.03,fitted axis,313.63,-29.6,forward
upper_thames_street/east_to_west/034_n01695_W.jpg,upper_thames_street,east_to_west,n01695,284.03,fitted axis,235.52,48.5,forward
upper_thames_street/east_to_west/035_n01696_W.jpg,upper_thames_street,east_to_west,n01696,284.03,fitted axis,310.59,-26.6,forward
upper_thames_street/east_to_west/036_n01698_W.jpg,upper_thames_street,east_to_west,n01698,284.03,fitted axis,233.61,50.4,forward
upper_thames_street/east_to_west/037_n01699_W.jpg,upper_thames_street,east_to_west,n01699,284.03,fitted axis,279.91,4.1,forward
upper_thames_street/east_to_west/038_n01702_W.jpg,upper_thames_street,east_to_west,n01702,284.03,fitted axis,342.96,-58.9,forward
upper_thames_street/east_to_west/039_n01701_W.jpg,upper_thames_street,east_to_west,n01701,284.03,fitted axis,255.08,29.0,forward
upper_thames_street/east_to_west/040_n01705_W.jpg,upper_thames_street,east_to_west,n01705,284.03,fitted axis,346.06,-62.0,forward
upper_thames_street/east_to_west/041_n01704_W.jpg,upper_thames_street,east_to_west,n01704,284.03,fitted axis,283.9,0.1,forward
upper_thames_street/east_to_west/042_n01707_W.jpg,upper_thames_street,east_to_west,n01707,284.03,fitted axis,210.86,73.2,forward
upper_thames_street/east_to_west/043_n01708_W.jpg,upper_thames_street,east_to_west,n01708,284.03,fitted axis,312.59,-28.6,forward
upper_thames_street/east_to_west/044_n01710_W.jpg,upper_thames_street,east_to_west,n01710,284.03,fitted axis,216.32,67.7,forward
upper_thames_street/east_to_west/045_n01711_W.jpg,upper_thames_street,east_to_west,n01711,284.03,fitted axis,311.95,-27.9,forward
upper_thames_street/east_to_west/046_n01712_W.jpg,upper_thames_street,east_to_west,n01712,284.03,fitted axis,216.18,67.8,forward
upper_thames_street/east_to_west/047_n01713_W.jpg,upper_thames_street,east_to_west,n01713,284.03,fitted axis,313.19,-29.2,forward
upper_thames_street/east_to_west/048_n01714_W.jpg,upper_thames_street,east_to_west,n01714,284.03,fitted axis,218.01,66.0,forward
upper_thames_street/east_to_west/049_n01715_W.jpg,upper_thames_street,east_to_west,n01715,284.03,fitted axis,309.69,-25.7,forward
upper_thames_street/east_to_west/050_n01716_W.jpg,upper_thames_street,east_to_west,n01716,284.03,fitted axis,209.29,74.7,forward
upper_thames_street/east_to_west/051_n01717_W.jpg,upper_thames_street,east_to_west,n01717,284.03,fitted axis,282.94,1.1,forward
upper_thames_street/east_to_west/052_n01719_W.jpg,upper_thames_street,east_to_west,n01719,284.03,fitted axis,5.62,-81.6,forward
upper_thames_street/east_to_west/053_n01718_W.jpg,upper_thames_street,east_to_west,n01718,284.03,fitted axis,242.4,41.6,forward
upper_thames_street/east_to_west/054_n01721_W.jpg,upper_thames_street,east_to_west,n01721,284.03,fitted axis,338.94,-54.9,forward
upper_thames_street/east_to_west/055_n01720_W.jpg,upper_thames_street,east_to_west,n01720,284.03,fitted axis,244.67,39.4,forward
upper_thames_street/east_to_west/056_n01723_W.jpg,upper_thames_street,east_to_west,n01723,284.03,fitted axis,337.05,-53.0,forward
upper_thames_street/east_to_west/057_n01722_W.jpg,upper_thames_street,east_to_west,n01722,284.03,fitted axis,245.64,38.4,forward
upper_thames_street/east_to_west/058_n01725_W.jpg,upper_thames_street,east_to_west,n01725,284.03,fitted axis,322.83,-38.8,forward
upper_thames_street/east_to_west/059_n01724_W.jpg,upper_thames_street,east_to_west,n01724,258.4,re-rendered,256.7,1.7,forward
upper_thames_street/east_to_west/060_n01726_W.jpg,upper_thames_street,east_to_west,n01726,284.03,fitted axis,0.0,-76.0,forward
upper_thames_street/east_to_west/061_n01727_W.jpg,upper_thames_street,east_to_west,n01727,284.03,fitted axis,289.12,-5.1,forward
upper_thames_street/east_to_west/062_n01728_W.jpg,upper_thames_street,east_to_west,n01728,284.03,fitted axis,217.95,66.1,forward
upper_thames_street/east_to_west/063_n01729_W.jpg,upper_thames_street,east_to_west,n01729,263.4,re-rendered,217.95,45.5,forward
upper_thames_street/west_to_east/001_n01729_E.jpg,upper_thames_street,west_to_east,n01729,83.4,re-rendered,37.95,45.5,forward
upper_thames_street/west_to_east/002_n01728_E.jpg,upper_thames_street,west_to_east,n01728,104.03,fitted axis,109.12,-5.1,forward
upper_thames_street/west_to_east/003_n01726_E.jpg,upper_thames_street,west_to_east,n01726,104.03,fitted axis,0.0,104.0,reverse
upper_thames_street/west_to_east/004_n01727_E.jpg,upper_thames_street,west_to_east,n01727,104.03,fitted axis,76.7,27.3,forward
upper_thames_street/west_to_east/005_n01724_E.jpg,upper_thames_street,west_to_east,n01724,78.4,re-rendered,142.83,-64.4,forward
upper_thames_street/west_to_east/006_n01725_E.jpg,upper_thames_street,west_to_east,n01725,104.03,fitted axis,65.64,38.4,forward
upper_thames_street/west_to_east/007_n01722_E.jpg,upper_thames_street,west_to_east,n01722,104.03,fitted axis,157.05,-53.0,forward
upper_thames_street/west_to_east/008_n01723_E.jpg,upper_thames_street,west_to_east,n01723,104.03,fitted axis,64.67,39.4,forward
upper_thames_street/west_to_east/009_n01720_E.jpg,upper_thames_street,west_to_east,n01720,104.03,fitted axis,158.94,-54.9,forward
upper_thames_street/west_to_east/010_n01721_E.jpg,upper_thames_street,west_to_east,n01721,104.03,fitted axis,84.91,19.1,forward
upper_thames_street/west_to_east/011_n01718_E.jpg,upper_thames_street,west_to_east,n01718,104.03,fitted axis,92.32,11.7,forward
upper_thames_street/west_to_east/012_n01719_E.jpg,upper_thames_street,west_to_east,n01719,104.03,fitted axis,5.62,98.4,reverse
upper_thames_street/west_to_east/013_n01717_E.jpg,upper_thames_street,west_to_east,n01717,104.03,fitted axis,75.8,28.2,forward
upper_thames_street/west_to_east/014_n01716_E.jpg,upper_thames_street,west_to_east,n01716,104.03,fitted axis,209.29,-105.3,reverse
upper_thames_street/west_to_east/015_n01715_E.jpg,upper_thames_street,west_to_east,n01715,104.03,fitted axis,78.14,25.9,forward
upper_thames_street/west_to_east/016_n01714_E.jpg,upper_thames_street,west_to_east,n01714,104.03,fitted axis,218.01,-114.0,reverse
upper_thames_street/west_to_east/017_n01713_E.jpg,upper_thames_street,west_to_east,n01713,104.03,fitted axis,79.04,25.0,forward
upper_thames_street/west_to_east/018_n01712_E.jpg,upper_thames_street,west_to_east,n01712,104.03,fitted axis,216.18,-112.2,reverse
upper_thames_street/west_to_east/019_n01711_E.jpg,upper_thames_street,west_to_east,n01711,104.03,fitted axis,80.45,23.6,forward
upper_thames_street/west_to_east/020_n01710_E.jpg,upper_thames_street,west_to_east,n01710,104.03,fitted axis,216.32,-112.3,reverse
upper_thames_street/west_to_east/021_n01708_E.jpg,upper_thames_street,west_to_east,n01708,104.03,fitted axis,100.15,3.9,forward
upper_thames_street/west_to_east/022_n01707_E.jpg,upper_thames_street,west_to_east,n01707,104.03,fitted axis,210.86,-106.8,reverse
upper_thames_street/west_to_east/023_n01704_E.jpg,upper_thames_street,west_to_east,n01704,104.03,fitted axis,116.0,-12.0,forward
upper_thames_street/west_to_east/024_n01705_E.jpg,upper_thames_street,west_to_east,n01705,104.03,fitted axis,346.06,118.0,reverse
upper_thames_street/west_to_east/025_n01701_E.jpg,upper_thames_street,west_to_east,n01701,104.03,fitted axis,102.76,1.3,forward
upper_thames_street/west_to_east/026_n01702_E.jpg,upper_thames_street,west_to_east,n01702,104.03,fitted axis,342.96,121.1,reverse
upper_thames_street/west_to_east/027_n01699_E.jpg,upper_thames_street,west_to_east,n01699,104.03,fitted axis,89.85,14.2,forward
upper_thames_street/west_to_east/028_n01698_E.jpg,upper_thames_street,west_to_east,n01698,104.03,fitted axis,233.61,-129.6,reverse
upper_thames_street/west_to_east/029_n01696_E.jpg,upper_thames_street,west_to_east,n01696,104.03,fitted axis,89.46,14.6,forward
upper_thames_street/west_to_east/030_n01695_E.jpg,upper_thames_street,west_to_east,n01695,104.03,fitted axis,235.52,-131.5,reverse
upper_thames_street/west_to_east/031_n01693_E.jpg,upper_thames_street,west_to_east,n01693,104.03,fitted axis,87.73,16.3,forward
upper_thames_street/west_to_east/032_n01692_E.jpg,upper_thames_street,west_to_east,n01692,104.03,fitted axis,233.94,-129.9,reverse
upper_thames_street/west_to_east/033_n01689_E.jpg,upper_thames_street,west_to_east,n01689,104.03,fitted axis,107.03,-3.0,forward
upper_thames_street/west_to_east/034_n01688_E.jpg,upper_thames_street,west_to_east,n01688,104.03,fitted axis,222.69,-118.7,reverse
upper_thames_street/west_to_east/035_n01685_E.jpg,upper_thames_street,west_to_east,n01685,104.03,fitted axis,46.1,57.9,forward
upper_thames_street/west_to_east/036_n01684_E.jpg,upper_thames_street,west_to_east,n01684,104.03,fitted axis,130.99,-27.0,forward
upper_thames_street/west_to_east/037_n01681_E.jpg,upper_thames_street,west_to_east,n01681,104.03,fitted axis,48.06,56.0,forward
upper_thames_street/west_to_east/038_n01680_E.jpg,upper_thames_street,west_to_east,n01680,104.03,fitted axis,130.71,-26.7,forward
upper_thames_street/west_to_east/039_n01676_E.jpg,upper_thames_street,west_to_east,n01676,104.03,fitted axis,43.95,60.1,forward
upper_thames_street/west_to_east/040_n01675_E.jpg,upper_thames_street,west_to_east,n01675,104.03,fitted axis,103.73,0.3,forward
upper_thames_street/west_to_east/041_n01671_E.jpg,upper_thames_street,west_to_east,n01671,104.03,fitted axis,234.55,-130.5,reverse
upper_thames_street/west_to_east/042_n01670_E.jpg,upper_thames_street,west_to_east,n01670,104.03,fitted axis,234.55,-130.5,reverse
upper_thames_street/west_to_east/043_n01709_E.jpg,upper_thames_street,west_to_east,n01709,104.03,fitted axis,109.87,-5.8,forward
upper_thames_street/west_to_east/044_n01706_E.jpg,upper_thames_street,west_to_east,n01706,104.03,fitted axis,112.5,-8.5,forward
upper_thames_street/west_to_east/045_n01691_E.jpg,upper_thames_street,west_to_east,n01691,104.03,fitted axis,115.95,-11.9,forward
upper_thames_street/west_to_east/046_n01703_E.jpg,upper_thames_street,west_to_east,n01703,104.03,fitted axis,113.03,-9.0,forward
upper_thames_street/west_to_east/047_n01687_E.jpg,upper_thames_street,west_to_east,n01687,104.03,fitted axis,113.8,-9.8,forward
upper_thames_street/west_to_east/048_n01700_E.jpg,upper_thames_street,west_to_east,n01700,104.03,fitted axis,112.69,-8.7,forward
upper_thames_street/west_to_east/049_n01683_E.jpg,upper_thames_street,west_to_east,n01683,104.03,fitted axis,113.61,-9.6,forward
upper_thames_street/west_to_east/050_n01697_E.jpg,upper_thames_street,west_to_east,n01697,104.03,fitted axis,111.37,-7.3,forward
upper_thames_street/west_to_east/051_n01694_E.jpg,upper_thames_street,west_to_east,n01694,104.03,fitted axis,112.59,-8.6,forward
upper_thames_street/west_to_east/052_n01679_E.jpg,upper_thames_street,west_to_east,n01679,104.03,fitted axis,110.71,-6.7,forward
upper_thames_street/west_to_east/053_n01674_E.jpg,upper_thames_street,west_to_east,n01674,104.03,fitted axis,123.87,-19.8,forward
upper_thames_street/west_to_east/054_n01690_E.jpg,upper_thames_street,west_to_east,n01690,104.03,fitted axis,103.17,0.9,forward
upper_thames_street/west_to_east/055_n01669_E.jpg,upper_thames_street,west_to_east,n01669,125.2,re-rendered,123.87,1.3,forward
upper_thames_street/west_to_east/056_n01686_E.jpg,upper_thames_street,west_to_east,n01686,104.03,fitted axis,103.26,0.8,forward
upper_thames_street/west_to_east/057_n01682_E.jpg,upper_thames_street,west_to_east,n01682,104.03,fitted axis,99.34,4.7,forward
upper_thames_street/west_to_east/058_n01677_E.jpg,upper_thames_street,west_to_east,n01677,104.03,fitted axis,104.39,-0.4,forward
upper_thames_street/west_to_east/059_n01678_E.jpg,upper_thames_street,west_to_east,n01678,104.03,fitted axis,79.76,24.3,forward
upper_thames_street/west_to_east/060_n01673_E.jpg,upper_thames_street,west_to_east,n01673,81.4,re-rendered,102.28,-20.9,forward
upper_thames_street/west_to_east/061_n01672_E.jpg,upper_thames_street,west_to_east,n01672,104.03,fitted axis,100.71,3.3,forward
upper_thames_street/west_to_east/062_n01668_E.jpg,upper_thames_street,west_to_east,n01668,104.03,fitted axis,102.28,1.7,forward
upper_thames_street/west_to_east/063_n01667_E.jpg,upper_thames_street,west_to_east,n01667,104.03,fitted axis,100.71,3.3,forward
walbrook/north_to_south/001_n01739_S.jpg,walbrook,north_to_south,n01739,200.35,fitted axis,197.05,3.3,forward
walbrook/north_to_south/002_n01738_S.jpg,walbrook,north_to_south,n01738,200.35,fitted axis,251.72,-51.4,forward
walbrook/north_to_south/003_n01737_S.jpg,walbrook,north_to_south,n01737,253.3,re-rendered,197.61,55.7,forward
walbrook/north_to_south/004_n01736_S.jpg,walbrook,north_to_south,n01736,200.35,fitted axis,199.76,0.6,forward
walbrook/north_to_south/005_n01735_S.jpg,walbrook,north_to_south,n01735,200.35,fitted axis,198.07,2.3,forward
walbrook/north_to_south/006_n01734_S.jpg,walbrook,north_to_south,n01734,200.35,fitted axis,199.14,1.2,forward
walbrook/north_to_south/007_n01733_S.jpg,walbrook,north_to_south,n01733,200.35,fitted axis,198.21,2.1,forward
walbrook/north_to_south/008_n01732_S.jpg,walbrook,north_to_south,n01732,200.35,fitted axis,197.15,3.2,forward
walbrook/north_to_south/009_n01731_S.jpg,walbrook,north_to_south,n01731,200.35,fitted axis,187.33,13.0,forward
walbrook/north_to_south/010_n01730_S.jpg,walbrook,north_to_south,n01730,200.35,fitted axis,187.33,13.0,forward
walbrook/south_to_north/001_n01730_N.jpg,walbrook,south_to_north,n01730,20.35,fitted axis,7.33,13.0,forward
walbrook/south_to_north/002_n01731_N.jpg,walbrook,south_to_north,n01731,20.35,fitted axis,17.15,3.2,forward
walbrook/south_to_north/003_n01732_N.jpg,walbrook,south_to_north,n01732,20.35,fitted axis,18.21,2.1,forward
walbrook/south_to_north/004_n01733_N.jpg,walbrook,south_to_north,n01733,20.35,fitted axis,19.14,1.2,forward
walbrook/south_to_north/005_n01734_N.jpg,walbrook,south_to_north,n01734,20.35,fitted axis,18.07,2.3,forward
walbrook/south_to_north/006_n01735_N.jpg,walbrook,south_to_north,n01735,20.35,fitted axis,19.76,0.6,forward
walbrook/south_to_north/007_n01736_N.jpg,walbrook,south_to_north,n01736,20.35,fitted axis,17.61,2.7,forward
walbrook/south_to_north/008_n01737_N.jpg,walbrook,south_to_north,n01737,73.3,re-rendered,71.72,1.6,forward
walbrook/south_to_north/009_n01738_N.jpg,walbrook,south_to_north,n01738,20.35,fitted axis,17.05,3.3,forward
walbrook/south_to_north/010_n01739_N.jpg,walbrook,south_to_north,n01739,20.35,fitted axis,17.05,3.3,forward
walbrook_wharf/east_to_west/001_n01740_W.jpg,walbrook_wharf,east_to_west,n01740,301.16,fitted axis,303.71,-2.6,forward
walbrook_wharf/east_to_west/002_n01741_W.jpg,walbrook_wharf,east_to_west,n01741,301.16,fitted axis,297.6,3.6,forward
walbrook_wharf/east_to_west/003_n01742_W.jpg,walbrook_wharf,east_to_west,n01742,301.16,fitted axis,297.6,3.6,forward
walbrook_wharf/west_to_east/001_n01742_E.jpg,walbrook_wharf,west_to_east,n01742,121.16,fitted axis,117.6,3.6,forward
walbrook_wharf/west_to_east/002_n01741_E.jpg,walbrook_wharf,west_to_east,n01741,121.16,fitted axis,123.71,-2.6,forward
walbrook_wharf/west_to_east/003_n01740_E.jpg,walbrook_wharf,west_to_east,n01740,121.16,fitted axis,123.71,-2.6,forward
water_lane/north_to_south/001_n01745_S.jpg,water_lane,north_to_south,n01745,193.53,fitted axis,200.96,-7.4,forward
water_lane/north_to_south/002_n01744_S.jpg,water_lane,north_to_south,n01744,193.53,fitted axis,186.09,7.4,forward
water_lane/north_to_south/003_n01743_S.jpg,water_lane,north_to_south,n01743,193.53,fitted axis,186.09,7.4,forward
water_lane/south_to_north/001_n01743_N.jpg,water_lane,south_to_north,n01743,13.53,fitted axis,6.09,7.4,forward
water_lane/south_to_north/002_n01744_N.jpg,water_lane,south_to_north,n01744,13.53,fitted axis,20.96,-7.4,forward
water_lane/south_to_north/003_n01745_N.jpg,water_lane,south_to_north,n01745,13.53,fitted axis,20.96,-7.4,forward
watling_court/north_to_south/001_n01748_S.jpg,watling_court,north_to_south,n01748,178.57,fitted axis,186.42,-7.9,forward
watling_court/north_to_south/002_n01747_S.jpg,watling_court,north_to_south,n01747,178.57,fitted axis,158.29,20.3,forward
watling_court/north_to_south/003_n01746_S.jpg,watling_court,north_to_south,n01746,159.3,re-rendered,158.29,1.0,forward
watling_court/south_to_north/001_n01746_N.jpg,watling_court,south_to_north,n01746,339.3,re-rendered,338.29,1.0,forward
watling_court/south_to_north/002_n01747_N.jpg,watling_court,south_to_north,n01747,358.57,fitted axis,6.42,-7.9,forward
watling_court/south_to_north/003_n01748_N.jpg,watling_court,south_to_north,n01748,358.57,fitted axis,6.42,-7.9,forward
watling_street/east_to_west/001_n01749_W.jpg,watling_street,east_to_west,n01749,284.36,fitted axis,281.21,3.1,forward
watling_street/east_to_west/002_n01750_W.jpg,watling_street,east_to_west,n01750,284.36,fitted axis,293.37,-9.0,forward
watling_street/east_to_west/003_n01751_W.jpg,watling_street,east_to_west,n01751,284.36,fitted axis,292.09,-7.7,forward
watling_street/east_to_west/004_n01752_W.jpg,watling_street,east_to_west,n01752,284.36,fitted axis,290.34,-6.0,forward
watling_street/east_to_west/005_n01753_W.jpg,watling_street,east_to_west,n01753,284.36,fitted axis,281.94,2.4,forward
watling_street/east_to_west/006_n01754_W.jpg,watling_street,east_to_west,n01754,284.36,fitted axis,286.9,-2.5,forward
watling_street/east_to_west/007_n01755_W.jpg,watling_street,east_to_west,n01755,284.36,fitted axis,283.64,0.7,forward
watling_street/east_to_west/008_n01756_W.jpg,watling_street,east_to_west,n01756,284.36,fitted axis,282.11,2.2,forward
watling_street/east_to_west/009_n01757_W.jpg,watling_street,east_to_west,n01757,284.36,fitted axis,280.66,3.7,forward
watling_street/east_to_west/010_n01758_W.jpg,watling_street,east_to_west,n01758,284.36,fitted axis,282.61,1.7,forward
watling_street/east_to_west/011_n01759_W.jpg,watling_street,east_to_west,n01759,284.36,fitted axis,281.7,2.7,forward
watling_street/east_to_west/012_n01760_W.jpg,watling_street,east_to_west,n01760,284.36,fitted axis,278.16,6.2,forward
watling_street/east_to_west/013_n01761_W.jpg,watling_street,east_to_west,n01761,284.36,fitted axis,278.15,6.2,forward
watling_street/east_to_west/014_n01762_W.jpg,watling_street,east_to_west,n01762,284.36,fitted axis,278.15,6.2,forward
watling_street/west_to_east/001_n01762_E.jpg,watling_street,west_to_east,n01762,104.36,fitted axis,98.15,6.2,forward
watling_street/west_to_east/002_n01761_E.jpg,watling_street,west_to_east,n01761,104.36,fitted axis,98.16,6.2,forward
watling_street/west_to_east/003_n01760_E.jpg,watling_street,west_to_east,n01760,104.36,fitted axis,101.7,2.7,forward
watling_street/west_to_east/004_n01759_E.jpg,watling_street,west_to_east,n01759,104.36,fitted axis,102.61,1.7,forward
watling_street/west_to_east/005_n01758_E.jpg,watling_street,west_to_east,n01758,104.36,fitted axis,100.66,3.7,forward
watling_street/west_to_east/006_n01757_E.jpg,watling_street,west_to_east,n01757,104.36,fitted axis,102.11,2.2,forward
watling_street/west_to_east/007_n01756_E.jpg,watling_street,west_to_east,n01756,104.36,fitted axis,103.64,0.7,forward
watling_street/west_to_east/008_n01755_E.jpg,watling_street,west_to_east,n01755,104.36,fitted axis,106.9,-2.5,forward
watling_street/west_to_east/009_n01754_E.jpg,watling_street,west_to_east,n01754,104.36,fitted axis,101.94,2.4,forward
watling_street/west_to_east/010_n01753_E.jpg,watling_street,west_to_east,n01753,104.36,fitted axis,110.34,-6.0,forward
watling_street/west_to_east/011_n01752_E.jpg,watling_street,west_to_east,n01752,104.36,fitted axis,112.09,-7.7,forward
watling_street/west_to_east/012_n01751_E.jpg,watling_street,west_to_east,n01751,104.36,fitted axis,113.37,-9.0,forward
watling_street/west_to_east/013_n01750_E.jpg,watling_street,west_to_east,n01750,104.36,fitted axis,101.21,3.1,forward
watling_street/west_to_east/014_n01749_E.jpg,watling_street,west_to_east,n01749,104.36,fitted axis,101.21,3.1,forward
well_court/east_to_west/001_n01764_W.jpg,well_court,east_to_west,n01764,265.25,fitted axis,265.25,0.0,forward
well_court/east_to_west/002_n01763_W.jpg,well_court,east_to_west,n01763,265.25,fitted axis,265.25,0.0,forward
well_court/west_to_east/001_n01763_E.jpg,well_court,west_to_east,n01763,85.25,fitted axis,85.25,0.0,forward
well_court/west_to_east/002_n01764_E.jpg,well_court,west_to_east,n01764,85.25,fitted axis,85.25,0.0,forward
whalebone_court/north_to_south/001_n01766_S.jpg,whalebone_court,north_to_south,n01766,181.93,fitted axis,181.93,0.0,forward
whalebone_court/north_to_south/002_n01765_S.jpg,whalebone_court,north_to_south,n01765,181.93,fitted axis,181.93,0.0,forward
whalebone_court/south_to_north/001_n01765_N.jpg,whalebone_court,south_to_north,n01765,1.93,fitted axis,1.93,-0.0,forward
whalebone_court/south_to_north/002_n01766_N.jpg,whalebone_court,south_to_north,n01766,1.93,fitted axis,1.93,-0.0,forward
whittington_avenue/north_to_south/001_n01770_S.jpg,whittington_avenue,north_to_south,n01770,183.25,fitted axis,180.4,2.9,forward
whittington_avenue/north_to_south/002_n01769_S.jpg,whittington_avenue,north_to_south,n01769,183.25,fitted axis,187.24,-4.0,forward
whittington_avenue/north_to_south/003_n01768_S.jpg,whittington_avenue,north_to_south,n01768,183.25,fitted axis,182.88,0.4,forward
whittington_avenue/north_to_south/004_n01767_S.jpg,whittington_avenue,north_to_south,n01767,183.25,fitted axis,182.88,0.4,forward
whittington_avenue/south_to_north/001_n01767_N.jpg,whittington_avenue,south_to_north,n01767,3.25,fitted axis,2.88,0.4,forward
whittington_avenue/south_to_north/002_n01768_N.jpg,whittington_avenue,south_to_north,n01768,3.25,fitted axis,7.24,-4.0,forward
whittington_avenue/south_to_north/003_n01769_N.jpg,whittington_avenue,south_to_north,n01769,3.25,fitted axis,0.4,2.9,forward
whittington_avenue/south_to_north/004_n01770_N.jpg,whittington_avenue,south_to_north,n01770,3.25,fitted axis,0.4,2.9,forward
wood_street/north_to_south/001_n01785_S.jpg,wood_street,north_to_south,n01785,192.17,fitted axis,199.46,-7.3,forward
wood_street/north_to_south/002_n01782_S.jpg,wood_street,north_to_south,n01782,192.17,fitted axis,195.83,-3.7,forward
wood_street/north_to_south/003_n01778_S.jpg,wood_street,north_to_south,n01778,192.17,fitted axis,197.41,-5.2,forward
wood_street/north_to_south/004_n01774_S.jpg,wood_street,north_to_south,n01774,192.17,fitted axis,197.41,-5.2,forward
wood_street/north_to_south/005_n01781_S.jpg,wood_street,north_to_south,n01781,192.17,fitted axis,180.66,11.5,forward
wood_street/north_to_south/006_n01777_S.jpg,wood_street,north_to_south,n01777,192.17,fitted axis,189.4,2.8,forward
wood_street/north_to_south/007_n01773_S.jpg,wood_street,north_to_south,n01773,192.17,fitted axis,189.4,2.8,forward
wood_street/north_to_south/008_n01786_S.jpg,wood_street,north_to_south,n01786,192.17,fitted axis,196.3,-4.1,forward
wood_street/north_to_south/009_n01783_S.jpg,wood_street,north_to_south,n01783,192.17,fitted axis,197.14,-5.0,forward
wood_street/north_to_south/010_n01779_S.jpg,wood_street,north_to_south,n01779,192.17,fitted axis,197.27,-5.1,forward
wood_street/north_to_south/011_n01775_S.jpg,wood_street,north_to_south,n01775,192.17,fitted axis,192.72,-0.6,forward
wood_street/north_to_south/012_n01771_S.jpg,wood_street,north_to_south,n01771,192.17,fitted axis,192.72,-0.6,forward
wood_street/north_to_south/013_n01791_S.jpg,wood_street,north_to_south,n01791,192.17,fitted axis,186.44,5.7,forward
wood_street/north_to_south/014_n01790_S.jpg,wood_street,north_to_south,n01790,192.17,fitted axis,186.38,5.8,forward
wood_street/north_to_south/015_n01789_S.jpg,wood_street,north_to_south,n01789,192.17,fitted axis,186.29,5.9,forward
wood_street/north_to_south/016_n01788_S.jpg,wood_street,north_to_south,n01788,192.17,fitted axis,184.87,7.3,forward
wood_street/north_to_south/017_n01787_S.jpg,wood_street,north_to_south,n01787,192.17,fitted axis,180.95,11.2,forward
wood_street/north_to_south/018_n01784_S.jpg,wood_street,north_to_south,n01784,192.17,fitted axis,183.07,9.1,forward
wood_street/north_to_south/019_n01780_S.jpg,wood_street,north_to_south,n01780,192.17,fitted axis,187.37,4.8,forward
wood_street/north_to_south/020_n01776_S.jpg,wood_street,north_to_south,n01776,192.17,fitted axis,197.58,-5.4,forward
wood_street/north_to_south/021_n01772_S.jpg,wood_street,north_to_south,n01772,192.17,fitted axis,197.58,-5.4,forward
wood_street/south_to_north/001_n01772_N.jpg,wood_street,south_to_north,n01772,12.17,fitted axis,17.58,-5.4,forward
wood_street/south_to_north/002_n01776_N.jpg,wood_street,south_to_north,n01776,12.17,fitted axis,7.37,4.8,forward
wood_street/south_to_north/003_n01780_N.jpg,wood_street,south_to_north,n01780,12.17,fitted axis,3.07,9.1,forward
wood_street/south_to_north/004_n01784_N.jpg,wood_street,south_to_north,n01784,12.17,fitted axis,0.95,11.2,forward
wood_street/south_to_north/005_n01787_N.jpg,wood_street,south_to_north,n01787,12.17,fitted axis,4.87,7.3,forward
wood_street/south_to_north/006_n01788_N.jpg,wood_street,south_to_north,n01788,12.17,fitted axis,6.29,5.9,forward
wood_street/south_to_north/007_n01789_N.jpg,wood_street,south_to_north,n01789,12.17,fitted axis,6.38,5.8,forward
wood_street/south_to_north/008_n01790_N.jpg,wood_street,south_to_north,n01790,12.17,fitted axis,6.44,5.7,forward
wood_street/south_to_north/009_n01791_N.jpg,wood_street,south_to_north,n01791,12.17,fitted axis,6.44,5.7,forward
wood_street/south_to_north/010_n01771_N.jpg,wood_street,south_to_north,n01771,12.17,fitted axis,12.72,-0.6,forward
wood_street/south_to_north/011_n01775_N.jpg,wood_street,south_to_north,n01775,12.17,fitted axis,17.27,-5.1,forward
wood_street/south_to_north/012_n01779_N.jpg,wood_street,south_to_north,n01779,12.17,fitted axis,17.14,-5.0,forward
wood_street/south_to_north/013_n01783_N.jpg,wood_street,south_to_north,n01783,12.17,fitted axis,16.3,-4.1,forward
wood_street/south_to_north/014_n01786_N.jpg,wood_street,south_to_north,n01786,12.17,fitted axis,16.3,-4.1,forward
wood_street/south_to_north/015_n01773_N.jpg,wood_street,south_to_north,n01773,12.17,fitted axis,9.4,2.8,forward
wood_street/south_to_north/016_n01777_N.jpg,wood_street,south_to_north,n01777,12.17,fitted axis,0.66,11.5,forward
wood_street/south_to_north/017_n01781_N.jpg,wood_street,south_to_north,n01781,12.17,fitted axis,0.66,11.5,forward
wood_street/south_to_north/018_n01774_N.jpg,wood_street,south_to_north,n01774,12.17,fitted axis,17.41,-5.2,forward
wood_street/south_to_north/019_n01778_N.jpg,wood_street,south_to_north,n01778,12.17,fitted axis,15.83,-3.7,forward
wood_street/south_to_north/020_n01782_N.jpg,wood_street,south_to_north,n01782,12.17,fitted axis,19.46,-7.3,forward
wood_street/south_to_north/021_n01785_N.jpg,wood_street,south_to_north,n01785,12.17,fitted axis,19.46,-7.3,forward
wormwood_street/east_to_west/001_n01792_W.jpg,wormwood_street,east_to_west,n01792,279.65,fitted axis,208.71,70.9,forward
wormwood_street/east_to_west/002_n01793_W.jpg,wormwood_street,east_to_west,n01793,279.65,fitted axis,308.87,-29.2,forward
wormwood_street/east_to_west/003_n01794_W.jpg,wormwood_street,east_to_west,n01794,279.65,fitted axis,234.53,45.1,forward
wormwood_street/east_to_west/004_n01795_W.jpg,wormwood_street,east_to_west,n01795,279.65,fitted axis,321.34,-41.7,forward
wormwood_street/east_to_west/005_n01796_W.jpg,wormwood_street,east_to_west,n01796,279.65,fitted axis,199.25,80.4,forward
wormwood_street/east_to_west/006_n01797_W.jpg,wormwood_street,east_to_west,n01797,279.65,fitted axis,309.01,-29.4,forward
wormwood_street/east_to_west/007_n01798_W.jpg,wormwood_street,east_to_west,n01798,279.65,fitted axis,202.02,77.6,forward
wormwood_street/east_to_west/008_n01799_W.jpg,wormwood_street,east_to_west,n01799,279.65,fitted axis,309.51,-29.9,forward
wormwood_street/east_to_west/009_n01800_W.jpg,wormwood_street,east_to_west,n01800,279.65,fitted axis,204.35,75.3,forward
wormwood_street/east_to_west/010_n01801_W.jpg,wormwood_street,east_to_west,n01801,279.65,fitted axis,308.94,-29.3,forward
wormwood_street/east_to_west/011_n01802_W.jpg,wormwood_street,east_to_west,n01802,279.65,fitted axis,201.95,77.7,forward
wormwood_street/east_to_west/012_n01803_W.jpg,wormwood_street,east_to_west,n01803,279.65,fitted axis,308.43,-28.8,forward
wormwood_street/east_to_west/013_n01804_W.jpg,wormwood_street,east_to_west,n01804,279.65,fitted axis,207.85,71.8,forward
wormwood_street/east_to_west/014_n01805_W.jpg,wormwood_street,east_to_west,n01805,279.65,fitted axis,207.85,71.8,forward
wormwood_street/west_to_east/001_n01805_E.jpg,wormwood_street,west_to_east,n01805,99.65,fitted axis,27.85,71.8,forward
wormwood_street/west_to_east/002_n01804_E.jpg,wormwood_street,west_to_east,n01804,99.65,fitted axis,128.43,-28.8,forward
wormwood_street/west_to_east/003_n01803_E.jpg,wormwood_street,west_to_east,n01803,99.65,fitted axis,21.95,77.7,forward
wormwood_street/west_to_east/004_n01802_E.jpg,wormwood_street,west_to_east,n01802,99.65,fitted axis,128.94,-29.3,forward
wormwood_street/west_to_east/005_n01801_E.jpg,wormwood_street,west_to_east,n01801,99.65,fitted axis,24.35,75.3,forward
wormwood_street/west_to_east/006_n01800_E.jpg,wormwood_street,west_to_east,n01800,99.65,fitted axis,99.71,-0.1,forward
wormwood_street/west_to_east/007_n01799_E.jpg,wormwood_street,west_to_east,n01799,99.65,fitted axis,99.56,0.1,forward
wormwood_street/west_to_east/008_n01798_E.jpg,wormwood_street,west_to_east,n01798,99.65,fitted axis,202.02,-102.4,reverse
wormwood_street/west_to_east/009_n01797_E.jpg,wormwood_street,west_to_east,n01797,99.65,fitted axis,19.25,80.4,forward
wormwood_street/west_to_east/010_n01796_E.jpg,wormwood_street,west_to_east,n01796,99.65,fitted axis,101.4,-1.7,forward
wormwood_street/west_to_east/011_n01795_E.jpg,wormwood_street,west_to_east,n01795,99.65,fitted axis,82.67,17.0,forward
wormwood_street/west_to_east/012_n01794_E.jpg,wormwood_street,west_to_east,n01794,99.65,fitted axis,234.53,-134.9,reverse
wormwood_street/west_to_east/013_n01793_E.jpg,wormwood_street,west_to_east,n01793,99.65,fitted axis,208.71,-109.1,reverse
wormwood_street/west_to_east/014_n01792_E.jpg,wormwood_street,west_to_east,n01792,99.65,fitted axis,208.71,-109.1,reverse
